n,gamma
40001,33190.8049670598142716246117751176876
40002,33191.3431890279776688357651399784322
40003,33192.1776035558495819349969874914366
40004,33192.5335970489139111651622937761920
40005,33193.4834171717031088441624314392663
40006,33194.0625638515339211958557602399412
40007,33195.4050052253120433785072627010497
40008,33196.0020193569224403725511486252271
40009,33196.9504216668711551427964245735073
40010,33197.5175034117068970838272915220212
40011,33198.0575901501962123508938278374338
40012,33198.4062638652082479046695869746895
40013,33199.4357751084807686272545850750007
40014,33200.5245168631358668863567193841810
40015,33201.0735976739966586520851530541762
40016,33201.4748605267978423234667807652126
40017,33202.2986591702431860032534080905521
40018,33202.8944511490845767513167154614954
40019,33203.9232303607882233368937163889893
40020,33204.6814375838276374937462651789778
40021,33205.4722502591818401930091346806364
40022,33206.1956917470569872394994856810312
40023,33207.1586016636454512002372567716017
40024,33207.8498383632038771948125654316604
40025,33208.3699659539889368722688818831111
40026,33208.9785599104282313300660348971282
40027,33209.3567109033291209920419484954526
40028,33210.5544641256804809762411136133502
40029,33210.8530631144492382833341879136821
40030,33211.7984900421334152229302105046070
40031,33212.9891171976368638995186962506104
40032,33213.6355304984540023575246089608148
40033,33213.9899989836936953718547196905157
40034,33215.3442595439704378820749472124369
40035,33215.4680040558305537041689189010266
40036,33216.3973334439781285114746083332198
40037,33217.2137244899075519687608832439462
40038,33217.8465690896785065764123739601431
40039,33218.4693086517660051640715601836040
40040,33219.3715797362054187869749073922937
40041,33220.0539454771432432205222591565916
40042,33220.5996434365128503578371929622374
40043,33221.1212048256976414832371708145446
40044,33221.8370871920329366396320972622183
40045,33223.6013716689196087874759657497558
40046,33223.9534656359119913593905744900348
40047,33224.5236543399211326474205394244359
40048,33225.2265889341624162481311385795456
40049,33226.0342117536370445470290673720359
40050,33226.4375539065644400825861162417532
40051,33227.4020768562209132381855892158794
40052,33227.8128361134381122120486405161117
40053,33228.7668866997351412098063041971335
40054,33229.4520190296682902791055907338757
40055,33230.2561261058297266873772984395034
40056,33230.9510313736947925124178910698076
40057,33231.9739800810683888220325473663389
40058,33232.5966809377235006347550842567989
40059,33233.2389994379559224903364555125283
40060,33233.8287907896702910885590297310234
40061,33234.9774092100244038448745630016627
40062,33235.6302816120785714578769865395564
40063,33236.2230647136034606802635150662436
40064,33236.9596560777415817815453772015586
40065,33237.4604971682355932868266426764278
40066,33237.7264470893969707434080446606272
40067,33239.1626018648455931956251610123940
40068,33239.5777153651859757010292066397071
40069,33240.6888563075819539536775386425074
40070,33241.4083767813021635794080538887969
40071,33242.5070081404377045686106889147648
40072,33242.8430286218314365266210019837062
40073,33243.4990915757600168475944220471765
40074,33244.1978242013578720390490660164767
40075,33244.7609076498252900789981266022610
40076,33245.4704857912651496172385354761967
40077,33246.6116241525747234971024611316809
40078,33247.1509603824594334915303513355473
40079,33247.8791115715606705980070358074427
40080,33248.2116189907077534040477458329823
40081,33249.4007573585142793049651157835941
40082,33250.0097537805666274895587863637909
40083,33250.8628429828641666068046375402137
40084,33251.9166205629023540827215441926327
40085,33252.5594342837323118881932024168623
40086,33253.0546887619797906800725609268873
40087,33253.5977677096942975653068909754721
40088,33254.5351205256161642260158734383759
40089,33255.3502744446276163695246891361805
40090,33255.6929346473665816155079530856909
40091,33256.1523886641399603261474976582611
40092,33257.2510790574814825097917016559685
40093,33258.1667647969891211495309241405126
40094,33259.5012356641789737932086867554998
40095,33259.7139175803352414582287803355978
40096,33260.1968797195335946010350792224313
40097,33261.0679130272196330344684805019918
40098,33261.7853654494100342375357740238155
40099,33262.7553187293312430506900250288268
40100,33263.1628263454929612972820504209927
40101,33264.1089178720545449018180380599980
40102,33264.6239243856658183616976965236213
40103,33265.3583258484049898898194402857042
40104,33266.1250642221458090020245619345519
40105,33266.6288520626643890187623056334846
40106,33267.5180210820028259852887132440064
40107,33268.7134593891413050614811574309994
40108,33269.1749685157019707901876047496782
40109,33270.2060278787215514441325131522007
40110,33270.9015358954129254143154576008306
40111,33271.3525064683271213541799249811209
40112,33272.0190346414024881551690942462165
40113,33272.6007448105693094440692313012451
40114,33273.1432640253689321219555118200734
40115,33274.2467147305754380382145468097072
40116,33275.0402442897319692647631061175802
40117,33275.7254889947967413065167274912071
40118,33276.2280838814550338433398622046631
40119,33277.4157775472643406362377273585229
40120,33278.0390370058616318158514120471772
40121,33278.9388166751041110623488321406151
40122,33279.4108188971059388618844267112065
40123,33279.7845345369797928967443663243676
40124,33281.2738439679677382268382200014783
40125,33281.7692625316355898678800559702398
40126,33282.1668838350661536026465033676746
40127,33282.8846305209138011923696984138122
40128,33283.8114987408578950030798228419933
40129,33284.0028089131039486658493271682214
40130,33284.9293972873964344531687482647478
40131,33286.4009343551381588939979930169571
40132,33286.9097387115454045245135753669133
40133,33287.8596947332457154520495860653868
40134,33288.0876539856418394775212140070497
40135,33289.1290505370774187589997799213888
40136,33289.4639126488294050447978721661232
40137,33290.2958069633388010983590724374602
40138,33291.1196260941488483505929076795372
40139,33291.7879867940721698093224768779307
40140,33292.3279088151673506405063689694641
40141,33293.2398133180071832287732246410113
40142,33294.2469500490804581381387494255992
40143,33294.7029534794081271678355113269720
40144,33295.4201108468247849476888347500333
40145,33296.1685444897525948983727887009253
40146,33297.2667751476261447620198029975408
40147,33297.9393208134849721586262492153991
40148,33298.7909506292379021658631173193101
40149,33299.0189086697083724655143187366769
40150,33299.8959732017975546587698927027214
40151,33300.3752767265106755531300669633477
40152,33301.4453534934973872162375420761845
40153,33301.7571352067826719223682065828123
40154,33302.4904670602910027238458607614282
40155,33303.6704693592235558281399323993290
40156,33304.5374856219131821450373507515312
40157,33305.4188843597118854516421992913144
40158,33305.7670427303988269337478245776499
40159,33306.7248693209360524499059642750023
40160,33307.1239123607105549810340260919767
40161,33307.7984025195293884688048241017374
40162,33308.5957110328184566887943786550700
40163,33309.5869515487261256211291149206921
40164,33310.3213242501546570730929195593354
40165,33310.8545292390633243456069443441431
40166,33311.2914348621430624560665407065366
40167,33311.9410032090109240770081874439811
40168,33313.3560347215320271664595219315225
40169,33313.8447676789645175449830088303562
40170,33314.7675034823956324400683190880704
40171,33315.6519427054973633998527251003512
40172,33315.8964054122931198863697995582042
40173,33317.0470137159529194170922398684861
40174,33317.6462748231066743360837751997093
40175,33318.0162760502509567808234128087430
40176,33318.6058023165139747226992411772388
40177,33319.3698132251040295838155644343456
40178,33320.3644338620497512271814615843137
40179,33321.3928762920769779397750446638960
40180,33321.6878748301706030095349443323265
40181,33323.0161444538750268592141243838609
40182,33323.3901537539310424867021995288693
40183,33324.0891828104990017939526331515991
40184,33324.6804657214810516938920717982190
40185,33325.8511039733129705650482335007506
40186,33326.3764671603554283682016399344181
40187,33326.9007135566302428006429845688345
40188,33327.7560461925951408541364661187282
40189,33328.4734222048271375460648176847609
40190,33328.9616855109637976453235914117819
40191,33329.7815639018921156665414773295915
40192,33330.5094089491308505774348112173067
40193,33331.1792669869386440484550883493096
40194,33332.7348477771985369325054641659097
40195,33333.2063882618919716611457067336153
40196,33333.8217694169332016844113764610382
40197,33334.2908500032091829456063990956055
40198,33334.8681104215967716262141172058601
40199,33335.7737397825694951116159954047797
40200,33336.4088759244662225505567051432227
40201,33337.3119365537871564064053418038529
40202,33337.7857817500947895705013122803420
40203,33338.6913310262902009563800525796478
40204,33339.3947692235969239746864473154345
40205,33340.2117346698796789659918953023810
40206,33341.2128572241596522367029932036505
40207,33341.6582898054035619980106178636395
40208,33342.3036283838505204005534148332429
40209,33343.4498251771198279249166366066643
40210,33343.8553807086533366184444000753762
40211,33344.7815316727486050159553156205269
40212,33345.4715065617943806368848237941793
40213,33345.9343106055788060673644091216219
40214,33346.4796265999673049778241253732007
40215,33347.2390025335098514602059251950470
40216,33347.8670650405387854993032245538699
40217,33349.3692787492876507470572044382983
40218,33349.9244416973796811869544096475478
40219,33350.6064336387282336738428922706968
40220,33351.1508741094938964032275776537178
40221,33352.3564003673334677707458689804692
40222,33352.7538233579271620229673263365603
40223,33353.0343769087566364589861905483041
40224,33354.0084459778882032285259486694178
40225,33354.7546518662583489337970238912915
40226,33355.8380237209375732778032141979289
40227,33356.1061610072151609668491588109288
40228,33357.0738767827111841753040280016959
40229,33357.5490684330881223295030031252387
40230,33358.2923528407598470184064169308824
40231,33359.4741076010566910087859150362014
40232,33360.2041350513827510329444610914451
40233,33360.8294881466684161025864643598527
40234,33361.7762173305070591702108438667039
40235,33362.2717007506972144756166113970199
40236,33362.8251851077813546704320133910083
40237,33363.4282315250938625993668318681646
40238,33364.2952332176086735883218636002725
40239,33364.9404237149559899464907186208015
40240,33365.7006442038781947215475644124725
40241,33366.2096931066716135997601604471656
40242,33367.7197808786120690623619346507969
40243,33368.2199839609548134433244439867107
40244,33369.1059932447246609638218313658735
40245,33369.4299894161522842781295244026644
40246,33370.0989685285609079935999123041858
40247,33370.8495420486593646626595183515417
40248,33371.8994710622425493884982262421931
40249,33372.7130237556535359814687291258507
40250,33373.2080502214215608818484160019484
40251,33373.4395103772472383993888631933966
40252,33374.5377764600644849808752423381163
40253,33375.3172462831962406023739617070773
40254,33375.7734609260973545429515890784455
40255,33376.8899782576782901708043371607609
40256,33377.8507854352579941383667491567899
40257,33378.4936718878163069686157954602130
40258,33379.3180261389043370590633832750422
40259,33379.9136782026673572295129526316946
40260,33380.3415441182417224482621684138046
40261,33381.3498456629984259817719469686514
40262,33381.7098719196858058994354726615277
40263,33382.2196245678193929544209493553619
40264,33383.5067413732549821028582035398225
40265,33384.2569820907844504684175560857767
40266,33384.7267274860703469951576977803967
40267,33385.7982542796870433889729995011646
40268,33386.2487393128253394584117543897811
40269,33387.2071332664259840580950505161317
40270,33388.1157134744374410425397556445826
40271,33388.4607812084706253845894987791572
40272,33389.4810489099624797839280710241584
40273,33389.8377569923348376428610242098108
40274,33390.9498412869457877317449907449523
40275,33391.5134631358315521957230639204146
40276,33392.1871049597133467988293787295096
40277,33392.4409770896103818278163314484219
40278,33393.2354720687803193198966871063119
40279,33394.5393312725385238168439343794399
40280,33395.4561645970766940711922537731604
40281,33396.1580268195179526926450397559855
40282,33396.9453694992546874810698154040875
40283,33397.2586437705882928082534676677221
40284,33397.9359727047632814003416251282268
40285,33398.8768911161357051087403341152552
40286,33399.4329794959962090853387688079231
40287,33400.0630646702730601289335210431170
40288,33401.1805776203409215867830337536132
40289,33401.6891511387008439923806471099614
40290,33402.0636627456597608742525527821285
40291,33403.2639082054161582985135802574056
40292,33404.0996526300670359229778163943399
40293,33404.7935647008957328471464770142964
40294,33405.0976937838033225853224311052459
40295,33406.4206520819955816783102250955495
40296,33407.2515302991795771309022433371942
40297,33407.8584605175682554710010817496257
40298,33408.1038648881328521923374443015372
40299,33408.9114588546351514564991486145944
40300,33409.6237532415363473210515181566282
40301,33410.1984929179958635443277471939471
40302,33411.1986328355334682129688014648908
40303,33411.8337886555636539286290813321341
40304,33412.8199413382611838333392104032621
40305,33413.7401857549288269913542631958170
40306,33414.4588831514071983317144684568324
40307,33415.0754833760768126422943962642486
40308,33415.5036313237842939212851056382885
40309,33416.4039208895101702686916344944999
40310,33416.9301850499149555226471115959855
40311,33418.0617859499009111866292017596623
40312,33418.4179015552266302732973337420688
40313,33419.4713117170794937476816008271291
40314,33419.9178784487479221673776520699147
40315,33420.4918290098575078453421252401948
40316,33421.2046180667910859081180822668200
40317,33422.2450682125579003843093182329406
40318,33423.5078409223224819200028867375531
40319,33423.9737517573776020084972495319825
40320,33424.3571318065418564009605628729949
40321,33425.2567494006118950217333357625328
40322,33426.0628206285604350727261231431201
40323,33426.5427409781640608662078301785538
40324,33427.2922066052565752491663217753826
40325,33427.8548516788913249872397144850435
40326,33428.4676847293454427118964695920838
40327,33429.4619709450071246761149640276239
40328,33430.7056075192750302655190022018401
40329,33431.0475676108274311967439677825521
40330,33431.7470589565428428430748216438597
40331,33432.6018763103912017839728578075978
40332,33433.3240053390060463828585363248081
40333,33433.8723981370635284437698789799208
40334,33434.8220010784161892666060444739501
40335,33435.6316512956842581231204452033041
40336,33436.1501812779360648492426373193855
40337,33436.8267797628153298548419170873055
40338,33437.3009398337061132720588799332582
40339,33438.2556294744717532087602688154245
40340,33438.8763946452350673286459680050046
40341,33439.6263792268118037199985619926621
40342,33440.8345307714024868357548049804550
40343,33441.5572303992942093924106145183812
40344,33442.2276533910316269891257746678641
40345,33443.0177666796475190638794442664843
40346,33443.6473209077500445684947726379633
40347,33444.0050054019987110879395112726185
40348,33444.3778943648703260511421226100311
40349,33446.0224674802143509753831438440485
40350,33446.2350926556873427300460219786640
40351,33447.0513700468222773859669216832962
40352,33447.8069559634120150381954280473587
40353,33448.3545237122770570585850363188417
40354,33449.7055631848553573113412522032717
40355,33450.0720584381272139731928981134768
40356,33450.7880708402375789923743676765639
40357,33451.6399399266763560788822052655379
40358,33452.4167179919076009848158165454330
40359,33453.1519264077853973261865406938558
40360,33453.8659489579930363209368748589151
40361,33454.3547178314757459945728892822395
40362,33455.1164191417376057249008197328625
40363,33455.6148575324719339364004755031796
40364,33456.2956282119381551055966143064886
40365,33457.1918083532642161744837898307695
40366,33458.5818888242573366496994329110771
40367,33459.1720295283324863037229019222103
40368,33459.6664447202591566841790739184414
40369,33460.3560777861234762410667950969450
40370,33460.9670546339647209590937409069553
40371,33461.9979440289783198320461520550748
40372,33462.4104851524524242602146078673764
40373,33463.2112006019345215410898846095073
40374,33463.7553813583991181008910662897570
40375,33464.7762851303719735866364132305693
40376,33465.5566797910321613103403942552912
40377,33465.9412583605584999248377784219787
40378,33466.7057163036308190416976952396121
40379,33467.6874603843474676929116462979720
40380,33468.3534258043994220600764794605069
40381,33469.6439381854993697519028890060618
40382,33470.0660621123669720916038943586478
40383,33470.5795887998599112183534998310150
40384,33471.2629670670950555686948516289687
40385,33472.0551832210884756821200478061199
40386,33472.6309405184551523982951436940215
40387,33473.2601845235360279118809130108782
40388,33473.9047958348060581040977240134226
40389,33475.1344289936170459420566416516624
40390,33475.5359251672758243902392564444153
40391,33476.4877432863205743539450494940989
40392,33477.7874098180522609554518559314289
40393,33477.9112474041377485720328052476251
40394,33478.4898324904491387508345645662813
40395,33479.3810457516446296119798395682952
40396,33479.8611181376308559848350132100724
40397,33481.2080625803670736653401561458946
40398,33481.5347777867601123223841536000385
40399,33482.4613568799500944264645571509733
40400,33482.7201416562316256176460448540421
40401,33483.3682611154585873144531831310335
40402,33484.2198940806233841913942359816683
40403,33485.3586080074008574100746903897349
40404,33486.1647658192225508462326453716095
40405,33486.7151742040080047859333202343882
40406,33487.8452308960358063894105191869187
40407,33488.3265174168893215731744637538360
40408,33488.7836896349533046809385094433562
40409,33489.7911890802600895807065404304955
40410,33490.0144351889051369728477686083303
40411,33490.8897128930895315663059435598559
40412,33491.5735744343429344986900677993012
40413,33492.6832930385079167945165812795589
40414,33493.0829956659320729431962102170714
40415,33494.1770632744947638985322453583563
40416,33494.8837673954433674646871071763564
40417,33495.3020788643568838883799635492900
40418,33496.2990863331317467347493367154678
40419,33497.0772651441778384978580525036920
40420,33497.8656552725556581745540393399977
40421,33498.5111551695126494385723836194983
40422,33499.1416110225013209335818832796729
40423,33499.6576783031934254801982512254207
40424,33500.5792430544235030573109057706854
40425,33501.3346932146893236062795180566446
40426,33501.8451646462244759827568610571453
40427,33502.1442974685482714770897532027653
40428,33503.8787234165502243786174537666133
40429,33504.8330117896214764035558228162570
40430,33504.9986177253016864719510367589268
40431,33505.9800330793843634127364497048628
40432,33506.2574968921929169724424263613082
40433,33507.2245402023831976097115062554547
40434,33507.7760519436227924151662817739123
40435,33508.4864420732270446000734157502993
40436,33509.6984300037054815570247957541916
40437,33509.8920696514880626376406870460756
40438,33510.5961604749010160561553876832894
40439,33511.5824238443077263437128938098707
40440,33512.2253785382309105271470894154985
40441,33513.0406064405213799860295495048945
40442,33514.0737841577773398819980215158122
40443,33514.5189171718724637624405537662210
40444,33515.2469696908232836233097374478727
40445,33516.3046367792358678985828824534185
40446,33516.9332360163904605931296743033115
40447,33517.5016204360215351691358083403966
40448,33517.7794201035515668274685729364139
40449,33518.5669039535741055087964438364949
40450,33519.3546372721610432982160835683724
40451,33520.3525279083322871814423275560646
40452,33521.1713891598673754250077823056196
40453,33522.0662385443841342357084063330382
40454,33522.5891670937744240999182894378951
40455,33523.5279498457989701057074817135273
40456,33524.1789361861301189559033074269257
40457,33524.8143855564047690294719643311080
40458,33525.1757072602240225959172735602710
40459,33526.2950479239067918094605933911474
40460,33526.9785454264600295593016520681591
40461,33527.7852137581022863134839056814175
40462,33528.3786142249153375811640421052873
40463,33528.7725102998568641805247647925443
40464,33529.9925803851066707110108975149390
40465,33530.1528228177984237490966602576782
40466,33531.5494714443285140315463654992188
40467,33532.3963761838746222794061418946594
40468,33533.2176558220401708966337761428315
40469,33533.7281039360867906700802414962479
40470,33534.0532332457124263894076176398690
40471,33534.9576072971072465630054459679113
40472,33535.7101612334828016159566442463173
40473,33536.3681576779342187895043864076424
40474,33537.0035849102443712136308732457627
40475,33537.6787947365488508733719057600212
40476,33538.5723574419997067940841052723148
40477,33539.6416644191090144771572331488463
40478,33540.3498542411448667321689632714959
40479,33541.0353828150525668727721225813082
40480,33541.5022698579285578889791892784416
40481,33542.0861810248008748485436432721159
40482,33543.5526339432510104355698011314966
40483,33543.8303880255832445281918324267394
40484,33544.4347603460393729355000314937622
40485,33545.2656668743714174860756175544997
40486,33545.9713623286561719250325497642267
40487,33546.4844549314593155245290893836753
40488,33547.0209402483031331146985162571864
40489,33548.1367270256434466234077249952464
40490,33548.9670558586934956482661287185652
40491,33550.0451677154665490929033060383574
40492,33550.4837604841093737647529368509063
40493,33551.3306097283494722390073379013015
40494,33552.0563359620725754469415692342368
40495,33552.5145402462136418527479944069159
40496,33553.1099651241832145985140012059710
40497,33553.8875105494591283240336841985909
40498,33554.4666913865737316053596362172439
40499,33555.8577461087754608948045956393968
40500,33556.2097594813465199101465327507484
40501,33556.7540842293111231978437684486298
40502,33557.4104844964599657025359744020323
40503,33558.7573371074733379732632617663687
40504,33559.2801191272169872079495245682022
40505,33559.8919405862122477216104087899056
40506,33560.7837972357079526808180155216489
40507,33561.5926871431343316847917786021501
40508,33561.9794520745428617554638770445378
40509,33563.0611407614050160458414817669161
40510,33563.5309535969544190869725023770695
40511,33563.8735237848100413071976119439562
40512,33564.8031980277164590518311712657613
40513,33565.3841042267246087252735763562963
40514,33566.5528033240143819373884258674785
40515,33567.6692779259456532007326238912051
40516,33568.1443599734021826900355184045910
40517,33568.7915111689510176479912377731515
40518,33569.5290467872570729970039475160056
40519,33569.9618663941155722195113324323915
40520,33570.7594675805390533659938075772538
40521,33571.7697780640844069320786553095854
40522,33572.4391543392840750559926480854078
40523,33572.8970335552455977174992191235301
40524,33573.5692441936466844315903206233777
40525,33574.5255616187291625712179188104320
40526,33575.1794600149299713451239061597444
40527,33576.0986267169043101428698834375048
40528,33576.4435389827000771448905748962624
40529,33577.7474728032715935780210085353570
40530,33578.5808039335862033979237916144267
40531,33579.0872328100278650660194098009623
40532,33579.8121286075094367679807883067577
40533,33580.4040592797855605317505130561603
40534,33580.7629687852217335273219386060404
40535,33581.7090198710560127859899669027304
40536,33582.4757461097276590448144464080582
40537,33583.1298400042253583979069677399029
40538,33583.9337831999396314637055052930590
40539,33584.9593113526525783810497131196604
40540,33585.8460721880117372753400124631273
40541,33586.1523372434194760849585191181734
40542,33587.1523394082920403064486849083542
40543,33587.9162362404036589927735228961071
40544,33588.2669199043855019685061833732825
40545,33589.0130340220130846310401620619507
40546,33590.2137116338441483206118777790351
40547,33590.6868744058273930724185983997583
40548,33591.3045768089291471911656560350874
40549,33591.9222347630541458264242148220238
40550,33592.5758980461316474692381748638641
40551,33593.0906549460058629604340162095764
40552,33594.6073473376533733578976052829377
40553,33595.4803594095239731435645507473282
40554,33595.9061259120780259358986251120289
40555,33596.4325499486440939616541095205230
40556,33597.4390637452838539476859878175203
40557,33598.0512587457408105057193201928277
40558,33598.6639393157196960621377160468382
40559,33599.1597410719510817536913072802586
40560,33599.8448308262614101466921696377287
40561,33600.9283540930077232226006840379547
40562,33601.5761571197769412210711817835090
40563,33602.2595817287888274078533392647610
40564,33603.2837703598942785576581263131421
40565,33603.8345559412411113049345519705540
40566,33604.5736732853074786655331266349839
40567,33605.2324405575313476881054611811186
40568,33606.2281748978247742972886272928761
40569,33606.8854240961856669433303721856083
40570,33607.7919681072462655111767952788678
40571,33608.1196286050025162725481902601586
40572,33608.5751661844609300650386180767967
40573,33609.6244468944255104206917447969681
40574,33610.2916361035135111143968622087733
40575,33610.7337281633815928724489573480057
40576,33611.9020033639648645431502508802910
40577,33612.6044724830574522342816546740348
40578,33613.9305138044751734225118371478821
40579,33614.3727127801912683771638044417114
40580,33614.8200459364851974200155802387687
40581,33615.2766539910318354563913610670729
40582,33616.1555008723365721805364506041504
40583,33616.9120266797663149638090235949548
40584,33617.7339843240171144869858717308908
40585,33618.6252463201272094727750907259858
40586,33618.9219603105339454892562996545446
40587,33619.9945519729257082931605240265922
40588,33620.2084237473265994560909141561384
40589,33621.6437590849416808493980309570518
40590,33622.0306185596506083673851547524224
40591,33623.0061472611546327240113871799624
40592,33623.7359567474962960192038550981934
40593,33624.5140685311579893626750704336015
40594,33625.3003203701587474410182881568234
40595,33625.5186667301925678085046192133239
40596,33626.7871000100311134688480337934000
40597,33627.0088938912240023169477562640697
40598,33627.5845978708694601193428486230335
40599,33628.1729127796647625309499782115431
40600,33629.6960125506421711743855919238512
40601,33630.3866277583016871161266304662907
40602,33630.9456355741129352063772580395112
40603,33631.8429252585105101522990196934686
40604,33632.3207572149504117776316637470786
40605,33633.1789031800508330272290765526706
40606,33633.8508567006516259299791503093230
40607,33634.6836259351417185948072791364967
40608,33635.0086965469997601291924174810944
40609,33636.1970220555627836733660544210627
40610,33636.6265787505389558644211140383340
40611,33637.5555535384315256197633989526352
40612,33637.9370046630018820648256443330271
40613,33638.5574621781099232149587888367377
40614,33639.7790225310291436523697273791843
40615,33640.5566351000029055453011475785829
40616,33641.5789578720699964584964447086121
40617,33642.0345363751788485555582616208972
40618,33642.7404978912679921018000405626858
40619,33643.3970189888066245754695105017892
40620,33643.8331654858338541811966852509558
40621,33644.5561946473872953649996175526027
40622,33645.4620385439895792152581969390601
40623,33646.2455612240269873831470821065375
40624,33646.8311799314933022872624243646126
40625,33647.5597571298371655409764348079971
40626,33648.6495356397115859640760936822830
40627,33649.4912539397836063136588195243135
40628,33650.0493310422865361927481177234015
40629,33650.5774222317918000525006398073556
40630,33651.1972905660547620301213062263817
40631,33652.3051968625334067970936257540914
40632,33653.2024085301393575672564049851616
40633,33653.5909048481238650846757892777827
40634,33654.2505525973489008794395051561729
40635,33654.6994668220630367440765690005058
40636,33655.4659711021189490674617623924216
40637,33656.5983690116972172304957027475417
40638,33656.8141727190629571801009887271009
40639,33658.4554499894294265307296732113076
40640,33659.0077374133767624556400853593730
40641,33659.4073433296841518834201297794513
40642,33660.3914539316414542503848142015773
40643,33660.9258088905216302629907341893105
40644,33661.7887809017040139349019919550572
40645,33661.9688041462548470105514321387994
40646,33662.9219964406133472561461444515053
40647,33663.9178689419709202539570719773249
40648,33664.3308777586152867922536700000263
40649,33665.5068970506391307727637305563945
40650,33665.8822898717628310290302551044888
40651,33666.6658411854598442119074356113351
40652,33667.3769496461685596799198470648607
40653,33668.4422234369257335822088889772738
40654,33669.2973900226314998210666444991439
40655,33669.8324385503766532084535007128335
40656,33670.3063750228637798997899467444286
40657,33671.1543996973119144314370502081622
40658,33672.0761068418215994805560207395626
40659,33672.4100138353810468358932520360097
40660,33672.9970459539581287712552445258172
40661,33673.9692707338441573195778462993193
40662,33674.3299076215817054840324011236884
40663,33675.9160924007962264383099874474477
40664,33676.6670755164355818877825784112775
40665,33677.0285014026316307952174934477174
40666,33677.8426164506618510140803996426751
40667,33678.6593345235594209773394419209134
40668,33678.8761112952133398665953229954496
40669,33679.8560628434921398540715251752914
40670,33680.7947643513352491466275416751029
40671,33681.3993902441615312492593475445354
40672,33682.1925351821682819879694868230161
40673,33682.6073419797911007495547897298718
40674,33683.2408314179278289041075437855723
40675,33684.2885335982640895410702038325780
40676,33685.3099585803070124996385583674959
40677,33685.6590990668487562325433729148994
40678,33686.6284373756103057489727920120019
40679,33687.5740637414697664084383576185461
40680,33688.2976194548671847356781055231643
40681,33688.7916918729483433324550183954600
40682,33689.1953893538362860727649272702840
40683,33690.1546759651863369410451208910988
40684,33690.3921416633126576775401674945250
40685,33691.5345745502997856356591532708692
40686,33692.4087482947685625958817736597990
40687,33693.0641221670780742858097023011568
40688,33693.8297806873971543960078386954452
40689,33694.8465202125892752674545370751148
40690,33695.4017210787379003806500515343032
40691,33696.2532718578309187689974537242387
40692,33696.4190404393521433192376970990274
40693,33697.6934366738615421731625074043471
40694,33698.3636552152520244765589199764278
40695,33698.7554002284375639295044317976490
40696,33699.7334816312429184333925879463940
40697,33700.4941218862712565761114843472925
40698,33700.9270769660111254688702150680905
40699,33701.4696066061338192447462503366143
40700,33702.2882574515296679210079396677820
40701,33703.8448864123908903357395607394646
40702,33704.2365859408400512497104040968585
40703,33705.2599189658073775355656528410888
40704,33705.5988913137179586823748315516983
40705,33706.0143972586060744620986751071100
40706,33706.9584158095706144958791082979903
40707,33707.9773597328384713317662091093674
40708,33708.1834696120106860849845914217093
40709,33708.8914496745587700376877446236917
40710,33709.8328958011598384778246226402887
40711,33710.7097566048242462337772588081440
40712,33711.3525371392263624825555679581181
40713,33712.3145817197149796789915288977124
40714,33712.8128331560268153510756155916607
40715,33713.5736969881090448336478320156458
40716,33714.4230627685546686567847945026151
40717,33715.1514575777697441906054968886736
40718,33716.0440504925712351273092928639962
40719,33716.7611332937998013735906539978928
40720,33716.9377398049956822615162893518922
40721,33717.8752410342366185652146431911117
40722,33718.4955071540252370236988917020432
40723,33719.0428274219777653981189140642875
40724,33720.0859735880923078112383683767209
40725,33721.0916662398378539802786261308264
40726,33721.7299379252136990595945315981200
40727,33722.6395975220135296694512314664938
40728,33723.3308697613490567554814801412912
40729,33723.9720483357669370956466159941797
40730,33724.5898419631794276609247919007070
40731,33724.9343981210482597381471857148080
40732,33725.7719552686489819799927563701762
40733,33727.0750764724713052783455409508900
40734,33727.5536901993639540885887651844858
40735,33728.0585969726063103955068171574664
40736,33728.5453106660460423895391429229238
40737,33729.8002287816801666294732480378726
40738,33730.2055818607838539188513924140008
40739,33731.4686771835922846766207697227682
40740,33731.9561686760215777212697048499185
40741,33732.8363927558307128510934952427140
40742,33733.3685047003219390542246653724676
40743,33734.3087890691149965173782893131831
40744,33734.7617753792059868481607550230413
40745,33735.3334824988914670266076696200455
40746,33736.0830945251529401085515869536324
40747,33736.8202841677104748962390133866003
40748,33737.3386343187403909905411119733098
40749,33738.4838394806104812156385582617500
40750,33739.5892779385672244330152159661674
40751,33740.3335960191851857248710999519694
40752,33740.5993596895984213122748334216232
40753,33741.0855381372537496351990624853471
40754,33742.4783156270965997354571985051070
40755,33742.6485392266185480397447504986558
40756,33743.7267763154312696059764845522823
40757,33744.3463377626361644810311745635691
40758,33744.9427770813071113338610841483322
40759,33745.5559373411297103733587242705522
40760,33746.5157917927342713719173755937777
40761,33747.1137333726100612020625106926477
40762,33747.6676835833281049928964838738069
40763,33748.6525716746391321882425714131475
40764,33749.9742229102234217591777797755788
40765,33750.3956314359591092669250410280106
40766,33750.9740280258559375357146565055337
40767,33751.7755753889387677476593974019319
40768,33752.3011808327382192095769521296694
40769,33752.9205396853455652425188461517922
40770,33753.5782245325392881790453283864985
40771,33754.3722228623900253253945211262863
40772,33755.3068850271208751563763803998303
40773,33756.0266819490514788097279628918438
40774,33756.6146564540344677013209405281792
40775,33757.5099594103182433382921037145982
40776,33758.4861113954367800856116860470968
40777,33759.1568902306349386560352595963480
40778,33759.5262234345036988193404653340539
40779,33760.4154084663685638729121232299712
40780,33761.1679261053340310562421047294805
40781,33762.1075165466113532644691622308975
40782,33762.6919561960509801193423173989878
40783,33763.2596998435381432704016987920859
40784,33763.9450829057811892201133267668656
40785,33764.1529839616246501673298719851666
40786,33765.3155631141854441987136555340926
40787,33766.6492184109501081933208695261740
40788,33767.0699817976024670946804092050418
40789,33767.9627700146889245876672172600385
40790,33768.6636830233624053869431241403215
40791,33769.2076414650652240501818205284945
40792,33770.0980185178370553935019628296447
40793,33770.3154596826474613174024330360528
40794,33771.3212044108756325786362492175919
40795,33772.1608221311313873439715814196309
40796,33772.5026999420870964964468922567541
40797,33773.7678129176355708519003551703309
40798,33774.1697825148486036101120275953379
40799,33774.8992092596669542664194173476294
40800,33775.8822049666972942797798127353306
40801,33776.5890202963715421658855882020814
40802,33777.0133769692074196330787369617565
40803,33778.6466086983151135950481784204110
40804,33778.8677502471567590857554681864909
40805,33779.2786675344339616265141115687798
40806,33780.0941715776731161941004109534481
40807,33780.6715216750290486311943669697153
40808,33781.6175213362898095042238844066915
40809,33782.2522606106976316680887085436940
40810,33782.6278243751145828973159079803016
40811,33783.6743283117323279192698930045805
40812,33784.8811033152367993361821148327082
40813,33785.5934455990494644855184148942778
40814,33786.1784118264855562903896217869650
40815,33786.8749845177012740974639332151966
40816,33787.3265345209703517058747331296865
40817,33787.9942856835032883620192604001146
40818,33789.0524949785135238095437414052522
40819,33789.7376113457549769196121347169188
40820,33790.3398945991162600231919715908935
40821,33791.1178729838442861363893258747746
40822,33791.8143382950357715906871920048335
40823,33792.1390144140814678067127358471395
40824,33793.2171631418636770283151427883476
40825,33794.2860022259592774457355632957704
40826,33794.9232292689181374498413341799574
40827,33795.8673421709892093951755944253297
40828,33796.1669538543732544353717221519869
40829,33797.1622615975294425986703228260459
40830,33798.0182994080189825073718340609929
40831,33798.2484250962520827484373304941192
40832,33799.0138969713262273022635887875644
40833,33799.3215956144028320874233877112909
40834,33800.6744668095543181821693484011278
40835,33801.2896648698693118135270837662504
40836,33802.3541811305542557154305325272784
40837,33802.8217930406416199457689092343924
40838,33803.5834341480389162544156717082718
40839,33804.4726065816111409658194251561972
40840,33805.0690738205118545011188618631942
40841,33805.8487846159830861773529830876187
40842,33806.4015621441860872502740470210741
40843,33807.2904166985754193397821400650413
40844,33808.1930111507242979678918014512563
40845,33808.4918421031053178683970813680287
40846,33809.1604950448064410881506032176522
40847,33810.0440818899235945953988000444801
40848,33810.6177388519956730018213818288051
40849,33811.3740972067215735615341995494510
40850,33812.6926122933058643332056904583300
40851,33813.5793903579482713095237336176373
40852,33813.9471818863172197382156185778939
40853,33814.5685860374279914329766225757867
40854,33815.2274965761268268594228688765023
40855,33815.8199121188320317141977797447610
40856,33816.5655602741254730184875177124947
40857,33817.4531552960656831780138103449726
40858,33818.2210407859508167488144702006828
40859,33818.8593262146744249139085568607890
40860,33819.1948598514271877696043860461622
40861,33820.8482642021417216320932808673747
40862,33821.1272121900770902933857174315095
40863,33821.7552978395731204120513510265696
40864,33822.5828660200848405730630240578957
40865,33823.3864717109118579290692013180003
40866,33824.3102277324178971995738719272607
40867,33824.9826234805316356872667623496732
40868,33825.4574272215376693880551999798790
40869,33826.2468823019489863025445522939061
40870,33826.6449975262329084955935762563733
40871,33827.5158006200561258610007831743466
40872,33828.0436218880619479597765824934257
40873,33829.1017619898987425856550349465240
40874,33830.3762340837100568579714897163917
40875,33830.6467907092317230707099733907322
40876,33831.5082971207810216300424171166267
40877,33832.3426540367882192193829171747249
40878,33832.6815029842388959590257488925998
40879,33833.7458434252424910444404222898024
40880,33834.1141576010162730062200838340274
40881,33834.6662717179444393416686846015891
40882,33835.8504469654651026909089404519006
40883,33836.6583774720594609754768310375992
40884,33837.0325765701038617676135300779545
40885,33837.8660738163833332991634073878569
40886,33838.2486685608570576407226567080526
40887,33839.4976086918347451060164463424523
40888,33840.5325428649226548047639760365682
40889,33840.9199292241255160520809208817228
40890,33841.7734806227607347778433414244386
40891,33842.5208023017107660626784495891729
40892,33843.0175874852005158968497930345348
40893,33843.6293618168269051709927581106689
40894,33844.6337946912275731560589486580809
40895,33845.0267639807976482590728925421723
40896,33845.4317161411061740379652239734967
40897,33846.7648380465849877973383803857083
40898,33847.4478449071857768824931197402999
40899,33848.4132899382568140278260377412534
40900,33849.1726109671658261246049897367342
40901,33849.8376948186172248041806865264332
40902,33850.3298001219628688772673192245591
40903,33850.7470709522360540547160159059563
40904,33852.0144152505816103211632451720031
40905,33852.8608563028076227969459382164667
40906,33853.2698369407157868350342835566907
40907,33853.8375867738212496900146211385235
40908,33854.5510464611503593292251137990403
40909,33855.3129735756402238608045905046199
40910,33856.0707888983734898543257336166622
40911,33856.8942510889522069999837052757686
40912,33857.8232734611754027333892526728871
40913,33858.5500666683850993656058882531822
40914,33859.5327764005506020148713495195986
40915,33860.2920164975001692364004275074565
40916,33860.5016019747911726235461449432716
40917,33861.0503887475733718832576670540737
40918,33862.0022370578337935154168711195578
40919,33862.5511426226099763953256352650198
40920,33863.4339983649857607761352083232044
40921,33864.2326130545147084110321261362884
40922,33864.9887195807574804760675733189718
40923,33865.7146744311267548288401408901716
40924,33866.5242752859693948208517414144076
40925,33867.3101592046703062702646201166882
40926,33867.9444774203816070260663060585221
40927,33868.8604215806660142341813595980650
40928,33869.3419181688046966851882065639508
40929,33870.2940438111349729875718009946275
40930,33870.7041321239573330514202452788553
40931,33871.8458259764399481791121100323742
40932,33872.1302750483500629964952277621315
40933,33872.8759659561417786414557328681591
40934,33873.2942716836945646419844415648907
40935,33874.1567268473655525189427378472903
40936,33875.6741089906742552449731307004671
40937,33876.4847570611395238747053957453699
40938,33876.7548427700528015739202056350703
40939,33877.2859007764122627546613286995013
40940,33878.2750447670605671403617024620977
40941,33879.0380152798923952060156226687267
40942,33879.4143526365187149936971447111144
40943,33880.1487263678972323689436872594650
40944,33881.1709338125846441067285831482387
40945,33881.6441992557087953422006070979362
40946,33882.5720249330413137284406261669653
40947,33883.0593388651031284685138594953167
40948,33884.0561014652672359569768054921179
40949,33884.9544571584496473538806455811740
40950,33885.2059008748077469668502235490824
40951,33886.4436899960657905404338388081832
40952,33887.2078450975998206328516283899990
40953,33887.7597613378648619203032728487497
40954,33888.5832203408993167943751162120318
40955,33889.2462098006909685973883812635257
40956,33889.4141364043562599188778787969098
40957,33890.2147567384427522836961466700513
40958,33891.2540523472240388844718690270172
40959,33892.1601284664913061858972154774355
40960,33892.4004923269915789960682246476387
40961,33893.8853381600694650979695892292705
40962,33894.4511092464560093509831891097596
40963,33895.2135925172571482140236092937622
40964,33895.7764502247995546120786233863694
40965,33896.3827490829070067693849005834989
40966,33896.8745187552967373489863994868098
40967,33897.9567159712388168394433795677120
40968,33898.8730136271704504991375670600718
40969,33899.3243643605469680109172795838228
40970,33899.9303880194403263008941238256539
40971,33900.6809194077211365860948686069731
40972,33901.1752756188655270554921166010882
40973,33902.3853724825318688367818678577985
40974,33902.9759596737709141470704163466364
40975,33904.2709708302407260023256300614401
40976,33904.5945873815764769749609312498134
40977,33905.4090724416438749541257321933031
40978,33905.7459124081785052694223625553377
40979,33907.0070109270435279176056109337505
40980,33907.1762396888312480951494433588622
40981,33907.8801774438198597032409742518588
40982,33908.7786947576228343811430607445697
40983,33909.1020052585006269504351332105391
40984,33910.6113819155875615559272144502605
40985,33911.1767289566469719384090435138644
40986,33911.8908194521447549644466114526471
40987,33912.6286280133396067566729316069275
40988,33913.1051641695899181530362933805691
40989,33914.1620773774934937737500422214046
40990,33914.7388767262525755317399755400844
40991,33915.7616845610158914238990446658566
40992,33916.0692855459445872487650821128659
40993,33916.7168456100021789431307654966666
40994,33917.7348808140292329318645498563539
40995,33918.2756054915293305306466281317334
40996,33918.7602674050333069811232347779997
40997,33919.4571846429035297826851892726081
40998,33920.8061387386888808652823413115824
40999,33921.5010883008411460232377724415590
41000,33922.2801008984355698469358904357396
41001,33923.0998938688677047423656508158940
41002,33923.5883979640562574324332821370344
41003,33924.1253764724829258037058456099376
41004,33924.6496418790994379551776382858111
41005,33925.5610939441372617095248883358406
41006,33926.3618095732758583728907699642961
41007,33927.2896110434450332708015334043229
41008,33927.7059870105425002395089829832927
41009,33928.4762853364602453364884203390732
41010,33929.1496981753966250888488930646651
41011,33930.5081478995991188289229140696803
41012,33930.8713478191404062749158617616210
41013,33931.4552120069149863484871512295575
41014,33932.1909602401699677803140755756530
41015,33933.3800751068308337752849195281832
41016,33933.8491737228738922705678356410680
41017,33934.6704321705518623711384719769117
41018,33934.7928462686167119873157021643899
41019,33935.7210821533852989749235604811025
41020,33936.4746967920124773205303082228230
41021,33936.8874820465607596979138715872243
41022,33938.4267254601468454956005581750240
41023,33938.9403309618355539365850710816478
41024,33939.8747847275056658173948229012752
41025,33940.4693267524505622621876107643327
41026,33941.0740179366237324156908969721959
41027,33941.6581508478381291338757310334115
41028,33942.6673706452414765350705980811704
41029,33942.9954071634434802707900983612607
41030,33944.0084509840535992545357251406198
41031,33944.5587306569585367566772995897430
41032,33945.4067264228149958531376639306597
41033,33946.0384324727537905622250900035373
41034,33946.9930833200106786403087365983269
41035,33947.3065870049596775955087601957525
41036,33948.1744561975518653271363136201977
41037,33949.5818695649779035131296283733734
41038,33950.0195030252368364284052471636186
41039,33950.7786096017957783408605982307886
41040,33951.2951091832859612976907662324128
41041,33951.7958315242738515377271222105031
41042,33952.8318948484044382520399995886502
41043,33953.2463274749280878620764010696559
41044,33953.9937363297396187041278075680927
41045,33954.6634599621468194203991129192777
41046,33955.5616754935927166116525904905627
41047,33956.4521962754965593755264922817489
41048,33957.5900335212808016434048258242152
41049,33957.9403939703897722811344845626645
41050,33958.5177422081177463835366537687782
41051,33959.3427305805580200600760353496865
41052,33960.0586898487200019649824032795760
41053,33960.6601253332390841263419506069414
41054,33961.6192108279812383434228329082723
41055,33962.6584089028834378600177106447953
41056,33962.8636689695967362241108636444957
41057,33963.1624578460040749756574545942055
41058,33964.1570355811027636750218023311695
41059,33965.0430446805019659918803529278707
41060,33965.9495307176784893108750424134179
41061,33967.0370449305470826416027166759487
41062,33967.3193847595260167978656998601530
41063,33968.3694210565725043624416810419800
41064,33968.9297085012154735558851673123268
41065,33969.7307311597953024720232444150457
41066,33970.2002724195215037930094772879573
41067,33970.7061224225900187133606586315177
41068,33971.3211817531837272260657055217640
41069,33972.6396236266518127293932020403014
41070,33973.2808133178317752192854218667025
41071,33973.6579484544009167822410737235297
41072,33974.7691517119092005496623974337802
41073,33975.4962712249851518921927539803187
41074,33976.1753298584371776302023852497202
41075,33976.8699464716712085643931095531275
41076,33977.7057475108034172010657118500445
41077,33978.5573499764434299804784453804761
41078,33979.0881756520262018049219599767085
41079,33979.6935275406621939634228439319318
41080,33980.5480684178308603920320492961952
41081,33981.0411943476560061591328685781912
41082,33981.9016120122169243424865923842803
41083,33982.3236252567353165893042070055425
41084,33983.1118700031446360522052996992762
41085,33984.5707122391463217706903549554596
41086,33985.3533430998477413203545066834695
41087,33985.8713364577184347960123542502266
41088,33986.2585150338914281387438637279702
41089,33987.2472409900214511984567374265421
41090,33987.3893591043949011670835175452621
41091,33988.7237949983807947545767655977220
41092,33989.3332964107352533546624730263064
41093,33989.7711985795405744184674553453464
41094,33990.6775407710596664455708930757109
41095,33991.3642052580567653961472163826031
41096,33992.2144585640756692591762730070000
41097,33992.8082099639464868827653060302954
41098,33993.8200163257406170789331937137865
41099,33994.4352224279614347128674457673630
41100,33995.1765829276903681329550526486219
41101,33996.2507406530394028838639684585810
41102,33996.7617223634158546433737961028615
41103,33997.2661227008842464262577844414788
41104,33998.0548623144331233512005403280854
41105,33998.6384367217001859429730040246567
41106,33999.1113429693072145430775082511368
41107,33999.9698932999152711506937655850058
41108,34000.9321177089716602969446315741612
41109,34002.1271665907246280742412815933752
41110,34002.4020149742709284351087895823149
41111,34003.1296461160665450360000759885870
41112,34004.4059545151333461556534993159160
41113,34004.6657243142365342111599429374919
41114,34005.2475772095276804606216571452169
41115,34005.8093209280271877460940159993558
41116,34007.0287773280391701921033825935727
41117,34007.4761997276393246244390603392268
41118,34008.3824864875082783355389396635641
41119,34009.0446613231105852502761304929420
41120,34009.4681723427010614796491385561834
41121,34009.9916228164019998630746043363128
41122,34011.3476594170704236691481413414012
41123,34012.0953755357309268425340228483709
41124,34013.0903826598826836247540847112846
41125,34013.4666286287628542526966140376816
41126,34014.3425658815955173315412475262133
41127,34014.8348902958343237707915501312148
41128,34015.6000557676682189073136597678037
41129,34016.0496797927634003269288724824848
41130,34017.0570444939188527560243455265838
41131,34017.5062592572113606439691432160923
41132,34018.4003307352249575773443546344308
41133,34019.0865791474905193413329726630685
41134,34020.3645437326409979972481854801937
41135,34020.9088953582159857024452174342533
41136,34021.3924926832364642726284382354526
41137,34022.2010136913247278154198532529865
41138,34022.6876996211026838769631868687624
41139,34024.0363918906684345786753739401745
41140,34024.5318083166704903844810992253479
41141,34025.0199247025280028512812170791072
41142,34025.7829876320234125088376413741159
41143,34026.3077711949051784240201894082359
41144,34027.1026303990838807441541746771234
41145,34027.9284575936546580091894886351329
41146,34028.4758371388780834426582793172641
41147,34029.5188248393374868646308116062256
41148,34030.6964430755388566779710588130485
41149,34031.2904158321495354028582437534114
41150,34031.6300964652771602439263189507680
41151,34032.4810903947085364185774525176106
41152,34033.1706538177716995138831187830800
41153,34033.7279270741097917526886086185743
41154,34034.2317125532578602168889233272888
41155,34035.3287720980276152376287307864442
41156,34036.2887275337637657916304153343773
41157,34036.6060942029325706617285450988787
41158,34037.3346104544292602900293507329064
41159,34038.2006932435269293324367780824831
41160,34039.1475192260517877845409704925333
41161,34039.7062234390815955936791090790774
41162,34040.8103870509252387727950591717235
41163,34041.2873416023011105122765213208718
41164,34041.6863003089694403715330190394582
41165,34043.0072010658417848394578696490617
41166,34043.3310721987882282561841728501547
41167,34044.0668204450632183735559364729170
41168,34044.6993698245067509323860883794896
41169,34044.8757028617103544656324780331103
41170,34046.1492722202616940538839088215962
41171,34047.2636998024334657145420807757933
41172,34048.0075603762053282460661534787397
41173,34048.7073652357764891433482615237076
41174,34049.4274779606680809760328123084769
41175,34049.7393775029616326547699917100847
41176,34050.8510991954033164500226791822507
41177,34051.2748447865516939423586203932780
41178,34052.0376159666502783529626376462048
41179,34052.9595575629847980682196939487702
41180,34053.6247983536230018324696306092194
41181,34054.1016944289498900847805930027954
41182,34054.8919657170638116609868820495411
41183,34055.7762352402279482996016620635319
41184,34056.4899942543595483711073677738029
41185,34057.1802807807253476079820888795177
41186,34058.1380829020469315914776838990198
41187,34059.1374525585460856431654256919380
41188,34059.6872224121831505883185411809931
41189,34060.3957714548212590049694259491669
41190,34060.6479669580368706463945305156525
41191,34061.2680945360572144357625638396861
41192,34062.4409929057551962289098220165172
41193,34062.8514600631253233781096954162687
41194,34063.6383585311265758528917573520482
41195,34064.5441779134588287948291880962580
41196,34065.2765887370085936333515953263290
41197,34066.3903260018470717099316855079501
41198,34066.9217253306475440084827856494652
41199,34067.6072476365795429834015495499304
41200,34067.9877334963861832561502914507569
41201,34068.9653545832359057411848594316815
41202,34069.6998626785215404234121192687529
41203,34070.7151509455788252985940576709202
41204,34071.0355998351819141992667839039841
41205,34071.6810022198877855434439231179052
41206,34072.6082127652566735822724386896297
41207,34073.0661361545583296651118276164206
41208,34073.4977806785844091424930835952661
41209,34075.3055563290201681625726204711358
41210,34075.7450274285139011254512074710600
41211,34076.3601606247815901224130433519496
41212,34077.0854235744053037310572191555729
41213,34077.8448857017044299731386093778086
41214,34078.5092522558456860245824616590924
41215,34079.0642180441175185949372375562083
41216,34079.8482899459253832428528782904661
41217,34080.2678827767560992141608138285208
41218,34081.1726501035190858198615628347070
41219,34082.2876403345838990416458788137267
41220,34082.9258055329210040874355626584154
41221,34083.4121273258259556853228844365012
41222,34084.3287022260171965037344079361154
41223,34085.0868454879698709171590493613129
41224,34085.8760235695104455386672539192086
41225,34086.5935984826072792719450123500237
41226,34087.3232274762638369815042106070366
41227,34088.2159150709724832959788074255250
41228,34088.5050024569462512252003181289052
41229,34089.2799275996788515576597639540408
41230,34090.0147243948458411535456537015905
41231,34090.6121474355310589232172337505200
41232,34091.3381490642892762318168556332408
41233,34092.1986848462609399996740288343184
41234,34093.4605388250615439423246833012554
41235,34093.9362603554598356982187631554825
41236,34094.9904822698565607780268749853512
41237,34095.3239221170890515591011673719729
41238,34095.7744340247723614495333660775014
41239,34096.5555964012092377413687127779108
41240,34097.2282507802236567356308191599560
41241,34098.4660994300383108207130556524967
41242,34098.8833510661775471384993300615448
41243,34099.5580434201494472952794251918889
41244,34099.9719764649494673391402233812046
41245,34101.0318712704200486752511428712163
41246,34101.9711113538056912939950295274607
41247,34102.7536661007501869123065402967639
41248,34103.0599927793927655952564953154686
41249,34104.4090530051549441647943910186181
41250,34104.9643975792679595210645481910973
41251,34105.4451304691528237906063841630763
41252,34106.4682721332653118298161073457625
41253,34106.7535768321929050447663555203526
41254,34107.5781622945361395511688257498329
41255,34107.8585777707246213059798624671474
41256,34109.0575343704800379412677797541668
41257,34109.7150390957740736311658449112539
41258,34110.8712224451277885724024874211829
41259,34111.6522747534831491387027983515657
41260,34112.1036477230833968235558607764238
41261,34112.6708646924896065057036625758469
41262,34113.6974470796254116078794096243138
41263,34114.2677174206631682069134147086169
41264,34115.0339750627072741665831236514059
41265,34115.5643733004246684301979188400469
41266,34116.3351705949891826486815500444925
41267,34117.4089100068871742180987195595565
41268,34117.9289795759260496177728724542615
41269,34118.1284888366781749444234014622424
41270,34119.2116658640503958926386516017093
41271,34119.8987157690990670516419954318185
41272,34121.2264770984221673526210040352002
41273,34121.9561290022466447709750446542310
41274,34122.5212121154303097927490884891057
41275,34122.9012179320902763525596224950328
41276,34123.7029607612964659792293604369888
41277,34124.6438736768049472043697519033599
41278,34124.9622498351703907894219602398608
41279,34125.5815630003414868401493084967815
41280,34126.7447591735893008476420176562078
41281,34127.2127031923210761128924361445658
41282,34128.0341684101390055779463489153285
41283,34129.0467049495193728431704513047490
41284,34129.7103068824934552859664795643925
41285,34130.6420200106887458185388516205002
41286,34130.9652418087053102919066599231359
41287,34131.5173401740106243746302369931141
41288,34132.7459979182658045904604232100413
41289,34133.5260612312999979602228284411453
41290,34134.0391820502885908561868529330234
41291,34134.5846705189252755131760495678808
41292,34135.2514152885137667945126296449884
41293,34135.7322047614509136975079002249467
41294,34136.7466449463563429164961012963639
41295,34137.6115082476097687069946554360846
41296,34138.5497897292567308234876459001953
41297,34139.3097731402977535477859774215836
41298,34139.9736852527247179398365259253338
41299,34140.9311688614648144176874493389859
41300,34141.3629343386631093656970485743157
41301,34141.7231666270531800726500747669990
41302,34142.5607444241493869553799752314740
41303,34143.3471640315835335678608065780397
41304,34144.3034328506359420707028241411045
41305,34144.7219860689937014017558666769202
41306,34145.8180802830984875428592221747841
41307,34146.1890634983509382279808590978101
41308,34147.1285572094569815504700125096554
41309,34147.7431437940251185734348303765098
41310,34148.9155330482357447382955971175232
41311,34149.3496928566263946203733789360946
41312,34150.2939397282129579640884199144450
41313,34150.9599598836116322809652729158553
41314,34151.4015262629803371118399760411132
41315,34152.0823811963103175589922879960589
41316,34153.0858994504021898152388586039847
41317,34153.5618433261394904332336292241366
41318,34154.0589127411926847014677736525970
41319,34154.6510744334607220167217605587141
41320,34156.3987377003171286973732283597005
41321,34156.8839028651712915090756767831934
41322,34157.5078270547515946703156482536456
41323,34158.1333087334947271127948949567037
41324,34158.7827874950130153338521564609210
41325,34159.5163566674121715085613291940042
41326,34160.1783698237510618788617879859604
41327,34161.2131784338910105962739839856148
41328,34161.5850829786540669143857766886853
41329,34162.4952375607677511786270058479020
41330,34163.0216112478104736140390723219580
41331,34163.7299611207376243404003954247256
41332,34164.6159501193180064910176323143849
41333,34165.2262844803052342345904144222941
41334,34166.4512908328765702006902150435794
41335,34166.8775060996241455948650724629976
41336,34167.7583453150209406632081258970206
41337,34168.6628729974901789185958516289883
41338,34169.1664637752146385598395844477104
41339,34169.7199026181452700254131356083075
41340,34170.1922042228116349370270622363487
41341,34170.9297507131524974248331976780891
41342,34171.7318035489380337342716277088914
41343,34172.8738596789831887190506337447920
41344,34173.3956418546027270902519313030801
41345,34173.9709380654105480948266835350277
41346,34175.2470794429579775230037290318718
41347,34175.7893128956167814232879064519727
41348,34176.3407748406364588514210511382611
41349,34177.1013992007107724135031830071309
41350,34177.7690381588952832508683287734173
41351,34178.4564842224503427443157506381565
41352,34179.6200185063036928564960506265748
41353,34179.9528893403826274461458443924685
41354,34180.5865659898104553716076408945185
41355,34181.2165084003731160316294725215332
41356,34181.8671076468746123211966195318319
41357,34182.7337947273670826168622211671913
41358,34183.7502941649456600349751589590168
41359,34184.9594803941898997216169138278957
41360,34185.2625820851586979420569455848364
41361,34186.0340570755353009974089201627460
41362,34186.4139862736368787316690898605092
41363,34187.2188002943838191103700670791733
41364,34188.1604811833163073983418014562012
41365,34188.6341634017575820888373157874194
41366,34189.1652883229168522541562659540842
41367,34190.1966713567152971970805578648523
41368,34190.8611031016194814856172991666890
41369,34191.6406858281636433974537924899508
41370,34192.7908784416828424027083821689899
41371,34193.2047297796589849917365877551136
41372,34193.5106137177932395077518342682084
41373,34194.7485408311568783792778390364471
41374,34195.8023770718315338698049784839922
41375,34196.1116188410852667970489525710167
41376,34196.7423386452020707503603935459229
41377,34197.5331189698219076799303563472706
41378,34198.2094879478705368969113798967930
41379,34198.6620257168969059584091865628269
41380,34199.6786025521902017558888997818619
41381,34199.9638890843067708910489489314339
41382,34201.4247054674664565847434583350414
41383,34201.9783126746081215851751784080688
41384,34203.1555997894450783756860554479846
41385,34203.3741419330969491674491785643464
41386,34204.2238424698709211305350698159486
41387,34204.8862388716439208803407766798762
41388,34205.3990046266598010649520985650025
41389,34205.9673565912495601383107656169777
41390,34207.1977145913542359486159850903766
41391,34207.8021302290551362048024203759103
41392,34208.4801787530004405402669621072853
41393,34209.1710031415086933794928727691285
41394,34209.3964620682914613692098706960204
41395,34210.8159320122217849700754153858997
41396,34211.6932880604103770519160429994628
41397,34212.1556075393217970343432121811716
41398,34213.0608000177495112581496473576932
41399,34213.6235558054337886447069450579637
41400,34214.6768629627967229247636467901248
41401,34215.0120849216117024552915555679083
41402,34215.7612603137770935801490324118775
41403,34216.1454021626562120398678377353764
41404,34217.0619507300666990936613481644038
41405,34217.6373791718545176884478603780104
41406,34218.7474581015577049838156868942046
41407,34219.7495423391652781422008421491728
41408,34220.3983458176887069734378663254687
41409,34220.8498638530791335475375796750030
41410,34221.9100770667736473983277815960307
41411,34222.2186790401425865359261364973215
41412,34222.9454696598792813184493777408842
41413,34224.0739683893190689544557590975140
41414,34224.7112751094087632931395376127057
41415,34225.1062106923241570393442645715802
41416,34225.7216149907090917940234138442055
41417,34226.8357609633073023950434094376960
41418,34227.4444305687072829187092612925450
41419,34227.7782599519664492161010408131171
41420,34228.8732506760851997220353749201016
41421,34229.9075100387779026012560786107900
41422,34230.9452272118701066472488603018480
41423,34231.3100770851742246106852893466975
41424,34231.8080394920200191363577960969760
41425,34232.7187939930114061856375500850786
41426,34232.9695915421059497029854663672845
41427,34233.8721099598974472015279052339771
41428,34234.8102814705814222032652209944575
41429,34235.3961315158189669163287303890415
41430,34235.9469404845323642143901054576907
41431,34237.1388134214918358749946300724462
41432,34237.7259486214267244620712509999751
41433,34238.5217908444587603853877154954929
41434,34239.3347825433250223091172967177955
41435,34239.9845181173698475992227315849914
41436,34240.4591592680280513931218732250464
41437,34241.5363871293704824345114204169427
41438,34242.1514549584169125296185230721320
41439,34242.9492817542969156087578760559368
41440,34243.5981564271648348746602229269247
41441,34244.0373388666899121616478699863969
41442,34244.6127721793202562563091864521162
41443,34245.3047076900235245962549739075326
41444,34246.6444581936122365399031046120773
41445,34247.5386716541574927302335651409732
41446,34248.1250828365559682406114117921128
41447,34248.7145387759815865034060610218778
41448,34249.4524346983949427625024052710993
41449,34250.3985683839773659864866522722502
41450,34250.7242563038870055026590577736535
41451,34251.4261383046901652412785398438871
41452,34251.9468997369979788949315829380245
41453,34253.1706278028602524581378568424032
41454,34253.7790955545241146361234311582509
41455,34254.4349459296984425977940275713821
41456,34255.0052770066729127209120155653401
41457,34256.0420657805584359831951936179216
41458,34256.7330697619166302905099114114747
41459,34257.3673327072793365769274551480458
41460,34258.4437344850926141291555034942080
41461,34259.2051065601307445541106047894745
41462,34259.7136500533480888635167735560020
41463,34260.1483376616898421838410361465309
41464,34261.1033749690081209519170989061769
41465,34261.6401385722910448700516068533997
41466,34262.2366379328141673439609420441936
41467,34263.1432746437268663376713564308722
41468,34263.7572775374887609083333621570202
41469,34264.6884587527117901552071870306650
41470,34265.9973690040338805158424634854288
41471,34266.4604096815392762793364327575353
41472,34267.0944679391912568668863038092143
41473,34267.3640437457210720461510035737985
41474,34268.1513871373934276298320325101385
41475,34269.4092810164924757291146828255020
41476,34269.6565722241748962358299172159674
41477,34270.7100713573579089259812051059723
41478,34271.3741629726003894891051063910294
41479,34271.5950073954732003253169113788381
41480,34272.6039276286781793819348661058559
41481,34273.3812508316394416212958787651535
41482,34274.2369528547888745975425920702003
41483,34275.0111871640477132332819819964099
41484,34276.0466712348825319225703382351114
41485,34276.5032145323490434001574358139920
41486,34277.3603891734534489695696590362545
41487,34277.8810749894006863313728269674151
41488,34278.5848475477840177747864186812183
41489,34279.1841230004037122209900433397997
41490,34279.9295921963276184709627096757468
41491,34280.1930970152855235603780290318663
41492,34281.8096568990486784142335455943456
41493,34282.1573964469560394009187330562539
41494,34283.1847521492051103760895110757814
41495,34283.6409589318695825400925843588163
41496,34284.5375948123250462068048997117125
41497,34285.2982861285645445717294010201046
41498,34286.0544665179188025997890250059050
41499,34286.5416043126672786141369395603423
41500,34287.3397373314840146542175956948237
41501,34288.1936666953370363509905448467718
41502,34288.8114785048030420597890003076606
41503,34289.6612090334834748555632176223420
41504,34289.8577960770457422345528313037031
41505,34290.8741366343108769305198827938171
41506,34291.2397143763054094580044485797445
41507,34293.0666449524263553025511523520975
41508,34293.3886162110474328912571951612738
41509,34293.9666691326195455469098505643494
41510,34295.1049442566396523409418809100350
41511,34295.3719840242889572255976492151585
41512,34295.8293994275296420689993091720596
41513,34296.7516754364549311340462961178059
41514,34297.4705158772610772138966111054965
41515,34298.3681572218573130457512653300467
41516,34298.9320279898414638675387250818897
41517,34299.5097386613673372651737729910901
41518,34300.4932392485171039094619275276721
41519,34301.4982451797470834221433049775614
41520,34301.9962031615591864217957348837768
41521,34302.6838716125746653061529056266938
41522,34303.3712995385733170769297970554049
41523,34304.2608370499186918811889221872074
41524,34305.3371546208440274473123998731892
41525,34305.7851622590944492748188872112049
41526,34306.2116512313172822400304809206806
41527,34306.6262837280341416443548707221906
41528,34307.7044482207602247227814455912522
41529,34308.3835736162437393894864190072939
41530,34308.9357596615618811328629250163051
41531,34310.0906427600852214838880191473585
41532,34311.1497697618628402155867045498991
41533,34311.5183783849162924366978769579071
41534,34312.3854172164156875275895536931038
41535,34313.0073870749886423206979284686499
41536,34313.7698409844848993332880650140050
41537,34314.0035532271557792435861516386778
41538,34315.1773058397820338498582620809267
41539,34315.6419142544674944593436800996253
41540,34316.7875738200262095803552456517201
41541,34317.1149445456266182810014171361112
41542,34318.0805971632192771553933067649626
41543,34318.3948910001803224470150836587228
41544,34319.3428266705260945123302676445302
41545,34320.3735954340397684857528136364205
41546,34321.3718195741939744685440119265259
41547,34321.8774230776919379592582192418470
41548,34322.3877345561023793180763094123713
41549,34323.1303903246992682379637562027589
41550,34323.9011397331105432022339625364291
41551,34324.7922372299379230033606519122481
41552,34325.0373655520715858706206134882223
41553,34325.5925915256814892118591111100017
41554,34326.5637180805890800159493345819525
41555,34327.5576779682490315211993760087651
41556,34328.5498073263576397085513858657713
41557,34329.1283948157926216518492787406924
41558,34329.9157274226002167258345844575026
41559,34330.3453862797063714590761410696414
41560,34331.1300982195198482004743692467128
41561,34331.9149538347485348705351131231118
41562,34332.6997047922567311566324203384859
41563,34333.5362786508026181287795454833193
41564,34333.9649686212537241481091675225005
41565,34334.7710133571330475620963321384698
41566,34335.4328616752123522204714825006306
41567,34335.7739915769442813702379677468258
41568,34337.2434494674870691828594040545877
41569,34337.6138933763331474244017394913873
41570,34338.4856142158814573158021317253161
41571,34339.7073540259131602886752377195025
41572,34340.2534454512663054497292685789916
41573,34340.6126113163074706598035613962905
41574,34341.4057502367865182573218256840047
41575,34342.0563290793839015839441867344457
41576,34342.3697376431091438275177838592521
41577,34343.5245957597193106750542968392069
41578,34344.4075165279606993437335129974899
41579,34344.9653361901920280817788283211376
41580,34345.5673783986154830521529393849599
41581,34346.5350797477066194014263100019200
41582,34347.6002218025439573132483093579726
41583,34348.0058089005888119120573364391231
41584,34348.5400824254630957608365883576136
41585,34349.5375034130417219684338653556307
41586,34350.3226796856398144121885460499009
41587,34350.9885833655155567241999731000225
41588,34351.4917133158860809663181017533223
41589,34352.4851812211761674117481403391724
41590,34352.8956980284798342485514776948517
41591,34353.4910179294860765858930463144684
41592,34354.0376854851143517343484746942848
41593,34355.2788550849775879042695346951277
41594,34356.5599184827843659105918468813698
41595,34356.9230676781738578125640717128666
41596,34357.6589789153503740033529536769624
41597,34357.9645730427732433660517055825296
41598,34358.9901153551812241532993534884516
41599,34359.8024020862956320015720495625686
41600,34360.0758597054858660564672815306473
41601,34361.1745070784837091843906806654950
41602,34361.5449763886414842187864986048355
41603,34362.5044653337768750787973569371542
41604,34363.3672459151495829361479397869074
41605,34364.0601603495657220972735916998445
41606,34364.4767031627580818893937524226943
41607,34365.5822971242358349868816689825213
41608,34366.2669196781358643826121304350092
41609,34367.2508432029279909853959123708552
41610,34367.8137658121944292427750757693253
41611,34368.5757574841327825465418046423991
41612,34369.1339124087304831552556285985629
41613,34369.8567457480151084514667780722179
41614,34370.1422757489625751964501986712618
41615,34371.2970993561915507875651985682987
41616,34371.7359174200462388954872221805058
41617,34372.6390186646281982411353698119935
41618,34373.7920411147847325319387939907588
41619,34374.2600100492545612806846607205024
41620,34375.3654801968877950419568304291627
41621,34375.7823066441390741488566034425583
41622,34376.5646165333183120999306724843753
41623,34377.0587263228833519701909167492167
41624,34377.4445374061478103989421472408542
41625,34379.0177070512507433903044952051000
41626,34379.4999777297349687651363553526766
41627,34379.9190968847329153985019577169224
41628,34380.5540345494317742966909317282725
41629,34381.2826524906093979929392203769475
41630,34382.1205602832991365621109326920371
41631,34383.0316503229282374122091679536195
41632,34384.0438231394622437067251032886515
41633,34384.6360062372322227093390227719413
41634,34385.2399325218713681493822525689394
41635,34386.2822988676500203714925943844046
41636,34386.6522458671052577452870577931601
41637,34387.2588704451201945981166515571878
41638,34387.9466875455584082527354030973435
41639,34388.6289187485353557899658226444808
41640,34389.3306753831196321174714061043368
41641,34390.1648825130355664313587097126918
41642,34391.1258677987645278521703461758957
41643,34392.0462543653627123192233026951903
41644,34392.5268138646394844077794715865497
41645,34393.2956129328353693810094497527474
41646,34393.7582936027251624102251172835302
41647,34394.9050999384489701652144814451557
41648,34395.6597485809514233231659061752951
41649,34396.0483768118616985021160637673621
41650,34396.8591147063173375238815601347005
41651,34397.5339483756293175513646287820066
41652,34398.2130916164714821521224635240119
41653,34399.0089200937216716008358387592979
41654,34399.5876581603437886007241983036887
41655,34400.0191137713120883421377396821406
41656,34401.6482854335800195673120682266015
41657,34402.2354401442052867854760864419018
41658,34403.1024181140027017097445249549865
41659,34403.6497482791719239622744280647024
41660,34403.8859584039477343639998347735019
41661,34404.9182459319592471450189609937835
41662,34405.4875494015060762387996515721940
41663,34406.2688140961819867586649726774362
41664,34406.8693230665657877027922289446714
41665,34408.0593627574168322014092328299809
41666,34408.5337215828666602411690859641413
41667,34408.7816247881694310277709074040263
41668,34410.2949683497905722564832948316615
41669,34410.8275859335145915266775574432745
41670,34411.5631412815755798049988548414806
41671,34412.1184026955353064526031327457833
41672,34413.0977164946744059295588294628516
41673,34413.8210394294213459054750582625681
41674,34414.5231386679444524912388228351207
41675,34415.2892927244370105073812800302886
41676,34415.5964943081362210002664757886544
41677,34416.2433891726597564493896123227150
41678,34416.8107484913800159386706104034247
41679,34418.0875956255073204628828739083118
41680,34418.9868238002291165745623281696572
41681,34419.5791804208456619198593211137832
41682,34420.3930563653179533385709736797471
41683,34421.3276858425375753771730879421965
41684,34421.6543392554652142470492485737378
41685,34422.2908717286330548773236554638037
41686,34423.1371943275343577687675722913473
41687,34423.7922627271137318808451588372027
41688,34424.4829161851601785132745650180071
41689,34425.5367573381175695051323602563496
41690,34425.9032421431630995725173905111185
41691,34426.6324085109555985135457983762554
41692,34427.3928703149545723967206597002287
41693,34428.1939038336707771557543292665978
41694,34428.9427695363390639478432064976474
41695,34430.0660527899139337028869313873587
41696,34430.7702115947747040448242818340149
41697,34431.4829919420193244856752792144215
41698,34431.7301516617984865358959620566594
41699,34432.4566460317052250188304972262171
41700,34433.3419933642598681228052950302571
41701,34434.0161021226334705826719520120227
41702,34434.6112569678627794881492183259435
41703,34435.2792325460626390530089225102484
41704,34436.0784378037627763379878128166341
41705,34437.5743770749198527725196112880702
41706,34437.8053737637884547214462829820258
41707,34438.6277542748201614672975726615861
41708,34439.1114838948094823307508706847344
41709,34439.9895260381962083266458056295152
41710,34440.4678181306497880159718726562686
41711,34441.7661437800703509371564165425044
41712,34442.1039987220665102976106108252740
41713,34442.7873020516193095955075556436654
41714,34443.5193829141431905542827368724598
41715,34444.0398999372454448746611062675705
41716,34444.8610471942663607406385417144590
41717,34445.4887136873965984873073399757712
41718,34446.7035331838278731892516460263940
41719,34447.5858341037027882635659176598889
41720,34448.0860163990684677403790959523151
41721,34448.7199013097212129259632177641296
41722,34449.7413908116767321158398690505181
41723,34450.2930828473711974044548297381014
41724,34450.7492484108690237705953940259380
41725,34451.0712312003114801785900457821477
41726,34452.1981680480607469976534745612881
41727,34453.1686398687746706349718243250633
41728,34453.7776568008167612780857572919134
41729,34454.4433003864473765604340524634823
41730,34455.4150724764113878993258566720118
41731,34455.7616992546037336600120019014046
41732,34457.0958969178953433390898102229975
41733,34457.6541165325451313231140288073770
41734,34457.9135440386132732274890430716989
41735,34459.1878399215505082309936102392702
41736,34459.6140032809303394816506939566409
41737,34460.5490708923750483799616159035711
41738,34460.9130748465958022359216404523930
41739,34461.7151290835904244292662703074525
41740,34462.2176402240282552119126626804160
41741,34463.0129456381713756469893914589129
41742,34463.8627728836860386574442083049176
41743,34465.2326047585089358598468308619683
41744,34465.8433899738316920108539123910154
41745,34466.2967460300839116322570530498564
41746,34466.9776532230427509607864503472621
41747,34467.5731130473029121612730651936037
41748,34468.2733981253599179386183886503820
41749,34469.0399638766274203269531814059731
41750,34470.0430734633147725893935854704912
41751,34470.5210988993187218761932320751067
41752,34470.9672908550454253594829232436568
41753,34472.0093420996779823727916016809673
41754,34472.7462585950842671619422279900536
41755,34473.6014017258136511171906197104327
41756,34474.2745387543308335911227244889458
41757,34474.7579160283474178725741904792789
41758,34476.1685253735209955782536051838562
41759,34476.6098860971477450633723028693966
41760,34477.3854483350532484141370666452073
41761,34477.6945185683476579488735952663693
41762,34478.5107901735508177016866968832134
41763,34479.2522064468146295383926117258872
41764,34479.7390849725867524260287162593487
41765,34480.4828105869460937561001569226763
41766,34481.6915800356393806976835683592345
41767,34482.2133860660395324795848229419285
41768,34483.3212753649641899589648555840479
41769,34483.8143131316299243547134731948461
41770,34484.5970550899214715034331722713868
41771,34485.2497984855682173147631702320379
41772,34485.7934991759009345979386390432021
41773,34486.6660601692415299796319606931109
41774,34487.1924836163607234537574829025621
41775,34488.1779081218281734403229636315796
41776,34489.1427018946637753245318821339214
41777,34489.3574230557757305472894615113444
41778,34489.9266132824385610091439797488148
41779,34490.5672868126756312548949606964919
41780,34491.9750816062113726038379280296853
41781,34492.7571347874479684661042296253495
41782,34493.3692627077584873316187858579072
41783,34494.2583626157020401384732524453586
41784,34494.5742439656772522527187074740902
41785,34495.4977879603834408265047380032158
41786,34496.0898344373052991937698693791625
41787,34496.8214699008403404337512387361806
41788,34497.2532978247174768398642713891789
41789,34498.0007868096354451544852728131096
41790,34499.0803293819837205637012626049780
41791,34499.8558706654666454878285233407577
41792,34500.4343784949172163969769312068758
41793,34501.6876334812324714747286270159041
41794,34502.0240802214893875023741180799787
41795,34502.3985519606110555677391696635487
41796,34503.4714760286517075202762358454095
41797,34504.3648407411234133389329495142519
41798,34505.0605743960899817603063491077938
41799,34505.6977577441347933297061149610754
41800,34506.2125719220565423451793828753461
41801,34506.6641465894667502365762266448345
41802,34507.9023061614395041101264682247638
41803,34508.1932408918905301881152522703956
41804,34509.0602264477328460131972532794762
41805,34510.0886393419445401673861358394038
41806,34511.0891328876950263015308634227372
41807,34511.7394026758685349913806740716536
41808,34512.4121911925687682450754253088627
41809,34513.0811676141632541666061617499760
41810,34513.2102583152984891841739082014147
41811,34514.2301490328952277241459094398850
41812,34514.9840306555867071383758729729169
41813,34515.9330651097891939079672831310800
41814,34516.4614557278527188001755275536236
41815,34517.1451598883308948986799041238618
41816,34517.9066838923165321031618415311780
41817,34518.8248595635632630000895231063640
41818,34519.4723031369429075196987478101774
41819,34520.2789012966738876181197450141646
41820,34521.2822393369984995899068786373378
41821,34521.6411030394946627117737981403527
41822,34522.3562740895692164954567608737294
41823,34523.4129081921368263950912991869901
41824,34524.0348193493861601477314843445335
41825,34524.1466417631647787525586975464502
41826,34525.2951981180268669857739361519442
41827,34525.5766930319622835363327133283670
41828,34526.3563895441288802465920937596036
41829,34528.0494185746285270408817137925598
41830,34528.4654619618921374490668956051864
41831,34529.0255658833152015678370003548414
41832,34529.6298721872589049687042841583044
41833,34530.5962285583601539618246940351381
41834,34531.1519686928066144658321573623563
41835,34532.0268979874915926025785943846654
41836,34532.2074626406810246938007277420770
41837,34533.4958884416133575316244198777417
41838,34534.0405143660417650359195128321634
41839,34534.6193201772288905773823129000017
41840,34535.4949382028950207557548533125118
41841,34536.0526688214501867409980811162336
41842,34536.9045186283668524499701333647377
41843,34537.7175919342912494417718632184850
41844,34538.8338568877897165787609149484382
41845,34539.2969056082370457076080772146225
41846,34540.2583849813247333260947781112379
41847,34540.6136783116269453607125261683823
41848,34541.3746948012468749422011870532598
41849,34541.7983111432268934370845898234270
41850,34542.5214704867051090207926945815100
41851,34543.5863906880572061272812219985017
41852,34544.1168191058449295803161166245245
41853,34544.8705996516076850762187194482046
41854,34545.7349982320863276361968642567787
41855,34546.8953092542813488856560801847030
41856,34547.3817654981613444347516783720634
41857,34548.0359201636910915227998341826953
41858,34548.4244853465812654375800914226795
41859,34549.2497824865039507032022390810546
41860,34550.4054454262618075978509679154595
41861,34551.0044468380112746218487946401859
41862,34551.4630001292403966856714431357593
41863,34552.3119807194871709122577090420681
41864,34552.7272283028654529875114391778375
41865,34553.4182561079083540067286882826074
41866,34554.3555140331392632268606498629258
41867,34555.4027575138254406024507892641929
41868,34556.1388476908946588517070420104658
41869,34557.1536453470570642975664460611754
41870,34557.3909009817628429881766774709405
41871,34558.2855495290125944066426894963019
41872,34558.7105777458760970210074109855264
41873,34559.7478836943703370339068150738225
41874,34560.2512654913311711906965191496508
41875,34560.5278940600603477711794898973298
41876,34561.7719221305685608438206143463259
41877,34562.5140171826858631475401132314792
41878,34563.5065629295866089231114060351825
41879,34563.8011688095985680019056702570242
41880,34564.6488459350187989014962151802480
41881,34565.6587032991496376344754333778722
41882,34566.0677955017636570244644102663557
41883,34567.2134608592192021082855472389368
41884,34567.9133057866438301483413830494009
41885,34568.1810305073824049441420140729148
41886,34568.9192853161141393358117546784379
41887,34570.0110372702422806952936873448779
41888,34570.5579066095724450842196161108625
41889,34570.7458897097453916860909120796007
41890,34571.6136212912117905675680895058312
41891,34572.7838530843857874892066298321693
41892,34573.7220771785684861305364964069070
41893,34574.5869649071873249258846198726193
41894,34575.0595212263996519846248493876660
41895,34575.7702047965708734553157607545488
41896,34576.3363949162995773147811712967044
41897,34576.9106275750753836134988523146924
41898,34577.6643520016559575264216718914016
41899,34578.7541641012212935276894551456364
41900,34579.2895135008325923912466734713122
41901,34579.9358446802147669894733117601251
41902,34580.5755992843395653792485927098486
41903,34581.1827680593218689570274410136240
41904,34582.5280154866977433860821323488435
41905,34582.8897407120062435485133723855991
41906,34583.8927828119956528716426597876144
41907,34584.2400867645412286895411735769533
41908,34585.6066036048502431819615929099283
41909,34586.0572191298744197277872039465217
41910,34586.5528855424126156368332805364253
41911,34587.2536375606184410848430225822305
41912,34587.8140322273697346325126178308757
41913,34588.3120327142066360590399584162739
41914,34589.5996186119868979973432801446627
41915,34589.9831332971895221839819262063357
41916,34591.1472173206691957927887827707444
41917,34592.0419231306350309069271919392482
41918,34592.4372429034511776849831635155256
41919,34593.2146594933676670935822286145565
41920,34594.0909761017425905865834011698560
41921,34594.4673856009072774384341554773477
41922,34595.3145736366381010751553897573353
41923,34596.1084137654969545390831228558150
41924,34596.8723797492855701735313077033756
41925,34597.4079994054265141800132315829711
41926,34598.2103429001471162090615409077898
41927,34598.8930809025561678139811477125269
41928,34599.4996186880209785019400698125004
41929,34600.0779592773532535317080256164317
41930,34601.6930772862625443530190260556695
41931,34602.4065659252164206122126206061678
41932,34602.6797917302663632351127180088799
41933,34603.2813069977925498717225111142368
41934,34604.2387447360157369018687404918861
41935,34604.6621878477137116729539364499962
41936,34605.5491676194199108414620334641167
41937,34606.0751983359928284616562268705761
41938,34606.8129527825501609282279246314710
41939,34607.6044256293936128087710945760583
41940,34608.4213977774545193369538568762856
41941,34609.4880257218256169816583005658049
41942,34610.1172117638779504204904211365958
41943,34610.5666015990553796919342098751843
41944,34611.4240073382342628880655500809098
41945,34612.2120861126933541395383869140663
41946,34612.8317227952188693224142585353110
41947,34613.7910047703433401535788539366725
41948,34614.5291174903552982749614959872032
41949,34614.9297571667811895215547879367706
41950,34615.5739275561157995228218018183035
41951,34616.0731315154472526971507394569501
41952,34617.1006885858586245544239658235749
41953,34617.7981278092515143450719405255599
41954,34619.1045821188677861500312787534898
41955,34619.4020531884684149478305791709409
41956,34620.3647523437098327188372522896506
41957,34621.2090153978024901664754098340568
41958,34621.7353675621883937560658003677689
41959,34622.2038458729996072885200851696546
41960,34622.7742380080245071238723302581994
41961,34623.5990896701021389389334575278003
41962,34624.5119467067881181866509223773697
41963,34625.4729156345899661634382102965044
41964,34625.9710673923430042699179751209322
41965,34626.2598842523400981273524767034623
41966,34627.4721548189861830126201568733586
41967,34628.4611847461438566715101876870489
41968,34628.7453222766837312466326097085440
41969,34629.8536890301496036601045767601323
41970,34630.5206103420955364611501812540631
41971,34631.2745379988772842955021583636962
41972,34631.8071104440078583858299294490347
41973,34632.4601585173561054862834708185476
41974,34633.2279048943757984357166948088727
41975,34633.9006299087390894441240944757112
41976,34634.4530184275054051166455576684650
41977,34634.9425272404961324043605495707307
41978,34636.5409165212993446442785419313741
41979,34637.0957843574839750996203187371730
41980,34638.0568399690139874647457208210152
41981,34638.5677018370982491845945839606641
41982,34638.8776485715443591613573359101738
41983,34639.6350215493184833068359478374246
41984,34640.8467033214575055953935083636262
41985,34641.2680378775362103778327969859544
41986,34642.0559297780477022331628552377592
41987,34642.4496665141706700686440126788690
41988,34643.6167570564639761591874352050529
41989,34644.0276424664311761639096715947033
41990,34644.7430381312080314271917686326806
41991,34645.6330110095809447761635620446209
41992,34646.4227100093266521870130516611573
41993,34647.3260566851502453978266469640630
41994,34648.2544659027712686689286349966548
41995,34648.7516240300465347468575699189913
41996,34649.3593529790540710328970010814710
41997,34650.1969425048101067279902201681644
41998,34650.3659481273611076202705578922745
41999,34651.5028011916776743292035671925013
42000,34651.7896478242926670024284118841729
42001,34652.9147673437352619936908943902644
42002,34653.9618934737703078242925849200983
42003,34654.2067275752249465110680578286450
42004,34655.2837471679031840140446982386025
42005,34656.0650199377820944794097390099750
42006,34656.9607340187825316648370232791005
42007,34657.2037883654217197943580425003384
42008,34657.9365935246481355438543712685969
42009,34658.7795513288163935419407218055298
42010,34659.7157138717682591996357605661880
42011,34660.4766405091603397284114160850633
42012,34660.8717643389770883439777285761806
42013,34661.4068815460017335343251533190632
42014,34662.1366808488433560839058415025323
42015,34662.8467539197237169729862638503609
42016,34664.2290130650336070635600926411033
42017,34664.8286109438579314825694773045213
42018,34665.6972754184605488127745912985415
42019,34666.2115374379275849786124584511777
42020,34666.7622052734789288555817009256411
42021,34667.8005002628273767812755011262891
42022,34668.1497141503161747714400636534470
42023,34668.6318294852840481066905780550324
42024,34669.7566571001759108665363417833973
42025,34670.4862390418896648287884825262788
42026,34670.8413483795952471219974171420612
42027,34672.0205870249562251538833536340173
42028,34672.8905105550916460241978525344871
42029,34673.3751338271157086974226753696546
42030,34674.0214651815044199879592038785415
42031,34674.7946186163339320249307563792372
42032,34675.9988246242809770895367437953790
42033,34676.3709654496809112938547351004572
42034,34677.2474644605048331874164748721534
42035,34677.6768533013890545762072988364456
42036,34678.1884207910330106559568824584410
42037,34679.2395926194412532380929160902952
42038,34679.6239959124840933540944989632191
42039,34680.7362125960645446944380065037762
42040,34680.9009342922176226526044221470541
42041,34682.5033707760362872868731083261884
42042,34683.3940848252036790196862943324162
42043,34683.6741421761592409823421693496236
42044,34684.2543575995149139228987515308011
42045,34685.1744040107777929617631400745829
42046,34685.7549381343802247490703657021797
42047,34686.1507867966021396005845474105503
42048,34687.3225304446423124144516239895194
42049,34688.1370690645687676276341676295291
42050,34688.5944321034212143789391474301755
42051,34689.2195966339990399319319913711317
42052,34690.0587147361853350780624288543791
42053,34690.6415881728034449417578158320296
42054,34691.9180105274123296009398575323597
42055,34692.4960934276701782831260046559270
42056,34693.1419018699101477289420939721247
42057,34694.1238158177475783955443622205668
42058,34694.4004920183938777877439201724156
42059,34695.5277427726498562308351382279799
42060,34696.1276076050054253143081937785563
42061,34696.3871613043976861889618205177546
42062,34697.0395309349716275060235247174089
42063,34697.8137846760344062696450990147444
42064,34699.0978820824791901628252469235028
42065,34699.6982621459846511612284752167321
42066,34700.6624061488880798723006346883520
42067,34701.0536773868598847624962011573074
42068,34702.0205255476755555005905157944101
42069,34702.6096813357279084970888294421611
42070,34703.1751497718657396420317726875513
42071,34704.0467931072768683095232890685854
42072,34704.8846256306426784784599128494070
42073,34705.3777700554453755886334000426824
42074,34706.1620042752460182845714489056159
42075,34706.8399603984204826534718002578608
42076,34707.5459563765744195379724233875962
42077,34708.0379331499699239708516726743528
42078,34709.1094900142589498684207528677273
42079,34709.9197967219312905867577253646255
42080,34710.8966803947134127847742728951450
42081,34711.8125431969581293147954771347046
42082,34712.1399657760757376551421125663172
42083,34712.8457505513895140152927089773108
42084,34712.9729436981232022027866531504820
42085,34714.2493960863106465885260239499751
42086,34714.8876665152808645874295084292288
42087,34715.4807033277542509825105236084072
42088,34716.3579146442846026063572266577836
42089,34716.9592487145232779487626951509303
42090,34717.9448098732627062948389111028690
42091,34718.8606482851576002041620068705868
42092,34719.5396678622670470018835948303502
42093,34719.9585048100003140227378935128695
42094,34720.6018431140054358819264067784096
42095,34721.7781338049251524123676070619963
42096,34722.4911112979707540869625872505620
42097,34722.9194397023681193610658811529650
42098,34723.6789643350522577374477502338347
42099,34724.3158068616001707356357096088166
42100,34724.9919432286199266732439785423701
42101,34725.4132901943679123371424450360947
42102,34726.4188414546858146453246691727348
42103,34727.8743043930272338688158481354111
42104,34728.2696542912539075218119506333033
42105,34728.7709043187384394813072334931044
42106,34729.7897921177159612688592025469481
42107,34730.3494224359152468164361415504530
42108,34730.9543726500912906929112068305316
42109,34731.7021844800653077315664194238599
42110,34732.2180997452384420612632713619017
42111,34732.8977475413436918012006423346966
42112,34734.1580464404005245089896800159025
42113,34734.6670922688046944146468593620137
42114,34735.1196503717478669010459518183843
42115,34736.0491291221436373058131719633221
42116,34736.7190576857222138123092580629207
42117,34737.7198355372095409156401871031441
42118,34738.5403168220309740579044553569541
42119,34739.3434217713698051768936182578654
42120,34739.5382758510393395297308808322149
42121,34740.8437439722572194274292162944300
42122,34741.0268377422926900729614469851519
42123,34741.7690257008677941595927624818122
42124,34742.4468798510548107072340229182814
42125,34743.1991764719858725211010136607630
42126,34743.8261309816226274513051176836134
42127,34744.7920148671495414651905211597283
42128,34745.9403631516516617473321929875329
42129,34746.6723733442414559891450311746186
42130,34747.0751636708518760503030500909435
42131,34747.9291643661795169766155623131501
42132,34748.2377437772371166993001014305458
42133,34749.0719229356187936566757301645311
42134,34750.0551900418816151534100887772926
42135,34750.8778837215848714483576728583434
42136,34751.4085377820456328636306712646082
42137,34752.0324724194026728882991716092513
42138,34752.3164588824698226976871772500105
42139,34753.7116942368792062530462376103938
42140,34754.4339044691712560795887748903330
42141,34754.7468126005400362419751357970081
42142,34756.2285565567288878038018241301914
42143,34756.6027369240138079573248244617603
42144,34757.4793396921830520200290035654254
42145,34758.1899446205825952206548198138763
42146,34758.6083774487113995267732521597544
42147,34759.3055749050808113939072278978064
42148,34759.8454466146139900823675957754722
42149,34760.6302026425708788900139651363741
42150,34761.6290811891132153345746592660314
42151,34762.2088201841677111573577070967816
42152,34763.2484782088160698211624019312178
42153,34763.9242618631022116746285983272900
42154,34764.6047665061304119202341065097060
42155,34765.2547964734816670677249788333279
42156,34766.1148341454447630237757812683532
42157,34766.8734281294384601384856520971429
42158,34767.3659404517058305285995454428868
42159,34768.1256217921295625725610527958118
42160,34769.0346871314423786010557596367292
42161,34769.5830372908421669651503286183805
42162,34770.4362923282413967817103997068837
42163,34770.7116870474212658627887398668302
42164,34771.2730655260778758240800364638567
42165,34772.6545140606055393580313270385212
42166,34773.8606646242444735684298571838056
42167,34774.2015354271896694472992586950631
42168,34774.8019320841250538445355302680610
42169,34775.4927228499620710482551260269262
42170,34776.2012021802470288947521540102629
42171,34776.8813836267092080731333020030488
42172,34777.5284385465203858480152627114050
42173,34778.2174960306902562773810595618374
42174,34779.0042358436908710316736718107278
42175,34779.8051064646885537090099239916461
42176,34780.5292822182066454850014766714551
42177,34781.2152942402975550040513617960371
42178,34782.2229610272449090575843510883548
42179,34782.8914085734391889783840195346681
42180,34783.4164542272402171038372493496135
42181,34784.1088221441414338354270828083112
42182,34785.4940847000730075157420395536457
42183,34785.8536601983769427397902765409906
42184,34786.2438928648080635361164832294180
42185,34786.9900311570193050537769191662688
42186,34787.6506268504748484447479837264612
42187,34788.3109209629986868905220396812060
42188,34789.0640923650508224997747412596059
42189,34790.1337706770328813168405799160308
42190,34790.8268989177572784190219882248700
42191,34791.6535187713113342889598911849174
42192,34792.7332795609239661453337787754244
42193,34793.0535480050390266012468928935556
42194,34793.6482359211069577991870737323167
42195,34794.2993118373402378356833525099831
42196,34794.8488054867956878778498568339783
42197,34796.0963673557518700123640713759168
42198,34796.6129657020407324493715763917597
42199,34797.1433531988523459084568334364503
42200,34798.1699563856760326054226004942155
42201,34798.5720915729966843024092379068061
42202,34799.1829709308855374925146882926595
42203,34800.4994755111239694449470634236882
42204,34801.0341027485535579285230379554636
42205,34801.9893289506829262862681150875950
42206,34802.7380977025082620042481171939597
42207,34803.1656859307968934055994748863537
42208,34803.7856892946767886343565060980929
42209,34804.7166263132598189451245894976122
42210,34805.2870521362165052169902870848471
42211,34805.9471725164409123763062053157723
42212,34806.2941869501682100776279762308447
42213,34807.3398798439860465792757070066817
42214,34808.5457528663184174431819235830414
42215,34809.4064001114604529087305295865230
42216,34809.7385784881333415287593559381191
42217,34810.4182565070682751417903686874434
42218,34811.1262719929230093015152151417245
42219,34812.1330768470578197853096675434204
42220,34812.5430125094686050811007844452766
42221,34813.4834790967916284833057188506146
42222,34814.1239401498275507649737042791356
42223,34814.7605217591407773596984203161867
42224,34815.3678783770646572216260735295447
42225,34816.3089326727002106005320367683032
42226,34816.5878127516124610678538079279595
42227,34817.7111648782246735973141372404659
42228,34818.5414317985846922001069260115490
42229,34819.6553919701325321468506032295268
42230,34820.0428941417282048253825823112259
42231,34820.9347568129459262847749063716042
42232,34821.3974932503784961063627782359052
42233,34822.1407154893070086593813419471578
42234,34822.6840064263831319073567751244599
42235,34823.0220644597089447132195308143517
42236,34824.6442763536823308534538342462548
42237,34824.8856137178444969576516347912974
42238,34825.6422483984936264598754487397671
42239,34826.2669045475137837797269418835643
42240,34827.5595496116301942413542668626966
42241,34828.0690114944627500296188507977671
42242,34828.7053370017720140879552210246530
42243,34829.4214953665785089696728501526085
42244,34830.1352589968671245873569795476145
42245,34830.9647688618199761872770942007352
42246,34831.8087660429599464479863927191617
42247,34832.5061642055375308618352509541843
42248,34832.8532832277691886499142029226461
42249,34833.2510418095263562473284629178695
42250,34834.5856581669943811455860468890801
42251,34834.7003594164152988826859056365787
42252,34836.2224246202332365319592124811665
42253,34837.0680368489150427155467415553588
42254,34837.6592441990986638325827883333542
42255,34838.3220838026371087141892893219852
42256,34838.6979977697965438387575772136860
42257,34839.7376502793290261639528421953072
42258,34840.2435561383760054934778437346430
42259,34841.0258563679003055178249891569474
42260,34841.6188302258512443875901523379887
42261,34842.4496214185080408936642474407474
42262,34843.2152331404159287062332129829268
42263,34843.9828717773643814633897850647955
42264,34844.6588028237341299920988977528162
42265,34845.5878271927890057072733923681912
42266,34845.8181996569980926304010623480205
42267,34847.3092126777468629614893635444893
42268,34847.8899263751596628940905712263883
42269,34848.5618768130768127400637033217646
42270,34849.0219737936262043159707365790593
42271,34849.7621364709892149939696722779185
42272,34850.3901145220642347673238900046699
42273,34851.2183183500470888477331068489869
42274,34851.7987099472204428489728507220697
42275,34852.3073943094283398374435930155454
42276,34853.4946727560230095011727127897472
42277,34854.6489896499307025181256965872320
42278,34854.8160628526112412501362761656462
42279,34856.0280274228633232148332517384570
42280,34856.6318499611570010632954361364538
42281,34856.8006412992032316904273083266141
42282,34857.6484168255140375210497392029197
42283,34858.6612435935300466007621701731713
42284,34859.2693825086426720741664278620075
42285,34860.2794826058461781893871873520789
42286,34860.6112588109568548581675431014618
42287,34861.2689434445281774590668929287005
42288,34861.7738627522799632661356087952191
42289,34862.8502362035469939763381885564242
42290,34864.0276097467188067381544912960787
42291,34864.5308958084548484946735907793517
42292,34865.1031938626087847074872546280551
42293,34866.0960574270697380983444163103151
42294,34866.9513300953837796198937407047248
42295,34867.2453524986306529199503028574451
42296,34867.8494924456212830797084095377858
42297,34868.5281129605807778110665897333229
42298,34869.2899425047091392490822784434757
42299,34869.9446086423875744271009767509364
42300,34871.1294228487709496861050238438511
42301,34871.7157472608452534495246672331046
42302,34872.3921330079185268371298111411844
42303,34873.4380069188765371860085492676000
42304,34873.7856436989015089023073676912084
42305,34874.7198374837744206430606916468001
42306,34875.1814534750946468072943003721889
42307,34876.4068979646036083384371035800486
42308,34876.9371938910844392517026970539793
42309,34877.1810496083565067998920509291562
42310,34878.2704292244191498835537450534201
42311,34878.8100360316283165347742186652203
42312,34879.6703737775896576053564097029715
42313,34880.0428286886453956666865695765161
42314,34880.8548818009835589704512147297829
42315,34882.3236967676761313746521327033417
42316,34883.0876719998923380004394502254307
42317,34883.4373120936317450979546422021364
42318,34884.2966647095826154364826282355111
42319,34884.5184754027869613015373223080781
42320,34885.4128757010978221149707556000135
42321,34886.2243559160836947952592930893334
42322,34886.9088981056713440783521785319536
42323,34887.6298411522706231729325346368935
42324,34888.4278131775130146234457283995128
42325,34888.8798554938503998145123159027887
42326,34890.0673055149743875373591958774034
42327,34890.6529427285418923915086204426865
42328,34891.3932974462854784700007698608541
42329,34892.1231375555082804810955771431232
42330,34892.9396443980350113358958251662747
42331,34893.6569234921729304328545011813566
42332,34894.4826460418893253574195143419642
42333,34895.0135310233358365020894453859559
42334,34895.8975158680601143356196196061282
42335,34896.2472796106395950110079368912780
42336,34896.6412083869404587673007466538102
42337,34897.6145766614828374803615107676543
42338,34898.7740912898392795622011741752968
42339,34899.4224634380137384202342992307897
42340,34900.5214219502859084326950546307135
42341,34900.8591184983699724600507119132551
42342,34901.5451532146799565018402547838003
42343,34902.6203196171114942896731827950585
42344,34903.0825649624848745094045135628259
42345,34903.3900724569255396507214738387039
42346,34904.2437045757595573158516076872045
42347,34905.4383106886318804914543669882780
42348,34905.9971376977091531784427423631511
42349,34906.5144172240260073440689786474709
42350,34907.1173859635369334422472425424550
42351,34907.9639950738748662980623987549860
42352,34908.8486144843874510848096657824868
42353,34909.6780460105119265778292915552644
42354,34910.6027779936362409892389847998949
42355,34911.3979007181055605893208259538308
42356,34911.7617778384896737663970603131344
42357,34912.4589769806853800533969602635605
42358,34913.1947026340068904712163216911701
42359,34913.8267077255975239327854488980803
42360,34914.5026831467904447053636226236290
42361,34915.1055711790204443118437875560677
42362,34916.1930829454020588226648410644446
42363,34916.4910659845808882554156044044263
42364,34918.0650231092009384327088354409112
42365,34918.7407298417256719725506432620992
42366,34918.9036308014354016508264405952658
42367,34919.7334115460930242530038728135590
42368,34920.3546573090052008455218032882475
42369,34921.2790553254062710529185706903450
42370,34922.3629664807860333106473583972748
42371,34922.7088635692641497409421854708266
42372,34923.1317498054870781771456871483710
42373,34924.0499663623736455085077076464441
42374,34924.7275335617350681132591315614691
42375,34925.3890012480373459278422846351659
42376,34926.1312513219166969143034971628275
42377,34927.2525419589054141001216603296129
42378,34927.9906759422269451155848364646332
42379,34928.8144995011851531142792649946724
42380,34929.5181501468480475428402317115344
42381,34929.9438266208473771338524497696993
42382,34930.7595891756411269807890047962989
42383,34931.2275147199840800837025486324664
42384,34931.9433344726543613289834429925363
42385,34932.6625593792282476560941964879470
42386,34933.6101040355521102972231794187659
42387,34934.4567071993088169316000379396292
42388,34935.1475025846309773290507336859835
42389,34935.5348783789279281719669229524020
42390,34936.6550421116479133279163965262719
42391,34937.6074318771347494995807642953340
42392,34937.9346069026094129406604552660455
42393,34938.7955044284505201321695244067761
42394,34939.4468554621034950351870489766732
42395,34940.3392200837168379882863208764192
42396,34940.9644927410403940814002745229146
42397,34941.5008200925798194490345409028561
42398,34942.3982077013491864308388011340816
42399,34942.6788278517664180444041647255243
42400,34943.2419825058059187039805804754852
42401,34944.9451497317459270505433012668426
42402,34945.5195484714162265907975055341917
42403,34946.2059478534483095618444550019344
42404,34946.8572666409585901613076481351401
42405,34947.6104679781937166449065702795664
42406,34948.2271341394882785959475350405483
42407,34948.5496410090114955599663603246617
42408,34949.8283345622119649982873435189989
42409,34950.2419049449943801325242147945342
42410,34951.1161723821774890599533621079204
42411,34951.6417481506910503274597674841192
42412,34952.4301492848172270033642255416451
42413,34953.2899595775019003221021886780827
42414,34954.1055085166293142412515455033869
42415,34954.7858688331164655453576589606547
42416,34955.3248714395220655502577195721926
42417,34956.6565737580245946537207571119009
42418,34957.0957467653146676141759747814901
42419,34957.9817208718637168028003335648885
42420,34958.2563726276287663271120693970084
42421,34958.8736015152717078985333922374639
42422,34959.5182356374637846394027737220400
42423,34960.6566560001304333527936397123559
42424,34960.9848413475391766938955508342437
42425,34961.8660069481348246403568507846029
42426,34963.0092668476416501148829900949507
42427,34963.6049279701676238432912582604721
42428,34964.6599654999022184533415812489117
42429,34965.0107814572504041420771689748969
42430,34965.4225888210810931134035739319160
42431,34966.6273826174742472993358682760148
42432,34966.8837043514681748801712548402334
42433,34967.8589633693477953067009899079178
42434,34968.8227777717607466805180032711573
42435,34969.2242080871981144773071613780625
42436,34970.0431232928010146579944465483052
42437,34970.3056520946940870179008293687316
42438,34971.3340940036727265926488311499619
42439,34972.1765042145542029264009380137059
42440,34973.4125420400223853321448912447507
42441,34974.1429431496655241120017742718860
42442,34974.3355268309297207639616547761570
42443,34975.0435187624012739557054612465053
42444,34976.0921206060861972552569773169197
42445,34976.7424608241425447102117880576686
42446,34977.0773161072067875240285731101645
42447,34977.7329303740132605334346511565265
42448,34978.4667034777654530578521855624291
42449,34979.6914189804511159627825725982074
42450,34980.1670159999111774933485679416859
42451,34981.2213506174592295727286462176488
42452,34981.7146259989313760411541989677707
42453,34982.5959686484769684285710308924188
42454,34982.9699315490214286184604583273473
42455,34984.0695996316157510955600272454257
42456,34984.9102835365743643953925554111790
42457,34985.1440280743010949987762442196996
42458,34986.3493324188445580019657915916837
42459,34986.6741725051822974441202261374646
42460,34987.3041479265396114131826959032082
42461,34987.9556806361535451947276626117300
42462,34988.9171015807980638661698062395908
42463,34989.5021944184700802249883556177739
42464,34990.5696520445600577529723357031671
42465,34991.4689834625537063335498365316379
42466,34992.3698368784481228757067735241932
42467,34992.7265599254686427081415420998431
42468,34993.4203378095134912631832371447443
42469,34993.8491120043466702938068945701582
42470,34994.5704485495507090943975972187604
42471,34995.4545524353093710222026715728784
42472,34996.5234488856348073780493534237392
42473,34996.8866210373299592321556612873994
42474,34997.4709556042762411630426813029071
42475,34998.3271094951602105370621290740062
42476,34999.2809487810236389600879661405244
42477,35000.1518926610739117205890475592337
42478,35000.6289818871559924181399859276614
42479,35001.3372771332354331566178096359561
42480,35002.3584442908451070088566980522032
42481,35003.0010226109680307456108013010797
42482,35003.7691666046889281739184073946807
42483,35004.0184574447393139665102955562809
42484,35005.0955939630495276707608562178005
42485,35005.4577226173422390282529539229300
42486,35006.0611951579223447695656666967586
42487,35006.8959473640814982007288323630562
42488,35008.3220545237352696684000984117457
42489,35008.9851621544380615162450578569976
42490,35009.4486510583054275113807411446293
42491,35010.1292650103893686420408425532729
42492,35010.9252065170401546070854857628118
42493,35011.6299520803578388065310389984869
42494,35012.2368550243835680874268112081071
42495,35012.9604517812034402229633864636276
42496,35013.8800495703275985133070533312752
42497,35014.1295136798610580299020306988804
42498,35015.4194065271783882016757841511257
42499,35015.9194156771052892524559138402468
42500,35016.3759542678613510175241198999087
42501,35017.0816605283260007167359020206475
42502,35018.4602856985816742283912710118402
42503,35019.0566594170758546951817163961977
42504,35019.7798631697991662799743886386025
42505,35020.5848738183849287365202130432538
42506,35021.2120068340133270902499835202789
42507,35021.4289857300256406045534159978662
42508,35022.5157672748411981793977895819133
42509,35023.0340409579925513317734141217703
42510,35023.6310533539879514470378798903920
42511,35024.7356372420103759954864307270906
42512,35025.1720950924828363836297333144101
42513,35026.3110228317229016160415145790197
42514,35027.0853530531015245265317021761085
42515,35027.7374915938067708453269236090671
42516,35028.5785512084932532625611814504136
42517,35028.9953233818285519007185636307758
42518,35029.4028125756267352727003833784475
42519,35030.7624091657724795329772475530238
42520,35031.5573005964073322391152856058024
42521,35031.9737315903653828865380096971192
42522,35032.3915505313168523859119334684724
42523,35033.2620199723296872428618950316149
42524,35033.7501370684807770706499339595475
42525,35034.8349464273496918101536483505279
42526,35035.7370753889565767621092174719633
42527,35036.5206304991092742794816878050715
42528,35037.2763190194370251995746520894409
42529,35038.1806749293571423006417630764041
42530,35038.4473002781215791577993562708035
42531,35039.3636985280441270513155062399062
42532,35039.8723639097794827277890909441454
42533,35040.4128608955227995251617815783546
42534,35041.2390668199552790693370346640889
42535,35042.1349587607895029474535692378272
42536,35043.0205947816570498613456256852660
42537,35043.3628227839186385805972036438582
42538,35044.6336504391107121951833019380271
42539,35045.0685632469973169844599703536610
42540,35045.6263250807413320514275342944968
42541,35046.7201532674388476828033519079048
42542,35047.5550569248086308350014625375690
42543,35048.1010873028492905422986605115843
42544,35048.7268998917900106715861484663288
42545,35049.2641381999806620879551269668203
42546,35050.3336854286064176498987846701995
42547,35050.8896500495755035394210358802922
42548,35051.1882327483808909152260015978225
42549,35052.0884665216803283325772259839679
42550,35052.8313672132471476892992088562537
42551,35054.3150683502957341130660039666421
42552,35054.9770072864288298241400540625770
42553,35055.3489946514807153592488240639602
42554,35056.0158546062227897430657571503605
42555,35056.5883256472611241656712519346689
42556,35057.4958787069827030974833436449610
42557,35058.1829822901318603687043599202792
42558,35058.6911132051227070814558367365256
42559,35059.8346527237127906493243582752825
42560,35060.2644762621943554385097998464948
42561,35060.9983663779937842862678100267185
42562,35061.4682831540872921883854483208264
42563,35062.8257167531883338070611783239357
42564,35063.2706637648969816397368651130902
42565,35063.9901860867975697996144661438426
42566,35065.0257701149314837376920172796695
42567,35065.5408768706005873514009490432147
42568,35066.4661884632551384265673924512321
42569,35067.0983395154628181606690567474733
42570,35067.6094692058795758835100364410853
42571,35068.0010585959082190941655198069717
42572,35068.7508849651159943373510639444617
42573,35069.6674507650238607584090442249835
42574,35070.6339926541135660747770341269686
42575,35071.4454690307848936583198442443619
42576,35071.9642514271805480823544449744784
42577,35073.0940000917425123800851451490540
42578,35073.5996049887311920336832549173020
42579,35074.4069440848435538671478862662164
42580,35074.7060982476094737467637400697541
42581,35075.5553057036498539318584745177520
42582,35076.6066311299563008497803669789189
42583,35077.0156648571894439110830783663090
42584,35077.9794367839933871895588490965549
42585,35078.4415876823059868882469662825585
42586,35079.0307861850803488335532724444558
42587,35079.8892729745019708008947444626520
42588,35080.4877881822507758044330638785786
42589,35081.8333979032970395573189597313089
42590,35082.6184716299178152032691470703898
42591,35083.1193435041678771535959899092334
42592,35083.7536004336709679388367287403366
42593,35084.5528050241950438287878857246337
42594,35084.8260443899218763136489355982530
42595,35085.8012742097259487788434022080299
42596,35086.6147142966100174610970101110425
42597,35087.2949275130241681077934486295686
42598,35087.4335696570855324896427003757890
42599,35088.9967861067523474086510946501027
42600,35089.5971048412441196678573696250371
42601,35090.5092319025218485615024317220134
42602,35090.8466975125251870229774440095609
42603,35091.7830334395496952625411437441636
42604,35092.2470832032848370487835670904008
42605,35093.5243046280173350349717102491829
42606,35093.8907315927053291841603767413744
42607,35094.7920883929573342858019730483062
42608,35095.1732758439083290322728621541499
42609,35095.8060868647685790716939315667812
42610,35096.7460721917122317100615413435533
42611,35097.2368340201969938086209046930592
42612,35097.8836080873400793261655413144760
42613,35099.3349831693331148941849130428556
42614,35099.9238706446364002398014985910594
42615,35100.5107599281604418083313357876171
42616,35101.3990516498416317482075168848424
42617,35102.1849648194735409563396604511948
42618,35102.4602141588682149999902370126305
42619,35103.2032323512828213145769675595715
42620,35103.6506013727321583150828411681688
42621,35104.9504200263062958490241371422205
42622,35105.5287619240418626953027795969334
42623,35106.2836093275469915801144014168146
42624,35106.8265808112383253724274592949255
42625,35107.4011181521468973855094438158518
42626,35108.7069645767904499757396920994388
42627,35109.2584878153569760658765189939087
42628,35110.0383846325637951095164702104418
42629,35110.6793835019769252717928346268806
42630,35111.4923197704579378466524737659248
42631,35112.1633414615232688819450282029747
42632,35112.9863017307020038592962747907965
42633,35113.3834976069585891272619669117938
42634,35113.9973223272871375402093616232776
42635,35114.6682797292514152465055526561769
42636,35115.4347560480291251008862012762105
42637,35116.5191508528021600252875825968007
42638,35117.4088011797654819950821670288111
42639,35118.4146582327122849401261141721330
42640,35118.7232951981639624062278539928313
42641,35119.1561978173716963727763125893351
42642,35120.0903415379516005402625229360673
42643,35120.7870735282622522636550003336106
42644,35121.6677407268066113714329157686752
42645,35122.1970095178430979622576394486386
42646,35123.0926295457518559681263681816881
42647,35123.4469153064089318742253734580087
42648,35124.3198891461421838160088835998757
42649,35125.2374592018894548020116380332367
42650,35125.7416842103203172397102953729719
42651,35126.6012693063461605610801187458074
42652,35127.3894816099602652214421374022115
42653,35128.8145248230675968744378333445384
42654,35129.0944605800742736012792881676381
42655,35129.3473685862704318816639141152579
42656,35130.1564996121111417256713338036338
42657,35131.1485299015483236106577014553858
42658,35131.4250278683699711851271284439763
42659,35132.1506015240913931991454639552499
42660,35133.1910351222125336849962456611279
42661,35133.8512405728820917454217353064423
42662,35134.5877523340117331483703401664936
42663,35135.6076171566765231016245474946175
42664,35136.4279684708836982925920441742312
42665,35136.7204236440928731188540678652630
42666,35137.7017271174735499679424352132836
42667,35138.2550586564184778791223125625699
42668,35138.9573364996258912045191555822675
42669,35139.8154249896957072131267489351101
42670,35140.6994249583387824057409641629638
42671,35141.1624259207512366821114876879269
42672,35141.8515400545261320867230108225099
42673,35142.2899879508076309852232718590528
42674,35142.8605996097646403372572945921517
42675,35144.4363763213645174470824404182405
42676,35145.0582339581053652898353707381798
42677,35145.8850545130941801592541373334131
42678,35146.3090864339694295993371792939393
42679,35147.1929404527823707462220485405206
42680,35147.8334650153821001776122029539591
42681,35148.4622399638193168686718591871817
42682,35149.2179588296223387825783274856393
42683,35149.4337401242018766260261537053711
42684,35150.6974621480915189903300139038840
42685,35151.4030700893616381488693408717340
42686,35151.9910667590150473894644068423831
42687,35153.0306935479023027681802594638153
42688,35153.4979437096480771761552804332817
42689,35154.3711907560153942850999194525708
42690,35155.1750641893595324338056682941211
42691,35155.6788086951220022059465987807811
42692,35156.8904996134792144254916543399997
42693,35157.4147221266490259260278994938990
42694,35157.9120111214015354426853905027051
42695,35158.4836916649372219745030433008316
42696,35159.1489223988096225373164298195076
42697,35160.1980413400811533971822514110124
42698,35160.6186313786394643007167136633475
42699,35161.1872208034740931758571123721393
42700,35162.4959451766468685712320507844648
42701,35163.4883233576676301852844788160693
42702,35163.9735763298427101707451211187153
42703,35164.7330206281147965347910850340799
42704,35165.3100749002394188173888983330242
42705,35165.6166309009140244369063476930075
42706,35166.4994198033117595248036909230823
42707,35167.6610135062661054872471183590321
42708,35168.1735029847206388142627293499083
42709,35168.6969283806820819476051136436494
42710,35169.4637966271177100176601272881548
42711,35170.2020485488172494430995189742171
42712,35170.9793593302399148825302956381530
42713,35171.7522550408818581678946982999011
42714,35172.6882826853257053159637250466635
42715,35173.5752572817856143626730194400644
42716,35173.9168394729667404787717122066259
42717,35174.8948290033377423871422574227156
42718,35175.6305081996905285908999970047033
42719,35176.1009310622029622553737174158058
42720,35176.7263988089063258402376188967572
42721,35177.4510573406257610216791791332358
42722,35177.8581884156143527340148339540757
42723,35178.8854088411221430790431986090620
42724,35180.1256394107403752711627704530586
42725,35180.7388772807679495291240604276366
42726,35181.2411229939839477052051072746351
42727,35181.9596728336355384318733758622518
42728,35183.0445417253191039035962945247054
42729,35183.3200314276737054290198792997300
42730,35184.1749377315585624280623059068578
42731,35184.9077198234290340301898271577457
42732,35185.4724714507456655485288871022831
42733,35186.5307849613714345549088235383673
42734,35187.1340173032695525486982553486258
42735,35187.4329726445315691806016391097379
42736,35188.2915417143564580190825536393119
42737,35189.0882699360605507578851593740465
42738,35190.0033725341117593450463783393629
42739,35191.2554802233865625659757236717827
42740,35191.5955115685269266986497314594191
42741,35192.3260610269119943613629080141637
42742,35193.0289687402338300401576006605714
42743,35193.5521195526246874128346560899999
42744,35194.0448610347544148904548340289619
42745,35195.1278250620004750737079020876503
42746,35195.5050272244603284116814192932075
42747,35196.7151674215420711012816221363199
42748,35197.0028613639192790404180736826737
42749,35197.8066774673328568760108224585840
42750,35199.0436478567692594881539577433198
42751,35199.8630925635969716440693301998644
42752,35200.1370514848443543492071117680664
42753,35200.5047600548279968979362184903027
42754,35201.8560377090383163940648126918569
42755,35202.6404989412680479637094647524677
42756,35203.1180685469551538889253509907222
42757,35203.9205081326188517523191832121224
42758,35204.3791926514905234367512207603009
42759,35205.0093649855141472447359300840460
42760,35205.6290921032162747697344773290368
42761,35206.6641075375287564842332235232912
42762,35207.4005765931531931766959964507531
42763,35208.4760158248993151660366438304349
42764,35209.2732047462005965740713589425266
42765,35209.7411620344689607921115016727383
42766,35210.4522640921745675654044495654592
42767,35211.1108788936686145777151566518329
42768,35211.7484955066992276225907714683564
42769,35212.5208174437245826674711752811333
42770,35212.9665449376100526402083206138694
42771,35213.9592700180635923205560846122591
42772,35214.9564909103785741646019712815971
42773,35215.4182260987105676532917906239119
42774,35215.8785443959097349711089701985958
42775,35216.9971422289291651451325496672383
42776,35217.5301521455225432860105821862371
42777,35218.7286028781277180823862988108043
42778,35219.3139261320005378109692151079317
42779,35219.9776659110270841306052950104649
42780,35220.5369590121428745740516130246135
42781,35221.2200589318026846200775350451708
42782,35222.2184550749496568919817509431071
42783,35222.5224584011767807609650301760390
42784,35223.2803085112635450790746010358982
42785,35223.6949819344022607895513546453221
42786,35224.8384576328758152720906707566258
42787,35226.0265626374335597808969615600854
42788,35226.6288653349281289881323649440091
42789,35227.2218188888536607257317086817018
42790,35228.0237314492969472936199972484291
42791,35228.4569566025582068388049539191186
42792,35229.2801885367659328694710718110666
42793,35229.8104693032952008592843769255501
42794,35231.0917148070849805422761352737557
42795,35231.4972445959106445056378631879826
42796,35232.0541206915796832694783211897939
42797,35232.6047745659883382758271307289251
42798,35233.7236241090865680634430666442733
42799,35234.0536166588357351969270303236696
42800,35235.4069801308967994457759110896947
42801,35235.7702775860653917879367717857653
42802,35236.7497839784338832942927622859016
42803,35237.5601662654431432305550697076100
42804,35238.3846962669454749576661382114345
42805,35238.9478015539906147739390988422978
42806,35239.1898725848580085261896605521469
42807,35239.8443055969867513261191832144304
42808,35240.7735187510535918314834907164634
42809,35241.6097386242669901575328196235137
42810,35242.3892549295000159678858027218679
42811,35242.9485541301056711741086091082879
42812,35244.1771161902272676332150359544430
42813,35244.5582422244366693205803772970907
42814,35245.4672358091691766111483808917107
42815,35246.1043969494177096078900662708313
42816,35246.8947140410902920314991453488342
42817,35247.2732604781468300873704487844711
42818,35248.4613937199709897019746784807890
42819,35249.1423767192401049368198380062101
42820,35249.3757300403088377806278904975051
42821,35250.4386573368191421129651036688803
42822,35251.0576423667342200630333702395446
42823,35251.4818823652153682597069440150247
42824,35252.1298989164152943257334447147576
42825,35253.9231920768488145324988440490161
42826,35254.2271768083552507052524328508003
42827,35255.0626984420507384821896047191502
42828,35255.6436906987940683290692339073777
42829,35255.9175208326763467682468659023966
42830,35257.1962967974180973329268529985094
42831,35257.6226994933207803238475604401936
42832,35258.1242372893289045868187530323796
42833,35259.0573347083442202665577552678077
42834,35259.7334402361718371695495645254930
42835,35260.4991570525996578733833221176553
42836,35261.5432405557616409321893738870532
42837,35261.9173970079361683624817756712180
42838,35262.9407487298518425899600674584758
42839,35263.3832368222567986791676264670016
42840,35264.3566341417657490701593632459001
42841,35265.1822507172193475347298011979550
42842,35265.8824087018352642757782745687685
42843,35266.4770146699850268002512723921444
42844,35267.1482626815921825950848181047681
42845,35267.7059404041740402234999392711801
42846,35268.3518850202720798733872432291802
42847,35268.9686985971799090408963899425999
42848,35269.9704239972362774404879520554355
42849,35270.9619607758251249018786414890773
42850,35271.4677175083974901436637655470275
42851,35272.6476246713631044295736599001924
42852,35273.2247158817841170992501941384236
42853,35273.8667868875390973578608854860098
42854,35274.1871441481433827087237604145453
42855,35275.1448220154557113471888699820560
42856,35275.5439038386143234881564601384524
42857,35276.7941565058806237753692302488651
42858,35277.4455196302546516056611572193729
42859,35278.2024978941431555041773067056940
42860,35278.2909313766698031308273723996384
42861,35279.2197369077725389531471694796153
42862,35280.4788533939456004250524658359472
42863,35281.0092767131837000505056889149149
42864,35281.7567556994522100297800160719899
42865,35282.7609879034207045549247419016243
42866,35283.4575343814081004707776081503436
42867,35283.7221067412677271824712441691101
42868,35284.7115537576512436465238347028500
42869,35285.2780463213111420606318115860146
42870,35285.9426180425430637105028794465527
42871,35286.4475878150946822691413199359605
42872,35287.2153881643134654442705942300638
42873,35288.2285922033214825730562020237790
42874,35289.3121525560514679597751809126633
42875,35289.8597219505744829031715981975782
42876,35290.6631220268516060895308252146205
42877,35291.0940257825533229234638721339287
42878,35291.6879991729665917590218549896299
42879,35292.8322580323136323798569021825899
42880,35293.5947049121654667059237581726180
42881,35293.9357273282657635854486834358248
42882,35294.6385763340376723123984429080318
42883,35295.6178481089117024295336147544985
42884,35296.0541399643459876882011738619702
42885,35296.9142009538324546023577509145646
42886,35297.4215911643934131480851598782911
42887,35298.2368537118280655795897043600684
42888,35299.6940392873508926842690771329193
42889,35300.0451481479254676970369229858488
42890,35300.9636190513797011462056090851338
42891,35301.3315508190541209732168261947038
42892,35302.1722466949999437011730776056235
42893,35302.6746759164812621856373446482199
42894,35303.1901234277587456291085499741398
42895,35304.2490889842213539827640357367343
42896,35304.8521187035334264563954712364156
42897,35305.7042920143366633384721277764501
42898,35306.4273101087026615980009691081587
42899,35307.0658554610908847870320398189038
42900,35308.0326422088654858061551523430779
42901,35309.0139381293421485855620435328185
42902,35309.2428244286922494730460554594410
42903,35310.1265083104427027811667469941017
42904,35310.6706400043604494509076261222985
42905,35311.9220501929933841829377523608575
42906,35312.3607866518338845057262650691213
42907,35313.0676059798380947244264223016013
42908,35313.3928119132894892672852765048830
42909,35314.0260139388924151493615444263073
42910,35314.9897507709009741182847261253953
42911,35315.7236151745648644863872637134259
42912,35317.2371938703641660313560775980390
42913,35317.4760527879894378923429806187441
42914,35318.0263951133526456491330640520701
42915,35319.1018224902655470821976014871314
42916,35319.6876104451721563014506092955535
42917,35320.1858269837655881180190167584897
42918,35320.6727782738185212681291424798585
42919,35321.8537760355343973491961016430966
42920,35322.2694012945984232575023685338963
42921,35323.2237707997028582541150640507293
42922,35323.7049189956356715956786994880122
42923,35324.6847782311657466224245230600033
42924,35325.4288131049708658563368523738222
42925,35325.8683941700935729591372675932366
42926,35326.8760715112010882422684121710937
42927,35327.8429244145519929368748345731416
42928,35328.6056808286348751925547757683834
42929,35329.2029725967822605691312980611183
42930,35329.5498674155073769518616684159603
42931,35330.4482817657283912526366230360706
42932,35330.9219734643974555989507802400476
42933,35331.9699225625424118325033555747243
42934,35332.3880872564919418544137971882482
42935,35332.9800081494687221991043349809224
42936,35334.1051742609790141231210050011397
42937,35335.2841091813744664198492333873196
42938,35335.9040490027089455580461141391634
42939,35336.2152184081973303876955618490356
42940,35337.0359804613133321171879141676507
42941,35337.6565820765703091657132413131194
42942,35338.3470864339307031887570435989028
42943,35339.3478117784664416444057243343892
42944,35339.9247463352822421044856948895101
42945,35340.6486626224229896402609377890161
42946,35341.3762990365581117203499324246339
42947,35341.8091254640298004634685924603484
42948,35342.4606545696583491896866166035330
42949,35343.6527301733993124693189990084160
42950,35344.4153405291678466446847536589759
42951,35345.3090289854770625963729561368608
42952,35345.7704335968617653080051685295201
42953,35346.7718196611506022082527728601095
42954,35347.2424675412197411508902579772745
42955,35347.9493950825636768335693900359565
42956,35348.6682234417864603492673618545037
42957,35349.1975174796334156079708921438467
42958,35349.4188297926448632919935461576654
42959,35351.0890178394753677640291017059783
42960,35351.6519226753654354777813705023474
42961,35352.0935786107519953080307123369678
42962,35353.1929181639707902049418517639095
42963,35353.8253570477011574527130297162797
42964,35354.6186896490627944514704399449224
42965,35355.1928926630666418299110568161488
42966,35355.9499407698465355444000896574101
42967,35356.7715045900978132476414526203873
42968,35357.4743904939000287105005324374529
42969,35357.9983853372916592477862426794552
42970,35358.8784622246109816252813575414054
42971,35359.4769378814096113753192271091279
42972,35359.9099772674555761218109761168296
42973,35360.6944658325795266779467075797766
42974,35361.8585664881273948476142066577941
42975,35362.6319526028171026720573045256366
42976,35363.8656794695038936726363288402169
42977,35364.0920093233512050436327178509780
42978,35364.5831607993901173672782473139647
42979,35365.1715624961255489354428752687064
42980,35366.0393272192309763934927558420526
42981,35366.7965972488684100361661045289446
42982,35367.5776613725822484147494027156210
42983,35368.1563541749170574334201735778027
42984,35368.9556009983876803836799984820873
42985,35369.4724216992162646494159852760583
42986,35370.7974735748695044412815962415398
42987,35371.2103246141234767264293574269712
42988,35371.9226498794997951928367350404621
42989,35372.6274514743202242237777119821769
42990,35373.4942013348219779141337303159154
42991,35374.5743715548436001302040755846019
42992,35374.8278816757594263636549320324403
42993,35375.7266063049830021204138278029074
42994,35375.9858200075210154337693100248129
42995,35376.8911445460053956659542446030074
42996,35377.6065860334284372824367647824366
42997,35377.9984474446860575904345728228347
42998,35379.2754743810894996943639621528290
42999,35380.2060197479055169539929728444884
43000,35380.9432674963924300018336798580539
43001,35381.4002418364968841152527630733176
43002,35382.2251887623884286862103426043801
43003,35383.1017386183575140953048771608287
43004,35383.5598439308860246039551222780557
43005,35383.9534257559543100622457024724268
43006,35384.9218109102354995433640006222367
43007,35385.9731731064222366354304222135400
43008,35386.4551011407099568067898717400091
43009,35387.0878784696730328475848333420078
43010,35387.9495790257370352142438506911974
43011,35388.1719394625697580171717192800350
43012,35389.4482555658241482092916137730579
43013,35390.5341933513096183180613231601158
43014,35391.1349326358939343970203454340438
43015,35391.5190540081451561462755314238254
43016,35392.4224472928350721201035167502610
43017,35393.2145386104772322800294928884770
43018,35393.7110082033422677691294367892768
43019,35394.2580757783077077454641802289912
43020,35394.9330061091246384709658089444574
43021,35395.9631305870732595710023967980429
43022,35396.2404478535057285862224788707281
43023,35397.5554816086286163806486467488932
43024,35398.3951996690431347537588172391178
43025,35399.0452585310067832203813428253344
43026,35399.6868392404939840643254690683711
43027,35400.2768795815615888239929075133436
43028,35400.8536033041702458451626115982238
43029,35401.8688077353385095663470069435338
43030,35402.7022629487480206009413117253205
43031,35403.3480937556812318457456266012217
43032,35403.9888261232561122453975101875381
43033,35404.1103600840062504442488468555094
43034,35405.3571504770774020127787090013663
43035,35405.9883208997315524286615003203649
43036,35406.7485102951735659901681864637462
43037,35407.5406605025538249314762880702854
43038,35408.7292737559898766032896209767143
43039,35409.3241228671264105792563330528131
43040,35409.9243583923978107723994131957069
43041,35410.6160666049410932865425145298310
43042,35411.1305555000115470858074401243739
43043,35411.6115894831427333803255662895926
43044,35412.5794105056986833731301314838764
43045,35413.2951808691747170819392358546127
43046,35414.0739519926015533910353864116420
43047,35414.9105210676951111859562719459441
43048,35415.4670835365706265688093274234801
43049,35416.3174779573002096801490456047017
43050,35417.2868452243669337454880408136447
43051,35417.7746304567508973696538011265489
43052,35418.4795014448230715589063574150820
43053,35419.6181030546926682886339689160695
43054,35419.8675440896624052295844544564617
43055,35420.5346672552397527968587326437211
43056,35421.6869676418459611907176469706154
43057,35422.2509147472110957310307456259839
43058,35422.4097761274568719985967511981107
43059,35423.2745468502848383798408902048496
43060,35423.8263550269663734798882215039058
43061,35425.4742124522397392547739142790751
43062,35426.0819627414151840734053952719343
43063,35426.6210970263461998525761005604077
43064,35427.3473557753554110827732300702299
43065,35428.0306437243059331270553073271327
43066,35428.5218037448918719220479799690185
43067,35429.6988631883227192312656005015454
43068,35429.8027693418666971605341899020413
43069,35430.7540614058875522378852294119890
43070,35431.5161590337741471878224760492876
43071,35432.4000751105034122861734925256742
43072,35432.9711278566793863882770078917431
43073,35433.4534297340885939329494437819164
43074,35434.7605719389787787375205304737187
43075,35435.2443573225976971430835075650142
43076,35435.7917714031030910149709067389116
43077,35437.2483699973178517491523769858884
43078,35437.4636481797529800213222882091190
43079,35438.3945757526617633400050918076082
43080,35438.7328251452635073362934234950345
43081,35439.3460934898630445897049156237560
43082,35440.1517724157628013846565277281321
43083,35440.7670767493946341835293562369175
43084,35441.7480699268828305237407297363323
43085,35442.3618639489126104696980571665095
43086,35443.2635918016872480689931228930578
43087,35444.2362926062771357490154265459173
43088,35445.0274337259451111671753553053368
43089,35445.5616802289479202256435416946198
43090,35446.0553990614455223758448859440575
43091,35446.5462945552085240176558943935519
43092,35447.6976756937163161318266199659037
43093,35448.4136722599089607270245753789587
43094,35449.2596002871453622285653428214323
43095,35449.5595250493714372144647678673478
43096,35450.2868815739550654704639969229131
43097,35451.0750828043136457828698123890990
43098,35451.6696623664228083152004439880521
43099,35452.7336709538485122108174196256276
43100,35453.7871093339900359934251040819370
43101,35454.3974363223515536587529761862027
43102,35454.9250923800991347695493428361623
43103,35455.7643937028341878976982661286394
43104,35456.2337487386275414280443791684943
43105,35457.1677069274030989004085470491854
43106,35457.6773936656411830029327909753203
43107,35458.0743481931656267255123983170591
43108,35459.0837052172673933695805736751593
43109,35459.7876158113093382228122485053377
43110,35460.9207579201037902744919343546733
43111,35461.6166702103586434253250939693098
43112,35462.2677808879196660717278422455631
43113,35462.5392977497368308529592130648946
43114,35463.8857740500487696114426750472921
43115,35464.4568356315214300938323380764996
43116,35464.9844044761616152196850382331278
43117,35465.9707998332010481824832877641298
43118,35466.4746261908537723452003890480327
43119,35467.1629302438259918016917426918844
43120,35467.7934716905287747826053573512025
43121,35468.6479332058955787475005241527794
43122,35469.0308149915452363642308776930153
43123,35469.8702447800123100597384214781638
43124,35471.2273508209032074619524649930193
43125,35471.8650495708939458196788820865391
43126,35472.6437792982225428597693009650669
43127,35473.0610053508327902411471966798305
43128,35474.0450190252222680900323055700598
43129,35474.2568001635587432304959846099607
43130,35474.9743121123371074911129167479246
43131,35475.7548973797482517657833869896974
43132,35477.0441139686985620152220010408874
43133,35477.3921622638560966868453486458661
43134,35477.7362372722450079335500280275916
43135,35478.6886821861179804116726229771430
43136,35479.8869362139820775290295087300220
43137,35480.2911527878210981378985402541353
43138,35481.2518930088550895017279488399099
43139,35481.7115060537923080234254419080451
43140,35482.5346237559152775862928830009605
43141,35483.6352886496186200948808771655082
43142,35484.2391804982081167254860163910658
43143,35484.3799531159145563705368936552673
43144,35485.3076215122945146738321815698551
43145,35485.9205635424712555069871945507907
43146,35486.3958308664726996107217315823321
43147,35487.5927729675835819327160904339431
43148,35488.3569127107348742014514405467121
43149,35489.4416932072342522580925348920859
43150,35489.8946718145733899310227195877686
43151,35490.7074540738560864411085655852488
43152,35491.1670342387331610469709082248535
43153,35491.9228802919238580518240406408144
43154,35492.7757251717654990584165466637248
43155,35493.3043176343685883586052266688342
43156,35494.1140447135403712261365870245350
43157,35494.7153651183405246137849665145279
43158,35495.7810362817133345771398036905799
43159,35496.1481722192738974928714355000231
43160,35496.8632924883197112174412284842882
43161,35497.5625954230226523297213295216625
43162,35498.5535790230271880860100533200438
43163,35499.5959410847612797698351213076580
43164,35500.3648591014361030381214737116003
43165,35500.8121938250415296352387869700484
43166,35501.3760370576108668411232228922289
43167,35501.9052750889878889134447795108772
43168,35502.9900870186266370621174988823296
43169,35503.5136504007280512163984762321102
43170,35503.9912486263300045523692853383171
43171,35504.7084035841598119733099378573586
43172,35505.9773154381790034939587439486211
43173,35506.4483107018908581990452923615753
43174,35507.4827824280399889286088105613927
43175,35508.3766479452699191691479927536536
43176,35508.4835140381965906543340754845914
43177,35509.4714611309884123810743194021896
43178,35509.9112775063197039612869409143893
43179,35511.1617658916385185657738939734334
43180,35511.6865207182463761690841668925457
43181,35512.2471900498767351623477954239298
43182,35513.2418768537562271619205810958197
43183,35513.4303601379085717317752366852401
43184,35513.9806104451672029068290922518277
43185,35515.1915715081318777203018863284701
43186,35516.1373362249753422830770042903501
43187,35516.8618662032350075297176726942306
43188,35517.5521119850921811548436100233663
43189,35518.3265499833137814707474938891915
43190,35519.3088837066166932921772568848823
43191,35519.5176682958631681593211419226616
43192,35520.1216539124651256002458782984279
43193,35520.7637413488984568655881473788530
43194,35521.5763423088210285607054675373810
43195,35522.5751860357816966287020599495100
43196,35523.1989014720061954355693213056919
43197,35523.9684819509371011347539212962873
43198,35524.5253763388155701661859531288034
43199,35525.5628742773834703002181085092965
43200,35526.3185988109583377489961866987448
43201,35526.7441605351025003045463362429074
43202,35527.8324612445097097961393138379807
43203,35528.5474847431774555262903858686111
43204,35528.9501373220175399710277094644595
43205,35529.9961779377540723758854066223068
43206,35530.2689997406263275434501414196863
43207,35531.1322308862287147365585438499148
43208,35531.7754379479822674353367421889875
43209,35532.5538174675285620415028024436184
43210,35532.8660220786076329275591099001543
43211,35534.6580462672924459143415007011463
43212,35535.3288582513576128702766403865558
43213,35535.7498478356156552802007251352114
43214,35536.1667650526801809169016120054181
43215,35537.1013802042627066157070466359520
43216,35537.6879727574594883142254064185244
43217,35538.3859318255283984347781085680413
43218,35539.4052465580169585420251242769235
43219,35539.8665763043577686333831047212339
43220,35540.4651418027721037150884150198495
43221,35541.3743805604426752364478389862989
43222,35541.9862891688234624010415126393073
43223,35543.1027827856699302836107126689618
43224,35543.3160223336157644817996816143525
43225,35544.4164223565172732788689318177233
43226,35545.3477985724756028223382975682507
43227,35545.9866717616229077510309976746288
43228,35546.5058272264468052131024183236669
43229,35547.5186382096485465574681421343054
43230,35547.9587148834381920996768985682678
43231,35548.3701876437396245245532729825200
43232,35548.9641023229339649576784367152371
43233,35550.0748972329135290632742827406155
43234,35550.7121457606727041691378236011981
43235,35551.7577003989063303007040860120125
43236,35552.4689541227007276908678289870709
43237,35553.0717245466072753758149207321838
43238,35554.0724340567233837896030587922752
43239,35554.5581025540379678597407062638403
43240,35555.3919393144970882223498449035108
43241,35555.6292374892919093858480820745007
43242,35556.5777433288092250163721815549103
43243,35557.7375262527369498079955979716980
43244,35558.1169816407506182963302592430074
43245,35558.8192875598358434009114358061745
43246,35559.2687839688195303537390948661654
43247,35559.9855716177019315677754833286932
43248,35560.9251391892204211378148304154446
43249,35562.1537061339766392837239608626789
43250,35562.5801806339524762573769243650556
43251,35563.6569995867753748844695695766799
43252,35564.0332832550684946023389764382686
43253,35564.6077774206283741573266988998405
43254,35565.4552615082262437197610095083157
43255,35565.9744602272825101644624685814227
43256,35566.7760775212778203122991903084027
43257,35567.3382718472776629363261316335736
43258,35568.1870714206130836630165383791678
43259,35568.9286569729293768752555530375672
43260,35569.8920606444944590643778451442246
43261,35570.7739489265171912355033394558723
43262,35571.3354498752334330665151321738721
43263,35571.8956506922598886958350226207424
43264,35572.4482718549913482360226571548174
43265,35573.7274958779943008006888701729987
43266,35574.4412407622555567435720382440167
43267,35574.9171615826987036804465956537294
43268,35575.3136073011322677505797916803639
43269,35576.1751801523854521541430817730052
43270,35576.9930956358250913189681523141786
43271,35577.7025623435591535309677270813396
43272,35577.9375364565884973070437478319992
43273,35579.4621592941269023697468521633501
43274,35580.0292014773799173670510037669920
43275,35581.0681640560428797275834911045158
43276,35581.7653281027600608411120415450233
43277,35582.1093166642793995156710762218017
43278,35582.7026912233711139351764585487735
43279,35583.5354080772288893527610565614545
43280,35584.1938961045932899326062660776381
43281,35584.8020342583880761274874060824228
43282,35585.9133735038150127396452017845773
43283,35586.5517321999005571498166739774922
43284,35587.0132851632636297744324488758677
43285,35587.7967444050535687854202911807940
43286,35588.5717383748423199906399127717877
43287,35589.9042888992812458651984813943472
43288,35590.0717949265122414345588719952630
43289,35590.8831442840659633990153396355772
43290,35591.7319642259754685361533668808048
43291,35592.4356215984052810188914995426921
43292,35593.0910989761655301414055025947916
43293,35593.8195928494823375700686496030391
43294,35594.3544753355936466304448375819866
43295,35594.7937548593233834604545076156060
43296,35595.4817246196350682104596734159100
43297,35596.8184425910834995556871367830567
43298,35597.7929440539447563859193586693009
43299,35598.1146124974366544266607928296250
43300,35599.2464167209543912243406924741540
43301,35599.4535921799176849635844680919832
43302,35600.3252121340713121131851176189285
43303,35601.1176508602721907350665607947766
43304,35601.5491361902881822936960768499351
43305,35602.5715978875984603834709143126268
43306,35603.4601186274806873307907278914998
43307,35603.5823333625209478384995162976415
43308,35604.5407538157812165292001150956320
43309,35605.2809811728836413733054051582929
43310,35606.2034486242949994199611339965112
43311,35606.5682636671149940729177843882200
43312,35607.6951433379640056523937326974547
43313,35608.7026169629692943711784689834702
43314,35609.2906188959477562566964312416285
43315,35610.0155292134609326546826348219903
43316,35610.3763063806615792351733538083592
43317,35611.0744205654269911574167365780220
43318,35611.6191935065252247874107424304223
43319,35612.6570276094678660062403155294501
43320,35613.2186873765990775342986602948123
43321,35614.2238285132611480713248563882823
43322,35614.3971974710155857208461132724715
43323,35616.2172828052473656708648310187631
43324,35616.2862687906508460754597842662933
43325,35617.0012722423559230263122509995159
43326,35617.9934407329092518804595544470397
43327,35618.2142699470461247043616570659906
43328,35619.3670487004938896357570206943827
43329,35619.8909653791769799328566033574629
43330,35620.9515574262646602977745302209780
43331,35621.3203558236050935987302737162873
43332,35622.0269720089174689994908241275833
43333,35622.4390914612656497113576569924577
43334,35623.3749863589467704275436146840348
43335,35624.0292562316981103044841126483741
43336,35625.4489874236812883148045992452880
43337,35626.1052476110291642128992208793500
43338,35626.6962617210329431643066001050972
43339,35626.9698606517923558404197066473765
43340,35628.3133998459035364379824033654482
43341,35628.6184308530390750394877771334903
43342,35629.3072410584721187933381588592794
43343,35629.7796845106793204126397201724475
43344,35630.5962409616972342883200667647142
43345,35631.6300311534071412157904937733364
43346,35632.3826247712228947269006638099783
43347,35632.9696073918435871563959271676872
43348,35633.6535073137846295502966368329151
43349,35634.6217936294655410103282377899261
43350,35635.1448891322003516742216676420683
43351,35636.1404110732210184250449273786459
43352,35636.8138896507157201887409466270518
43353,35637.5104773871205398903792607121962
43354,35638.1741018652540081391943033023409
43355,35638.7517096998533454424109207063122
43356,35639.5486868811555281216818054530718
43357,35640.0437044221991922557976927100429
43358,35640.7149401991062459888151634423206
43359,35641.5841734323394193075451936420514
43360,35642.3623961305749847205821693044877
43361,35643.6734689349601136031375468795212
43362,35644.0460287888662345098794036607317
43363,35645.0997007929493083343819819275061
43364,35645.3725043252863883358070565896440
43365,35646.0095911955047196886939448772603
43366,35646.3862040845622010537717578101716
43367,35647.8387396359288744027888210718233
43368,35648.3345476702744971127355483310245
43369,35648.8487336310385583569932782307843
43370,35649.7792707739752938467727166296539
43371,35650.1652247083289759459636694046620
43372,35650.9767559433790714059059682955571
43373,35652.2488454972205724723803059439835
43374,35652.6073146895961939942610211795523
43375,35653.3174829238964761705748636512769
43376,35654.3834044195768037594800357095967
43377,35655.1703977291098356411281490516273
43378,35655.6140440327144543596577266920334
43379,35656.3038535012961209609915122326253
43380,35656.8017255412833846873670254143515
43381,35657.6573490911245911445187920357262
43382,35658.1682132053050003905461046313876
43383,35658.7995849709541796974081165973927
43384,35660.0683007926383507844237508766606
43385,35660.8763217405649539047158915837115
43386,35661.5037008130936752792040211007103
43387,35662.0914689046580648705727668726695
43388,35663.0280951023789656625080537898690
43389,35663.5596440973748708672811704732575
43390,35664.2307275768451653799690278981425
43391,35665.2045285816670117031499615604821
43392,35665.5536930227811463814841614699380
43393,35666.4011130078955510420127499181910
43394,35667.2512974649017622560391660963646
43395,35668.0274584858185138623205245059424
43396,35668.3877240204990990440311231935444
43397,35668.8093608983677510868764325402121
43398,35670.1121880608327118335049985673336
43399,35671.2485326955784984012677890917979
43400,35671.9207679963913871167992196782970
43401,35672.3140846841392217584195683720852
43402,35673.1298975677843817909679505035126
43403,35673.6606389479490912131055642922269
43404,35674.5099147888330307125479369138595
43405,35674.9111696769184190306376119491158
43406,35675.7875436986946993759075223149693
43407,35676.4642245474270865868158831890346
43408,35677.4202387032975598740707510924566
43409,35677.8514724536743648609602610704962
43410,35678.9553781502074951309886046929302
43411,35679.8507171078751516227125447879036
43412,35680.2760149524359106163294158123441
43413,35680.9627566452056091715162879590295
43414,35681.7038145129831017781266119798719
43415,35682.4723310153888916211268637934878
43416,35683.6158713660613758728776011275515
43417,35683.9793058809793583979722166003720
43418,35684.5565686480805345613368807939352
43419,35684.9732565865744851478073895377923
43420,35685.7731799834199144809216072962410
43421,35686.7162295523654929487704277873863
43422,35687.4258206312872442035797313569269
43423,35688.3677375744697978571731176491956
43424,35689.2822666981760784208127786153506
43425,35689.9779245363190755566448095659839
43426,35690.6877888831127157049801770532172
43427,35691.1154923502747615965352175425966
43428,35691.9037247836277016897223335990669
43429,35692.5998222038817278460806253308962
43430,35692.8641696784991220806842555098915
43431,35694.4208728408151633382622417906059
43432,35694.7506087787486244367287594148318
43433,35695.2396905030451557807429730612845
43434,35696.2809919991138368836331136864893
43435,35696.9492630663451165480132174105267
43436,35697.6327575100070247639702568914369
43437,35698.4650400001144972976661126573763
43438,35699.7048343472335939834677501711697
43439,35699.9304625717372072908452008834140
43440,35700.6377567042430188598918177831621
43441,35701.3500484404836892197642669567264
43442,35702.0915179206138320592896159845548
43443,35702.7907492339532420180537082204788
43444,35703.3946658402155563659806707037890
43445,35703.9236074664886726079130613716396
43446,35704.5195233159827881562577058296929
43447,35705.9044301757509876250281370760599
43448,35706.8066398255093892135486552773158
43449,35707.5008473918484449152358390220483
43450,35707.9280133292405164107111928008887
43451,35708.3846122295332393086888347687189
43452,35709.4925866951812858538121577912073
43453,35710.0355190990027718090238121153195
43454,35710.7665332007175721490065640526387
43455,35711.5492991800545081410973155366011
43456,35712.3380815346622106566050421963714
43457,35712.7479957545924485419227233338220
43458,35713.5714968610230865870388524254274
43459,35714.2633230813894649775640325083031
43460,35715.0024288375359788588591864692076
43461,35716.1220366390004207431674512331029
43462,35716.6791919148784222726318313323932
43463,35717.4782784167450927765448987210571
43464,35718.6224784738895322641740943461884
43465,35718.8199571960026126033425358266706
43466,35719.3564917694477769491203908688051
43467,35720.3029830930151403840498112399403
43468,35720.4648614455594014847703579468947
43469,35721.5043193037139970621329067726481
43470,35722.4537651796669610469497100794046
43471,35723.1614913914977450254851223634720
43472,35723.8554806794692873351919258350883
43473,35724.5165141167657993166290623917939
43474,35725.7888405131426411689185291188857
43475,35726.2233419632190438491848953837981
43476,35726.6595080435434537902251481640280
43477,35727.3364820704355829477316975284952
43478,35728.4236283291947498262172136334882
43479,35729.0765257958314920789518695985551
43480,35729.8067426415491676433243291449703
43481,35730.2417765738371088181057642846978
43482,35731.0399510143213353554074805318751
43483,35731.7784663457272948804177422305254
43484,35731.9822956081729691019682965005314
43485,35733.4271289752945959783184379212751
43486,35734.5129604452163187663279384946151
43487,35734.9390771424826943265510015248994
43488,35735.7084507931813391215697510003414
43489,35736.4736554342074888742180632747221
43490,35736.6660109658142604222678511011483
43491,35737.6672583976269414477566792374031
43492,35738.4061711742801955551866827796643
43493,35739.0769363766502186284482481318413
43494,35739.5951087171560879949928862089312
43495,35740.3936703523283207304479943455783
43496,35741.6311550215445740231862308472798
43497,35741.8993904635270505835772122839065
43498,35742.8651505453762770935728186970804
43499,35743.4458034330798998660494441102455
43500,35744.1804991392594465177772700978202
43501,35745.1735596626331187736743907544240
43502,35746.0904657134815722081657823546095
43503,35746.4475837917616836772989870498473
43504,35746.9505766005693555738076671716671
43505,35747.9303726651354992904696626152117
43506,35748.3897365098603098526790481980240
43507,35749.0224020484617942589499215475488
43508,35749.9330082523285140115772343972813
43509,35750.4127927964677755677597306368948
43510,35751.8214523022835842375029943985290
43511,35752.4519484368025114765230061874219
43512,35753.1197639077734726600387518377292
43513,35753.8306940538214313458928213267145
43514,35754.5549395526560508738823346106215
43515,35755.1079074737572406945038341955108
43516,35755.4339311197519346018928020259152
43517,35756.5880576258718107037818175633153
43518,35757.4198060380275926962470371588426
43519,35758.2583786394201824315911862425762
43520,35758.6022644869773908381119774156834
43521,35758.9929147723550219713943233729913
43522,35760.0982251237865652607905854946297
43523,35761.2192473557006563530928116565981
43524,35761.6283988275464827298753527969019
43525,35762.7298974109861319761156706349914
43526,35763.1704806715892024069587306937038
43527,35763.9170991597709646517818019718519
43528,35764.7567540032034336459588674797719
43529,35765.5397807875077152356817366355617
43530,35765.7993229848727120171715932867294
43531,35766.2057712248078204475448749571050
43532,35767.3300927691555499993676675303962
43533,35768.1266518601310385721436482704527
43534,35768.8583759816877723965911008366226
43535,35770.0220372187068421652236343328321
43536,35770.5754256400587169105730661793783
43537,35771.1434665418011850936017823652553
43538,35771.7693156253532403740947246131781
43539,35772.6028133151460372930635939359754
43540,35773.3503235992146840425231944953230
43541,35774.1536786665466066498180019708655
43542,35774.7557853850938319946445909808323
43543,35775.3125274399504872896321893015400
43544,35776.2132115577471936419995640351152
43545,35776.6879062777828684638004596113724
43546,35777.5561608134684655276189080388264
43547,35778.2233633616605408335753896769742
43548,35778.8588850251274766584232559552221
43549,35780.5313031901641070442701367745381
43550,35780.7811553740198416544464089534443
43551,35781.3964221656067788382958397869715
43552,35782.0991158134178942886910708240994
43553,35782.5168617748386422138522508504177
43554,35783.3843796965885969882371496620167
43555,35784.1040072680134780521370242097999
43556,35784.7324367163551420878304734013082
43557,35785.6068142606216682050043515932174
43558,35786.2744879536424076925329454863143
43559,35786.9999477453694767086365677961813
43560,35788.0140537871617773808552448565110
43561,35788.6747699156813261742456079581097
43562,35789.2930996644620876752921000292396
43563,35790.2236653131676749137029170580798
43564,35790.5024313783528276336105229870344
43565,35791.7653715432881159724448909121556
43566,35792.2054799010016936334094198402948
43567,35793.0627543952710109378447117628321
43568,35793.5644383428004172275929253352661
43569,35794.1386073805286405224284502458970
43570,35794.7684506150440933651917422655400
43571,35795.3178680337555674411322710865765
43572,35797.0013358534362415236800506218717
43573,35797.4226466231017671820214010452855
43574,35798.0465237163966646565053264715492
43575,35798.9205203586577161722912232674183
43576,35799.6140445343634388406117519939707
43577,35800.3165847013689321663906013440179
43578,35800.7898039439181224826917414525469
43579,35801.3421637282368553756411754640728
43580,35802.3417677467873461804282734960468
43581,35802.9486550606108707569030909546440
43582,35804.0322978540499415641693828680164
43583,35804.3601385954047395273510095271647
43584,35805.0872668257016835320905612640079
43585,35805.9227702894394667214752513388685
43586,35806.7572779453016930120451328094557
43587,35807.6585768628279212855960273792496
43588,35808.2367881039651843156418996551171
43589,35809.1800273956557599545771920861323
43590,35809.9506907335466580853051756080067
43591,35810.3151811094936928645750381221080
43592,35810.5954892705614489983279897045642
43593,35811.9365655131757531337170193469805
43594,35812.4100017797466662580988104339494
43595,35812.8241910756208255659833107362017
43596,35813.7811605585100498106313278149107
43597,35814.8065903770539077245519921554529
43598,35815.8109884357896224483083295622874
43599,35816.5707465540416930097895449729665
43600,35816.8643746163019772010825439784531
43601,35817.5198748945675307519617810081461
43602,35818.1275088888157327056170613352944
43603,35819.1119371759617271208758528678526
43604,35820.0781159727055948579160806218998
43605,35820.4471858331601078155890274956635
43606,35821.2699440939772747401287194067519
43607,35821.5566651447284026506136788125970
43608,35822.7952828325012975858782253821695
43609,35823.0901256035064623163849059113898
43610,35824.0953709985225009402110360619315
43611,35825.1215491609417770611780350932597
43612,35825.7689768711276475335476894084961
43613,35826.6680523049739873452599319962929
43614,35827.0736416237787312893096851560500
43615,35827.9442947853977458684913755482505
43616,35828.5480843745472313332641370931825
43617,35829.0114289626542778570694174422408
43618,35829.7323079230700724549608544952292
43619,35830.2787455461255939050781061250284
43620,35831.6378198935679173399688429903631
43621,35832.0883125242304052327059435281084
43622,35832.9091032810931442281450024547439
43623,35833.7110118045107018554549927868210
43624,35834.3339104740127678142821874453615
43625,35835.1307266634128434539069169849391
43626,35836.0529936486747136246785010227765
43627,35836.4794505597234175682515818014113
43628,35837.0599798248770198977787037362118
43629,35838.0915693423766105792925830396543
43630,35838.8357792181247983964011129682930
43631,35839.4152101801736875603738279478941
43632,35839.7462386172324179522096137158921
43633,35840.5788497412761038637374917219607
43634,35841.2877351512447699386393155896017
43635,35842.4678313272171773910540364212677
43636,35843.4795682530102015113035486304883
43637,35844.0825492520636042869929286528778
43638,35844.5605382201641777277332173474928
43639,35845.1932781590850308766302850523689
43640,35845.9251711190088049456936921511685
43641,35846.6644321330647881791336906306741
43642,35847.0808244266002115387058176816399
43643,35848.2227503126844096862126351004238
43644,35848.8352271968410159167568996308513
43645,35849.3776846888827348273590297568672
43646,35850.0726332641833438439245313905431
43647,35851.2936304489598522369241545991829
43648,35851.9355010322909613095156494225847
43649,35852.4373677358023248769596240331394
43650,35852.9788887002364982588111245921871
43651,35854.3072593730470300397206502323249
43652,35855.0690644180872019774944306331966
43653,35855.2616859372719407285167582481469
43654,35856.2818587706131413233994174605233
43655,35856.6094047312002976134332188997622
43656,35857.1864281540492637450258015200380
43657,35858.1786191221805093290219175707406
43658,35858.8473093258508845981345621961990
43659,35859.5957646172352847565184514368928
43660,35860.8154651964263996881469971524177
43661,35861.3939442469012431070418148177776
43662,35862.1220931146621955891091727067429
43663,35862.8261657602078416276659499264831
43664,35863.3247989888690467443176879480803
43665,35863.9964055346990343689226453593798
43666,35864.7424491941977254509916563126021
43667,35865.5324452506157306509903792392455
43668,35866.2789873262255059035739209570629
43669,35867.0549216216793466521860027484740
43670,35867.7490623559996304798460616645197
43671,35868.2562702227028172169114862212883
43672,35868.7487055523866606824403158674237
43673,35870.2248127040221058701593011329395
43674,35870.7600530890482943032485751866422
43675,35871.8539864431469240554901791453593
43676,35872.0901011430619288569729931148071
43677,35872.7363301540172099546266589763386
43678,35873.7908232546387151428447924546499
43679,35874.1547426603695631597705650216782
43680,35874.9347094063292159895394358951043
43681,35875.5131048399840730364212964154226
43682,35876.0134948404705743639816338837009
43683,35877.0494881964126618833686942928988
43684,35878.3715303744912175225186916837294
43685,35878.6911180935656960412016215394589
43686,35879.3104035264863712952302353167448
43687,35880.3737573890433303052759351805426
43688,35880.8982609161737737177413697142571
43689,35881.2160689193244950242842192598698
43690,35882.4430399415137103613625264305107
43691,35883.2314281861541379877576355926808
43692,35883.7238923393840897447365184817574
43693,35884.2080009548363527936052385007476
43694,35885.1828077563960025949336149799226
43695,35885.5355386923271914437652650464425
43696,35886.5449401811169358712426304882457
43697,35887.1629729695169511815789049502026
43698,35888.3809678798241576866238237074820
43699,35888.8292718324859393382031042143776
43700,35889.9620295969601540613874970869450
43701,35890.5982616245355028103632404823326
43702,35890.9393643902064899842064143810404
43703,35891.5852880311070134762501741575087
43704,35892.0618816305523610667412103993779
43705,35893.0136579106803497812881040425228
43706,35894.1533326697708167566998703522091
43707,35894.3438661182795448719063344698973
43708,35895.2374214948781182780615409848421
43709,35896.0052719820536956775433758444434
43710,35896.9028329110063762841035511445911
43711,35897.7510105429233243551945635866926
43712,35898.2647141301481576404927156619788
43713,35898.9134061423564250199342872402856
43714,35899.9029985167573900185525222915094
43715,35900.4779042123474892864395237482953
43716,35901.3130152209613673991794384596709
43717,35901.8402575919800191932218698069551
43718,35902.5050084403326423976556449848288
43719,35903.2610309885890641358048560546416
43720,35903.5765742632655356031218462419917
43721,35904.4336169851922530357625168189015
43722,35905.7424160650066752618325474971782
43723,35906.8671518094275539580641679864425
43724,35907.0343937208854993589969696280999
43725,35907.6560484736371290058605332566668
43726,35908.3674431333181280690666378175213
43727,35909.2109984392669720111011234949921
43728,35910.0198192879682745003218447908468
43729,35910.4121708115872307977542683356167
43730,35911.0084264348803960381899853007435
43731,35912.2425086067434877763127734539088
43732,35912.6396573279298944833817809612144
43733,35913.3709047709246068201010075943689
43734,35914.2602669328965243185007922621478
43735,35914.8626747930044308118901301218159
43736,35915.5564903258782450950707938522779
43737,35916.7663706436263604564435113793087
43738,35917.3216160617800823857755289024040
43739,35918.1147095872709434314549563000391
43740,35918.5294681835444635926266498464264
43741,35919.4181115198095316722366666612573
43742,35919.8090951715009580875553944255908
43743,35920.7584997885865042252512274854081
43744,35920.9423101989587523279905944184518
43745,35922.2326200192847768994851300272859
43746,35922.9032984496126549120342212548359
43747,35923.5772732157177838291828791026067
43748,35924.8153175609851949575471387955385
43749,35925.3878575912868043436819260358546
43750,35925.9683264616559611756328986517587
43751,35926.3647964339411121861928593062612
43752,35927.3750699436284055479379013355893
43753,35927.7109494894437053324267990440663
43754,35929.1180252005039197577230776827202
43755,35929.5629821884997909336110584434112
43756,35930.1353591399784765338820227050177
43757,35930.6131284419691979756690284365943
43758,35931.2746960102706844121105677101739
43759,35932.4149815325168493532055968813174
43760,35933.1028902299243106884940145132581
43761,35934.1343149218621317694189094613348
43762,35934.6649428076994565085019769925644
43763,35935.5581521633388314873857112073978
43764,35936.1749054946835774504654604839034
43765,35936.7966986405975807079874208065080
43766,35937.2449369855368257628061381743626
43767,35938.2623942417165937909226393357216
43768,35938.5320913516001717745583758424942
43769,35939.3732420180265650043676536063011
43770,35940.4347310992739640536559848917435
43771,35941.0943868704649240840972626204466
43772,35942.0337894896199009618525573128130
43773,35942.7038024862013927833472370526047
43774,35943.1123551962721520194044171004631
43775,35944.0566058175341369094212303486727
43776,35944.9160146848388339507770226256326
43777,35945.5257042017657408620124821808667
43778,35946.4478646763299729191953582687091
43779,35946.7166111321843773464026383505155
43780,35947.4269030483972176490595179921871
43781,35948.4888574002920042828695406173132
43782,35949.0749976370772969803615537498101
43783,35949.3017451131025007846047484711127
43784,35950.1556646706243392120212705205702
43785,35951.7606775058772525290563858885931
43786,35952.2730254900858129556327826886852
43787,35952.8995390060883759714556233908374
43788,35953.5596672802779139942879909975533
43789,35954.3637564392899037142584577965759
43790,35954.5788559932926066663207195138897
43791,35955.4717998203054741328624642882595
43792,35956.3290318639351165208038221076492
43793,35957.0932368431011226891145497595401
43794,35957.6288829324083341284547560045236
43795,35958.5947256782594501948437920828808
43796,35959.0056216815906867747897901296717
43797,35959.9575324555419665470362812016482
43798,35960.9029298372892486676474608572185
43799,35961.6799087551129620532301993520835
43800,35961.9943306003234688758186782949053
43801,35962.9452032198216856900800664809464
43802,35963.8974935614525984636488772118520
43803,35964.6961754606002207170649350737370
43804,35964.8915895554379737703405818826632
43805,35965.6288703861162605142230689801184
43806,35966.0989286200616023980199536112531
43807,35966.9887417862389768667222466603499
43808,35967.7951082854157706288982782068810
43809,35968.9943826444780906486807247837913
43810,35969.4657316807080409432454984470995
43811,35970.4130599077944318443688809280180
43812,35970.8926367472815476111522828224178
43813,35972.0118708356889646395605208520772
43814,35972.1608620298614907931895869153711
43815,35972.8049608801497489248413560217152
43816,35973.7383422667617791529633957511216
43817,35974.7052827245988717773005806924316
43818,35975.0132067084745619235674340645396
43819,35975.9851820372458905265841982852875
43820,35976.6928223976190958498035104624335
43821,35976.9753450151402310107190966044112
43822,35978.3064279313476398350771022486342
43823,35978.5701415299014801919611121094766
43824,35980.0038455811215322141223364518114
43825,35980.7726602420756295335694269618142
43826,35981.1197654888074684165912014016401
43827,35981.6716753291701093935437940837607
43828,35982.3646289295901192217649213297326
43829,35983.3891725366507378677046337200353
43830,35983.6228938464548746223008756059170
43831,35984.5080894660949910083981281305600
43832,35985.2466143919370330618248163734554
43833,35985.8013776187783878887719847921806
43834,35987.1337628262809661268890426990284
43835,35987.9063794328772808745125428526218
43836,35988.3984268305920789351112437886327
43837,35989.0592585930426397652660632267426
43838,35989.5067849992911209983143249171852
43839,35990.6270012950837822581841126146212
43840,35991.3921559709862858238865623533203
43841,35991.8857664555153281358913609727089
43842,35992.6866650500795919763634800237585
43843,35993.5241391817302779402115614974457
43844,35993.7482480732911971028103133031144
43845,35994.4769894217017539046951197879860
43846,35995.3976621337702463397501021902152
43847,35996.3980437372008975159405358643647
43848,35997.1373949983737775190741534017193
43849,35998.0591868468032452436891131542343
43850,35998.7614572667527811655753361171751
43851,35999.0913495475164050365233464102682
43852,36000.2133668299185951679847246304892
43853,36000.7199501828951720442068206854717
43854,36000.8693896633420063794180186247303
43855,36001.7429693708151654176354098633023
43856,36002.9251139752577849651711953407063
43857,36003.6938146150198438264411730332279
43858,36004.2037889903316662159154368226991
43859,36004.7108642050492832678980129313048
43860,36005.8968892578782508380511480983490
43861,36006.5615991116136175959050091002385
43862,36007.3782298955896181269292335368932
43863,36007.7979210790817373508520668943901
43864,36008.9427624643362778847740261711377
43865,36009.2724426817731902035361115786530
43866,36010.2033543111079775330596839543499
43867,36010.8701006488047661938767893037911
43868,36011.3250193816810772599111504848323
43869,36012.0185593950522587402214970587869
43870,36012.6796964131026204917737942222557
43871,36013.4168336943494329161784318936273
43872,36014.8017059815154375514858820483185
43873,36015.4330121948606532477073985925884
43874,36016.2149822560428011672588391079971
43875,36016.7235811554174658696644301989567
43876,36017.2475150991822664079564113216362
43877,36017.8559712203723514863878774544521
43878,36018.8758852026512971463231115935238
43879,36019.4832123064655702269091481919320
43880,36020.4325729814825997795679104730992
43881,36020.6675893991230963151751457476321
43882,36021.4323618956237066042968941526327
43883,36022.6750077443835651897388537887179
43884,36022.9572007660738546590503515350686
43885,36023.8403857434703677167994136532315
43886,36024.5912462181244033289521764677250
43887,36025.5319739167859867472201751230150
43888,36026.2878972013748677635497907058835
43889,36027.1922398930342523592010074087670
43890,36027.5486912029570197275316819274790
43891,36027.9484012664319594054570001927730
43892,36028.8417844247772231324214695581307
43893,36029.4619963396155423281324185540469
43894,36030.3926076691902951984419200882246
43895,36030.6625205084121914493669547690349
43896,36032.1730985777214663202238109131762
43897,36032.6140201838716181010530313847825
43898,36033.4975364904880307882690244948272
43899,36034.1334219716229421185912459807589
43900,36035.0038969033814289611714125909795
43901,36035.5095409294405030980228212058900
43902,36036.0403931037641577676435383363349
43903,36036.8238290925360634336736707309135
43904,36037.8342723533361558121416271590303
43905,36038.5940153372735413444945729970230
43906,36038.9630639987463157527026535271101
43907,36039.6457500015714945605057889808362
43908,36040.3994747577894023461722807870026
43909,36040.8075205451851140760819466546698
43910,36042.5575461336428724390411889337577
43911,36043.0016065332802054181745412839356
43912,36043.4890499822645135069477411004484
43913,36044.3605670652840817250097804797082
43914,36045.0852126485903910902936616981541
43915,36045.7214528682295651803465827141309
43916,36046.2097407591321840242554376572125
43917,36047.0900631018841321529027809898632
43918,36047.3951527469804076052338727529450
43919,36048.4860113085234395590644701514857
43920,36049.3510838850003385135789635439139
43921,36049.8642387101617244256967725436649
43922,36051.1546506723931066894348579824054
43923,36051.4234036629348687338642782979757
43924,36052.2179464493800198074872869243987
43925,36052.8196497391247447616810445412934
43926,36053.7256898982746228364890229247008
43927,36054.7588503555652889586296347631284
43928,36055.0677749988091512722004313637302
43929,36055.8697721665936575148152669570911
43930,36056.3458618353609793487757808149300
43931,36056.9954365823058376622280965121806
43932,36057.9456564768180181999905222845096
43933,36058.5096986178970726158773882985127
43934,36059.2561458436385697104813844162331
43935,36060.3233762297150777722202890839281
43936,36061.3855384779835601057190950741833
43937,36061.9620081529553311556203316756612
43938,36062.4811721161844948952448869349100
43939,36062.8460805414575899200075520704501
43940,36063.6993730240235957842553823082798
43941,36064.4666446559081109865035992436367
43942,36065.0788422003391902430247882470675
43943,36066.1101484339259181851735155457984
43944,36066.6884552093985474203229649143782
43945,36067.2832098415873925945498908785958
43946,36067.9066010344738127634386468747156
43947,36069.0966226735438521990276218210181
43948,36069.6550566228077305953791340983339
43949,36070.3070278826755509067546127945458
43950,36071.4010928304686210086752882105281
43951,36071.9077150641688236346341073875957
43952,36072.4847823101268082952826464764540
43953,36073.3481881013614416325437690752350
43954,36074.0628671299178752885781942506658
43955,36074.7386670316714757725333529656724
43956,36075.0065461669039000790953518103317
43957,36075.5495321122638296202290061280495
43958,36076.9183476831307264651710123935720
43959,36077.8247122591941235810377881754114
43960,36078.6898210274088139599210959203329
43961,36079.1259107871455108768870532567310
43962,36079.6817652060809621670421266611222
43963,36080.7772662123636256876954266448019
43964,36081.1429609541968819520398353100157
43965,36081.8824587658490024435296275098654
43966,36082.7668503667130274972273837368255
43967,36083.1517268877807166404066328953711
43968,36084.3778218102141117063227937032342
43969,36084.6877452500519900286347421164785
43970,36085.4611704780940970959420265977803
43971,36085.9872104166161403266767223177781
43972,36087.1020206441622207910735310026013
43973,36087.7405945129207500575848053189223
43974,36088.7742603147190779345986173824730
43975,36089.5999601956867925702599305401837
43976,36090.0519865637381521261371386890383
43977,36090.7567019464397658474733420327506
43978,36091.3411028367871298310809746639134
43979,36091.7852036985982589729332370534564
43980,36092.6472726075565029599811215216913
43981,36093.6522311027334577155182144314986
43982,36094.0565894280156346704980082246730
43983,36094.8381637722146660706385732851722
43984,36095.8580487074243634074099108152969
43985,36096.7616055263099744327389393571454
43986,36097.3945433948483994203724680619116
43987,36098.0190406051336488380192646738323
43988,36098.5594418007701903189987365284019
43989,36099.0882257935081594884845492538112
43990,36100.6474701214523369095164796040544
43991,36100.8544763979136330113339303678459
43992,36101.4730042457697372506271461979201
43993,36102.0453018850201449798329537458082
43994,36102.9423433841217049062748921656046
43995,36103.3645461483675571047279513801149
43996,36104.2433841679726326575352540177861
43997,36105.2603095971337738201023109170923
43998,36106.3794342226062092252839761936762
43999,36106.9009728466946583125638297943289
44000,36107.2277448716762848744279231556621
44001,36108.3742559528114778563663860786132
44002,36108.8932225885705674152702353959612
44003,36109.3222488555856031471107509340851
44004,36110.0751167088841785479482606205047
44005,36110.8869695709191359435084356844062
44006,36111.4885950273222153009952822035576
44007,36112.4877667222344858830260975979954
44008,36113.2838421305616090143367241321611
44009,36114.0594689347524214707074744384956
44010,36114.2286415866653501692199561849312
44011,36115.5224165858399395288337074424497
44012,36116.1791569131146085097826963884544
44013,36117.1604012242559642823977096973644
44014,36117.4342182889413822285370973005573
44015,36118.3650748124532107656253564560968
44016,36118.9309921714578761258346058264501
44017,36119.6840190444793081492424064734939
44018,36120.3118734293153035377973070763595
44019,36121.0427279402719199328616049206133
44020,36121.3337306675749960113514280511492
44021,36122.4899486555627093743414213790352
44022,36123.7181446614515978519609183502811
44023,36124.3265702649361336086379549234449
44024,36124.9580491364292825332404766975838
44025,36125.7024890549388698567246639383641
44026,36126.0862992533919812145639416713020
44027,36126.9326107690592047939173405435796
44028,36127.4315258286175957169281324482053
44029,36128.5010082592043861227670797314698
44030,36129.3554077995025852766299133924074
44031,36129.6833146535543001732684445356906
44032,36130.3921758353856273116146759651109
44033,36130.9820398743746617708521429470501
44034,36132.2021672164383278758628367437817
44035,36132.9553463322869765000253288045460
44036,36133.3430273967919514665705486354948
44037,36134.3337997617217811604999385361081
44038,36135.2763558217445808844409171505347
44039,36135.9045710864390158924703219027955
44040,36136.4576228034453578348387635314772
44041,36137.0325259364545927910595375865946
44042,36137.6048178638854041396112444847173
44043,36138.2663247711584523126725708444016
44044,36139.0160096245343888791016887170498
44045,36140.1595762877035326864208456853721
44046,36140.6848388131554394374697141622039
44047,36141.5348009816758343411146226940583
44048,36142.6138547537289969042971971182879
44049,36143.0967849555409867149755881097735
44050,36143.3853816484661170881477721128842
44051,36144.4976207801738879883123656653381
44052,36145.1953847597264961404207285962021
44053,36145.7367972303980262669348196151659
44054,36146.4911352081950783277600633677523
44055,36147.4151766132563086582420116217791
44056,36147.9431928604110180598922266480272
44057,36148.5498798397790368236285442597826
44058,36149.2333655016877643399123850091947
44059,36149.7893661792300208501791275832912
44060,36151.1787117027120573959799731143271
44061,36152.0844153962673732836612590793693
44062,36152.6089088828752159895982423458651
44063,36153.2488494575006835208746805536214
44064,36153.6372737321330207246519577112524
44065,36154.4108292933824338437257651428867
44066,36155.6075943577571488237333130223988
44067,36155.7025738775147789039807811574506
44068,36156.2764796797462210767059924013475
44069,36157.4367409604610319029052300428131
44070,36158.0617016966282391121605257239427
44071,36158.9929939594764248594010020423991
44072,36159.7141631440254299348669902703347
44073,36160.5502364870635112950808150947289
44074,36161.0175548218060577662622963209978
44075,36161.6948629971208266772583651636349
44076,36162.7823452596020822487780318528541
44077,36163.2321510731367168059146091718806
44078,36164.2621303394857681672067521143205
44079,36164.8567111742988331282414636544307
44080,36165.0058611961062614459078514823081
44081,36165.9203965880292385980545314725064
44082,36166.6597498688537474673587895985841
44083,36167.3208041133058018952171814608900
44084,36168.4801941368630082531279252798385
44085,36169.4065974283981825017437035403910
44086,36169.6779517475581054712634533819637
44087,36171.0818110942591640160604822206588
44088,36171.2320027926955159732089022808714
44089,36171.9954945582249321959350967900780
44090,36172.5442031621253509778486497343755
44091,36172.9473563991679887237874273655426
44092,36174.2773404428947187883615581434439
44093,36174.9159988049062897854313856600494
44094,36175.5885787834741304205123773195648
44095,36176.0209601799109714653988222791938
44096,36176.9765549659057242077021806754887
44097,36177.7168848927147414615937746210664
44098,36178.5642682498391892564165430095110
44099,36179.5303808974637315247135772984341
44100,36179.8991446308883489524790238568892
44101,36180.8781297808576893876498920212095
44102,36181.5977529202280051206295534466119
44103,36181.9916913491046208775317609542420
44104,36182.9255352595035905788130644336565
44105,36183.2426107784755208163151591209607
44106,36184.2289710188987711423267252575370
44107,36184.7027175746683439548918415210830
44108,36185.3223679735151168095543140298094
44109,36187.1125890895893635374950064339479
44110,36187.4194569235728402336734031960579
44111,36187.8978743288825548710105579136793
44112,36188.7757342779765547438483901310529
44113,36189.2029669046478278056633208141841
44114,36190.1558854018084687834671890947206
44115,36190.8152005459800849862742255336174
44116,36191.6901546319698552572112214268087
44117,36192.2354154391802901790080454249061
44118,36192.7358255239113214127480447008602
44119,36193.7148207131912549913324973991080
44120,36194.4059131284715572577616471583414
44121,36194.9415310435764090302064660969151
44122,36195.7698650427849597289723336845735
44123,36196.7687254965203881678829975565989
44124,36197.7087121958403342620554525252324
44125,36198.3803275335737419978338376958832
44126,36198.8293040972708356093066554107694
44127,36199.6354100367274345072656847780654
44128,36200.2625394837822918964085866871712
44129,36200.7089618700458469731355109948774
44130,36201.3856891515491182352870811939233
44131,36202.2931637800257455353440549304028
44132,36203.3189056018501295469945769574516
44133,36203.6763700132200533956674523396429
44134,36204.7136629487381766382465609596642
44135,36205.3488456427502952342175653866746
44136,36206.4674562828776616106243671760519
44137,36206.8016620859169577390574407699446
44138,36207.4784939405108792876894399684748
44139,36208.0417307436656968493822033900595
44140,36209.3072478429635327967257769584289
44141,36209.5501938601573358967833063767816
44142,36210.7093602375385747571323791738009
44143,36211.0882927497244050481233084409749
44144,36211.4521044561376570375142326861785
44145,36212.0547812595259673883716233860449
44146,36213.3629040227418276117585005524195
44147,36214.1719950793890656863902480265458
44148,36215.0506155433899359940155241320486
44149,36215.7927633096406224544859458739625
44150,36216.3526596743067627495988553280253
44151,36216.9156547546733231695781685748662
44152,36217.6667500904577098848736506824569
44153,36218.3913250878955406566945391275957
44154,36218.8844178154739377490389064954772
44155,36219.7491222799132685983094286502501
44156,36220.4159331884239628026054444555536
44157,36221.3668721149079825065726129178060
44158,36221.8826347366478664677993625114160
44159,36222.8618681914957941657349969616505
44160,36223.6617951710256335278145840012686
44161,36224.0230162465857052829149931135405
44162,36224.8416828007095220761785279785421
44163,36226.2037117754085131086020546802832
44164,36226.5494357495764300524623632299175
44165,36227.1516759171015380728939163842300
44166,36227.5031510751488092181930521167041
44167,36228.5683228155903972186794589148147
44168,36229.2146157847416239911055574438475
44169,36229.7075218596037586902699162919852
44170,36230.4608402237176990124078688252876
44171,36231.3045302693863227118596130282886
44172,36232.4841225542073702129929599892800
44173,36233.2906460784651584960787900365801
44174,36233.8900661361070371674701585315378
44175,36234.2891957402113124900530483426339
44176,36235.1022115716333469531937439471867
44177,36235.6591490363827721819033641572429
44178,36236.3957471046594409128201231894877
44179,36237.3927657379863585391517469829107
44180,36237.9396920378233125148093565217861
44181,36238.7286939851700458342302193038791
44182,36239.4468190709028502440338113017644
44183,36239.6675054451378858449068481459955
44184,36240.8652477319408665620063361933012
44185,36241.7143543524490982368646464216102
44186,36242.6955245597992882815701119123171
44187,36243.1262765177102676560140795640651
44188,36243.7771653874714381451004085751968
44189,36244.7938535190908766336282475934103
44190,36245.4064588806390579432596887696875
44191,36245.9873439072181747941081957792681
44192,36246.2990666671753508620923343095292
44193,36247.2374615707383347126114803895362
44194,36247.6786107824222019300022164866571
44195,36249.0871007098981455565295690147305
44196,36249.5860513768721647439081903090430
44197,36250.6335395750552807875566218576745
44198,36250.9983365378310882187973604440676
44199,36251.8297252200528298865756608281962
44200,36252.7453024744181944354376826248628
44201,36253.1310853812077420277962358008218
44202,36253.8403893635916730007736513015528
44203,36254.7934787686635869455989679138238
44204,36255.5607083174104534950718352083391
44205,36256.0160889684170755107978866475296
44206,36256.5440708181179421909441714457300
44207,36257.5844641653342142164063928219672
44208,36258.2060030587979993795485538961813
44209,36258.5684507439198393580694699256847
44210,36259.9937472219257905275774451526063
44211,36260.9534797307981643233591475869803
44212,36261.3368839683611971634174141590309
44213,36262.3274992806265252896376162245923
44214,36262.4593780301746996979286065700859
44215,36263.2840572742620564439726124222172
44216,36263.7631557850584513562881182663961
44217,36265.0035461549330487089868371132839
44218,36265.3563441769498956922577904838395
44219,36266.1975126033670097912542225058185
44220,36266.7469886912947386935823540639743
44221,36267.7859996469476928213082452319989
44222,36268.8347231468304685461999485575297
44223,36269.3087881428498703308739884802140
44224,36269.6110290125463663374439116279447
44225,36270.8742849954808984493913852478006
44226,36271.2953992546606124828554239534464
44227,36272.3080288198970329047324007571847
44228,36273.0560948239398639324919848703278
44229,36273.4103862668394398776419450648501
44230,36274.0914394782768554777282407880985
44231,36274.8115480550137978232441454044591
44232,36275.3766420824000963136953079598108
44233,36276.1044223044737413952803586672364
44234,36277.5026600672180837123887124505553
44235,36278.1646925618646083188507529384018
44236,36278.6948288007655484235173830339692
44237,36279.5083870616372484034641006399597
44238,36280.1423554361810441023666047409759
44239,36280.8631985951117614872728653315581
44240,36281.4903346027964830760921603659372
44241,36282.0574962829123634961790604086418
44242,36282.6205304316700589951967681224430
44243,36283.9163910616308618009753823108305
44244,36284.5267033954578605483941739140538
44245,36284.9555351953083781519724481186445
44246,36285.6005421892978189523655789957966
44247,36286.5476330161263521180297363659338
44248,36287.5363323494899445552615757426249
44249,36288.0887870447884965110726444584529
44250,36289.1065819759642950497946401768459
44251,36289.6860374867403666817359218942818
44252,36290.1223147215965910330796351260797
44253,36290.9800094569095533091036574605770
44254,36291.7650709371493317633514075756545
44255,36292.0579048817946181058128406669352
44256,36293.0447891845645661992263286916169
44257,36293.3445809025564443020976173085622
44258,36294.6979037400459115739733410366902
44259,36295.2627930421462215206613978260564
44260,36296.4699124553282218010656150771400
44261,36296.9823888132742091798773108397149
44262,36297.7283011226460387691841913608502
44263,36297.8393725254867684500301744547453
44264,36298.7150456609268918438611860277763
44265,36299.9378271018232842412514963488640
44266,36300.3862375727010667750105161180041
44267,36301.2393419874762233956894070660335
44268,36301.5501626769079179805808994105832
44269,36302.4110273125492988431962327984273
44270,36303.0178175776994279991884875843846
44271,36303.9463850838514019449341696227351
44272,36304.9250813144447488426667316709692
44273,36305.2789438944955962276570809793435
44274,36306.5283887135461441367373303432384
44275,36307.2764837708332422454344724118983
44276,36307.7843998860978932316486416092881
44277,36308.2725452607849087934611337825536
44278,36309.0049596806961466705411326438558
44279,36309.7143450389899000259909853556224
44280,36310.1159276873528475042199543102654
44281,36311.2541432116471949410133714629288
44282,36311.8203164658304715086943336434534
44283,36312.7974708981620661420553776836386
44284,36313.6153727046658453786087198295517
44285,36314.0705106980204154180217365359352
44286,36315.0109681156023424955977129982373
44287,36315.8367619311183554984074533615795
44288,36316.2282322449290222942612694091220
44289,36317.2305372997607032056793477002667
44290,36317.7310311566322081362325403389837
44291,36318.4938667757767815295124392094253
44292,36319.3780802948900219226251185249291
44293,36319.9286508043037964680685727530576
44294,36320.4727863613788521689601118063335
44295,36320.9974408150002800583617804041385
44296,36321.7603196955164991073569041391073
44297,36323.3586633454060097105841981786532
44298,36323.9574322453004764146107473373039
44299,36324.5115079484409829321048467236083
44300,36324.9048134068340787826871476606475
44301,36325.8918628510815732550310133062712
44302,36326.6384891994941607588668381962308
44303,36326.9663391044442988688762142560641
44304,36327.6984206837784523051990971990702
44305,36328.7419690113499001413503001811376
44306,36329.3921748853046992073759266220819
44307,36329.7558388781605589236763265291150
44308,36331.0687118977433576656962402607468
44309,36331.4449627548302846542096545770077
44310,36332.3764403451516037446565059086262
44311,36333.1390878950711720789746234534397
44312,36333.6324651075656513354587076321989
44313,36334.6750207329203551596151056816204
44314,36335.4797611126202900643789095802182
44315,36336.1053586026069308468052943078620
44316,36336.6229454581143010153816979913593
44317,36337.1246793714085213244628131752277
44318,36337.6573700989837645892040678402506
44319,36338.8011228949124242171239809949735
44320,36339.3959495530578179214317918756750
44321,36340.1088328197204497111324144852047
44322,36341.2289091839621929741255701615555
44323,36342.1369475515280509987038956577577
44324,36342.4757002980750993873965558537651
44325,36343.4379057222315822954852345383837
44326,36343.9119398949021310362476398574111
44327,36344.2523148535813382936401199863447
44328,36345.2813860411349749115987447886701
44329,36346.1833833363189151040309835065061
44330,36346.9525825887621914040217467368897
44331,36347.3329053812817921122301544442089
44332,36348.0944094716025860296745857878358
44333,36348.7879039223880436810151097998728
44334,36349.5652753056020090316421760190669
44335,36350.4513434184924253260242627316890
44336,36351.5198532138744088346477818503764
44337,36352.0564340605778922016506536026313
44338,36352.8163860327744640100024229090656
44339,36353.2936339287040485766789644194514
44340,36353.9985919311801135072494667207823
44341,36354.8697217376326565177950260775983
44342,36355.5509623953619506320354562958733
44343,36355.7634665828664081367818922560231
44344,36356.5452584571449701162986580355711
44345,36357.6504062059325262062325353762079
44346,36358.7845782663100343932558091813137
44347,36359.1593408798622636467622859751373
44348,36360.0981361605821990056346304675797
44349,36360.4933359835445798788078676012401
44350,36361.2206506862659676211926854043118
44351,36362.1501716628835172660870691102342
44352,36363.0371184128782088653126871309781
44353,36363.2758806649907207495459876862116
44354,36364.2772503691694069185087552437587
44355,36364.8138359366857490697586810029583
44356,36365.6578672552743271615395460319883
44357,36366.1648312638370480322513222733989
44358,36366.6958651665578261368261252767259
44359,36367.8919526454341321331108232380946
44360,36368.6669685437890667728559295507316
44361,36369.5762495579575701309444895208522
44362,36370.2299713984362660205509151899643
44363,36371.1471471883422985076593378892843
44364,36371.5486425667077678855266912698083
44365,36371.6959773207379715092120056537597
44366,36372.8963615854030348153474474227354
44367,36373.3605628880730743573860784279318
44368,36374.2592815634282555707421188147987
44369,36375.3917026485714099655043498304007
44370,36375.6392980961567890289817743521967
44371,36376.1118639405509307541766937944499
44372,36377.6567129816053334934746520948439
44373,36378.1357787620540044693077449908112
44374,36378.7365345530899485713144118227220
44375,36379.3175131748000897513925690747724
44376,36380.2280876437762119985655126420743
44377,36381.1329934276772112632320510898341
44378,36381.9282808194507906747778617516852
44379,36382.0572807522807842455405492999659
44380,36383.1027361163228429879783941024784
44381,36383.3676379202128810253392461575343
44382,36384.2729534956931271616302399796635
44383,36384.8833888758003660804550448381159
44384,36386.3593788917672823190844649039709
44385,36386.8465415393576130558194509279526
44386,36387.7023279438458236348571639189285
44387,36388.2689767718316553038711135083146
44388,36388.7877471737881112511786506582498
44389,36389.6096242923075188118604956022741
44390,36390.2546298621308655822904083617296
44391,36391.0451000206655388962256879606862
44392,36391.5747605775202395578094772806490
44393,36392.4059278196258061616329106755103
44394,36393.1804893718824251876529943272897
44395,36393.9458235289009789669310273039721
44396,36394.6200792018432022758302673141983
44397,36395.2970324250416395952839765118773
44398,36395.9141839375626784901113227807837
44399,36397.3429625393225682010105480424368
44400,36397.8584639677539501757515509733989
44401,36398.2247879209167276025332444842140
44402,36399.2214586939882327873280507393664
44403,36399.6537409624674222672488307004521
44404,36400.2393972138999382240277759966200
44405,36401.1898372718502890886414529774251
44406,36401.6299246274717261932871070323361
44407,36402.3849515558853011796762112101250
44408,36403.2186947813147368281219854526891
44409,36404.3732623525216514270748063203952
44410,36405.1547226339085615856561605015617
44411,36405.5685712569268366512749390063007
44412,36406.3712593494122743614157468060292
44413,36407.1124965276020986764521357352821
44414,36407.5391065247388584240573446716056
44415,36408.2163359278509496701384698291987
44416,36409.5015940270249484487843197536812
44417,36410.1621765778698993227515576048240
44418,36410.2759104187442054421122639705313
44419,36411.2479881295910122980963296244855
44420,36411.5759935614660775908129714041504
44421,36412.7762318600476487655349041792012
44422,36413.5915558872288436715151106223559
44423,36414.4763111813833645045902779600851
44424,36415.2011250643234440557025176769305
44425,36415.7114679407762653098169969676065
44426,36416.6921425300902978444091916933779
44427,36417.3241420144968134556363351439516
44428,36417.8317037457633603266054472066213
44429,36418.2037935110990372426399968707500
44430,36418.9540357325413977481277044341091
44431,36420.1888388814713063453661907988003
44432,36420.5483812534508025532834008998325
44433,36421.5847855487809937390495878948911
44434,36422.2365691590131125964565576557442
44435,36423.2367361815634407311370257874434
44436,36423.5178563986642280704142390105897
44437,36424.5753068134533222721195947692651
44438,36425.0179987876886807143555403419716
44439,36426.1425565187768670773355073522810
44440,36426.6423252583625781535606981679025
44441,36427.2003941289476769124517085468029
44442,36427.9007733979507826701372559996081
44443,36428.8219180315202269134986462711288
44444,36429.2424341845033073923908796737534
44445,36429.9270999510517524567905975240520
44446,36430.5587159171725356718878726299240
44447,36431.8362959293716003046387480545133
44448,36432.9037291736363768479126850255659
44449,36433.4587696120046108507299550723685
44450,36433.8915351131738571297498945071145
44451,36434.2671698104496134130837823737738
44452,36435.3265181573472957427078122198732
44453,36435.8145637717908089285472764690318
44454,36436.7837284440988497859490603193515
44455,36437.3713930479304211537648304877682
44456,36437.9341752002348202846928436171040
44457,36438.9559835051457348859744858050265
44458,36439.5044334404433875105991613012095
44459,36440.2705642555040320359038994637918
44460,36441.3111136585888185893285721539015
44461,36441.8695563430988036986992181092523
44462,36442.3693211754827969039010405277416
44463,36443.5690194623081361496277293328380
44464,36444.2078321666891813181201479640776
44465,36444.7071991438265731865495395170734
44466,36445.3965490755213787001329688676171
44467,36446.1535076763402192712192313638722
44468,36446.7618340842235282772766075554057
44469,36446.8685103954117601599280179743354
44470,36448.3029920270942415949289074095701
44471,36449.2507122880090433427294510154435
44472,36449.9922692603050242243111389153359
44473,36450.4310584804679061277522229450934
44474,36451.5733968946102687803380403187825
44475,36452.1095710457710835296594502330105
44476,36452.6279763424787642410791502851991
44477,36453.2798499761409198048820550377290
44478,36453.9359591678937796895490376049018
44479,36454.8830167738838951578599210813705
44480,36455.6869057194643306352152400362887
44481,36456.2830361015445576520785392107572
44482,36456.9302662001253286491411123022134
44483,36457.3857758128767404329997150620609
44484,36458.2864853695604016242940921276371
44485,36459.5158215717110470358125071842728
44486,36459.9370428785696555118962554330931
44487,36461.0059775694452139998636646269852
44488,36461.6834424387009359845209079342630
44489,36462.0042512154607729283714900877195
44490,36462.8031435908101897960652792557836
44491,36463.4736262582908159972359804297066
44492,36464.0746595138307030052945454254845
44493,36464.9319043892459281969341607381512
44494,36465.4573244905085761056738474408663
44495,36466.2113050742602505734272848228656
44496,36467.2915890414222549272075951901625
44497,36468.3907704086656380926473126038433
44498,36468.6989231154725218191736176640460
44499,36469.3357706980776176182237536946437
44500,36469.8854744304358259987750617042668
44501,36470.8352851177548414456329870237540
44502,36471.6962159019618625895467747214640
44503,36472.5206381353480797616922386459312
44504,36472.8262861685547752343007513687978
44505,36473.7020851993273768388121662320182
44506,36474.0109508155271608162064787807123
44507,36475.0952659647440563371496469030646
44508,36475.8590048552905161656025504154172
44509,36476.1597573443805679933341071300443
44510,36477.8517653797231512173289581869837
44511,36478.1538119536842254423019832304693
44512,36479.0060085391486737826702704013401
44513,36479.6381870528472868963066961082088
44514,36480.3035443291436079005720072287015
44515,36480.8876185347344006241796861226727
44516,36481.5569439363148022552901093100598
44517,36481.9477860079875276029813796174799
44518,36483.1732139843910133498547024902735
44519,36484.0226473255225118293345447888447
44520,36484.3507168542855709487853164779476
44521,36485.2488166777060749095361511947731
44522,36486.0798617292889119172656662603027
44523,36486.7180362664803943133374278517039
44524,36487.7672287842392975244670653283773
44525,36488.2927049055549238250879220924304
44526,36489.0258809306999631699285510718643
44527,36489.4577689052167470349115328657964
44528,36490.7420270424592874185508916126542
44529,36491.2282007048640974115450559234093
44530,36491.5142481393335839744743366759037
44531,36492.2866272398251755630491119560277
44532,36492.9649960020629611074471067633273
44533,36493.6421469026772743402360883981952
44534,36495.1450227754766477016354762121340
44535,36495.6604156588319039310923332264549
44536,36496.4072987363268734101193708528391
44537,36496.9636538202219330194401265195642
44538,36497.7524906812899311312411481585954
44539,36498.1554169207089942420716020055631
44540,36499.0729429752814266822587314301411
44541,36499.7148966277151803484540379918597
44542,36500.5253715011947984136739244688570
44543,36501.2389626091645424879633795398784
44544,36501.8619160393147817656107740162082
44545,36502.4002065985641066087275910442227
44546,36503.6393386359874978134843177051815
44547,36504.0686144163093133798928520686098
44548,36504.7947618472895196957255029303667
44549,36505.6376291086835461367555926186887
44550,36506.7607706754141909455526145352285
44551,36507.3410160723616643033923301059376
44552,36507.8306247856441899088888855376681
44553,36508.4683693812480378487404314660840
44554,36508.7753689285907864351319563181045
44555,36510.1663853007466992773208557529299
44556,36510.1959229297818032531573923446195
44557,36511.2346553998890316078579373418621
44558,36512.0670204641790095975695681093291
44559,36512.9466685753237557259917596239197
44560,36513.8012405731586421711444146757057
44561,36514.6132696619805622819404813351202
44562,36515.1176774774758107259907466319307
44563,36515.5890978762953844045905816428537
44564,36516.3518918722157150063936588407241
44565,36517.3069604507949684274699228270468
44566,36518.0117807322232773089988669346580
44567,36518.5032588627785983316883671041158
44568,36519.6502284812000860604984796590126
44569,36519.8617158856984084733364940045560
44570,36520.4735089245152239418277570111338
44571,36521.1267489348441080515743926693510
44572,36522.5118748608837453596794731366478
44573,36523.4267477919787709351651821875843
44574,36523.7631580054086802892211021314909
44575,36524.6602654944271852896176561709622
44576,36525.1821131558173398469523233828801
44577,36525.9220922361260409793824143154269
44578,36526.7911658387680697493446028317466
44579,36527.0733007339947535390649347180974
44580,36527.8723155912799187762731965044061
44581,36528.3676880659931036000187625131653
44582,36529.6893522501294041581035218707783
44583,36530.3196582052438675031967221162091
44584,36530.9855764200575141181373346099429
44585,36531.7239273129953756456740197502587
44586,36532.5115789558306303238398080510431
44587,36533.2419189930995193969683175409933
44588,36533.7890233517504263039062253091825
44589,36534.8277870749587442994217638543724
44590,36535.4793693158190489286142998046717
44591,36536.0466083337419686489334208820398
44592,36536.5967553397104945438963952225162
44593,36537.3851864569534797387260092994215
44594,36538.0974333072697769296889115883452
44595,36538.5314189990215691539898708368703
44596,36539.6925951095345285036511131559025
44597,36540.2920031611580557840282072974951
44598,36541.6882482782070054865917158970761
44599,36542.0560643331024280810335147062471
44600,36542.6467676335796446236395439957741
44601,36543.5073210232278260402596323671195
44602,36543.8220248929156008638226945877102
44603,36544.3180326711523265704200126382049
44604,36545.5201667101247032490309176423895
44605,36546.3558302426104720421520054704546
44606,36546.9807624105135069885061036625085
44607,36547.1876670048119040887296392332137
44608,36548.2691268152764496222486285355342
44609,36549.1896274062393538558221686627659
44610,36549.9367077526271167191337629361711
44611,36550.5192943161714301332119253225588
44612,36551.3416594194044565116074057792894
44613,36552.2323665268109778173410862059734
44614,36552.8308276890666022978487358447468
44615,36553.5292021111985477579464442050897
44616,36554.2384088311605655715552136811092
44617,36554.8218737862389602842746222532998
44618,36555.2205046257789941580359208603923
44619,36556.0498333320103898635621222412537
44620,36556.8278825482898483238556061819674
44621,36557.8324471975162037556257502556580
44622,36559.1483013580037247777578788050425
44623,36559.3024506170391365990560239705759
44624,36559.8552168921299298247270042614403
44625,36560.6324294149738888803806273597528
44626,36561.7928484214932243879269643648959
44627,36562.0877290756970221203210835399707
44628,36562.5247147340331831008771332410608
44629,36563.7651913793838836078390613074751
44630,36564.1143557485315280229740959032900
44631,36565.1178279799693255547679780568006
44632,36565.7614316373374617154944550463460
44633,36566.1464724365277886740792688516644
44634,36567.0234760590734934089385627358289
44635,36567.9025863780389091649759643842089
44636,36569.0623521409734693672581638770851
44637,36569.8218032887117922799441650469926
44638,36570.0715505868430893232612827422336
44639,36570.8649235802715238484489312444187
44640,36571.7025192089995601320305688962474
44641,36572.0473431596574471175789405079371
44642,36572.8979314807498087564947543027725
44643,36573.4183733009857318954108339334186
44644,36574.4143286862810898625071208412304
44645,36575.1129413475658666159124755852006
44646,36575.7866238064337187380223627631111
44647,36576.9186696953879196054697316291587
44648,36577.5674059253741878296769344942066
44649,36578.2923350437039947080981346115590
44650,36578.6934829362483264156638774646255
44651,36579.2848385328657581308849639862993
44652,36580.4329163879414266957301726766656
44653,36581.2126190851941140951713567231652
44654,36581.8520939275936558132332405854527
44655,36582.3248546407548776499727333338538
44656,36582.7548078168191170974497057059534
44657,36583.7128924399289386646549006300376
44658,36584.2876371367237780020629526047488
44659,36585.4619053313921917649077673391625
44660,36586.2416093033349927092255690848570
44661,36586.8846605110042465376421542671646
44662,36587.8191200660002235011421957503393
44663,36588.5539836178121236376744644095227
44664,36588.8846754871696307849455117538386
44665,36589.4613653990921676167206945188095
44666,36590.3455321763348791388350293761477
44667,36590.9482930799904525287792686258829
44668,36591.6556786688518000986325247887363
44669,36592.5932386473854220785210936940169
44670,36593.4098568095425453127770872553802
44671,36593.9117113448021083161290969418169
44672,36594.6864953349523961024259383721205
44673,36595.6844421546190749265804059034159
44674,36596.0618568711945030960576186513640
44675,36597.2325833353634915428605362178011
44676,36597.7927543103618091788289446689539
44677,36598.5690362287348474491257023820799
44678,36598.9134226813285504311883840510773
44679,36599.7701149647820077896109955679057
44680,36600.5657608493067942360524014377630
44681,36601.2402935780345495473026566241489
44682,36601.7087663137678722744443179815775
44683,36602.0667254249034438037069637049185
44684,36603.9912552289354354947789160980419
44685,36604.3327018279899303449896278239660
44686,36605.1104798217147790390441801204239
44687,36605.8018196117801539990077039498989
44688,36606.3974520676055550197954373188030
44689,36606.7799182737991174621426917208422
44690,36607.9156709245282034883753424138455
44691,36608.4287413021529906563955794021198
44692,36609.1894283321677714002813081290666
44693,36610.0984070421717133246867909473874
44694,36610.4730049244457351642302899788635
44695,36611.2586654397574086165624855704898
44696,36611.9701729505125878315262293080993
44697,36613.0567953660871277002592621350752
44698,36613.5221248634587727843367185207231
44699,36614.6137344409359545498397557631620
44700,36614.9878133398186022671637048395653
44701,36616.1643242485380455905386208645401
44702,36616.6392096968221307140082788739344
44703,36617.2589935258978804065442359977995
44704,36617.7939509846933567872671460184992
44705,36618.1902314588833475503689724254016
44706,36619.1456176081474004501408289825976
44707,36620.1846265509108213485987898039380
44708,36620.7295474096157226925968801085643
44709,36621.6893407894500753525931363991569
44710,36622.3552235765119391378671701317023
44711,36623.3195290180104276647647779979901
44712,36623.8867817338168118180839001739389
44713,36624.3541116824060493664831683625271
44714,36625.2150282941498258883512592759914
44715,36625.7734437729964086218714173681649
44716,36626.7064302477182179804795306198329
44717,36627.6171419527683105795150400741228
44718,36628.0360537004284016069090164864757
44719,36628.4085347510259588799309008717171
44720,36629.4761247581653374714308760953668
44721,36629.9680356541178419986033549044729
44722,36630.8331586958976413082866183243913
44723,36632.1671272271670015859670137003100
44724,36632.8321646600704857610824489317127
44725,36633.3697814334648756395097337141557
44726,36633.7091702331054719670868676627962
44727,36634.5885515075349050405520646500183
44728,36635.4158404414324713002355214320626
44729,36635.9075185174207747354380224835886
44730,36636.5566945596714372919698043405213
44731,36637.4196434042939844883440887682262
44732,36638.0001003762526852746932256071719
44733,36638.9118556547663646772893430970762
44734,36640.2116688043702233338391846389505
44735,36640.3271815999604767891990522276310
44736,36641.0081174810464216644597955791009
44737,36641.7995223405651635600802153376624
44738,36642.7568192803435983343608983080465
44739,36643.4778645715225582716761198394994
44740,36644.3365551082853343809535214319599
44741,36644.4916325468010441638769324616098
44742,36645.5413753283587097660654344440075
44743,36646.0962866202106061999513701089265
44744,36646.5282356248263880692218281617028
44745,36647.4551784835151729045631397200060
44746,36648.2177313823690529254216760064106
44747,36649.2771835732907110778928141033494
44748,36650.2273982312768261294116658595268
44749,36650.5785014422860699564881750503660
44750,36651.6417859107539393900619716316012
44751,36651.9555790481748851484843420587696
44752,36652.7850013268990347244095406023589
44753,36653.1727944095142822960355652819129
44754,36653.8368622530462315143409283972176
44755,36655.1621682280162477062697765911538
44756,36655.6185174988372788532849409130140
44757,36656.2257620810196642143277281745120
44758,36657.0181499837623874459303533430549
44759,36657.3783743395365080251715103024927
44760,36658.9490847342492261460411462432215
44761,36659.2752782216038795456621499595405
44762,36660.0360035542388406902011701866690
44763,36660.7168782788391269196900952264006
44764,36661.8577127698494410636429400460185
44765,36662.0631562217983675135585032123757
44766,36662.8166093073001842887472094982933
44767,36663.6519776252532748387264363196427
44768,36664.0217561065080985809945102232016
44769,36664.6603013601027104135830173630950
44770,36665.4843424004597501788974512362687
44771,36666.6482583648185347675403514117647
44772,36667.4454340989225165245940715822173
44773,36668.3115633398384209570980778941747
44774,36668.6583612827031273795846201707242
44775,36669.4036238089388786437839205483715
44776,36670.1622668735019017074161986651490
44777,36670.5622061349165413174433238950268
44778,36672.0292137194208368600382958878424
44779,36672.2746845561586223236005602320613
44780,36672.6135055823318753345839142135163
44781,36673.6495083103824296793803902482483
44782,36674.5650274502016933181874859959316
44783,36674.9691394462254947903392743267236
44784,36675.6911448937012801045865269478517
44785,36676.6090201006203581422730578995297
44786,36677.5513659953005756453888122177666
44787,36678.4536740878487897158383873157227
44788,36679.2641457458409440265453694633603
44789,36679.4505066318914707619351362248335
44790,36680.1288577413472262527291389701488
44791,36680.8048758599320758107717695631690
44792,36681.6078512379384707798479137008964
44793,36682.2947706583195227022927923364815
44794,36682.9078707572137228772761322770648
44795,36683.8723801723727116635999576042881
44796,36684.5954353313235101793866253323421
44797,36685.4762578706979334111009313691204
44798,36686.1879414565250756109729814500651
44799,36686.9079489528540526028905177858224
44800,36687.5986704094253705311619513471701
44801,36688.1431242293530922507708222860583
44802,36688.8834806528238319560936565722162
44803,36689.8440701467998178235461748597881
44804,36690.5827301704139298285107762953160
44805,36691.0759754099077039474820106450286
44806,36691.7728414135627619013972062436203
44807,36692.1510627894809708751846654450425
44808,36692.8582678296835558414728481387874
44809,36694.1133209653730647291539346996845
44810,36695.1887174028971906376821297902030
44811,36695.6147931417202949611004032660254
44812,36696.3035715075094163510603880757936
44813,36696.9569335397945767262075050003391
44814,36697.9028186674950715935964822468618
44815,36698.3556727589341283631017864488430
44816,36698.8724238160911808203274133253383
44817,36699.5039621417707869177690451019021
44818,36700.4855996746398347238182034298661
44819,36701.4035755758910473569080596625744
44820,36701.8570575525128771806550009064112
44821,36702.5533714828130911536482703043146
44822,36703.7337352521114868930258986434951
44823,36704.1495877719425495806291122538681
44824,36704.6471315050003928187162059248086
44825,36706.1129143187020024465185631648574
44826,36706.3256138608884154187668735401380
44827,36707.2783131117895487898259296249232
44828,36707.7689507037027729718002301429442
44829,36708.5834959155164059120711508707449
44830,36708.8507637015101727356045927683608
44831,36709.8311405526334273308519554397936
44832,36710.6649296728372150102553371109593
44833,36711.0066750403660471400926221539319
44834,36712.0407231073712669072024520021522
44835,36713.2971115244618880998234943203114
44836,36714.0281244036689505974124473369541
44837,36714.4732202566539202263219397127698
44838,36714.8443164519076994258262452803130
44839,36715.6616305773484680996773847551078
44840,36716.3569099878863675481595365492359
44841,36717.2922084247494632937484559601880
44842,36717.8982157261490892300248324130940
44843,36718.7454216677250970808041238104671
44844,36719.3569687303899752146275676060584
44845,36719.6296692758685406463192077156799
44846,36720.8762197907172360288773754267647
44847,36721.4880350022277538910435023685352
44848,36722.3152808966170500794290798297369
44849,36723.2118145816161204923037133712283
44850,36724.1405098277004564956581599423944
44851,36724.3100467111313207677734926840330
44852,36725.3838768468989304084347996021529
44853,36725.9973003329759256038862561101567
44854,36726.5427607478055261465419088472763
44855,36727.0519832062340340560091678898497
44856,36727.7804988216947235540696733356420
44857,36728.4217043233319180423656480354677
44858,36729.8944956599286386074759496733890
44859,36730.3133382806660738106637985917780
44860,36730.9497833064519194812413585747897
44861,36731.8357020199234583063346992470095
44862,36732.5176277538009133347643506799534
44863,36733.2278095037565291707711754206852
44864,36733.9063962163710628306296509143260
44865,36734.5006717657499328390543020625373
44866,36735.3672320060589562773404615568180
44867,36736.0261906188779601621957136932438
44868,36736.8427865259561339185951114239240
44869,36737.3330848248514970721191768602485
44870,36738.1168270729548194516651379251542
44871,36738.4012728043446919335729488465646
44872,36739.6902348250960971421006609718914
44873,36740.8424007614528695041841856526965
44874,36741.1908341042123365620386465010601
44875,36742.1701529597774499565017441365787
44876,36742.7309778423660392466372966549623
44877,36743.2990844466121167350560290962153
44878,36743.6524149788974632047508043504397
44879,36744.6240548210706367855482827863905
44880,36745.5034972738718120310413272958662
44881,36745.9968928135579754796194330411410
44882,36746.8213750462665092863417429644970
44883,36747.4121131478306981601596302445156
44884,36748.5801633646115565106214828799327
44885,36749.1215632403726337045997293364471
44886,36750.1876573604073411024442239669801
44887,36750.4149111170135286442710777664945
44888,36750.9199591242821634937893740122716
44889,36752.4325006475038445242418905251240
44890,36752.8676742799075104854121081020214
44891,36753.5704418845516720841589449998185
44892,36753.8994102948247412056715263301457
44893,36754.6300659905828525610224280733379
44894,36755.4853603604510198042145132676930
44895,36756.0245050773614160700121851807091
44896,36756.8063229610875464116026876034917
44897,36758.1349954591641892511588534085625
44898,36758.6046064891565806359096598663054
44899,36759.5930322557487898454929950185997
44900,36759.9397765533654020595300010883046
44901,36760.7930376164752363950453056522447
44902,36761.3886586234097596794809764272237
44903,36762.0057557556203799918377203366207
44904,36762.5702216442010253610476333407249
44905,36763.6099001341948154239375371475021
44906,36764.2154944120694336043648433147072
44907,36765.1069139580910089375547786486635
44908,36765.6593676488007455809379588565848
44909,36766.2529010200384281726283152712384
44910,36767.0167076980033246801591796428713
44911,36768.2206107242162009858006315232108
44912,36768.7988099102353996915766143005228
44913,36769.6367411692637735641728775636489
44914,36770.1997697155488021317032682482083
44915,36770.6069073619633244068787194838242
44916,36771.7314633452555928930741284510249
44917,36772.2609342804973396986855144498239
44918,36772.8890030131922704451271634327208
44919,36773.0870820307114365716474267963514
44920,36774.3397520630012745678048248648039
44921,36775.0206983390265240033026795753299
44922,36776.3061481385257547931445818859519
44923,36776.8771608290692670885580994311034
44924,36777.3671022192618059162324994206093
44925,36778.0470995113876176357307068841038
44926,36778.7907950216362705043291356247466
44927,36779.4088361525907592886251694226244
44928,36780.2125257221319996093567828441902
44929,36781.0987884152708582879539792377062
44930,36781.7616262240172892986325112714372
44931,36782.3479184773081031407365596415570
44932,36782.6456177634670078641231799654429
44933,36783.7486588574031708797741221674310
44934,36784.5530662565040256189920227204956
44935,36785.4155861552459985573348799808228
44936,36785.8910421309776825726789639258516
44937,36787.2088936008825597936388947201277
44938,36787.7228499494551438972874818102275
44939,36788.3320320477486186044576113173878
44940,36788.8842132142192599153957736816548
44941,36789.5658038216350580383057743260896
44942,36790.0628132881703722299008350969796
44943,36790.7349525879444433713783977833829
44944,36792.1133093598100932675335887069011
44945,36792.3454432790026314889386070799644
44946,36793.0243016832966615634555583418103
44947,36794.2974034296657023310549162498639
44948,36794.7443437354307077262603337503927
44949,36795.6788288930383288524001363501893
44950,36796.0280865833052102240596929809255
44951,36796.9347473315504208159208723423120
44952,36797.7505608228454949518823452212383
44953,36798.3070328716054897661134768224348
44954,36799.1566072733728782225681166533048
44955,36799.7304897460316033230103313056563
44956,36800.4935928931770555865766690017932
44957,36801.0685988477679941063688712977980
44958,36801.4214542877784395111429541113333
44959,36802.4488952314710623672814585864611
44960,36803.9538762397769220974735492261225
44961,36804.4485069081946452451599025730470
44962,36804.9285085677712275676424338728513
44963,36805.6617639375027105101715343569903
44964,36806.1946111137630482062983464605815
44965,36807.1105553627105566182112532113740
44966,36807.6538727793273822840863416999972
44967,36808.4693524812326588130347458799497
44968,36808.8621412268852536348546984000223
44969,36809.8220980523804664055334691507106
44970,36810.8367740678504516675630161640469
44971,36811.1782279827198762233117791939413
44972,36812.2204765757414240167336348517831
44973,36812.6840675707557506339730380059938
44974,36813.6945947371760985374814767902732
44975,36814.3044887546280975073368400008056
44976,36815.1665864525845617422432323282357
44977,36815.9948897315674464760306198917720
44978,36816.5713429488508424578765470675715
44979,36817.0357214156467086931043453916340
44980,36817.6198273554950505441917777519624
44981,36818.4537020714105692575019721761793
44982,36819.1418743018509834481009907818962
44983,36819.7477460215578701091736359164324
44984,36820.9746555243573088906954339920365
44985,36821.6891592649570060534497186574598
44986,36822.2687457759521846880639098699193
44987,36823.5126729932723157904468815849781
44988,36823.7986100160884701407606722504808
44989,36824.2322664332315563873853755154373
44990,36824.7652668896155363456609862627915
44991,36825.8199231670105653346342680963539
44992,36826.8622283957726603259389273319210
44993,36827.2688428531375116049110322350128
44994,36827.9139688681067803395490895355764
44995,36828.5623443711389243412427804667820
44996,36829.1465968877990317773442515596272
44997,36830.2558082308780733862610235388761
44998,36831.0183554485484321146204475433403
44999,36831.8222586270607705183925079916746
45000,36832.7601310935447132053407686998706
45001,36832.9586866488567693530290655996859
45002,36834.2565911922902377586127631310378
45003,36834.4928489083290714870518931303633
45004,36834.9272207966937562792496157276246
45005,36836.0320163493220196196348063669013
45006,36836.4999269706696763957603938357022
45007,36836.9721813773071847523879933436192
45008,36838.1638238108469111506674453768959
45009,36839.1512801691398687016956635882697
45010,36839.8066928908909219923783230286900
45011,36840.5753948133258215084487813861972
45012,36840.8458098490829077618172122019799
45013,36841.7574773081000834612433311832969
45014,36842.6890502727129943199734127393789
45015,36843.3960395038505704388871491142247
45016,36843.8857623432634868843845002710149
45017,36844.6249003240530308671042173064941
45018,36845.3182498165676455896932790767133
45019,36846.2467112213073464946131650077371
45020,36846.4560330146065007557300860943255
45021,36847.5194976006132282063580467337142
45022,36847.9206571386468210290659375664271
45023,36849.3550660975046897401381619614592
45024,36850.2360987219280523796720042490565
45025,36850.6282267185796263622605002436280
45026,36851.2588069867883066352156008998824
45027,36851.8991476467134535943457155428849
45028,36852.6407744711228896440864710603140
45029,36853.2116640171808999476772257945586
45030,36853.7558844289804908139570642830837
45031,36854.9068981314110973910621926687242
45032,36855.5128345259628210264434190406796
45033,36856.2921050600427628616194679883654
45034,36856.6286936297523056546935321427000
45035,36858.0804122929939524915951745549535
45036,36858.6154958244151807100001131277553
45037,36859.0462038734941063982252137220232
45038,36859.9812888468721790959267984353285
45039,36860.6239407068320938639840845815756
45040,36861.4350648260454276315676405964521
45041,36862.3772806399389620281800588961941
45042,36862.8089715577710062080008892974032
45043,36863.3260518429884745213849982987109
45044,36863.8612272164825739648938561184286
45045,36864.4810492245786454061400044558792
45046,36865.7841737219712161883435962181335
45047,36866.4624447073987228323179856657591
45048,36867.3693720613585445997884499032177
45049,36868.2330378649897402683868312984269
45050,36868.5514967059891196333204570230380
45051,36869.4012700085520655427346968073690
45052,36870.0255225285033042783108143615236
45053,36870.7227932134854112989634908738056
45054,36871.1887925827994777900105524829278
45055,36872.3107341519150922474613248995505
45056,36872.7972981280935111517950036069053
45057,36873.5988052030940073356241241198744
45058,36874.3257321443426057561541402340576
45059,36874.9804607019192427394158929280363
45060,36875.7995554723391435810576714109294
45061,36876.4666186567470747213299397044340
45062,36877.4475138462983118028230469474956
45063,36878.4450798168204270732137583683117
45064,36878.9664501272543401861715657434727
45065,36879.3457396548101298513634641652864
45066,36879.9510053656394632944311104273355
45067,36880.8720282026471039361043342449880
45068,36881.5441594641739778542002651175251
45069,36882.1601407740460451743764899686050
45070,36882.7046196970980682759451834872979
45071,36883.5831270998252894830283065122527
45072,36884.8844240952405186172937802255010
45073,36885.5132821850424334568016742700507
45074,36886.1317034276028352347917392220604
45075,36886.5985287448809069968918326696395
45076,36887.6242601234870450173100986934987
45077,36887.7614938720955552131077938552121
45078,36888.9185439912518051920006896838051
45079,36889.8547589447627278287002197729230
45080,36890.2512352955501849968339878185070
45081,36890.8015670287421715425249395486847
45082,36891.7135211036373337083358118086607
45083,36892.2985359698099345572699385161972
45084,36892.7518302925589390351190462614726
45085,36894.1931687135171965818442243366162
45086,36895.0058360578438078787050294613696
45087,36895.2681415486923412632026069891169
45088,36896.3334460362476788302210563491006
45089,36897.0296293288226084234101813105577
45090,36897.6873193856220736443374535129092
45091,36898.2095932001717168660311171548129
45092,36898.7326863243246505618716661322540
45093,36899.2667333590654579064161028309539
45094,36900.4535882238615198941022378297306
45095,36901.0923363325863505299255396166446
45096,36902.0625312899789852554097124203650
45097,36902.5379981441893114227585356670526
45098,36903.3061041364589839381064354250208
45099,36904.2415011819736136543747171341525
45100,36905.0301174668233462724767334319872
45101,36905.3963534566555846260016658655560
45102,36906.1713307928325648185619377412695
45103,36907.3045691342127290553305412542348
45104,36907.6170163454038531945491818555414
45105,36908.2645800658873360478203815236288
45106,36909.2637476513212341430317592914692
45107,36909.4003666027730248318228079314608
45108,36910.5856083325229039715734753977407
45109,36910.7265548598407551068226106955357
45110,36912.3032047966250576144505746996029
45111,36913.1304618673111247879794824981974
45112,36913.7974685442603745951365696429160
45113,36914.2896190700224436110388188306554
45114,36914.9580954487903645989207817724938
45115,36915.3136874564606546285462554429854
45116,36916.4230545387337785412844836740586
45117,36916.9873825909436316706068005196701
45118,36917.8173457934615049004365045074687
45119,36918.5035836196216383991466891537970
45120,36918.9410692829663609289085191787438
45121,36919.9465938613597137602959995602192
45122,36920.9900436167956781446819022056866
45123,36921.3804529324236787686229179526190
45124,36922.0837519656600335417161995746354
45125,36922.8583968003246868683934206978340
45126,36924.0797708988629880574431062981173
45127,36924.4935217542957554984327079626624
45128,36924.9339188629577647208324917324602
45129,36925.9885361582605642297624382842431
45130,36926.3040124863303446999355632501843
45131,36926.8683496349022698050693479363885
45132,36927.7375714483013548008305238276315
45133,36928.3892293506495608639870929562709
45134,36929.5623101846172264656130249039395
45135,36930.2677580820110584072739913433517
45136,36931.0703268656150409587756744321812
45137,36931.7279283514605858969415736980099
45138,36932.3674929592105428662591827651388
45139,36933.0776971862572051457088055776735
45140,36933.6891199610969633581727653883525
45141,36934.4168848273716982588746220858552
45142,36934.8612469899719699197248355989554
45143,36936.2862396419501258744720677602664
45144,36936.6966423590998483246894132937997
45145,36937.2215295251775005140369548341006
45146,36937.5246621798750637555139665989633
45147,36938.7958763981187114439207286631726
45148,36939.5344787584244589058488987483548
45149,36940.6299550680825380785420989964243
45150,36941.2860079382320348816102068203121
45151,36941.6490544245156450565925739896355
45152,36942.6608610938444744596202937987922
45153,36943.0395306665894352563186619160635
45154,36943.9732212897895286819971835768313
45155,36944.4537372295582818024901019982036
45156,36944.9217189370573891597529052579895
45157,36945.8844808961585255186538866089494
45158,36946.6659008843702104211035559111566
45159,36947.5780127394249414248132055227633
45160,36948.3697295742492820806070798743231
45161,36949.3348883338552752977770814959053
45162,36949.6840451329331160904164821441828
45163,36950.2165845484356653292321741650092
45164,36950.9728541009798628988726083263944
45165,36952.2545772388582927906588726171022
45166,36952.5444205875679937454114969877009
45167,36953.3740928400171216843233935571439
45168,36953.8837541442678735283067426312571
45169,36954.4220110986292317909057388717984
45170,36955.3023374205754003620397004290706
45171,36956.2780417177191040010507464618087
45172,36956.4791615962344052477338881923641
45173,36957.8135483647528614039301400775481
45174,36958.6321289844511187570099547074859
45175,36959.4453490553182088131965524507514
45176,36959.9328670460740624317980805433536
45177,36960.7113528986801407653426098574148
45178,36961.0371442005504136021599861276769
45179,36961.5950244140733969860877925378158
45180,36962.8605883960515623510355673661120
45181,36963.1301878072100276730077798002785
45182,36964.1697539266638625250495676148542
45183,36964.7834139988554638762159252495306
45184,36965.5910534992309965945135777359845
45185,36966.2828050065437801820144803319913
45186,36967.0891022005795711738737163836703
45187,36967.9533928168563579997016547423782
45188,36968.6545187846039517707815872115807
45189,36969.1426505561397646455463728813663
45190,36970.0725455183505351611476538170470
45191,36970.7662918144500757797806935861824
45192,36971.4135014971177705887759567750953
45193,36972.0733573418117249390262219411745
45194,36972.6348549970570384750952424707391
45195,36973.3036323691804162511125776256625
45196,36973.6654730846050164886322300222258
45197,36975.4146809929638679481139269945123
45198,36976.1109256499768458714212086706935
45199,36976.6348467068806926350882828784605
45200,36977.0157424473489623502443209352163
45201,36978.1084915867771165016310309307995
45202,36978.7640022226630250324780164584357
45203,36979.1183839062716206290598630671964
45204,36979.9463519392956068622666787453475
45205,36980.8364660291263078342079567126150
45206,36981.4669829376456078721367727656926
45207,36982.0932064626955552495497509279057
45208,36983.0011143339785069769820262446415
45209,36983.4969102435441865769876428229922
45210,36984.3650251997561968340302632243903
45211,36985.2043583803963780957249008178491
45212,36985.9097129722882420822967736939510
45213,36986.8422795377620612029388268003095
45214,36987.5960376806699611930140794001738
45215,36988.3426922592923633894826616004887
45216,36988.5522319730916351498138760662605
45217,36989.2994244210716948854154469779924
45218,36989.9546290382545556716795452117294
45219,36990.7380538164541903736438583836295
45220,36991.5903922777873270713327246873069
45221,36992.2859365967495497593218555899216
45222,36992.9401118361451559930666448059865
45223,36994.2402736956184326805583614420023
45224,36994.9220853503710383715939863855829
45225,36995.2039638767064705390738776547583
45226,36996.0172072626796802118044460360198
45227,36996.5423565815476015147745659028145
45228,36997.3522312721639982197821281875590
45229,36998.4804431240713271321639124864427
45230,36998.9133150585264467947605595747753
45231,36999.4873563296187571218407269759600
45232,37000.2264152226063460591835317589976
45233,37000.8320313242462944778944057685053
45234,37001.3941305064766005971267398578391
45235,37002.7489136960559577938894432051094
45236,37003.1910010122822435048391266883061
45237,37004.5274796846030415368334646355430
45238,37004.7896239924096239752258985774336
45239,37005.4023194446186481251456140803914
45240,37006.0418220999543999414013223979578
45241,37007.1951474081245521225082770058578
45242,37007.3185138475824361690084590632850
45243,37008.1154348268230649090875395354176
45244,37008.5051060447039009808528769617846
45245,37009.9639219320971174492759254570828
45246,37010.3681755490763290144433376640968
45247,37011.3264944593952646241050435937701
45248,37012.0790785738666074725796328359241
45249,37012.5106630232591815629695564934919
45250,37013.3890046625500375221171282358048
45251,37014.2491180974407649342088239172854
45252,37015.0429759371629440712499306747011
45253,37015.5716043302347170656827691749579
45254,37016.1547253521280945852972393460393
45255,37017.0018898421426049019730449108920
45256,37017.7506796616378694257175716642541
45257,37018.2458772237136355831814434982969
45258,37018.7412120064477110525288378321933
45259,37019.6201737062980280342397331274687
45260,37020.7894960822068326072938623419865
45261,37021.5111936790537388535892554096310
45262,37022.5184333195918979964803356976837
45263,37022.9719937437320459099924828556120
45264,37023.4046579267604003294892643674048
45265,37024.2856140976714528976468298274370
45266,37024.6626575736760075597382369965643
45267,37025.4763311883820820409543843485864
45268,37026.5436425361908775685962147002922
45269,37027.1841098180110904728893522482712
45270,37027.6579426903456504934373477451516
45271,37028.3050766749449396847479523386040
45272,37029.1894645900373140072404037437468
45273,37030.3866946582162195687518730158945
45274,37030.7432085698164864315513452105838
45275,37031.3536843485076782022550173797713
45276,37032.3292347203801594139145355551631
45277,37033.0775308784778769052799655894579
45278,37034.0100204785437471271212899697255
45279,37034.5215211390274680437576823588249
45280,37034.5992150591877622555061297864591
45281,37035.6186543387205374724809326140183
45282,37036.2807547977147637682473705344460
45283,37036.9737523130602884403145164788818
45284,37037.9081016440928849381310184661624
45285,37039.1526684988699527499566149210346
45286,37039.4986290096511247766782492986114
45287,37040.1834504401043386339137363772287
45288,37041.1346047315071819531083317692732
45289,37041.5194221194420861943499412272105
45290,37042.2324611652876651850980460474082
45291,37043.0706798486401179186767016804197
45292,37043.7041228612136901415476850525414
45293,37044.4749366249900751224264253764248
45294,37045.1211313357993515026956415332189
45295,37045.8918011746316619622088688855549
45296,37046.7595966435202160381308767886249
45297,37046.9668419593338095849646413533925
45298,37047.8289435213719637044257293631148
45299,37049.3322406332996430867676933567650
45300,37049.9391730401539245295573885604592
45301,37050.2719246920789743482576255894501
45302,37051.1603596138485533822865346755390
45303,37051.6312928431436189050247220540519
45304,37052.4992538566882359227112098123857
45305,37052.8929739887848668249581062044310
45306,37053.9045431148158686842885622820613
45307,37054.3571018169476262992215771551150
45308,37055.0113234501459566226540740714285
45309,37056.2359380398683202094845102669138
45310,37056.9841773618738409611938009217151
45311,37057.5612324959890747415350266499324
45312,37058.5542836242233048917181960370666
45313,37058.8307491029555208643597126852600
45314,37059.6114885340725592443645130446352
45315,37060.4120208729412243979852523984196
45316,37061.3054242736751158637177575952491
45317,37061.9912303495350353227145220733359
45318,37062.7201289808030751844011028054727
45319,37063.0318429665710189867932780580063
45320,37063.5677809918584486015465656689581
45321,37064.6085818984863641496503992500366
45322,37065.3576234684461824440833856049666
45323,37066.3924411996495727156213820647580
45324,37067.1952887573134522181648602508776
45325,37067.6540443263377675901908603546778
45326,37068.8442077807344484516887285937580
45327,37069.1186992882291401627238277945952
45328,37069.8322213163563372184174877168241
45329,37070.2646913418120309910979778846971
45330,37071.0065940358297641591793679426868
45331,37071.8204372043593515473667882665054
45332,37072.9980395658236678868991921271535
45333,37073.2964395014327665046885301865032
45334,37073.9357895560501986575736750149500
45335,37074.8700604259180267278403006766784
45336,37075.8215731484749080142445339115152
45337,37076.3510765010241892918079202191362
45338,37076.9698787592892911787629065505071
45339,37078.2573157088507973292161614345446
45340,37078.4873898385882305189430079147359
45341,37079.2072952113374609139516730493769
45342,37079.8721890219155850043892102656418
45343,37080.7304689555569911599149566886108
45344,37081.3856009334049799556485669587906
45345,37081.6451356175372053739347054741160
45346,37082.5500776573159485858051540992868
45347,37083.3749259338807439574383671723871
45348,37084.9235170755371181678467621770639
45349,37085.1418308974039727000614999240755
45350,37086.0321456788596692298874148360357
45351,37086.5304001202628640135644300259692
45352,37086.7396650344575460918639522378113
45353,37088.1343139215922698356363803715995
45354,37088.5742690083149373974786762313605
45355,37089.3248855255436978583181310341483
45356,37089.9165327052357138356472108680667
45357,37090.8356252097001446487522873747982
45358,37091.3519561985269575473429352684866
45359,37092.1411090651382358130887976620014
45360,37092.9008109055424840060752751445002
45361,37093.7652412813182210723728316657184
45362,37094.4238786134878798325681778104860
45363,37095.3704320491772561826100226593969
45364,37096.2311721703462960127617801019062
45365,37096.6914338909893622611546955725017
45366,37097.2605716361269209295767735884328
45367,37098.0468073211213452167630802308707
45368,37098.6754219533850667766875918617902
45369,37098.9644323803461256010420449017782
45370,37099.9970589239143600421785361336063
45371,37101.1248595667863355358484580610187
45372,37101.5597118774352855733893263242543
45373,37102.4659946702182248664940449440912
45374,37103.3071238030853487451846564923975
45375,37103.9301358681385332753803943761623
45376,37104.8537764874301226705740895259685
45377,37105.2317897211135788310819433754120
45378,37105.6035324365828430751823971460681
45379,37106.8525570718675746888129421676721
45380,37107.7576052275167138374981599104597
45381,37107.9786702663130426069093886267551
45382,37108.9446832448643252374958195634969
45383,37109.2635954708815225377709200261970
45384,37109.9694974310716136544199764509501
45385,37110.9280440409074987256834389523972
45386,37112.1547232762581726095407056803852
45387,37112.7421446997296578555561313245254
45388,37113.3669969938474224087567185850929
45389,37114.2288799132351197388345244673323
45390,37114.6205495629456199102583919104793
45391,37115.3822195611290387291421591452888
45392,37116.0258668604718916260264080262295
45393,37116.6205733044093876567041640772439
45394,37117.5008494611689641679475066396268
45395,37118.2121696994287993596778169952502
45396,37118.6871004490832048902334376873863
45397,37120.1114083420271932389104460397606
45398,37120.6239365251932366831340448285363
45399,37121.1105918187334223181814502462103
45400,37121.8420666359626950831983029439541
45401,37122.6969386560204049465709700139474
45402,37123.4739484682788207867981926547576
45403,37124.3608180183290974386423823734454
45404,37125.1199500548823998019996627287424
45405,37125.2209404389955248719173684834460
45406,37125.9417152077619279336445560200042
45407,37126.9890956306955872653565865602170
45408,37127.7032156527548767308837273433726
45409,37127.8762404679791801993149483645287
45410,37129.0834669790270197277974614956758
45411,37130.2616067981138732643780541578663
45412,37130.9766344819738062194169293293959
45413,37131.3719548874153098499393350368280
45414,37132.1530288856177170194104406603452
45415,37132.7930352446259898890845703631622
45416,37133.5410996592345645802084118420198
45417,37133.7072654635734104720092342137282
45418,37135.0882639766765717966520463467533
45419,37135.5657014159597058828547165164210
45420,37136.5549042811681280546786532310491
45421,37136.8627742645498201533187816943943
45422,37137.5841873598925433953818103532395
45423,37138.5598688826729040494839009460078
45424,37139.4023116225875496625662779598945
45425,37140.3017174519064334339125347921907
45426,37140.7373860237481193536876875851242
45427,37141.5113402972997178353972820117362
45428,37142.2760280383008965580440152137099
45429,37143.1151569479730738429997140742657
45430,37143.6257995593518845421968370285683
45431,37144.1526167001414612750363078426079
45432,37144.6941242122033341272051052663752
45433,37145.3396458193161088931740029388889
45434,37146.5790838241786767693987046512628
45435,37147.5187665996664907927426328148596
45436,37148.0233136553363594942869315908572
45437,37148.9241452828087206532893896634741
45438,37149.6118215119973082350635568377951
45439,37149.9263119381322789394818521951540
45440,37150.9611574423496283996984217771113
45441,37151.4576778749130841871365305350084
45442,37152.4780971556609075780425468671238
45443,37152.8453946053596754183946314133497
45444,37153.7813325628349899322507216284405
45445,37154.3970970118828870838577403179745
45446,37154.9398856967670370443044368104530
45447,37155.7600951629485196852122068365652
45448,37156.8447075874696319142794889362210
45449,37157.0375265938621733863734024730625
45450,37158.5000043052884445057959840633029
45451,37159.2667818276629799111689034876989
45452,37159.7467226957691827282822373361789
45453,37160.0952165260095548120980163309503
45454,37160.8830198626210398755373151535328
45455,37161.4386869329061518982053875021094
45456,37162.4793306418723917021926392705981
45457,37162.9426721048313981459408589803603
45458,37163.6415160709990808655617074049256
45459,37164.7136744483346400453809616685440
45460,37165.1277739933914084677000734503007
45461,37166.5119796575923741029602322424216
45462,37166.8915983806902846549516591543431
45463,37167.5466225995818105383676378672870
45464,37167.9173996727620617905371165672547
45465,37169.1509788395279351375686077185676
45466,37169.7764517932369814271829053668792
45467,37170.3670253996855492270560587139132
45468,37171.2261641942333389384809924408639
45469,37171.8530738873923281055324659695034
45470,37172.2170558513567899420202665915414
45471,37172.9754778473692456692883611148631
45472,37173.6382926787174359121076118160235
45473,37175.0141956224960927272613861662051
45474,37175.7831001035577301629939424300165
45475,37176.4325310493979605738979924085115
45476,37176.7822037239994722877593056720598
45477,37177.8593007086737069890136530304268
45478,37178.4688829821576419845895108683345
45479,37178.9177316173945493642109328364550
45480,37179.6746767746092519099596671917137
45481,37180.1623114350100798863243589183777
45482,37181.1834779978165273957441268394468
45483,37182.1063363735166699440323263145913
45484,37182.6895548829382094272795549464540
45485,37183.2312645915870045198818574130867
45486,37184.1129950511473673970014545453601
45487,37184.9290590448366142135436009742933
45488,37185.7087256503245645769945130297566
45489,37186.4929201903333418561433520253704
45490,37187.1292793937951285453022603857073
45491,37187.8479890421025105008819958193795
45492,37188.5193152201675489755666858308216
45493,37189.3173314509648135123957914742571
45494,37189.4086758036043551110519845770356
45495,37190.5899754122868037932502614592870
45496,37191.1928128625232361542887322761166
45497,37191.6718346233745183942283198677042
45498,37193.1210534101270879855714731190629
45499,37193.8483768078831296317958882426022
45500,37194.4996151452830594671798995240626
45501,37195.1924226981267439154440010214251
45502,37195.5871575458371912562814662029335
45503,37196.3325294726437705804968227032304
45504,37196.8450240993831874322010855223659
45505,37198.1800873404538205105690190848297
45506,37198.8084109870103335582501328525476
45507,37199.0430142543655386109964523922828
45508,37199.7191763165706902742429056649615
45509,37200.6559372023118752245724382988959
45510,37201.6073297629305298781666537228481
45511,37202.0700194731537780942125722930469
45512,37203.0587983067659215662028585320685
45513,37203.8140588311443492935094076216897
45514,37204.6326562448761833891903485767559
45515,37205.3036410100590560793622238965215
45516,37205.9696520455227555971454222808509
45517,37206.4793017227685085875639586599443
45518,37207.0990495627959538629301887111137
45519,37207.7332369091828518648824532255371
45520,37208.4288168301753187398637454982671
45521,37209.3878247939415597039940750167401
45522,37210.1450710020002593323946397636808
45523,37211.2752243098932297645279157060014
45524,37211.7278362553527705401053152586578
45525,37212.1748039000373822839395842681119
45526,37213.3331508663130388301089542427535
45527,37213.8072355686712009945058838182176
45528,37214.4964340172897302769093673274279
45529,37215.3034194130558265848856414747526
45530,37215.7559023960790721286619406084554
45531,37217.0215921074885939285648729515807
45532,37217.1627467965443657326293714739091
45533,37218.1326582314339294458495393882259
45534,37218.5882621355769740818281637141744
45535,37219.0117231653583469256568115942402
45536,37220.6326870689631220885860969582172
45537,37221.2597817001123596068456847484048
45538,37222.1099166884138022178847882800826
45539,37222.6328233338807468317880624141527
45540,37223.1307799017143408067100219669027
45541,37223.8180520591033944286531662602689
45542,37224.7435390648840873908744752443929
45543,37225.2144352225695418505186634102452
45544,37225.6962518385917461053366615172185
45545,37226.9475403086468440707268454130785
45546,37227.3664886518037333912159683797777
45547,37228.1217272584815958516223389434669
45548,37229.0699445356414726490474471256116
45549,37230.0711887070551888654922391540330
45550,37230.3715927726526814660443780561645
45551,37231.0999555366097579359046875036093
45552,37231.7166398790129577362008764410627
45553,37233.0718041567832846334475593725011
45554,37233.5519277719231015039992736095741
45555,37233.8672867228072640623953879610133
45556,37234.6416122237134742214261682842725
45557,37235.4064884013342842396315512324411
45558,37235.7478092784397098234835698995355
45559,37236.7463689870016405133208476517859
45560,37237.7774322374724892175758896774162
45561,37238.3681064055833188069803827927547
45562,37239.3226469849177095433686858385540
45563,37240.3038567787987879309567860029839
45564,37240.6379469655873278640601218350655
45565,37241.2996508782144145272844375116581
45566,37241.7218751102627769318182659577847
45567,37242.7623575912769268291476083527289
45568,37243.1882534517485779783966591196033
45569,37244.2158838636256238418735124119951
45570,37244.9989200360225709451373594623247
45571,37245.4133213946334607688841453909762
45572,37246.2783660388008360555556399529000
45573,37246.8586129232405867569207689798578
45574,37247.8250574674689101185886676020076
45575,37248.6508683838841425569212120761049
45576,37249.4538719949570864418257046736871
45577,37250.2551008029408081031184865580248
45578,37250.6813688437503978363875265340733
45579,37251.3311775817624905918201891234668
45580,37252.1107607559005320202738986339725
45581,37252.9688604665081996315061168547652
45582,37253.3315575690578860049897179565589
45583,37253.8955740954401094295405792181719
45584,37254.6143051400021630830641930723237
45585,37255.9846582539071873038314161012874
45586,37256.8713286685971933003808208530818
45587,37257.4252252273829748415083676375581
45588,37257.7269480436170715777664603924870
45589,37258.7812316241285706043281515322280
45590,37259.2473793337427322018864267358295
45591,37260.1456072719625821626039511669464
45592,37260.7587168164687666178213043672796
45593,37261.6428934343573593857238351217970
45594,37262.1830583717854918346120407943047
45595,37262.8609817713859725148374037543993
45596,37263.4740228582328533911371650867366
45597,37264.2863505539330574219157883728772
45598,37265.0214189873204523909587680856180
45599,37265.8528170487080557628840410052062
45600,37266.9330833736694766791289752697366
45601,37267.4993957989828756429158395303286
45602,37268.1222085311907130309447773928398
45603,37269.1983045179392736163961406370875
45604,37269.5386445756360259419553696583367
45605,37269.7776461475855265352410901984374
45606,37270.5266729102266607217829837142127
45607,37271.6115101239929883859991270449411
45608,37272.4356203303108846409522010395029
45609,37272.9626337621992112169664184468909
45610,37273.7107250965531211856183337385127
45611,37274.6360468576055993353744082413509
45612,37275.5471402812384471529339910724377
45613,37276.0765389826583964849997745564076
45614,37276.7446350978852378894252629768506
45615,37277.3597921806950246312508748176543
45616,37278.1202208590144327310142294710505
45617,37279.1776506770485441397098373629451
45618,37279.6421985114622306924920973264954
45619,37280.4508797251234870631281576245084
45620,37280.5877490249061168881979007322247
45621,37281.5670488822649947703294152539510
45622,37282.2610361364776769637829249265073
45623,37282.9727084935339699490566147986831
45624,37284.5218808945196490335940799678651
45625,37284.9453835867972132206854617299953
45626,37285.4761134880536287199397465555038
45627,37286.0730442130226449982082307458489
45628,37287.0448089121234607931306169883876
45629,37287.3006174578851290369235966662992
45630,37288.4383849532119799533293347133793
45631,37288.7085283608505996369703151634856
45632,37289.6857910779008358884246221353687
45633,37290.1610862174944227322778318400532
45634,37291.4798705850424919927491954022751
45635,37291.6877933046122837270196282626563
45636,37292.6753017743211291041685421482852
45637,37293.4661819999798868800405423448346
45638,37293.7738595575646553798156417554404
45639,37295.2070532293243119835641448547756
45640,37295.8650309361521850928530590270740
45641,37296.1190153850915535547532290880419
45642,37297.0979097762695343956362980088183
45643,37297.4862114513226292450538645407558
45644,37298.3341928180165559102375262197509
45645,37299.0389243678272604667624172380625
45646,37299.4334781711403749107146081023211
45647,37300.3490033083560403209355131050143
45648,37301.5503887233577681051835778333095
45649,37302.0688240099174215216526432618731
45650,37303.1585563623857512360251802930316
45651,37303.5831046195754603622429022826399
45652,37304.3072077784861476039144458936599
45653,37304.8756632716456535022380488547299
45654,37305.2995723249148511529151005745470
45655,37306.4250056204712004558948791364713
45656,37307.0797572041585376798072404590964
45657,37307.9751022725152982194883522613838
45658,37308.5090811448699557160262582598446
45659,37309.0076995901403631622246026418125
45660,37309.4670205188453518556429463909219
45661,37310.9424197350826622559378780424411
45662,37311.6479139996637014593232177679050
45663,37312.1135382036578469506968881466437
45664,37313.0105861340630497783861690564495
45665,37313.9736539565601067557649054847123
45666,37314.3006808785140031565377066148398
45667,37315.1281763026067669928021520534926
45668,37315.6189853818494158649015367496916
45669,37316.3386825906450877350401913486882
45670,37316.7751400761688834512103027993684
45671,37317.7481622720187946334426590080971
45672,37318.7852792232693274760635326378559
45673,37319.4072681066724009838228064631703
45674,37320.3068791949445300848038588062776
45675,37320.9591726965735897993452557133551
45676,37321.7171045630658635883138417451890
45677,37321.9879159028067481572414277971378
45678,37323.2280919616953250900557488880266
45679,37323.6865055862629061897597402203897
45680,37324.7120780973087226379470858551894
45681,37324.9827009558334763403836043724000
45682,37325.6008157722732579780445068881929
45683,37326.9018933870269096035009706364058
45684,37327.0039832177988934465185219392748
45685,37327.7043393168140008105510789835480
45686,37328.5735704022671019654561595113185
45687,37329.7959624943402266503633382942764
45688,37330.6992246886065988825250083781104
45689,37331.2448591088717961713050994998837
45690,37331.6670847280900273527938626612322
45691,37332.2411534739041532887018572821416
45692,37333.0443992776138147049695361643288
45693,37333.7818138032020386945983052743203
45694,37334.3178072145640591045640537750127
45695,37335.3860932869258408819198577482828
45696,37335.8036368041728428491328925720151
45697,37336.5511277461490101650254227155755
45698,37337.6037460983107170586636248921836
45699,37338.3161021042977856080108235210727
45700,37338.8291136021608754474297123901916
45701,37339.8170998075666859280300374889189
45702,37340.4019879581954496612873714035224
45703,37340.9709445056225586228423948609635
45704,37342.0636069679829554029581063672729
45705,37342.6657548362367081557465633975768
45706,37343.2890790186358130394400634376162
45707,37343.7795224915990524584152302116406
45708,37344.2611987069846944112421301917068
45709,37345.0911047951036210641545406874358
45710,37345.9715369204042623943390571008062
45711,37347.2968451360699147910585217621977
45712,37347.6314997541157048800125679504124
45713,37348.5188973937716424056912133334866
45714,37349.0336508772359554186143982766593
45715,37349.9334553275468787929386399872517
45716,37350.6684524110613029559965963638576
45717,37351.0251656664411351074184947099260
45718,37351.4350952866682169139606754066038
45719,37352.7935423557804723766917404201973
45720,37353.5242574557225100162422379333472
45721,37353.8622039142412908004986107332285
45722,37354.6099314835867499068084557518026
45723,37355.6440157517299626653955073114386
45724,37355.9708894037282549008003986061464
45725,37357.1185861460185250919061566274798
45726,37357.8589742932626816154800360182199
45727,37358.7488049089397700468189315798305
45728,37359.2788059747437635163741420395451
45729,37359.9641600751924022108720527206026
45730,37360.4557021420674342399120762155813
45731,37361.2085226237343620834637627038170
45732,37361.8992482135937148114277910382024
45733,37362.5571167944358303711351312694785
45734,37363.3367210324097081447979260383122
45735,37363.8676422347465484790119893222773
45736,37365.2166336897523826631376556382609
45737,37366.1115294218779255140398029223613
45738,37366.4885617585031432127367800637516
45739,37367.1634869344710314704326564820434
45740,37367.5554317138932718379496979020377
45741,37368.4639757451730119716333654782971
45742,37369.5477126618112015699867754033103
45743,37369.9769970576789474620243194214823
45744,37370.7872597400124491818981333963746
45745,37371.1646045031366647476581091634480
45746,37372.2169277192715937514671927191915
45747,37372.4482211495830167161481442019227
45748,37373.5822081824128132675056178897933
45749,37374.2030201235007870711722452824589
45750,37375.4246151669474398825999342393177
45751,37375.8279365567913537245380500815121
45752,37376.8489455687906255526459309030314
45753,37377.3171212378671263099980439227027
45754,37377.9949914963858711193800981474824
45755,37378.5300917189034504703904717077849
45756,37379.4249183421705189938420483865346
45757,37379.6451030484827270629735927394227
45758,37380.5574161951410826229360284747510
45759,37381.7746098657580137843057112509396
45760,37382.3608277723499162499878755534650
45761,37382.8821742781849985571489770899787
45762,37383.6614162375677656485213256860680
45763,37384.7642640573576824794159843537442
45764,37385.3812278514982385231389962847551
45765,37385.6442663546635350329650000009956
45766,37386.9544140247522367718743655686348
45767,37387.1986470142291235495924940834502
45768,37388.0276927534386503654376423989667
45769,37389.0307840281832200901107102027454
45770,37389.4354415662292335353120646647484
45771,37389.9052497546907736535953725446634
45772,37390.5528159958518024229508053386299
45773,37391.3947989221848516970167000712679
45774,37392.8541339826740325101372222362578
45775,37393.2827446676196719562306549720675
45776,37394.0863488321419889106094843613308
45777,37394.7930437468527242931657359555855
45778,37395.2967123338529221724614341588480
45779,37395.9003390975827716479460061235433
45780,37396.4942350907537670084575650111833
45781,37397.6006999549716388787075348040001
45782,37398.1106883227779615739277709853630
45783,37398.6654528652835172078858429105998
45784,37399.7814748814165674221237912932362
45785,37399.9713679808010495333395491136841
45786,37401.2585196191801408131846217027128
45787,37402.0601435483632747963647537526658
45788,37402.2932801671236432929053115472111
45789,37403.1741490429249693148130442942033
45790,37404.2971079117298244099606512396714
45791,37405.0358992136375419294143238282620
45792,37405.4732499616107891315148418473749
45793,37406.0804535111364328323351783891616
45794,37406.6265662766730237811803714383293
45795,37407.3064005746520647072467612740223
45796,37408.1747134120410935493554462365317
45797,37408.8860492904704873205053894235996
45798,37409.5106943235986919281456824524565
45799,37410.8740213731581949730566953484377
45800,37411.3886542997334496760301805581839
45801,37412.0265965907346306720182355800530
45802,37412.8005322369166674968645493709932
45803,37413.3842424074023480162825131127754
45804,37413.9839700441447486925179837809925
45805,37414.6560313974732490327487818588806
45806,37415.5153371673685248220592701059882
45807,37416.3578178438432969565626080732498
45808,37417.1251185038135727117694770487182
45809,37417.3845763838232240384714745264389
45810,37418.3107961983776448697788868504514
45811,37418.8129268155691285011058123292316
45812,37419.8845908890883777133186972282389
45813,37421.0097268861250253616479979645015
45814,37421.7074778952756705423322467873494
45815,37422.0109065972915417421004525987007
45816,37422.6077679647595106822163480337589
45817,37423.8920053862855946606188734043884
45818,37424.1161965441594616723139961481040
45819,37424.7254895968033463499573020028591
45820,37425.3633187397591738455444478855344
45821,37426.0432060950755793924474472482358
45822,37427.0893400145921766370336904608741
45823,37427.8453744275089944819458998045432
45824,37428.8491000201217306445362028897299
45825,37429.4859936058964851651047636547726
45826,37429.8152576672133059533353573802985
45827,37430.7858113647160976593418143164158
45828,37431.5351283097980648402505666517286
45829,37432.0676624967492318441595203651714
45830,37433.0572944699406906954299369439094
45831,37433.8632380550093224026825454101266
45832,37434.0812876892097377896898637450311
45833,37434.8363785858863556626587186036459
45834,37435.5835547630209193973300550844828
45835,37436.3133622882260913289402855204398
45836,37437.1222990434533201226232973625613
45837,37437.9443200326672253991510992336521
45838,37438.9015274960556927181665362381628
45839,37439.8378856573061774287214011587642
45840,37440.3516941133602278748165540119815
45841,37440.8344456403376578944655820592196
45842,37441.4183297591531467208460390943760
45843,37442.0649092811221428236693770649262
45844,37442.7336932080176081116770663771979
45845,37443.9298730299917652258276932428980
45846,37444.2831985145718659187865288023135
45847,37445.2088163712723475005242642315809
45848,37445.5307210818131692315298859770422
45849,37446.8855960475953153325567719548920
45850,37447.3526236261051245950956056260012
45851,37448.2577932356894888305320508024832
45852,37448.6690043930619863561345234875728
45853,37449.5968680872946971467167550340137
45854,37450.5013940651638442799602064359734
45855,37451.0025625295609344998255078577554
45856,37451.6547607161032732886356893955323
45857,37452.2677311095085606121502694010108
45858,37453.2340483962178557641730710223762
45859,37453.4892885237432882051470139562526
45860,37453.8723893365042540713850945147152
45861,37455.6450702755947380696873177593011
45862,37456.2295758224433889501922973289494
45863,37456.9823598336911374672940114172551
45864,37457.6823861112750700052175333579085
45865,37458.0158969866144087758154292829631
45866,37458.9693356074552656020022120042794
45867,37459.6608525288330003487852729859610
45868,37460.3475732980953031724026086266875
45869,37460.8460452950114832343230822031401
45870,37461.7136907835296816906185822415589
45871,37462.4644690533866333125716419820667
45872,37463.4405762047669150853495781684320
45873,37463.7658269875016141882783248520832
45874,37464.3340180164446621539699185789264
45875,37465.6296416014288399809511966284123
45876,37466.1310264667663088262677826055409
45877,37467.1639459775526857914540568670581
45878,37467.7826712277046531788906449559422
45879,37468.4999938536798418535988651753096
45880,37469.0190029536263000191861273731051
45881,37469.4926049733597246700260466945703
45882,37470.3832610396353051289920768126468
45883,37471.0523348173467111413587594058539
45884,37471.5228508901649502121971397374034
45885,37472.7046731058667410676380485694852
45886,37473.2682599985780672866540694142391
45887,37474.2306122347645086874303077308274
45888,37475.1354749246802954892026901378416
45889,37475.7817154651985063779678563039150
45890,37476.2352253340412782135324840065091
45891,37476.7652199044182452987384278410796
45892,37477.5012448558811636717517467086287
45893,37478.6997050778869112651288312988928
45894,37479.2986789376463741094310065675206
45895,37479.8709398674686488427223712852463
45896,37480.3143190847335310624009201331525
45897,37480.9573239663550677715752239480214
45898,37481.8816874041910029089252118981669
45899,37482.7053948180891369878661295055884
45900,37483.6484657991587606883478346418731
45901,37484.4215339942706214457592434344396
45902,37485.1515726188526450335609707928032
45903,37485.8095392052755009774485424930017
45904,37486.4269336388862920512012821442061
45905,37487.1463266743773964401377641531019
45906,37487.7221534362224907044662799430309
45907,37488.1343643470477754941222819577347
45908,37489.1675681574170542106075141245072
45909,37489.8478771087166081978063407950369
45910,37490.6299062357674201619811043643791
45911,37491.6767111368396586916465313460232
45912,37492.1326290980178488850679145389201
45913,37493.1050510705342148201249624200628
45914,37493.2772911348610695384381176552108
45915,37494.5462919772732397201492407638730
45916,37495.2848313940652463729609983050698
45917,37495.8881961094966711943690188272870
45918,37496.2353657824698066033432782986191
45919,37497.4282849672221398653044830740574
45920,37497.7686472929846925004801714799809
45921,37498.4952759534242614307458853980560
45922,37499.2694954506007635474752520690677
45923,37499.6769199402045947368701648749875
45924,37500.5985936092138838916215703929715
45925,37502.3230644846476199024738484019714
45926,37502.5349864694755313422971600633294
45927,37502.8380563318507707690357970411261
45928,37503.9098984645009373587578653386267
45929,37504.3492089444168750651964100401061
45930,37505.0736221711203136760870049468334
45931,37505.7287801914418909574457276345044
45932,37506.4948931201457220072834344101953
45933,37507.4255016015334292401853199823558
45934,37508.1025425500505243945608658971474
45935,37508.4059293487337168520824962381987
45936,37509.3847821744651811840389640181170
45937,37510.3457203413849578248785043614298
45938,37511.1806197108679809872373791189159
45939,37511.5163934250516250391565209596295
45940,37512.4960830022036685290714127028247
45941,37513.2957741171747940226110988118209
45942,37514.0053353577195418116933357580990
45943,37514.7412053028475082334625295987907
45944,37515.3086773827107889399831912805569
45945,37515.6735589875108051632026902452049
45946,37516.1920702283881577391902053293344
45947,37517.3991407346908266106597792988708
45948,37518.0166366939623873794236327261666
45949,37519.1557767237087006843364597282457
45950,37519.6701937634663600467693293497358
45951,37520.4623213960053719374773846869122
45952,37521.3957161418520685954915552757393
45953,37521.8698897484885496777154441866791
45954,37522.2496662680190655124388934917165
45955,37523.1533134782073547489432821646976
45956,37524.0318243971760299663892324944034
45957,37524.6013973371190977944592293559767
45958,37525.3708302442597522473248544693108
45959,37526.1616286853156123817345042641837
45960,37526.6417222911361760571236036932303
45961,37527.2759617336255135289448465056247
45962,37528.1614989411451210212072368200983
45963,37529.0974049882753912363862354458105
45964,37530.1702089279155981421496293825832
45965,37530.6337102775945971851681864083509
45966,37531.4475738805946177097081881910693
45967,37531.8664538864270579327029451171720
45968,37532.2834863510860140624466794756208
45969,37533.4485381542265718913480627327352
45970,37534.0297632873327439357049805442375
45971,37534.4971264161780509790822546226368
45972,37535.1513784312731701054976462440222
45973,37536.1792679978527165942626615842622
45974,37537.3652591631413649588615919013128
45975,37537.6723951127857973667717222300419
45976,37538.5914739302944822824340286356488
45977,37539.1183813267535149570270302420675
45978,37539.7180279996042300515294743494095
45979,37540.5573870452674891181122267204514
45980,37541.6661311928916452116131890516427
45981,37542.0657942215644377048064503170936
45982,37542.5221599188670183640926262868238
45983,37543.5048868312826940148951691668851
45984,37543.9315633231835165258608096503967
45985,37544.6978972994750876086362950920848
45986,37545.2320020647022699056385225466271
45987,37546.5694442427603537244965047961403
45988,37547.3469007559509261090958860023275
45989,37547.8316012847128303142935040950582
45990,37548.7773132044849748846602752859038
45991,37549.5537801063838449075359242861727
45992,37549.9048476643414479767652956482936
45993,37550.5638332747458265162709074110438
45994,37551.1815775927882532721504381822522
45995,37551.7548871501360040406169858830846
45996,37553.1466732851374375188524586738807
45997,37553.5153270331504748206060631345824
45998,37554.1625257245471142136204329023011
45999,37554.8374117125410387276623192139193
46000,37555.8285750699078061382478938996350
46001,37556.5569307193152201196872746883888
46002,37557.4677767396808092946093463065160
46003,37557.8396002942679645195847270485009
46004,37558.6795505401748545958501342120307
46005,37559.5987141468939490615631002983667
46006,37560.0731708656301775926628310140640
46007,37560.8941515798244926574134379360541
46008,37561.2106900417560128135073060949830
46009,37562.1868390106517565588124854025024
46010,37562.4581598043248151336644288552622
46011,37563.5322928609986844868486052142627
46012,37564.5473153929534123509811985413362
46013,37565.6599862115435413393275659821160
46014,37566.1445672056291181199523903171215
46015,37566.5514041634907765371322447305972
46016,37567.0771361869654292713273213609017
46017,37568.1698094152904526992992246125441
46018,37568.6144798363816101846029823315473
46019,37569.4438553785189803698852756664467
46020,37570.3125037822755269136823009035664
46021,37570.7902308477307256778115240136173
46022,37571.3343295445305173315409228659736
46023,37572.3295668444792162557112794257854
46024,37573.2046419395753722830284198881825
46025,37573.7197763069418750032529076346014
46026,37574.2731593903174848567537182217918
46027,37575.8012677734986023197120449398724
46028,37576.0325541404309465516886707798571
46029,37577.1108017794690728502477287984043
46030,37577.2869441979957033895629874784411
46031,37578.0178443772144640881200073141187
46032,37578.9082935965746149256950098541628
46033,37579.2127692615951506649035284956553
46034,37580.0266723681138159315632722387064
46035,37581.0190430856833803002841062388988
46036,37581.6462617666510210589043302170254
46037,37582.6013177374584240461433414236827
46038,37583.4124463501030266720332118613260
46039,37584.1621378223878225051936615338660
46040,37584.5496192493533839940613144464782
46041,37585.5607281983475150992253178749132
46042,37586.0507527014582452253536934745754
46043,37586.5322345386591000063165876661889
46044,37587.7126511977520809764779051975852
46045,37588.4046451335163457795151976362473
46046,37589.0145142533973418213643868746717
46047,37589.4540661677311909258769252733806
46048,37590.0476129766249268826385468730922
46049,37590.7719554273867910159881904466084
46050,37592.2357067777885058237729556453473
46051,37592.7430747301814435703442260577102
46052,37593.6236624022100767145020350063621
46053,37594.0681736723193719349487545761203
46054,37594.8219140833735269434220763543914
46055,37595.7078829495504188071057078246367
46056,37596.0989171615672599859828283542920
46057,37596.6028816218264345226853087803621
46058,37597.6454492232193747768388308603554
46059,37597.9743741290376512043348182800922
46060,37599.2067194065159083778709818873286
46061,37599.7743712112738552882995698012679
46062,37600.5541960851153232650145619573779
46063,37601.4338893046112899876889182604546
46064,37602.1092502457913276503802701278166
46065,37602.5556509952944048070274825254727
46066,37603.4087722565834917454111770657518
46067,37604.5224508206133501311409405901239
46068,37605.1093785872719258615145852054629
46069,37605.4932318084878272492878805303565
46070,37606.0571457403024167079900690848107
46071,37606.9172961843150133778819380411097
46072,37607.6682993267699104312743325819937
46073,37608.3422583935980889989538020863644
46074,37608.7876279003068951851195419456070
46075,37610.1228371088825107020879500835872
46076,37610.9823358819524425629908373741625
46077,37611.6479243525318057324008532173006
46078,37612.4202022171518501751299201551823
46079,37612.8044652361982076809905581665652
46080,37613.2424151018039728611529377899551
46081,37614.0501815322592409003201199446917
46082,37615.1070930540963950436427744984358
46083,37615.7948973196504238100362553448116
46084,37616.1326615292954348436217134584278
46085,37617.2146222080474192094782201205087
46086,37617.8187667002724894315097581059014
46087,37618.2589324231564271782227970579516
46088,37619.6596068841357218390092200457685
46089,37619.9750081789060694039495146622297
46090,37620.9150751416405450786493121022777
46091,37621.6992438916636565468131465841666
46092,37622.2376755304087984596664951484941
46093,37623.0526560762617159247147953925222
46094,37623.7707089763409475063352983238430
46095,37624.4108767857015973957989985896501
46096,37624.6588689666303841414632996340422
46097,37625.5918649934194410306526860436346
46098,37626.0801524168259381652602150286507
46099,37627.5752436187708213191392228437180
46100,37628.3643526781449951271731726635071
46101,37628.6607874633365841508095859287595
46102,37629.4823460685241634962526035027173
46103,37630.2684757482789465362012325848159
46104,37631.0744586931502060161919349696384
46105,37631.4274945904704733507922800928498
46106,37632.2985874460042344579867898064587
46107,37632.9895496023347360080284233978277
46108,37633.7734650338330948277695870553257
46109,37634.6405193585785392477806991861978
46110,37634.9473150756062889806521103867668
46111,37635.6775426197106071109332845576393
46112,37636.5720155805933226450519910966104
46113,37637.2871319807937676380809252530345
46114,37638.2997391012138646054126157382962
46115,37639.2396584987763907562065181316545
46116,37639.9285988214086385519737433286964
46117,37640.0811212331840476572759652683649
46118,37641.2104735966296916104851405856963
46119,37641.4551320438872828676741873172379
46120,37642.1560372208131485738860525885111
46121,37643.0183469373315271607706036833755
46122,37643.9198777503773472225327069441622
46123,37644.5133113316993784688294525082415
46124,37644.9799525834700798901088280904819
46125,37646.3847168432488132327272788634526
46126,37647.1573916660429720545522671374137
46127,37647.4562232539390391305692698851336
46128,37648.1417560923938883150578940260505
46129,37648.7632729917039660376392072162858
46130,37649.9358612588875668451482479283291
46131,37650.4103592257188390370535173205379
46132,37651.3454245097872055416273514378160
46133,37651.7232343705724894708375295326429
46134,37652.3590461378006062973838153559737
46135,37652.8621512621187040330394679266008
46136,37653.9098272791696474995775908591691
46137,37654.4808598667327743426223172036287
46138,37655.6712886993530938741437134511111
46139,37656.5062738838720321873276601632462
46140,37657.0756461158138205371340250265321
46141,37657.7853534138102906135955237540282
46142,37658.1743692985864910870550220044518
46143,37659.3150122109507477866697591841821
46144,37659.6403814644772248844818849204636
46145,37660.1613903088809781451020803218450
46146,37660.9602683167638896677906836552067
46147,37662.1590060956189855144627297432926
46148,37662.5447963243522753963872878680562
46149,37663.3702966276775287754956631777408
46150,37664.1253189938853007638119799407274
46151,37664.6392842963807176164519185245648
46152,37665.7063131236684182505152212123618
46153,37666.5101401350449980167506073319178
46154,37667.1909606931157582039603708671501
46155,37667.7166535826500260739245100652166
46156,37668.5709440494244111886670030440351
46157,37669.0094160792831414542533718022478
46158,37669.9506894832886084145717835103482
46159,37670.5968305454256277968503001268829
46160,37670.8628923258204709526084502699406
46161,37671.6389761824464493979436405297520
46162,37672.8691830787022863801762661884883
46163,37673.8284630277051497168290581013831
46164,37674.4439809799048090230294449381619
46165,37675.1185507404124109996433367240812
46166,37675.8769417556717759987263011932746
46167,37676.2147410071025048520455440412769
46168,37676.8703250615553568984857696994683
46169,37677.8586242422523261317459833003382
46170,37678.6338849316564997819815777653305
46171,37679.4532041589918943577389808107502
46172,37679.7647421380957706090325498420439
46173,37680.3868748507781150234222566539367
46174,37681.4374363387855168965336208040461
46175,37682.0459951085428985466565924696383
46176,37683.0405380756965237796559306168341
46177,37683.8633394718291452616367398340769
46178,37684.0976604552375770366877895282994
46179,37685.6424425723002490030254655194855
46180,37686.0078491154156528367681724496889
46181,37686.4202844711253796080817636638188
46182,37687.0067241129390900161080707669037
46183,37687.6612460606589918732978927314177
46184,37688.5918836131786647142114222110965
46185,37689.0454658730626090489547921781893
46186,37690.1532891842738813006072297004869
46187,37690.8406865874240467394801936953107
46188,37691.7268879138297746218912387153786
46189,37692.4203620473775387907612589734967
46190,37693.0952097545474291027514524931277
46191,37693.8519455318552953414205109534356
46192,37694.3513795999120112886712693313483
46193,37695.1269798888204606838154931867195
46194,37696.0374021400790232124556185677497
46195,37696.6009328580784369203599897241792
46196,37697.1972921136191197434222009180526
46197,37698.1767119899390753421101384331501
46198,37698.6041098616873075639246184845831
46199,37699.1609970003529659006916596138932
46200,37699.8024871593412500848138130834497
46201,37701.3612663046453455228084997785685
46202,37702.1467313811247671757510671891537
46203,37702.4976376506855598471110984758989
46204,37703.1108917773478831382269543520434
46205,37703.8867458127420265275430744349303
46206,37704.4422354492738504513115801657644
46207,37705.3389489539841358387291009942495
46208,37705.9074341467061079182632519511105
46209,37706.3300993345105201016031412399373
46210,37707.4314928748226565351199308256274
46211,37708.0639160988549938734299478315137
46212,37708.9232045462635510066889261503021
46213,37709.8838480303355532610793717943204
46214,37710.2112689135830226857563838394203
46215,37711.2754789729671884241713620595133
46216,37711.5354932846402157114809863141218
46217,37712.8906118653443778954832778194609
46218,37713.1629102563016754370002984018911
46219,37714.1177626031584256200363817320331
46220,37714.9100046484606110046797391014121
46221,37715.0202386432182077769001255882959
46222,37715.8972410080417997936144016870065
46223,37716.3945343358639351857112496125378
46224,37717.6450367178226008328182333121947
46225,37718.1126366069847922424297804529697
46226,37719.2043468162226183455799531120792
46227,37719.9855430781194521307359785965513
46228,37720.7108512380126554835071941374965
46229,37721.3054790457269743399469481173900
46230,37721.9190589289169292850879784456403
46231,37722.5266801937193049589303876410156
46232,37722.9074765468654072405103620331720
46233,37724.0863963253327166900694664873016
46234,37724.9867319162833234618754449562732
46235,37725.4327252616939048095539159801316
46236,37726.1386123491581669608048137702222
46237,37726.4765446872066727073921408778984
46238,37727.9800384327323518169454886896184
46239,37728.3318830589186051990072894998060
46240,37729.0675615789076143181499518826157
46241,37730.2866938449927435592490026853346
46242,37730.6950968568268777044416813832872
46243,37731.1815635192262595106127208365537
46244,37732.0843590507002115617368455793491
46245,37732.8171010988963526055780071434081
46246,37733.2240706782501955073913147193328
46247,37733.9131099912826865144190079969614
46248,37734.6069046054068234817432378131695
46249,37735.3028156161537702611419769638763
46250,37736.5892025294759800786642895073711
46251,37737.4762895667827994226201735998075
46252,37738.0024309773162579899004164824818
46253,37738.3258125303464372651916590683766
46254,37739.2154308690573163066337165449448
46255,37739.8776144199699808579690481761666
46256,37740.8656184089002473032298384992306
46257,37741.4122249527087728209734018885884
46258,37742.0179135156014481704543765471912
46259,37742.6594159897645356778907003800871
46260,37743.6096424264343526832687284988282
46261,37744.1858066698535666041100716164350
46262,37744.6679971462523306551625747691369
46263,37745.6364778310133219156096279532157
46264,37746.4511865565717279610336341000131
46265,37747.5925466612179189522142439218435
46266,37748.1044658831412541094909342084482
46267,37748.7323785163362439798768784335050
46268,37749.4824016685198083720075775494418
46269,37750.0327226052416263560737398031344
46270,37750.4809834464358049236422319878860
46271,37751.2644347583553978730652929715820
46272,37752.1062722428601865872120494962837
46273,37752.8659999646832323172294214583259
46274,37753.6256012512265376370353236356197
46275,37754.5390512835754885153672862476733
46276,37754.8872836403366231141493546919996
46277,37756.2524926671373122095781688872470
46278,37756.7032179451578480485510488047269
46279,37757.2275424238077547747270278627240
46280,37757.7947412957631441434712207331473
46281,37758.7693217874574992050353199798896
46282,37759.8506351981489407512884931283508
46283,37760.2215492180677964551045969196668
46284,37760.5838651444375849983116616160118
46285,37761.5327941308959225131595916275649
46286,37761.9726558506087171383224267159525
46287,37762.6200281304733237506070600574018
46288,37764.0209140249647349310906773129856
46289,37764.8284680930465573468961327403421
46290,37765.3140455278052194816161437561962
46291,37766.1162569790686854123579039886834
46292,37766.8567676209463749204622762789522
46293,37767.3497417519741009278517755052161
46294,37768.0359059650916222535449596526531
46295,37768.5772519171630689334376742129314
46296,37769.6285629312211457838881133116104
46297,37770.0709680777534826490057245098586
46298,37770.8395883874336924690354696990673
46299,37771.7680230753657213907560292756624
46300,37772.4431282751742575395800913155976
46301,37773.3189882614742219509598404608859
46302,37773.6164368526353605309017884324051
46303,37774.7098700533806692437523653232856
46304,37775.4954618708692336961237041594066
46305,37776.5109389677443713626538961265047
46306,37776.7530962130587556587329500491036
46307,37777.5315784995629021167246905195544
46308,37777.8746302760886790676303599696559
46309,37778.9897033499263946279388141955714
46310,37779.4594790039134548796809973605630
46311,37780.2196784275835941721924529640421
46312,37780.6496639492911731713657062221457
46313,37782.0305987849051775751266218333192
46314,37782.8481836781841064774547873110797
46315,37783.6388700806508867437486994542083
46316,37784.1463635007734611214608108210007
46317,37784.4846301062058788564427003550461
46318,37785.4469939794080109543266030576808
46319,37786.1886463767353565061506556020888
46320,37786.5908825629231122118640662014973
46321,37787.9297234685835353667411675019360
46322,37788.2787033892590962268135840045990
46323,37788.8871749436731513892282166052652
46324,37789.5125612987035486698054093800683
46325,37790.2370356394965337439062027267362
46326,37791.2820502156491630133641736216802
46327,37792.1271593684612140692596486978370
46328,37792.8046431096398611766983046558308
46329,37793.5636082423664265043380175778106
46330,37794.1403937347765918886229721441641
46331,37795.1194737735697188045916506030232
46332,37795.4701068588091170920299758789373
46333,37796.4115536078307698867863791368973
46334,37796.6262255479144859567088914951513
46335,37797.0764141514011066553881910107877
46336,37798.5449271416395816280357607882026
46337,37799.3367590976989798932084724294465
46338,37799.6753107504790337398506676395967
46339,37800.9295208057734188704946331648004
46340,37801.3996349098601329761125358502594
46341,37802.0133818091771332704149664239807
46342,37802.8489153340013663627558612083415
46343,37803.4971765953475085900051163184151
46344,37804.2787295001603529931592079045194
46345,37804.8844276835629790190123052282413
46346,37805.7382347847965076912202794706624
46347,37806.4167170052382084933525496453183
46348,37806.7534297557691055233973882766636
46349,37807.7144556023421126891745785493582
46350,37808.2814464801782219449584521295578
46351,37809.0892748310064049745694534492973
46352,37810.2739534380492640227879770221455
46353,37811.1230589977612044847183861663236
46354,37811.7674046759565207236767139561181
46355,37812.3037623927446145075605473181235
46356,37812.5283953376223453350682322101295
46357,37813.4576427128815836023194617500477
46358,37814.3943771333386984480391695717314
46359,37814.7806078020365162551687641486921
46360,37815.8992217190418229942304283479012
46361,37816.1531841045850141775263232728594
46362,37817.0706509964382130396493725115289
46363,37818.0323116331942722458660689616279
46364,37819.0011633690637938358329712250874
46365,37819.2332654029552859774715046606259
46366,37820.0962202184457282594019123959433
46367,37820.7732699481546394918714633634212
46368,37821.7870044818430475682436923790242
46369,37822.5277227656255499197256298099297
46370,37822.9221502344211220293956769694093
46371,37823.6479784693336932267772076260633
46372,37824.3592132941590710117765018843491
46373,37824.7798344219445655319280718188663
46374,37825.5982700495373399684747672646067
46375,37826.3125986999221811837558947347879
46376,37827.8111518982716789903042923030697
46377,37828.2207227766361234862619236989631
46378,37828.7168805779047148774765635232498
46379,37829.6217889677239043184722943110064
46380,37830.5469095136346052306965411382350
46381,37830.8773542169632169319876590374446
46382,37831.3426999155489596867480767300221
46383,37832.2267592860690488446228076382567
46384,37833.0446801126295907750704332481185
46385,37833.8039311419776718994117434922346
46386,37834.7216529941013166335417411329870
46387,37835.0791099313907839736983836014431
46388,37835.6420695117400844885235537553892
46389,37836.6012675291671803753793015178728
46390,37837.6977696145659186420620977019398
46391,37838.3960833970136030164741884459621
46392,37838.8865563715560238201873671956859
46393,37839.8284951305360992126300545179568
46394,37840.3199557113649630576569984872803
46395,37841.1467470667297909292012681427335
46396,37841.5179321214311647715084280524817
46397,37842.2866964618958171327888635395798
46398,37843.0376327984833436065127628458039
46399,37843.6389356452405978434653866591899
46400,37844.4286059853791317782802388659851
46401,37845.7824660885362946283049092504034
46402,37846.2722097902093473416321802748917
46403,37846.9073329508324811626294862953652
46404,37847.7051767279445451762565545252204
46405,37848.2651993914063984091092425721006
46406,37848.5198319523042625249853711033982
46407,37850.0595915121208459872799793523402
46408,37850.5741097296517467442980066429654
46409,37850.9645725493716920481190030438310
46410,37851.8221379608833728628072415992875
46411,37852.2103175322697367455274948105601
46412,37853.2297910527930689177442887438305
46413,37853.9290881716798423522269826007375
46414,37854.7102921405249695253775755955112
46415,37855.4609736521314959562932226763330
46416,37856.8073532333114992438036214428587
46417,37856.9251997753521676082573334516595
46418,37857.8341945995793384310125323672066
46419,37858.3679335026248765989373131204211
46420,37858.9706820219583852241884751006528
46421,37859.5789296794261650170524529492809
46422,37860.2350923797279180975497852571618
46423,37861.2065672185502661213438692950412
46424,37861.8525168340962195959325663670973
46425,37862.8514295284935346453790883802022
46426,37863.2409461677204065657230388349205
46427,37864.4055005424707830025869408793599
46428,37864.8082646307416005294408653198784
46429,37865.6298401061661649418258554572757
46430,37866.4985617148759935257511283837666
46431,37866.9946468979385498801304563565984
46432,37867.8174014647391671595735955387188
46433,37868.3210735568899938778300055616610
46434,37869.4546039922919187395786103075999
46435,37869.9816812932982719579388679199849
46436,37870.2504394659052405532008560187021
46437,37870.8077654109715004391552162274549
46438,37871.8604100560520262613525267151938
46439,37873.1038550159561379802017080497745
46440,37873.8765250932043743236633436042534
46441,37874.5574462078963827307862812193684
46442,37874.8893706270966557865525660561004
46443,37875.6474198314704851504768458931731
46444,37876.4669037613633567361162450300730
46445,37877.1420508958676768157915974752221
46446,37877.6188735248579120567106880185601
46447,37878.3655986454906193338636582505254
46448,37879.4207669615904440886843257301596
46449,37879.9374567585730275052575478109283
46450,37880.4703286786920130028042275405575
46451,37881.5248462781465041172449411131771
46452,37882.3534344572257407634004920864748
46453,37882.8864806335174228815298020134850
46454,37883.4611820406883813114837785212449
46455,37884.7152587855034286036062232863979
46456,37885.2905589584480007661846171075865
46457,37885.9111850799188641794178162247319
46458,37886.5622692833909469540731844545069
46459,37886.9216851631137456694539871338199
46460,37887.6587235505714778397566894625246
46461,37888.6349626029148748897641527097175
46462,37889.0394280130193373661580711526619
46463,37890.3286604941591210276693356415520
46464,37890.6211449165020083357060863432741
46465,37892.0052115513887315681956426169054
46466,37892.6032074388871330203476145960865
46467,37893.0310575759905301864766929028325
46468,37893.6765887808216946684297331856423
46469,37894.3152603038938604511312319236841
46470,37894.9906282741600795206532546684043
46471,37896.0497289915481661740848845087622
46472,37896.7739144948460226381634153606602
46473,37897.1334159094923132201426544776711
46474,37897.9171370985796825495621622684315
46475,37898.6842043689868660882612635458599
46476,37899.1832540007047047677779651382725
46477,37900.1999805875111880786321757008052
46478,37901.4484539247220683969360654271566
46479,37901.7032770295677473737825204263412
46480,37902.6107204610309259570210233683252
46481,37903.1033644420719629283190514471519
46482,37904.0263741359166389781902912435880
46483,37904.3672308692620225547302952525210
46484,37905.2680236714616063968970873380554
46485,37905.9673474576014794458620768273790
46486,37906.1224959026745466771628215876257
46487,37907.2514948132294900863726760138284
46488,37908.4797980728153833438472249405004
46489,37909.0649522487018314540630374921687
46490,37909.6650340679340286200379510678671
46491,37910.2769071194850194222998857386168
46492,37911.0481800258016886564790142386834
46493,37912.1513409303690209992805920974947
46494,37912.2336196587964030517917461838901
46495,37913.3319789456944570325693331904479
46496,37914.0689708509255363903171420262224
46497,37914.5958526551874505710636191241121
46498,37915.0832460882945756514743536040463
46499,37916.1708754394308266177292614661244
46500,37916.5967660899356978320442732651405
46501,37917.0767261479692446638075675259597
46502,37918.5803619134202204462022624842215
46503,37919.1598858792305318148566457649179
46504,37919.9687826538459822987006857017553
46505,37920.6817111629855986617720589373506
46506,37921.3467165718398827668708928358189
46507,37921.7910512495064354900745044788210
46508,37922.2846691414873693095913148833825
46509,37923.0468732424794798068634027217551
46510,37924.1333165379000443701760773088264
46511,37924.8435129178347078757101454178159
46512,37925.3189843841744090298051173581938
46513,37925.9450873231960675520867193887010
46514,37926.9855995834923237474341811650435
46515,37927.8963219998317309594190136877849
46516,37928.5886841668474560739944449494346
46517,37928.8851260464480376770671378501927
46518,37929.8775032352368550707976751078654
46519,37930.6789465484245954632335923960068
46520,37931.5429418610878136026791940364847
46521,37932.0049337610582225373681624494712
46522,37932.6318577233913384236906505215063
46523,37933.0881449074760544100090337962876
46524,37933.9327883626618572149142904047499
46525,37934.4907504006982543330385226542677
46526,37935.5891266181051156106851020630657
46527,37936.6068618452025742716402908372615
46528,37937.3577461089247689352095540032202
46529,37937.9127038322158845338516062752889
46530,37938.4521716590507893813583351665843
46531,37939.1809806659703010105292024042277
46532,37939.9353792810656869600701682567003
46533,37940.6624272145860285510163081560317
46534,37941.2334383754272629269194182740936
46535,37941.8604016438570709070143566737711
46536,37942.9407096059964010179897916328561
46537,37943.4574602299904311876150103842893
46538,37944.1446598304166302398730905267056
46539,37944.8170822926636447501923046893855
46540,37945.6530684591555191165026780141172
46541,37946.3826099325667146479259635560204
46542,37947.6568794718415883883608608344337
46543,37948.1447632291795458340058591140273
46544,37948.6857089154434163790583615974266
46545,37948.9590192153434165063219713536801
46546,37950.2278653787063973381027630801706
46547,37950.6227714603026311247484284235926
46548,37951.1947756798921451802846036659127
46549,37951.8681108886914142002358520900467
46550,37952.8207021233422716688015719906314
46551,37953.5572242208698736181833588725668
46552,37954.7374626372838757577714555668265
46553,37955.0908497314797818592010988981560
46554,37956.2851358114985566708143011912661
46555,37956.3934069912799517130036649330381
46556,37956.9980336623606872918389568321133
46557,37957.9600628778130730333083182968403
46558,37958.7216156079983534450571757159723
46559,37959.5915179273593482538334751718032
46560,37960.1193084519617394753610755991994
46561,37960.8950993798586310734148201696131
46562,37961.1994642728398466272109525370475
46563,37961.7900880716004669052059676526400
46564,37963.2849377142628217443217192970404
46565,37963.6808043397077634184490127630148
46566,37964.6731290792068321941952539557544
46567,37965.3479265826893717253934400979263
46568,37966.0724199697351905300834790085631
46569,37966.9233320676539761329213871704489
46570,37967.3274684792027021191990961541096
46571,37967.8905454646918836969048155678933
46572,37968.4683128522002562669378877483276
46573,37969.2665610481816816326966127637515
46574,37970.2911521870871773932112625528069
46575,37970.8660182159997340128182823776446
46576,37971.6507386991071910292012108038754
46577,37972.6153531134734888147192245921459
46578,37972.9755564328391362807985188715677
46579,37974.1125178107581617779354206472610
46580,37974.4755755076836210244041921213593
46581,37975.3057983116516198953662892337537
46582,37976.2989300626956144249272919787765
46583,37976.8195010909011507149268850634069
46584,37977.2278883751375393656507096188562
46585,37978.1981725521259686186617869677528
46586,37978.7494351115655779895753443964043
46587,37979.4845794255973750923134164723549
46588,37980.1447687771677045613854320381073
46589,37980.5028472067107647992313032917067
46590,37982.5271802905217806380426873215000
46591,37982.6130758731217782502336040614915
46592,37983.5136690135770071472362873499658
46593,37983.8379996583012220388077179417840
46594,37984.7203537046300461955785932335468
46595,37985.2174044259088549978342964482430
46596,37985.9922413465561426113662305214487
46597,37986.9028138919776372626067448427715
46598,37987.5007331779068921166974519735525
46599,37988.0733963128679171548411973398401
46600,37988.8451635589391285531820632661588
46601,37989.7988875719174720480296801088853
46602,37990.3771137137043546520271330870376
46603,37991.1310133729396873604307143853498
46604,37991.9912271532861047528314263939453
46605,37992.7997828645524215853257649427312
46606,37993.3035958314964395223721481441165
46607,37994.3235737063192419770740553530852
46608,37995.0442000440774472186971418645403
46609,37995.3567426842876050043547222256416
46610,37995.9338174139636389807409860862095
46611,37996.7786450330646804000170074157842
46612,37997.1670070620766796800953779580943
46613,37998.3845593579201519050643838140292
46614,37999.1505794070166174066809638413406
46615,38000.1529693852745727696231837301858
46616,38000.4558701430054820992976690746003
46617,38001.4895989220628140864142758777668
46618,38002.2672266330378465741147525777183
46619,38002.5874513581065864014759960895911
46620,38003.3964723853061181736393419546285
46621,38003.8035697601593073994588777506079
46622,38005.0887472519145791232274681846890
46623,38005.6621226095442463804213744601328
46624,38006.2978756361256599307206357588123
46625,38006.7637215008488888452003449839914
46626,38007.4742386942367635240249456577640
46627,38008.3566332607094645886802410535267
46628,38009.2436446053011161902316665157192
46629,38010.3362481626483315603926885959932
46630,38010.7176315878724377505354861703183
46631,38011.7017079357421176706971829530538
46632,38012.1789668615711100654746854012748
46633,38012.5347886271373377218316712823947
46634,38013.5639732409586630545439447761845
46635,38014.1454598721205222329341714411754
46636,38014.7730210304640186923479655776794
46637,38015.3493213731794528159482404483525
46638,38016.4599459731744182263450100368290
46639,38016.9812996207001197308986222535336
46640,38018.3328719847997352891677176453889
46641,38018.7858900935759253944320499181538
46642,38019.2977432018206917320312247646987
46643,38019.6467304230704357198405689867275
46644,38020.9120516187382408906440363998372
46645,38021.7162593485980282505291168995534
46646,38022.2783535393114638899275669120063
46647,38022.8304707052480950335550071498058
46648,38023.5089438725713944747502714086215
46649,38024.1789314018681602907918395832856
46650,38025.0352572906703920945766821743391
46651,38025.3704445587097904870565963496285
46652,38026.4463840446645470554677475539180
46653,38027.4307336286281858493003718659386
46654,38028.1559972861676348613293286491401
46655,38029.1617068732170340163955343646003
46656,38029.4854091489051201673155323914871
46657,38029.9880985782320875241770497676478
46658,38030.9215621256778594001258709249798
46659,38031.3794388940595221704895200473792
46660,38032.0242071119412499568087228934445
46661,38032.8167054957572723055247315559606
46662,38034.0145641619669714845743479911676
46663,38034.4683381245814697653711347435369
46664,38034.8112435832239630118087952251825
46665,38035.8271827243648898841093453990051
46666,38036.9402641308369953091638219346127
46667,38037.2792210823047295195232071910713
46668,38038.3621927944926749431808059051800
46669,38038.6778311362573147018720688818114
46670,38039.5606395151891319623961182547454
46671,38040.4088991927935385524547694885966
46672,38040.9782262983693063115958635954046
46673,38041.6674695272225239586171488011795
46674,38042.1292883619288614697940156822223
46675,38042.6532215097566496291634724923981
46676,38043.5053356715510631211085249909644
46677,38044.7968446316774517588666175608355
46678,38045.6191240732067291527429309700185
46679,38046.0998775787632830592534370397744
46680,38046.9105499444271191538632721815386
46681,38047.4703230248298135181584658624931
46682,38048.1197450285741544368333018212273
46683,38048.8042452196792421766256872286072
46684,38049.4666615582605801823648955116261
46685,38050.5526797878284669322507215472987
46686,38050.9523427033805027750261517000042
46687,38051.4572076244438453219361677087900
46688,38052.4794109948607157750278986184287
46689,38053.1385769191911701987429023896967
46690,38053.9080243779338079179548859750446
46691,38054.5892348297544769580920138926039
46692,38055.3629114805584818422409805655295
46693,38056.5837039899590833186284190397704
46694,38057.0173176453707730888773194815270
46695,38057.6241274308507662299939619067334
46696,38058.3783299912838199031291247669444
46697,38058.7034461029687355548750780305095
46698,38059.3161575070283137009237347901720
46699,38060.5401257855947420697848652638849
46700,38060.9869766846972734722476382559987
46701,38061.4838170238131084335587254585975
46702,38062.7142733824415690333267230657613
46703,38063.6491534150932379044265461814806
46704,38064.1409684421716867598646583678597
46705,38064.7982073136141197553657820622082
46706,38065.6532669452673786497275783219572
46707,38066.0651842494042360457518617393806
46708,38066.7254720201602229704955491119751
46709,38068.0181130243441750600524572312408
46710,38068.1982946826094278916566692279437
46711,38069.2303411918185543348310582787924
46712,38069.5731852256129949504231794991181
46713,38070.3894535228353953557327709475857
46714,38070.7815114642575551938689717394541
46715,38071.8499404143118800246419170404817
46716,38073.1054356525784737176651421180804
46717,38073.8167258725425143020210990119820
46718,38074.0979295992647746999933246495805
46719,38074.8586676735321529134500776112260
46720,38075.6844239794935292294645459099544
46721,38076.6041255291179537378725946181115
46722,38076.8543051240494857352460592374782
46723,38077.2203974943216438789691852923169
46724,38078.3678253185365490986235453089708
46725,38079.0139679776869527636593784132181
46726,38080.0502009094796416761108433361612
46727,38080.6775095608968950863895458137377
46728,38081.2892517821067011918404322576072
46729,38082.1289924295513835339753367248981
46730,38082.9757394143545806955549810846744
46731,38083.3663829850480969271842191556236
46732,38084.4595519370146555940836484722045
46733,38085.2333223178643761877249282853098
46734,38085.5046615291877973341148594334890
46735,38086.5294643270488430163245290076909
46736,38086.9092378410068037836769577514192
46737,38087.6768174836349130159182489360111
46738,38088.2720316833903987345713748463455
46739,38089.0880880458265803462833809266288
46740,38089.9410169596248428230386050479568
46741,38090.8692399165905319861509748856066
46742,38091.9628071784338848428321762237172
46743,38092.4625235613419312112406595615080
46744,38092.8602140265588026612063746237228
46745,38093.6138484614240007759232983678551
46746,38093.9292396098170205354714616562164
46747,38095.0784135546153572829226085229737
46748,38095.7855062639176351617027758013113
46749,38096.5102487456212845921132500043543
46750,38097.2372426364915095844545187527403
46751,38097.5903283324436836275316145040691
46752,38098.5121421450679458495636056991637
46753,38099.5523336147016012004023043660427
46754,38100.4058595820906495833491284869722
46755,38100.5210670294929968181295975336796
46756,38101.7256500998800668070491082605683
46757,38102.6029488090919284265669089138680
46758,38103.2069096385776846017340043460174
46759,38103.4791583301670760094346485825516
46760,38104.5867833631168663025796853787027
46761,38104.9476621945790561115285954042840
46762,38105.6592460127683328950576034048018
46763,38106.0422125717614637834055135386916
46764,38107.3181442588473862152355383330258
46765,38108.3487999822356825866015312568422
46766,38108.8790842035228776312888273989007
46767,38109.6507012615929283541641597810369
46768,38110.2345545202341255878595965808203
46769,38110.9256179205555659473582228547141
46770,38111.7353800729267291341736131406067
46771,38112.3915419289545648931370777090342
46772,38112.9979435858916415728261890707537
46773,38113.6235202924471722399224546221255
46774,38114.7013312524380642377243491822015
46775,38115.2590916658015518867167579788420
46776,38115.7330368413815827451849843151209
46777,38116.5263951652304741717453862268745
46778,38117.0379226620794202619266825426202
46779,38118.4741870943656960293615175824126
46780,38119.1820201008856211163580279316224
46781,38119.7014092010828177407886170482983
46782,38120.5456455861754199823937175450852
46783,38121.0486138135707538323531067813883
46784,38121.6047609591030308085224701041759
46785,38122.3894169279314229511684597768423
46786,38123.0004492182897178066346821602872
46787,38123.6730133053765737350542118369833
46788,38124.5932139614789985507495549753297
46789,38125.2337701530191433677546760567134
46790,38125.9849389662041114834821067631348
46791,38127.2987799055949666230231290413210
46792,38127.4848345334145778268635485378933
46793,38128.2788384672825430327009846697486
46794,38129.0230121843761584956528520024968
46795,38129.4078998873359975238729984027260
46796,38130.5928971013556047895585116967608
46797,38131.4831097410862297452952181722594
46798,38131.9878199617125818319816238316377
46799,38132.2074189241871265233259173461329
46800,38132.8379053001920710497526730877827
46801,38134.0335594175425280477926167748650
46802,38134.3939277233072586372041482902037
46803,38135.4304864706610586378973731899030
46804,38136.4716542037906277899356187949926
46805,38137.1739872500482792297189987167055
46806,38137.6283600490987086505567915483725
46807,38138.7820270562281592000815287877200
46808,38139.0060197542206486154719882314140
46809,38139.4778586755068694678055726387354
46810,38140.4564719004802682546309380183393
46811,38140.9014868848336984089900532183093
46812,38142.0198104451122051556400475354897
46813,38142.6882891841647539739400840236150
46814,38143.1294178530657991927214717761939
46815,38144.2905057392244982634775302301431
46816,38144.7712630299310239058188665789899
46817,38145.3433748998055875570637543041361
46818,38146.5242965820553248425706083698033
46819,38147.2572046998492913071342506476641
46820,38147.7931696681496326622492062211175
46821,38148.4346497009154347261327419932312
46822,38149.1877679576962847577769243246566
46823,38149.8033243896485643467679268376069
46824,38150.6796627148704165962399305969926
46825,38151.0126722480648045623642110566070
46826,38151.8205566972039306389899211119960
46827,38152.2174646559513841053109357181379
46828,38153.8536411635631801472516824543107
46829,38154.5640930998444864854774568608863
46830,38155.1378953054019170367109831145193
46831,38155.6595485088560426874063863476060
46832,38156.2855718959354630295982129702816
46833,38157.1540810440426184997392687546745
46834,38157.6603386454498136472835078103263
46835,38158.5490935459118227866978934680054
46836,38159.2629060672868051892052011020465
46837,38159.9051764301291717961366532423837
46838,38160.7050289294938637287455982953874
46839,38161.1273293209609039430049892909547
46840,38161.9058712316423047863881986563881
46841,38163.1141225507021377554819449367144
46842,38163.5007326506011016359429127968544
46843,38164.3508154932478034926005770466549
46844,38165.2797829499489821187774940851580
46845,38166.0152228307096972771895862383060
46846,38166.6350963221741996627641684751453
46847,38167.2287888329060927376743776685716
46848,38167.5740914436747311822159143048973
46849,38168.5051832032242426808685736652644
46850,38168.8633934539860343721461826075124
46851,38170.1920704116821676322093698079276
46852,38170.7687744117064084874296102184675
46853,38171.4432259481111950448933781421858
46854,38172.3081584837817836251654027210007
46855,38173.3120791204138636591260816066525
46856,38173.8314362296234068981128060044884
46857,38174.3824587745666071069036394021437
46858,38174.8088607328207289532610454215066
46859,38176.1980885937211159351314863749543
46860,38176.3954475674985532096219780535991
46861,38177.3469177248444669926866064215040
46862,38177.9594527076884368571234810221589
46863,38178.7903176435058862277248923239110
46864,38179.0279964066812789019087057573773
46865,38179.7487226296720040336837781336227
46866,38180.9812548765997888609106512610422
46867,38181.7586782026806405883315755254318
46868,38182.8783936480759016436241107412579
46869,38183.3201717047711491113547675819301
46870,38183.5682881431947597415619108619192
46871,38184.4768326363913029458294841060576
46872,38185.1613353688400201924953763373007
46873,38185.9585962733132647130273269044882
46874,38186.4699753166103174555503209638326
46875,38187.2015310456079853729700569500007
46876,38187.7894850522400129733447697340058
46877,38189.0092812204643645234776308468711
46878,38189.6287699542907798957304139875998
46879,38190.2591318319075720014993342326115
46880,38191.1811454135173491113688253242180
46881,38191.4677873537276643733381050662810
46882,38192.5273091160345222124763927976774
46883,38193.4794691185336828521032956838288
46884,38193.9613717954357810095982134349214
46885,38194.5722206686785972721348848378720
46886,38195.2324129312814273521979273248650
46887,38195.9352092536262743387541217722758
46888,38196.5285543911898719669613143988163
46889,38197.1800572817244086856794672119024
46890,38197.9685105148146624821220775788986
46891,38199.0260206642911454962848450648532
46892,38199.9708299217883738020221358052958
46893,38200.5599506319219509805475893561186
46894,38201.1542638643423512510192292870056
46895,38202.1278053632357673128142698871649
46896,38202.4429396852720203114316362641108
46897,38203.0756178704941295659778895841029
46898,38203.5068181056833192866671908823789
46899,38205.0407538059727995566323590247977
46900,38205.3932506867359708317052120516256
46901,38205.9801296330493846988187177483748
46902,38206.7036890515247266760258167356700
46903,38207.2688465859561656079282078862116
46904,38208.4029633037666212233667974863991
46905,38209.1852982561286762831069210497864
46906,38209.8320868587501494455062953815568
46907,38210.6597931764485715657034007928156
46908,38211.1253841065803787334609109408262
46909,38212.1716835610367829292827694274005
46910,38212.7560422362036179132446014789760
46911,38213.2190229997518731929282283147657
46912,38213.7156736063294254265887026251304
46913,38214.5078041091796236889126908579485
46914,38215.3499553095776928644300986942932
46915,38215.9751645060822955412259237190114
46916,38217.3554842184552173367320696538041
46917,38217.8434135519349163871213100715935
46918,38218.6455634990408215229893284491941
46919,38218.9736919738704077951764969186843
46920,38219.7566739949909976120589784235433
46921,38220.6933110657283315011690902201410
46922,38221.1880762006031427466519549458006
46923,38222.0751093810287434105423555343503
46924,38222.8435654206866398244207481296812
46925,38223.1161594724797794943163943773537
46926,38223.9982625610597952786046605302085
46927,38224.9735417724595017570372568768866
46928,38225.4074163900041971376835237259149
46929,38225.9850977652292241187757150912030
46930,38227.1920504983089378448984885812766
46931,38228.2511497929410384415375823114584
46932,38228.7529711570539449071272889890365
46933,38229.2742716509210907408639839992197
46934,38229.9030524925495949692638884061946
46935,38230.4977852549813320965300307694567
46936,38231.2103438623917693452942824458279
46937,38232.0507800437615458636653910087998
46938,38232.4756620232038176177112078564220
46939,38233.5416797126224944012423952105279
46940,38234.2050657071418671266379974977496
46941,38234.8951939640909704774129758007251
46942,38236.0023674480408062971748890080873
46943,38236.4625597790585797978098084310959
46944,38237.2717890781066800201348084581017
46945,38237.7422193322762634247605223174414
46946,38238.6446189104746908208578392268289
46947,38239.2721443301850913587361892653133
46948,38240.3061504554837449473901598485389
46949,38240.7115614031136016093787447356101
46950,38241.4619302026757147737257028852735
46951,38241.9431934423152162192499707479636
46952,38242.3564184070146393191893002451785
46953,38243.3771267328379446564249890559740
46954,38244.9267221698680819914496694346893
46955,38245.1242828458470116431513374074367
46956,38245.7417383174123293381935606149940
46957,38246.9257666965013160777616267456918
46958,38247.3336871758495745070975867791120
46959,38247.7733990773258002309931702772043
46960,38248.7145138094587112213721379760947
46961,38249.3046493035399062217234967039423
46962,38249.6903208367412431435710247778715
46963,38250.9818270410467290158967935628996
46964,38251.4856440237963468344517473552002
46965,38252.3649530268260200148860503784843
46966,38252.6639647824470979975969619058997
46967,38254.0432226352163899218735457234549
46968,38254.2743986779996794277740079411387
46969,38255.1845909100673788223479458547964
46970,38256.0660456062312920915621668821272
46971,38257.0206813762530479200393114111946
46972,38257.3757749901409221486457600791593
46973,38257.9381341373961949019537097607306
46974,38258.5013639197490554160519619524129
46975,38259.5056761834856650893597817465405
46976,38260.0948497388392269095762408745957
46977,38260.5572088449456246777602851980677
46978,38261.3911240950225620243362675863451
46979,38262.5345250456896475171615217698491
46980,38263.4713133806846956612006074091198
46981,38264.2038994027453730688824984167420
46982,38264.5438268074293676701597167868888
46983,38265.2201248752871572596218584580377
46984,38265.6682095798556055264509700054649
46985,38266.7333621783103424640223995133391
46986,38267.6177303161888661483833478001832
46987,38268.0295530376554277373058577537066
46988,38268.8223013408752011541059589310242
46989,38269.5044243333997056084173554825204
46990,38269.9479390987175911886427152341816
46991,38271.1345744920809637635912990790774
46992,38271.4892641056696349475144739682185
46993,38272.7704952751128522449102245802436
46994,38273.2987796717638951926532104059531
46995,38274.1339197585803175092870397865304
46996,38274.6951368566446703706833612637663
46997,38275.5076567310333812323467792282024
46998,38276.1460683845048311310452700519195
46999,38276.7047718329117757916680674753823
47000,38277.0912512150309283684122968128111
47001,38277.8702354585256350390969148104496
47002,38278.9747507680601612138250073520744
47003,38279.6654838373917645934882714087500
47004,38280.7219454655636488033893218387002
47005,38281.0892692998289528738830867210986
47006,38281.7587722888051384411795191811758
47007,38282.8155840682604692288595417198591
47008,38283.4231352631141820482097060130116
47009,38283.9121697080177652740820227694791
47010,38284.5994382357224597578337833530172
47011,38285.5769191724787056032136130538838
47012,38286.2039970884695846232568364597347
47013,38286.9115061336413602506950696387349
47014,38287.4151558646642835598699703162779
47015,38287.9371053830051510982467337732301
47016,38288.9089663675633894707548508746489
47017,38289.5958100371645632821079579068819
47018,38291.1205868612579374787647225441131
47019,38291.3441719858865349994781293615489
47020,38292.1383282077318278200912847591068
47021,38292.6211779623882213177590631988146
47022,38293.4425532144889088237018536070395
47023,38294.0304359313926340307449902879982
47024,38294.4208246057613139986768633526634
47025,38295.6220461633511074076615010959025
47026,38296.2676474249473912309567983717813
47027,38296.7389295358935206949896630559569
47028,38297.4391249923989586830578122764662
47029,38298.7114299902288608700886817039120
47030,38299.2908002759225271681575149097364
47031,38299.8997019166700317052178984465173
47032,38300.4631438583644085361960242213429
47033,38301.2478909605726293612707697570821
47034,38302.4379851822456008274254436539075
47035,38302.9201928739778902004682854386669
47036,38303.4702435043516529321758868867959
47037,38303.9949648954881401242808015804345
47038,38304.8794082278211925138756013829467
47039,38305.1723970693288803296686587849321
47040,38306.2274558475838022600037896396464
47041,38306.8724919963895037231546626336556
47042,38307.9110751327462159512186516848841
47043,38308.9385071932231923872580541719520
47044,38309.3697306871148008590021310505587
47045,38310.0101651255181552426080891951656
47046,38310.8349912719702362866710880162187
47047,38311.3664579577362689828481365294720
47048,38311.9038911439523815706294260297354
47049,38312.7732652171880790107207826712944
47050,38313.4204520039698760070726356986526
47051,38314.3155361241310714904273790744171
47052,38315.1592305309574773731473655279094
47053,38315.6227865673490667825943453697834
47054,38316.0040216688895371560334929086886
47055,38317.1220228755404789945286255638908
47056,38318.2396166449409279863682275524336
47057,38318.6449458168724611794410440814642
47058,38319.6602190782984186116153487762831
47059,38320.1376855482926670093626748133080
47060,38320.6365966685208271069622754991170
47061,38321.5933189961271288872923074617814
47062,38322.2061234098590499302330474040617
47063,38322.8147572979640321284570970553307
47064,38323.2830110498241406248483322431987
47065,38323.9048389754022635105403377660467
47066,38325.3818568412404636721100032029963
47067,38325.8695176825283261446262601122828
47068,38326.7615294920610278328519148309119
47069,38327.4707055124802862680207876801226
47070,38328.0364652958699806399290053722211
47071,38328.5822041008976954534955488344662
47072,38329.2788634203219414314946636306734
47073,38330.2681908152287099216207946542681
47074,38331.1418392505195565477540421712334
47075,38331.4119698246704344944711953709087
47076,38332.1262590425852808102377964982988
47077,38332.9560754619091004268049694696755
47078,38333.4194384753412348511273115780657
47079,38334.3830299159812707553848702278553
47080,38335.2619507427797173739947644367995
47081,38335.9283957042667424588975610837876
47082,38336.8176861925430600767854761592645
47083,38337.8203891053114622156578553600681
47084,38338.2548728053108094885490961618641
47085,38338.8512123955446628092628692657233
47086,38339.1499505098523366026859691012174
47087,38340.0024008530981382553642206560886
47088,38340.8554384741592509362069605204111
47089,38341.5238699489056926551100988295556
47090,38342.5516215929035663163822364700569
47091,38342.8308362338874084158503310479467
47092,38343.8882544235235106883300997471620
47093,38344.7620586896717605969043351307368
47094,38345.4255866564963016328405524475072
47095,38345.9446914801298333078969465214109
47096,38346.7414440627712412267880891123194
47097,38347.7033536433527441747482315913295
47098,38347.9537324836805721907378023584928
47099,38349.2032705897011771731554457341306
47100,38349.5334843247090510387472756100928
47101,38350.0979035117253259578870554797778
47102,38350.9802104329630742259806559137180
47103,38351.5009637129632970764788528813561
47104,38351.9119021352868730141741765369501
47105,38353.6910167050149777027011857970200
47106,38354.2579017710660848864456520432860
47107,38354.8698142849929604706115545858467
47108,38355.3798831036852030458169720422041
47109,38355.9348055530955547045808884100125
47110,38357.0920748633269247433206464231720
47111,38357.4405804681742514273688174929535
47112,38358.0083635582734585897598447371090
47113,38358.8086303509956152248761118187411
47114,38359.6735740160234498030023953390117
47115,38360.4090493008723270102741653440683
47116,38360.9807241378562719696348922354707
47117,38361.9708587990907945281176074553941
47118,38362.5948290461751265387460567487838
47119,38363.0814828562701800960135905013070
47120,38364.3202459161879391342410058279837
47121,38364.9620658757251265186025500474426
47122,38365.4861554452641309349306065591461
47123,38366.3961906862346492811090313067319
47124,38366.9425261078995334652855693505645
47125,38367.6083424644431530594706814051115
47126,38367.7928410549867565133679689152197
47127,38369.0038852213858156553892603534063
47128,38369.5424784615002410331352668329229
47129,38370.4498782524259831350877700505012
47130,38371.2838181859604922170214304003362
47131,38372.2194632497560777084585259632512
47132,38373.0066797628586290996619237880528
47133,38373.5194354639797614902882684102638
47134,38374.0799432270455855681421819388371
47135,38374.6508510059913843955573137608128
47136,38375.3466162360692787753155451752527
47137,38376.3403926216144850570243907959276
47138,38377.4054406710920016325483950239027
47139,38377.6468044239245898851440628914641
47140,38377.9409712887702436541825204146631
47141,38379.0004861662905383038599852884688
47142,38379.6820126299503615316234772623007
47143,38380.8070761158668951369802646714001
47144,38381.2990864045989837581245549096457
47145,38382.3819801502432774718576781313820
47146,38382.8831545082781760502426042735187
47147,38383.6702840251503408277118975514660
47148,38384.1875922564027282155424374955508
47149,38384.9188910171736163466387701984162
47150,38385.5008212225701686472327070220968
47151,38386.2102741838542974330117208974525
47152,38386.6971791335958577983126193538579
47153,38387.6284343081315020536365766326653
47154,38388.6615458844844631409875915439310
47155,38389.5565771607477688154439931510810
47156,38389.9679712929285600235067711568799
47157,38390.7288272682324322353571705847994
47158,38391.4377823924900094647045078698383
47159,38392.0320119755046120638375829877459
47160,38393.1810801422911372430872593161270
47161,38393.5969748543356904222084957077743
47162,38394.2848998422220899216598060297109
47163,38394.7248737570729058445357570472638
47164,38395.9029781658693848315297763530291
47165,38396.3939200510301238194688839731743
47166,38396.8246329400913342725430022460457
47167,38397.4721862470903927250011011379930
47168,38398.7567842250384215490593355700030
47169,38399.7173364900818380048128417617995
47170,38400.2818154122948044840160556997375
47171,38401.0702956472936442266006061131937
47172,38401.4922272776718964861253929155928
47173,38402.1612011931177887401889815701149
47174,38402.7428593649608333660161511370406
47175,38403.5234045602924596461234227418067
47176,38404.2899515030871445008405527556357
47177,38405.0585266561704403496583059186415
47178,38405.7916402366307977855553358020321
47179,38406.4611098088780360621268520302025
47180,38407.1018212754655845646408537510513
47181,38408.1466494161596034390656234982005
47182,38409.1078067903483803265414404678868
47183,38409.3822615866709218230470698805145
47184,38409.8381408747014936668570176277561
47185,38411.2198468413372054996097981126311
47186,38411.8429305109802980540393824510516
47187,38412.2221866962914107386974521120621
47188,38413.1529093918369813566321899604979
47189,38413.4701455220304170783293547877637
47190,38413.9761398710740920964712010372635
47191,38414.9491938904905368329350920055131
47192,38415.9592781381481125462949293221415
47193,38416.7909679172904289228137742143371
47194,38417.7719334853794943987269150893859
47195,38417.9892648041235173311834976571774
47196,38419.0948486442229777127557977022969
47197,38419.5115212928624758381588409361362
47198,38420.2079875695656741680746967438169
47199,38420.7232559431967375575266353657683
47200,38421.6616701671742458356673249769308
47201,38422.4099573498487596437065992477060
47202,38423.0578648123462496299882733352518
47203,38423.6981228773950009389804825244157
47204,38424.6594911555310242851567599228540
47205,38424.9938172468528583069068595138944
47206,38426.0175495473617684387687849848173
47207,38426.5970767512803480358989100514533
47208,38428.0091298897718529075670898803002
47209,38428.3809613044693244778954671939296
47210,38428.8949146629635156487177725456637
47211,38429.6504983411593860723905440010366
47212,38430.1033870667532441958945584715082
47213,38431.1519765844281931870031217207533
47214,38431.5357286086557510349529614173926
47215,38432.1999778804612479432286259639936
47216,38433.1063259088314518376430652844485
47217,38433.6113149135977234268857279800692
47218,38435.1798994886589119309148031256327
47219,38435.6492245152762881874341547900613
47220,38436.0833897293119242782911688909050
47221,38436.6801902180618505168525173899263
47222,38437.7462198068342279113207449731457
47223,38437.9919556419730249525308026327109
47224,38439.1751010100260113879377306482057
47225,38439.6145074958480932640291122808794
47226,38440.7295004966686133220160052596311
47227,38440.9142341191029960146207276140142
47228,38441.5158012118809278955713086684197
47229,38442.3049398276012080420953353958795
47230,38443.2380474257005021819174409433107
47231,38444.0035260715912955075144864918860
47232,38445.1724335865191370508365214027285
47233,38445.5011518679340034672301118519698
47234,38446.3011635098401481262216272917279
47235,38447.1624037081814525610934335352830
47236,38447.6658780182215440485929101622426
47237,38448.4635458165112270165311730459204
47238,38448.6157797897440798564458353818797
47239,38449.3422940686276861318014607383311
47240,38450.5792744009433558520968307122225
47241,38451.4205981667250916780222706645595
47242,38451.7363187690313058454958885577566
47243,38452.5751963279794365035244064795100
47244,38453.5976209975859647446167264976892
47245,38454.2020644158258245562615671038871
47246,38454.8017114136157323807183752799162
47247,38455.8805320053177840044277952267711
47248,38456.0231335537360352038245928038446
47249,38457.2509146774683037846992678698106
47250,38457.6961464478558732853971636759063
47251,38458.4036730364968358576863098565915
47252,38458.9842021859726352411884804770359
47253,38459.7712363409913943266562243886581
47254,38460.2140463212549414432300902951868
47255,38460.9866072094752076687577261245014
47256,38462.3102487116631965604014167107766
47257,38463.1578634241243544070318157052552
47258,38463.6783539392771790188959462493452
47259,38464.4373929394913629343857996465322
47260,38464.8956930495633035338370527431148
47261,38465.2497152830097457113406744811020
47262,38466.4038219857841294252343461715074
47263,38467.2444666481366744594870706930717
47264,38467.5654568303490259771996313154987
47265,38468.3782872835057194590348949165217
47266,38469.1274000632907849390128010648594
47267,38469.8887195166374562553019897620663
47268,38470.7550823532903997807187804008686
47269,38471.4703098310439003065807678656528
47270,38472.0054053520755567959985334732758
47271,38472.9210724866623295336132959417930
47272,38473.8149074001036962837241491719284
47273,38474.5597621420015733927079191611351
47274,38475.2175634670571421098956340574099
47275,38475.5068213313995284961610229017327
47276,38476.2349913677548315442777128817673
47277,38477.0613510647168083393113011418964
47278,38477.7757170630188322105303807113031
47279,38478.0436192337443066566793354114528
47280,38479.5951399516788183569200686051753
47281,38480.2819678295226756626577854619104
47282,38480.6762448107975817889899945093575
47283,38481.8028152894819490335588759652406
47284,38482.3809041631976290807206065274395
47285,38482.8973463886074059526310480809742
47286,38483.6290831300929474037494962063195
47287,38484.1144518882680014850771092043752
47288,38485.1301939421428822044759014069717
47289,38485.8744253307305971863960656794318
47290,38486.7430385345720007306249771578672
47291,38486.9804492882245089689346679050234
47292,38487.7860399652937988372650980526577
47293,38488.2135401601494043273194108816861
47294,38489.6731251798473295503976319641135
47295,38490.3523455839288569958453315648646
47296,38491.1871449883586452419175571444765
47297,38491.5251236044111471387045127876916
47298,38492.5122933254354241702237056994604
47299,38493.0464860149958065235884571559217
47300,38493.7067080721272719103419318977779
47301,38494.3184498258247964462242441983380
47302,38494.8591473061086800196923225434833
47303,38495.7809984617145381088097492448947
47304,38496.3916934437521344501625657925551
47305,38497.4347707053415842163198817866256
47306,38498.1529094188909254689090547696932
47307,38499.1665032404115830735227679295101
47308,38499.5322684300919532453518604817713
47309,38499.9996228812791093644575022545722
47310,38500.9636883728934200879109345798961
47311,38501.7593883383348112188444495439828
47312,38502.6730696660263448869904880874190
47313,38503.1473567668140300030870978617815
47314,38503.6406096766829347005108521148312
47315,38504.3710118963517294934995129723112
47316,38504.9955410156387476364247662339154
47317,38506.0063022450122351383016498566984
47318,38506.4500127862573823890788249232567
47319,38507.3000220583981073690300659989505
47320,38508.5375445559634754450715140327565
47321,38509.3379643979647479590731868442986
47322,38509.7670595945399465249866684082868
47323,38510.1288743058193037223825090962380
47324,38511.1322554197604537160651669422449
47325,38511.6210615051375868368574786429427
47326,38512.0865577120333730053228823741996
47327,38513.2085823173388002922957101149515
47328,38514.1479263649299494607994681213401
47329,38514.2764081990056101448833405652772
47330,38515.2897833634657305107327530517261
47331,38516.0721580099166318442424000368934
47332,38516.8238293332575951362700820875265
47333,38517.6682058647273580340188694063259
47334,38518.2412859594180693869829322760473
47335,38519.1936049746854845358680970799525
47336,38519.8059284288146717405328930664212
47337,38520.1965353729322171383270378521869
47338,38521.4613655921830890498979676988333
47339,38521.8867566776335960547468296070234
47340,38522.2482427455783297251375554284605
47341,38522.9160478146859185723358932044065
47342,38523.5252853717257031099231586613221
47343,38524.8013283884249852050345744418132
47344,38525.7920215878194555349134430981638
47345,38526.4544570595369556355494900268001
47346,38526.9609436374499909593525557035416
47347,38527.4853253052253463656290138336656
47348,38528.5102838800901228193723684305587
47349,38529.1796602020114197663444369651094
47350,38529.4185642379555595716518501649487
47351,38530.4525040306521513902336529718462
47352,38531.2616098819353216794722755274248
47353,38531.7581554027526070210462372493879
47354,38532.7869680672524509053581219970514
47355,38533.0228408528477472323649282330754
47356,38533.9814297558757088671808911863928
47357,38534.8473658119598862842267175659080
47358,38535.5658858476932717694238122556713
47359,38536.3531623932005915251576789019108
47360,38537.4371395969168301364583963874967
47361,38537.8940937121701271246659322344246
47362,38538.3857758747495820481054478803723
47363,38538.8815135948476514987647797694040
47364,38539.7567500174325508051917198834568
47365,38540.2543002800023373902329813422350
47366,38541.3154802495279797331276612140836
47367,38541.7776267995380612818919881729900
47368,38542.5706432169802337111027291688241
47369,38543.6822031381347944502300359521628
47370,38544.3312883073461964670818144278977
47371,38545.3732382142262581263652193772529
47372,38545.5227266059354917109008836323177
47373,38546.1255688651605690618218191596565
47374,38546.8363874789159729943591814499546
47375,38548.1601392376085210353431012193878
47376,38548.5696051028146097909824780520569
47377,38549.0642686824692272645762328893353
47378,38549.8563966049191073798781561239294
47379,38550.4564838666017095134743772633332
47380,38551.2107912932818702630765119659348
47381,38551.6698153000554036420380397109855
47382,38553.1299625591468431949878368404124
47383,38553.7943826823249966029113421894598
47384,38554.3899281212786682112058263521769
47385,38555.1835260787196748171994826165752
47386,38555.7214760416636311306725922197578
47387,38556.5999387855070143171830827598844
47388,38556.8742918219228339497165423504605
47389,38557.9071117848033924003294310726261
47390,38558.2378074950685137156057144525286
47391,38558.9414453812251894498157507956294
47392,38560.2749339414017041569093152796579
47393,38560.6827033981402285388215453278457
47394,38561.6846206774701559213708530136580
47395,38561.9409613023750846814209303900862
47396,38562.9424465445849230315191167354016
47397,38563.8277427696444108596387143165838
47398,38564.3944016459524331703669467292426
47399,38565.2163161549119822461418541371944
47400,38565.8308864532486109600903328268826
47401,38566.4415818923340248155779609155553
47402,38567.2857290542542657612242301055928
47403,38567.7390530988087227173663002191298
47404,38568.5722425075524466654800749880605
47405,38568.9645051757250229162561798657360
47406,38569.8401434748295760649713467998655
47407,38571.1748333399415702764276810358098
47408,38571.8098285551709239347553798405711
47409,38572.4576834701324662935431555468826
47410,38573.2683766720833194724642775525187
47411,38573.7055982180791417824625035893270
47412,38574.1641963953350511778662387203691
47413,38575.0214798217218406812367184630992
47414,38575.7632698041785222946377283705041
47415,38576.7106299799041028454962210905038
47416,38577.4025803493227584270687146804915
47417,38577.8890446414001313539643244658699
47418,38578.2061688374133482965113990683300
47419,38579.8878349395167462678079903296594
47420,38580.1251574017479896395219714258684
47421,38580.8537885473073959519911160183889
47422,38581.6973924236105718436676204667780
47423,38582.5573143375462155280961303618746
47424,38583.2477848895572878877686899380134
47425,38584.0191694793248823367518586347051
47426,38584.5936150224847383411459780608868
47427,38584.8837325878564034886385229748380
47428,38585.7057426662081158494971462802763
47429,38586.3324209350391178899139110817958
47430,38587.3162626602300742534959842108410
47431,38588.0870407030634801426435820314429
47432,38588.9891458332517623200845441852311
47433,38589.9705552625684645163837861054029
47434,38590.2684667053783011496492956787519
47435,38591.0109773828175422246889246858302
47436,38591.6577759487920127716323504951197
47437,38592.6279217440726425277715387155163
47438,38593.0499222519127866479184682502648
47439,38593.6816989534129033910085084207144
47440,38594.7030026994818709473695436812659
47441,38595.3254928669531719470794627393060
47442,38595.9845806090672981243638568454693
47443,38596.4288682452796554941841921849704
47444,38597.3763243129632404728905958606161
47445,38597.9133761896743447701579945580825
47446,38599.4308058775162928500418116529446
47447,38600.0258113449178164019571007619151
47448,38600.4520489744019522401881528258799
47449,38600.9909855682364029984988766594152
47450,38601.8241400119505379907691519694990
47451,38602.4488240519622090729541018189235
47452,38603.2201852137542513129501729114791
47453,38603.7918987525645896209614410558064
47454,38604.2535235758030822141721942767774
47455,38605.4950802638375004716371929275788
47456,38605.9627651448994685147427247856650
47457,38607.1009085676165571829225758675922
47458,38607.6939266352864440457483387585383
47459,38608.3406254299125724947652603103840
47460,38609.1113918277285631331654069651965
47461,38609.5082365146594075058529144851687
47462,38610.5218896096352390813575561974737
47463,38611.4607103361734268842765246382407
47464,38611.8939576729951115156431021626373
47465,38612.6636919763848243825661614098168
47466,38613.0201947581459402736122922333621
47467,38613.7676756026568987504668510906855
47468,38614.4694658690541500291271116137300
47469,38615.3979677125038117933473103251352
47470,38616.6076183030384697774571231329919
47471,38616.8128245929042255682238230205432
47472,38617.9431123097833259869887173761499
47473,38618.5870165014427330677707866356321
47474,38619.3480831863738877642244754252555
47475,38619.7989438896955742000608600655375
47476,38620.0892436491415852268302557841191
47477,38621.0016403293431136364912778544696
47478,38622.1228780383603546804285581381118
47479,38622.5533909144424201548161602277970
47480,38623.3490119493257997343030111148884
47481,38624.1790353216657464915463060527358
47482,38624.5901929132568898478429253573744
47483,38625.6466101394504008893522341658408
47484,38626.5550070919332844784777761568241
47485,38626.9172315622244738700350396910413
47486,38627.8994019035547652442854916636084
47487,38628.6455801711310722172660375043897
47488,38629.3184180043616090662558731818037
47489,38629.7364370579929758774068786559685
47490,38630.4539995089766162752012719217879
47491,38631.5566142610086809031061897170742
47492,38631.6890914601132135359481358268383
47493,38632.2210699629052962439484757173524
47494,38633.3252909013582085306693616589058
47495,38634.7999565560701685922509712470064
47496,38635.2583143008333365900017129100713
47497,38635.5925881425042998274069138991496
47498,38636.4366417848017842497865204729173
47499,38636.9927844462900924736120723135706
47500,38637.7905926295357393034279388525955
47501,38638.5044679056982392521944547662994
47502,38639.3501099537400143356544003752757
47503,38639.9674002269239758243321410866185
47504,38640.3561008562704960078113673244987
47505,38641.4555723845420968104381999733170
47506,38642.1632593036815973601536943963339
47507,38642.4796088862711751068338541254641
47508,38643.6758555390241085569934305041650
47509,38644.3285728051581723563771772454672
47510,38645.2060548328009962557829873342906
47511,38646.1874818352752056474173489080521
47512,38646.4305650375186713613386068323850
47513,38647.2030858706999758264609942880428
47514,38648.0506775393414307379013999745824
47515,38648.3337287774742816381623687218061
47516,38648.8536319264347413182607206827812
47517,38649.9571140652150096890410268802643
47518,38650.7679394450168847801707519763100
47519,38651.5281899710522790580033963042055
47520,38652.1366813278147279673733146451608
47521,38653.2467432604618362030081191763152
47522,38653.7244222364673251296007031613897
47523,38654.6468334401799029390074300033593
47524,38654.9526666191187233421170995513061
47525,38655.7293581877256278150565798532874
47526,38656.4138841794084875592079132629578
47527,38657.5490710338141661127537047905701
47528,38658.0967087485641330678665394512710
47529,38658.5322438618973246712624995849177
47530,38659.2289382940007078651564082189812
47531,38659.6214426988186675600065505995894
47532,38660.7955633242739671799897538152337
47533,38661.6880916405830755485179045658926
47534,38662.5282659786818876893388613231505
47535,38663.4949530563868120896398390516866
47536,38663.7907224094692922335868098333299
47537,38664.3618490887826565408203357138076
47538,38665.2353577555909166523268298937838
47539,38665.8616601145589477523310391982307
47540,38666.5271859500567777253480639973821
47541,38666.9707483143658540148818223231896
47542,38668.1472183527687177665059643910297
47543,38668.5243857892536224552101514828738
47544,38669.4757409039092489266424866380163
47545,38670.4664061378089757645571703324898
47546,38671.0583581862584383029348414899056
47547,38671.6341004793968700623029212570253
47548,38672.0821091537979623997575152402663
47549,38673.6293984459119657796482928531338
47550,38673.8985820393712049394593073543218
47551,38674.5827274293372170729522910580722
47552,38675.2250400084518874721540336048182
47553,38675.8105935976983313984587889313429
47554,38676.6078650399147080606024639339998
47555,38677.2326504193418041755168350505355
47556,38677.9444250286440760613399917229417
47557,38678.4994218192854809952636718306237
47558,38679.9069512538269565775533620895631
47559,38680.5434716730628271724901182269824
47560,38681.3123425652445203035988249634410
47561,38681.9074771880801886007951697138565
47562,38682.4405472958920527497890897257808
47563,38682.9770868969091112110241855559599
47564,38683.9706154945438718395183943369320
47565,38684.2763547409418432003895878749937
47566,38685.5293126531971074501501782350969
47567,38686.0069007778302786392292283500980
47568,38686.8807351923680430168559722494697
47569,38687.0931704955732812406630807084947
47570,38688.0428413803466315566993034107994
47571,38689.0885986572194262717403126384854
47572,38689.8459078057366817411994701405308
47573,38690.6372935882371189321056055126427
47574,38690.9814776862264835485964266945638
47575,38691.9711068381725497621089277199473
47576,38692.8469869520745510212485349006299
47577,38693.3093037106789033689097237548181
47578,38693.7223647860608704127541950749965
47579,38694.4768366024349464772777185924547
47580,38695.1101049004100993482402147822037
47581,38695.7748803723006732363313140485167
47582,38697.2245010796957372355695136825501
47583,38697.7257781223514902652541483722415
47584,38698.3054898941090755701722863314117
47585,38699.2359061486233760806980943790986
47586,38699.8165830182762166980738614077385
47587,38700.5953417214212217546816766645208
47588,38700.8597172836668372450556016523137
47589,38702.1462801923385719803241112159807
47590,38702.5520529298878562756556294050928
47591,38703.3961366933401974345886977243378
47592,38703.8320095789769180490809676684773
47593,38704.6890228527260341627476203803499
47594,38705.4263591375777831866712193522627
47595,38706.0671788175651009775488975764438
47596,38706.6667660402202111419052880170425
47597,38708.1606749545306816214376690784945
47598,38708.4819554338460956267365029227466
47599,38709.4580596273044990149581804384000
47600,38710.1178631596088065355188183954926
47601,38710.3518328191935262916629112805765
47602,38710.8890092759353646272678584551760
47603,38711.9740345025860000250146992093591
47604,38712.5926051714629232888879013291605
47605,38713.4036029788326570383441936216299
47606,38713.8029264966177167355262312924282
47607,38714.8382289598967895708212851080114
47608,38715.7795600256553215725023566018242
47609,38716.5004596084171267628149730127534
47610,38717.1368233310190219897851369115091
47611,38717.6606923705583901151714509716493
47612,38718.4260034231132022574353117945483
47613,38719.2771477939271694968680294265966
47614,38720.0782962178210937203694427429093
47615,38720.6822051861183664338096131547553
47616,38721.3741719623485086505481822127262
47617,38721.8946562248535809446639505266262
47618,38722.5808802161414701859738416599293
47619,38723.0211684546367032175488343378697
47620,38724.1054069756877401238112325214119
47621,38725.2731114227802270083058768586360
47622,38725.9356199267227058534457962693711
47623,38726.6126643332822511685628420478951
47624,38726.9886431250880422102702804335194
47625,38728.1008027432674870676131093729686
47626,38728.5486842137288269962330109305508
47627,38729.2623095754088677866134841897275
47628,38729.6177265013167645875511395410186
47629,38730.4210163810433725040296678246773
47630,38731.6455018340570701714173908721837
47631,38732.2726846124036779670908914390529
47632,38732.5385480289814558900464609996455
47633,38733.5207077675627276559189592235076
47634,38734.3561433030752757606495132786021
47635,38735.0312967727008207870745559282003
47636,38735.9336270103011183455406434004717
47637,38736.6162893866802219745693807710490
47638,38737.4803627865023066734129041459051
47639,38737.8266849709034075930745285624113
47640,38738.5176131259678470448010196390102
47641,38739.5561200946313752687689202216713
47642,38739.8094248188191017075800040134049
47643,38740.2831494179046099228134614776785
47644,38741.5216567394608560755472158791929
47645,38741.9452406478810830250833527370391
47646,38743.0589054336065099778652604664912
47647,38744.2575042147558387199071932707833
47648,38744.6457350809985538776942786719471
47649,38744.9712483745184744107063915996037
47650,38745.7635537382627940134609469560374
47651,38746.3598239726580541615724235814990
47652,38747.2135959584009382344243271450936
47653,38748.3327789475171486022535772395783
47654,38748.5717574278404742459524258277979
47655,38749.2871424198940631072764987511076
47656,38749.9521151316102367284958851541820
47657,38750.6224147819155120799579458685576
47658,38751.6037596282849233694455918363410
47659,38752.4486504065028534721177435282479
47660,38752.8706026638217328933547954600653
47661,38754.0019813693073203575454400695170
47662,38754.8536098074754684579445227960090
47663,38755.2930255286948507906553091781297
47664,38755.8850655663375502421936105865125
47665,38756.5773663005542275488152682578972
47666,38757.2817994795389907184852799589187
47667,38757.6809315259449034237167607172780
47668,38758.5158808116909253640781860759368
47669,38759.4628725404283691594575821102083
47670,38760.2963983276962154850543677680619
47671,38761.0855867191058915679694104164443
47672,38761.9014145784835061396956294558753
47673,38762.1749578898309263698898270101865
47674,38763.4308941404785465395463446975868
47675,38763.8643429847901379653122914507415
47676,38764.3882376946578705293148628302007
47677,38765.3636750486521936740620708271455
47678,38765.9543356460489958440378624771172
47679,38766.6912969932471697272403299340303
47680,38767.4922031666650477253452438019572
47681,38768.0542638333081543277443614858930
47682,38768.5700609127556558464568824633927
47683,38769.0002213417076179567259080999910
47684,38770.6409432808711594482540413072021
47685,38771.4071174326622810899562409183168
47686,38771.9841731808003944738122734902354
47687,38772.4309648055037578102831951933526
47688,38773.3550423821185569199782517893869
47689,38773.9206239632666902447831085701293
47690,38774.4246310559338687881832555280278
47691,38775.1821853841840475081316199422686
47692,38775.9741042031851864116918302622303
47693,38776.7701923656112859654068178056538
47694,38777.2327907900739198664859279446526
47695,38778.2724875814233375871989457139835
47696,38778.9603359411986812222558743987463
47697,38779.8350890165152108925919929238701
47698,38780.4317764987120890411413654798087
47699,38781.1111002344172756797233055915595
47700,38781.7000938730099975600958381824169
47701,38782.8300103542031553212425725455771
47702,38783.6734588957799895066029575872952
47703,38783.9145787377536219098766143374779
47704,38784.5776620094219367232868873639897
47705,38784.9284770681857064949586301188851
47706,38786.1140376580009149343056910990551
47707,38786.6462597645509750304517600038382
47708,38787.3347901010628898871903000332714
47709,38788.6725991825384202679584266316065
47710,38789.0002039718262203956298518879303
47711,38790.2479365721397111351765283368334
47712,38790.5243768819692427007015951318830
47713,38791.1552147552072169169764687775558
47714,38791.9836875529880407177375443310243
47715,38792.1906659634213533279889950542064
47716,38793.3805554646475416470518155528401
47717,38794.0582318699630882654184509195954
47718,38794.7905907471836514422091519117165
47719,38795.4708298602135339674541536206704
47720,38795.9652129665793170859084131307532
47721,38796.8420385986623590207786684511160
47722,38797.6128265972563676362702615315899
47723,38798.4456557772292214657675694571946
47724,38799.4780431920126792612041556795752
47725,38800.1855707341292006686086675719624
47726,38800.3199193025569089498587763220623
47727,38801.3016284149135035145221835626423
47728,38802.0557337348147506790854199319141
47729,38802.6577099104391554566359229529437
47730,38803.3139106742835569389105520370106
47731,38803.7459787480078163926882057752605
47732,38804.4106478248866190548786681372379
47733,38805.7920205084751548341293977032372
47734,38806.5322214923105810122965526132997
47735,38807.2539950248534750878622076376862
47736,38807.8143272532990783270293868945168
47737,38808.4674145719882372145353693275952
47738,38808.9791724215387499136817538730061
47739,38810.1993028398688267895951242496083
47740,38810.6249075022339288672617626364328
47741,38811.0931093057363416233260136208273
47742,38812.2850170988785666544021876940947
47743,38812.7661430390687055125093824425391
47744,38813.1044015106159260079870608982272
47745,38814.0665479806886621886938684649064
47746,38814.7509428709120196345970473562754
47747,38815.7666820774595563939550649878783
47748,38816.3697252648553580450113883435703
47749,38817.4740409951453041257955919207229
47750,38818.0962655933252332189770426616652
47751,38818.6833004031687592876857087446996
47752,38819.2348312209198421320409379242742
47753,38819.9235876663802697454131103071100
47754,38820.3006053816271834192136655767269
47755,38821.2160783537737478292666827949552
47756,38822.1137663398886694357354574005014
47757,38823.0835527851210994197775148718953
47758,38823.2605368831444126750103083273621
47759,38824.1252633576902775250582256424974
47760,38825.4514291453997029976207331218724
47761,38826.0015717309099862370891318358867
47762,38826.2098881705372139250564268148973
47763,38827.1435169463640918821722289373914
47764,38827.9496871487178986327275708707985
47765,38828.8290232490498070836816975899893
47766,38829.3429212462867317709098797767054
47767,38830.2004122507833647571789195893406
47768,38830.5131781600947400426749760901889
47769,38831.2216434319010359562009159674149
47770,38831.9288163073064209886525791508294
47771,38832.6170874048094599284202830390169
47772,38833.9406959354058214422439069122698
47773,38834.8591474487278839799582350155858
47774,38835.1314754211011778749896546967532
47775,38835.9449203927680209742397679142220
47776,38836.5219432771242908742634525209021
47777,38837.1578639793791944917942830090683
47778,38838.0942051622380455966012606363969
47779,38838.4506593044214206587599457474461
47780,38839.3513983642121420441180458381430
47781,38839.9100327894120498746577810001794
47782,38840.7967582355374341232478785478660
47783,38841.6903283639876623515976002443126
47784,38842.4302886298594736421591867084756
47785,38842.6229896793846543974793253541151
47786,38843.8195062492233756911976552597530
47787,38844.5773928000874163438002995586397
47788,38845.4491324918197569639504723538534
47789,38846.1480691481293746186651349096074
47790,38846.5186113938822793440674005568423
47791,38847.5076979107308541944013726662384
47792,38847.6608367452535979884707700889455
47793,38848.7965911144238836586118305989398
47794,38849.1748804884762493431707742501405
47795,38849.9269075113008184386288865550939
47796,38850.7527495710080958335103880921416
47797,38851.9788535692040917017424655055185
47798,38852.6168688615140850902684373183323
47799,38853.1308090985073627111651209626135
47800,38854.0202021327700052120692113487086
47801,38854.7576747382374333625096483034064
47802,38854.9518055076712449905031659095810
47803,38855.5934052134880963790471067470890
47804,38857.0421046752755973949989574630695
47805,38857.4555877215928807903727473726677
47806,38858.0757062896989270474598201280842
47807,38858.5659464163808134589612682922630
47808,38859.3453800491680498270056589305962
47809,38860.0237865630413567739051963560561
47810,38861.2028388400865623663611962556970
47811,38861.9547672748828436861675355273878
47812,38862.4612270115394589377427324644691
47813,38863.3145803521702235483335137481428
47814,38864.1429956921062339812647213901046
47815,38864.7288092665131758678958378352159
47816,38865.2893824603452842514565998849744
47817,38865.8244065960241338911410142041425
47818,38866.4337769130427779635676383443738
47819,38867.2039929124439660415084574434184
47820,38868.3742917564502447007183172602774
47821,38868.6394127289021306807674373771360
47822,38869.9947030026646267570255478103125
47823,38870.4862962785330110408935919745517
47824,38870.9922535183964073265704161306303
47825,38871.9223193631218986969097217111100
47826,38872.4568885221226392226068549503349
47827,38873.3238570883357366032881608668494
47828,38874.1703464870162647192557894419068
47829,38874.6801177053875192524931958799176
47830,38875.1366874348980558245901965372191
47831,38876.1592817917412043599858992234358
47832,38876.8448394332849290571280441575818
47833,38877.1763102344629181864976440919744
47834,38878.0199034943040283512807096255373
47835,38878.8511345389568148096778296700070
47836,38880.2179032993241884886651124492664
47837,38880.8155168215143346721383983867827
47838,38881.3819514061806944795563819947212
47839,38881.7947385799931419919291022572860
47840,38882.3458288475514148292221813618179
47841,38883.3939300376954530501042912085178
47842,38883.9556564521141512356526856885026
47843,38884.4759379344895086427283525385120
47844,38885.4775240843947279368105940763363
47845,38886.1425677726923963464574733836183
47846,38886.7582174555426487137363342095357
47847,38887.5794247310408593703667085452276
47848,38888.6695853861108027262236057412493
47849,38889.0539432098422055725337192465368
47850,38889.7257323706222219990787868679540
47851,38890.6044576264950794431412775062331
47852,38891.3912157415388995515367275127040
47853,38892.0916891350597291968781013756772
47854,38892.7441870716179890972428757650627
47855,38893.4001346152820242218556805897523
47856,38894.0623621459142038034113608009682
47857,38894.2932968746750335666617244265522
47858,38895.0988371499167716412072978654616
47859,38896.5747840231717196753490628137386
47860,38896.9643075037451036997501729932746
47861,38898.0002152247573307212282117827979
47862,38898.4337203478499221893984751755761
47863,38899.5430938120577261489852323059912
47864,38899.7897715266785236475393287617983
47865,38900.6744135631787709236624766409745
47866,38901.0030510220347739679215211740791
47867,38901.9457038198686664084456280662870
47868,38902.6338769985887578724966393740341
47869,38903.6974524689253158638431653165361
47870,38904.2763614903895359370187311271038
47871,38904.3848061183042692064635746929162
47872,38905.5611285986255599113912741671641
47873,38906.3208608170994151244295457808585
47874,38907.0770291840205293858713696506133
47875,38908.0890032177587869161840860159334
47876,38908.7139456192035444787808921126203
47877,38909.4518422793156666470307180281235
47878,38909.8965633203027115384029070004007
47879,38910.6587838203674661013789314749041
47880,38911.0943295887350380876917039894336
47881,38912.0894034213976452106918593800338
47882,38912.7442222040998302677762310159995
47883,38913.0813110398709332914737865433887
47884,38914.0870571035478448007709058341270
47885,38915.4102620125831934114077939135919
47886,38915.8465365950963142143850394189725
47887,38916.6992775079422720878975916475177
47888,38917.1402320332940866860355773543025
47889,38917.5371542343850603066324757535014
47890,38918.6788896737445043184379638217762
47891,38919.3262867314967734629420500438227
47892,38920.3055605673531222265576604727037
47893,38920.6977128489992920878339498551889
47894,38921.1078395713195266433187510608337
47895,38922.0954721019420505901160665476911
47896,38922.7158184504892674767407076545938
47897,38923.4770215436864241956472340010903
47898,38924.1259513091772394355658531351171
47899,38925.5272269183573039618076306210289
47900,38926.0192065758342220626670624012590
47901,38926.4070593785574597846749384710146
47902,38927.6091618349654408072135580376861
47903,38927.9522257200466624295380442560262
47904,38928.6325673582505493744790668924867
47905,38928.9548351071743130936814696872495
47906,38929.8912841083290216929059465337522
47907,38930.6747909746450901686941196234715
47908,38931.5414187296162552218390762666484
47909,38932.4037481875194328659212500607864
47910,38932.8103704082815679114973504908958
47911,38933.6820340650119872297614964171321
47912,38934.5167474196077950233523256908182
47913,38935.3662843273003290581743493989755
47914,38935.9011761384569876305957883933603
47915,38936.5212983114733317893329810082269
47916,38937.2424779358204244124823279813936
47917,38938.2552095154932905647832120700878
47918,38938.7895714728072713655957804154377
47919,38939.3083737973311983621661801787245
47920,38939.8056005743613511873403429761652
47921,38940.7524579221072388682711334805362
47922,38941.0947324060117193936244114242521
47923,38942.6804140880956527326558896260826
47924,38943.3335481983053025306121211690418
47925,38943.9558494643641908491148515700314
47926,38944.7222241320556451010899665978099
47927,38945.0951761996849833668183920948908
47928,38945.9131654241742123787586807340755
47929,38946.4978468130942279006675938581223
47930,38947.2446411686273503365070094902868
47931,38948.1836573631146001933489420907374
47932,38948.6745922142241022416679464685865
47933,38949.3213402811483280150565164021556
47934,38950.1208141926450224565455569775472
47935,38950.9894123946963647640176461061619
47936,38951.8783493612113408173761340631991
47937,38952.3342970562520992472521172709983
47938,38952.9026638137371648958910401834207
47939,38954.2625894405390513442034134913659
47940,38954.9081425409342094367589770495885
47941,38955.3501977866120728318904035595132
47942,38955.7889990756886692179447339731852
47943,38956.6669493156285073397302702126992
47944,38957.1686721465725009679511194535102
47945,38957.9724674149472487113171794325870
47946,38958.6085433360672257074790002544415
47947,38959.5623450321549512649161912189525
47948,38960.3419068385048396674297578379229
47949,38961.3232883785811952650806326815402
47950,38962.0444497000659325782048568684760
47951,38962.6139043042818004921547226199318
47952,38962.9918735641124259042342013217904
47953,38963.9975251964748168778198170899179
47954,38964.4781777950101574229644009786490
47955,38965.2959430171840158549379458115624
47956,38966.1265331044475529173500237372712
47957,38966.8169737848473638991673081145208
47958,38967.5729659626198060360897107028399
47959,38968.0053124868082584138871488552284
47960,38968.3670580873003920157648536112597
47961,38969.7946825494667404426926746030908
47962,38970.7044707336647119005705769567867
47963,38971.2211544757546144837183804714185
47964,38972.1068220568014751598589648568449
47965,38972.6658194642467042657046709031964
47966,38973.0447956138625644278363744346397
47967,38974.3227528182315424804882480315249
47968,38974.5918666777936478577855177407638
47969,38975.1069162317357144339458722321483
47970,38975.6514632276598570936394141844719
47971,38976.8958184702663245344851188188816
47972,38977.5604263953237835496973461141743
47973,38978.5049889460357290933783169176223
47974,38979.0784176673913480115710180559566
47975,38979.8190264287145939299424046021714
47976,38980.5381364899757420980729137956820
47977,38981.1084107347454177103128989759708
47978,38981.8952053127184776065147174091160
47979,38982.8886501066885428306752829764130
47980,38983.3893622389696197768069762677089
47981,38983.9835064932296841894009635570567
47982,38984.6080372868880116014729520873866
47983,38985.2617659248322491245199965796633
47984,38986.1732267662650857100206044309698
47985,38986.5626098746949432994994588645658
47986,38987.7031909820949297322623070611631
47987,38988.4688274249781817732562531220703
47988,38989.5451207404787883545362714360674
47989,38990.0785434965687421276603316471782
47990,38990.6692403858731545584780193965690
47991,38991.1058836050405498603075900928288
47992,38991.9077520840980101518713692737386
47993,38992.2269587698201415921383168822783
47994,38993.6127768560998327705700084294072
47995,38994.1226728144725123478531383441884
47996,38994.6800082118344284294446017135166
47997,38995.3026858159316709407765669987510
47998,38996.3745224511288839746769731737539
47999,38997.1637403794620871834074089618854
48000,38997.6256685488960683436444135932554
48001,38998.7371222115449007898028772410337
48002,38999.0616869003569599843900774312943
48003,38999.9807938801670329273665953997444
48004,39000.8932061605647634613433487168221
48005,39001.2960245133782953067550936902553
48006,39002.0257102063937025075827039729245
48007,39002.6624969124736873771495377121665
48008,39003.1212780589400431094013757465218
48009,39003.9687004014421271288329668469697
48010,39004.5129579451425286082300779655809
48011,39006.1652807810587679882328805247477
48012,39006.6502157502887732076143815760095
48013,39007.1691813170227601606426306117119
48014,39007.6254840214294240811460181030846
48015,39008.7825538628859016897850236777726
48016,39009.2016282000723077822495387210150
48017,39009.9264518004124123320762749296841
48018,39010.5185487643546311454285596764587
48019,39011.2496758659070676039794756658437
48020,39012.2962740606893048918609104484071
48021,39012.6076413351797559415775066448786
48022,39013.6160461389798099221090777221159
48023,39014.0258853681662148479083615037366
48024,39014.8200333885808720737833528035547
48025,39015.7421363264420335256352208689761
48026,39016.8332368358933609065848578881679
48027,39017.3669456741183227874748880975286
48028,39017.8885652911853024651433544341958
48029,39018.8639481458640049927727449966487
48030,39019.1738399885016684234874373857276
48031,39019.8443892649837389341293641085724
48032,39020.5190757221757401511305806046787
48033,39021.3250578400411427240833155347869
48034,39021.9495496936644935506893339917777
48035,39022.9562450149937775138161454330375
48036,39023.4928240198683759135557265037317
48037,39024.6669610988692209195260334394438
48038,39025.3565038027026413962846731108651
48039,39025.9096981254198415320961048736625
48040,39026.4103087314795567614214459928896
48041,39026.9015894460991018190912788849476
48042,39028.1066483417525195300314127999021
48043,39028.8764018858129910368636297692577
48044,39029.3466203512121501713734259733027
48045,39030.1939100615515317789750858906352
48046,39030.5293138517524690775754727971363
48047,39031.0273761236533213040107036780843
48048,39032.2989840659558074937208759351553
48049,39032.8898496091623885769228874544217
48050,39033.9100964655209255039975987864435
48051,39034.6035869042314969380802047232213
48052,39035.3838459570701155032631865543475
48053,39036.0734766128204046105911777550502
48054,39036.5818962028993068459767456546424
48055,39037.1142067898568133344863255606638
48056,39037.9301444580188911156350124127825
48057,39038.7236797970845021087668167709392
48058,39038.9223614148765389774052798468721
48059,39040.2474629363418894316002368751972
48060,39041.1276330391003948403972717816203
48061,39041.3369937351396336310992901981782
48062,39042.5096947717105914527804750565342
48063,39043.0833954147273177392244464030107
48064,39043.6640322951320528246478780132270
48065,39044.6278460241215529964420252535589
48066,39045.5551103829637677434910877738782
48067,39046.0248448965674085258577122586949
48068,39046.3509601038945930728459611443024
48069,39047.4021210789280354023713400307196
48070,39048.1463978980917485596449196191006
48071,39048.6589072244520001760586269810656
48072,39049.2543244287710686871048948675942
48073,39049.6827342452538174937888968008848
48074,39051.1212799197632185435746370181908
48075,39052.2002409827256583452990490047895
48076,39052.5253867320365869313058716574256
48077,39053.3321597165793990990228247182605
48078,39053.7642537877831027304888807619469
48079,39054.6524004742298123001136667713200
48080,39054.9411973294931671891645635358537
48081,39056.1574347411432290038913977442248
48082,39056.4521529828522884848284339210275
48083,39057.6188335713491622443245967761377
48084,39057.9518107099970405634633020759059
48085,39058.7330119185149418074931429511313
48086,39059.3734238857309029631252902379483
48087,39060.4822250553713660101808832510741
48088,39061.1904717158604757682083169075749
48089,39061.6452632654767566497750092807769
48090,39062.6483316261019907398775352142706
48091,39063.2590443339790885943414676835562
48092,39064.3638740789375906876541719539221
48093,39064.7258845570622744276686956651050
48094,39065.0410836287013721404814833699135
48095,39065.8475364699435667684085928821061
48096,39066.3524544096741331651677631983482
48097,39067.4363726176940116888899420831957
48098,39068.1611234803148942748596564770172
48099,39069.0005267203046641966396696777930
48100,39069.8894599946525068811620626807220
48101,39070.5698096359082805157799850616907
48102,39071.1233369747231034842487581754677
48103,39072.1218782890542352943487069353434
48104,39072.4068832989263023112659958557584
48105,39072.9721713771344421544250584259412
48106,39074.0536568838073084065580863846938
48107,39074.9112324734830372653255413282799
48108,39075.2728538357645904922431872430764
48109,39075.9445830629500392644255398607976
48110,39076.8192081662550088063446040995379
48111,39077.4014745808216559699584327867373
48112,39077.9233547085396380709445270441760
48113,39079.2332367650659774374746531713509
48114,39080.1842235595401265831720796262816
48115,39080.7191323174676781976635196075353
48116,39081.2258278803475404709529170990404
48117,39081.7384463270083422369342355588905
48118,39082.6479836849620119927858309835740
48119,39083.3531104815171692682423757421063
48120,39083.7318522443945251628090873542140
48121,39084.7324578892766698532455540482163
48122,39085.1770689416534524809984737064834
48123,39085.9954075371722260890184662800794
48124,39087.2865727863772389779841429598935
48125,39087.8830068336626274957563878997685
48126,39088.3193452234549200054583185900269
48127,39088.9708280632604951625672159553121
48128,39089.8830171146737048583394076920605
48129,39090.5726071695082132088368007324498
48130,39091.3282207374914158772583728779835
48131,39092.1638165588261567301191025953076
48132,39092.7151062259076770267005952239296
48133,39093.0912082796123258014590113640749
48134,39094.1226490089688466391303658957061
48135,39094.4674538794025315642949830972799
48136,39095.2245219991104352620240233031589
48137,39096.4610231875799185321611091265120
48138,39097.0821316419388623196312623270772
48139,39098.0014217157594694935465563268244
48140,39098.6152158146190634040612343926665
48141,39099.3498142231126158097943235692677
48142,39099.9380711251152694168004350956376
48143,39100.4848421126213136999552616373939
48144,39101.0793086622902019951338862785104
48145,39101.6397814857114857328334337567534
48146,39103.0921846335514121160615967415585
48147,39103.3814402285655570609326370631238
48148,39104.0687139746966266761065097398792
48149,39104.6795603066145191341094668639588
48150,39105.5416237689905947088953243201246
48151,39106.8404319840064256229217613130823
48152,39106.9743606750195397334526867893155
48153,39107.6815564120128278380132428095421
48154,39108.8458619684045168293911270473492
48155,39109.2393540253928415469722346251986
48156,39110.0042314051913536717962259563377
48157,39110.6229718443223495810537651314211
48158,39111.3414562986999073317674119578081
48159,39111.8777374567003338759505575825848
48160,39112.3842091035653684262076994969471
48161,39113.2462383464478355461920558449773
48162,39114.5573870218573227915606599913600
48163,39115.1100509136862453290252395970077
48164,39116.0984457610876229052582510285856
48165,39116.6543005007424251766067514505202
48166,39116.8910908966688315429228151454612
48167,39117.6570314899053855968530744422329
48168,39118.7007560085407000548312763486528
48169,39119.3492843879813662347021698661407
48170,39119.9822056800725780029951023235966
48171,39120.5147084403009432498316235070333
48172,39121.3293731572288352590018387422173
48173,39122.2707934317993967547106574632868
48174,39122.5999797785065125811982923450304
48175,39123.6342746578054532827886375686656
48176,39124.1923937880242010158094871088640
48177,39125.1578647902627707154218410596835
48178,39126.3088865174080972386477665371350
48179,39126.5693207173928989392996063531446
48180,39127.3697357824398563770001951922542
48181,39127.7391263590978608321460258232952
48182,39128.4635651192033348487908410365855
48183,39129.3636599583381993098838136960323
48184,39129.6898790006686644617249496167973
48185,39130.6561330621489832331608842063007
48186,39131.4016725404959335686725137860320
48187,39132.4959230069539426763514049615361
48188,39132.8697706809200363498477237399603
48189,39133.8992332175759235065439153034631
48190,39134.6355884545856301814421136439558
48191,39135.0616231905717523864455167006388
48192,39135.7715202472304305412239107600277
48193,39136.4734555718443270027067673939273
48194,39137.2583483738967239280454011934141
48195,39138.2274205645163662970902801649716
48196,39138.9045203111951580921656738877325
48197,39139.0953972828175632142301940980996
48198,39139.7619747914551344055513055795024
48199,39140.5584146955281956317388121718134
48200,39141.4835090453206132171189642211684
48201,39142.8559540266371954901231293340500
48202,39143.1760196863966339947152913089848
48203,39143.7406351896110042629050392258030
48204,39144.5367866564328449345309228602115
48205,39145.5888615832564373661388034649910
48206,39145.7073994562136709423998935767891
48207,39146.4390737566280945313361191343475
48208,39147.0287144395857710451171387080339
48209,39147.9847214564722433838192061012257
48210,39148.7031061283695196024819878534855
48211,39149.4193452420100842225721346480128
48212,39150.2007324178049057942587471786735
48213,39151.2252353650368050498102063849930
48214,39151.5523844853562591281729367286454
48215,39152.3255188022047617695187160521194
48216,39153.0844898008201820915982457017471
48217,39154.2692616426340799931221324957654
48218,39154.4356469613925402636629325089554
48219,39155.4120308318048978008898159778968
48220,39156.0240261054717477730884352573989
48221,39156.2909769873158601823572885587605
48222,39157.2181596553032315421679740024912
48223,39158.1283664444274459633840510644149
48224,39158.6140606356247529482714611449977
48225,39159.1639869477250405253588843535792
48226,39160.8525395966985446307752450079113
48227,39161.2406129040944989720158574989687
48228,39161.9036011139922281504618062202732
48229,39162.5311197365653384756960773923163
48230,39163.0538743313734522564394895325498
48231,39163.6827672324088502388014340127922
48232,39164.4755396658980187980410801045946
48233,39165.4362190589416663836040343648911
48234,39165.9627192885034961035440174215425
48235,39166.7348846880588802431435286741591
48236,39167.2978784148357504582647165129780
48237,39167.9385038891229865622859526667350
48238,39169.0887055684714992027803696896175
48239,39169.5024492759887515385084123207704
48240,39170.5590296728822624699578189423315
48241,39171.3239801838100166288746809546697
48242,39171.7298990590976046617443540757048
48243,39172.8385915364619954819562297585242
48244,39173.1011571039992036908460145434028
48245,39174.1339155606111721440538481068272
48246,39174.5015377338478278410996175179509
48247,39175.0034639923307270167158982755480
48248,39175.5952144207726136531857689322059
48249,39176.8483720085813495286028938115635
48250,39177.8142673059093549981218231446569
48251,39178.4180927886946380188791558498132
48252,39178.9526091796887901490404292127245
48253,39179.8837759197756694115649304907960
48254,39180.4451939533552174517804399349303
48255,39181.2467774707491922693235913168757
48256,39181.6918063288247429899640194113050
48257,39182.5952368185237077161028421630879
48258,39183.2883755398957027100943595734928
48259,39183.9170020753514293384567798025475
48260,39184.9285996125600881611547605149597
48261,39185.2072279445337893720299820026970
48262,39185.7568622692370964532850937527910
48263,39186.7479928248346359365000260125755
48264,39187.8484163314529555562074000630810
48265,39188.3399863950038371687975535335326
48266,39189.6581246470936871501751111067310
48267,39189.8190947903812802132625972537959
48268,39190.6105276289206429603394440301763
48269,39190.9816021898637033947030851125881
48270,39191.6549719525801304902742991829317
48271,39192.7993309859223176876629076047962
48272,39192.9955210950130444272008047578317
48273,39193.9888877485712585680837905290166
48274,39194.7760222714619609964158810972336
48275,39195.2515736368264163695217850154220
48276,39196.6321216642163194374644432009396
48277,39197.1502701969245658466526215374386
48278,39197.6394368325564651898545747349272
48279,39198.4500582622187727475881242448864
48280,39198.7769944280503886701582712546810
48281,39200.3246731362936076213385234602582
48282,39200.6676093725560867176540322176873
48283,39201.2293643362310716220709478491331
48284,39201.7041978834988822480074878813755
48285,39202.7999277171764589663622479799603
48286,39203.0145543585745305888320785014163
48287,39203.7800227933858514256955140092104
48288,39204.8611976299466569422635236798259
48289,39205.8820717198147575137374229872482
48290,39206.4918953068912037717007201531404
48291,39207.2563204748798652126515722881257
48292,39207.8528549823862586271972517730182
48293,39208.3923333839464129953312887228178
48294,39209.3504937972764540964954068431141
48295,39209.7467301670649591406361167337581
48296,39210.1922254761784805722871206362960
48297,39211.3758492447316596215892979444170
48298,39211.9539543092460693393072998880868
48299,39212.9696385885474653456442863758910
48300,39213.2777619052658797280582263508405
48301,39214.1612703134855862663794662935797
48302,39214.7564642506546212455754745528101
48303,39215.8903150808997317179391475637743
48304,39216.6500587031522549257139832383562
48305,39217.1691969276781620390594640782500
48306,39217.7993916379986333359409469543945
48307,39218.5865280578876495371514507558725
48308,39219.3039363823566459192150388221605
48309,39219.8761172612372754703812679647188
48310,39220.5000360044741112913280180161100
48311,39221.0457834471106165023266477380761
48312,39221.8002710486643860066756508995286
48313,39222.8503444693640723424653388040006
48314,39223.9166814546192530049055142538325
48315,39224.6583828187435756726885064615516
48316,39225.0128479126268700887018643700410
48317,39225.6557951299850057147063408973817
48318,39226.6006599645412249550877851013784
48319,39226.8832307521525740185914898038122
48320,39227.7334531010280370003075698534812
48321,39228.9313201550794990627513847258227
48322,39229.2724486566567619253499060672294
48323,39229.9122438188868544388780781294283
48324,39230.2898533924036243800497951911179
48325,39231.4169842483244821202296296307079
48326,39232.3362107514194381931634461594077
48327,39232.7417460732105228899481839134929
48328,39233.7019409927697137923523243015962
48329,39234.5558717479643753089933346235303
48330,39235.4517081717147714479971643250979
48331,39235.8031188754877766296395994191856
48332,39236.6760650969552823568854162139005
48333,39237.2411352136718323521955648433304
48334,39237.3115328187318404425870117366393
48335,39238.5087215604039937540765470950219
48336,39239.2896584628591367988561991436975
48337,39240.0075307555976982254408752468421
48338,39240.7541219989978359721880274588100
48339,39241.7414310872982678456423627328576
48340,39242.3561215440099731463011692377106
48341,39243.1921012238320596833060081312167
48342,39243.5588381915515750161633903780326
48343,39244.4569905718732669147093788317319
48344,39245.2104056402015215662667300391800
48345,39245.8021153957276032455570248082390
48346,39246.5242191753288646743828468961436
48347,39247.4584080877621799129681949904929
48348,39247.8682850617491542524818018883717
48349,39248.5189880394915026622695876301968
48350,39249.2119257939562666470013500595860
48351,39249.6561074104194915777893720121489
48352,39251.2872736145253559856614299905988
48353,39251.9810736218234386225113547572777
48354,39252.5224209651408602658783403249502
48355,39253.0526043630268364198779392314559
48356,39253.7092476537120958806316576366048
48357,39254.4672383517615223889087637725681
48358,39255.1856419278209755417375730144452
48359,39255.7908252699831705919153498395598
48360,39256.4385249228320730013792378103671
48361,39257.0329132873266035763295380328028
48362,39258.2567915609340742745753726498447
48363,39258.7617924340127828642233357740863
48364,39259.3730081003689578025460095056115
48365,39260.4527091852240375101218899753930
48366,39261.0836598493151866613184934190561
48367,39261.3922293882298211770308819467184
48368,39262.5684320461799092810044937214781
48369,39263.4689970283968651581812648979372
48370,39263.7583734206373575562825683031663
48371,39264.6755217553675656447137980503445
48372,39265.0314985011418512750057497231028
48373,39265.6988143123209667244141780919581
48374,39266.4933038944922163069922394606309
48375,39267.1125785903500177580416762994347
48376,39268.1426951241893297216380315814284
48377,39269.1267522620735034538453630594644
48378,39269.5373412281994715147193896410866
48379,39270.6507536474934144510620937147083
48380,39271.4493607544605870378080469863852
48381,39271.7504527179898715687016401524368
48382,39271.9114016932486789464258040668156
48383,39273.0524683315276119330712954064828
48384,39273.8727606948839457560103530398319
48385,39274.7067528010023195311174814840076
48386,39275.3149104648602287588964830821893
48387,39275.9159716225770062897402372760498
48388,39276.4600355069157921206831114082979
48389,39277.3432261301934371621715055821246
48390,39278.3851307833636065627830848300905
48391,39278.9847935456389097525938192755504
48392,39279.7128153681537006356101100914023
48393,39280.7439723574630963843207758445676
48394,39281.0765782609388126668200899175719
48395,39281.7643569029613011703848768999607
48396,39282.5938615194258783462385181352948
48397,39283.0724926236311548318225019884664
48398,39283.7100128600978718665890656327211
48399,39284.5574580874005809455287732542929
48400,39284.8297524517425654101103505540112
48401,39286.2939820645198200386401892291187
48402,39287.1474410786455690270530160443266
48403,39287.9283125967580375738813587322997
48404,39288.0506644946878796678314586283397
48405,39288.8986121800016729597529039506189
48406,39289.7634160969767763214266149340984
48407,39290.4855627354075811919352534947017
48408,39291.1925454610862288271156906125172
48409,39291.8083815991068195255993259915978
48410,39292.4967435253619476000847176891414
48411,39293.2201494320766572054772494656192
48412,39293.8719084500671524080749301043407
48413,39294.6587467772339924553158081661063
48414,39295.1241492571377935481921852235944
48415,39296.0656703251429642267885845765063
48416,39297.2650952821144512065865373513322
48417,39297.9846135279099341961776133417142
48418,39298.3708344767161190635922095959039
48419,39299.1608110977020341993281434806584
48420,39299.7950592111633404854480116074734
48421,39300.3486694060296563310302374901109
48422,39301.0218420791976144138952353832252
48423,39301.4803339561106724484357714752915
48424,39302.9219069738282705724235904474733
48425,39303.3160512901966800615380136425941
48426,39303.6523366937088282193287115894381
48427,39305.0476605450604145155538367656146
48428,39305.5300711854444489184874058316884
48429,39306.4885065359547368230150103551995
48430,39306.9236357520428249168706900430731
48431,39307.7192462862149307361146183860011
48432,39308.1866365393765333975382970817122
48433,39309.3632161029021978092993661973066
48434,39310.0661004667759905164480042932366
48435,39310.5461587632730788326520783303543
48436,39310.9558622990828533727584755446461
48437,39311.6549096782523546880887799747290
48438,39312.3116168490705845090291294223265
48439,39313.4167192144518450865764011303441
48440,39314.2870302006026143674020244850366
48441,39315.1584775760971881222904144247324
48442,39315.8400622823999620745775591854991
48443,39316.3373750650317755285320876186190
48444,39316.9947932372493477448787068431416
48445,39317.8594953288445209903671816337805
48446,39318.2483672820303578159491122645260
48447,39318.9979776516147595146424979093351
48448,39319.7776462552544532320680435295030
48449,39320.6652782194026006695404023284271
48450,39321.0948112704216883480483030306439
48451,39322.0788451369984736796437240486177
48452,39322.7968305885844795157277013590193
48453,39323.4295967489079773512534685201322
48454,39324.0386708858507398580296121959669
48455,39325.1743631473426418364222063359393
48456,39325.8366603471538342742422100504036
48457,39326.7712979877940025162001568760452
48458,39327.1092512128428868228413579098455
48459,39327.3780688107957693412475622466695
48460,39328.4901493755585505317055397067600
48461,39329.2654403096224920918806374374535
48462,39329.7548846489846407763793407485300
48463,39330.1404923427017722649868673399420
48464,39331.3391184877517071063969398139642
48465,39332.3011850571706745055404165627295
48466,39333.3107846580453497571371873526390
48467,39333.5733748674720873682210703523454
48468,39334.3395390900732823293945312816647
48469,39335.0480492754994607106330091914824
48470,39335.3829998447803163177984589095812
48471,39336.4352840049490245947299606018164
48472,39337.2679929145644637181729096370202
48473,39337.7962735959007984678502076654018
48474,39338.5633779952816740519578761742756
48475,39339.2203000842895711076496287420003
48476,39339.7126117744217412625020197199376
48477,39340.3798296080197308398355414883577
48478,39341.8004561698017777059152005425504
48479,39342.2212715011691191783568152163845
48480,39343.0835617196986758110449815442745
48481,39343.5619459789215444049702067506526
48482,39344.8110491784503090149332209485666
48483,39345.0595557396318031054821583261781
48484,39345.6228728769060445678009524783209
48485,39346.3689906160747768286127602093511
48486,39346.8765149945278968999018921879365
48487,39347.5302596276082365335536524499399
48488,39348.7141420139052672489699210145574
48489,39349.4839139190757041193790939720956
48490,39350.0815980421788400756394282418510
48491,39350.7461237766327722377810458839396
48492,39351.8786706249490652299236305203107
48493,39352.1720127924579724041988214916706
48494,39352.9390738243424075665481379052183
48495,39353.6291945078393040236104348326299
48496,39354.5359238163677188279260991571895
48497,39355.1780686698658490002527778035789
48498,39355.7146077295897772670795693999828
48499,39356.4615582490383736110293926873730
48500,39357.1563646553640158796847302633807
48501,39357.7258246965070654336775806639092
48502,39358.4005957701557428953567337332407
48503,39359.3016696998628109539313936812410
48504,39360.6461085255261208005426789221418
48505,39361.2261631142892358576332909600803
48506,39361.6355398492409068647431113388056
48507,39362.3806540136500367692097730725147
48508,39362.8872896114185383467129262607569
48509,39363.4866805318740385887013407612132
48510,39364.4158243599361345692697808544487
48511,39365.3038056818191727955303797414777
48512,39365.5477250327970582916697637783141
48513,39366.5440104615187313939261563280946
48514,39367.1052976229893480431371350013158
48515,39368.2236541243316126819030498350817
48516,39368.9748723045405644274909847952245
48517,39369.4224902990386582179139276085559
48518,39369.9938336232038549494021331004934
48519,39371.2694205397524631381463749740387
48520,39371.6921735730178917510420394007878
48521,39372.4656650548653353325679968328573
48522,39373.1223616554056252318944615728089
48523,39373.9594220573509729729658675150954
48524,39374.1542331021961999645669868235243
48525,39374.7606915810966418325806741741666
48526,39375.9027253334455532155220537065010
48527,39376.3390686035660904449969359237466
48528,39377.8073944606978136522435638726778
48529,39378.2177771847619850603289356668108
48530,39378.9809559334547416820601797975129
48531,39379.5642258752843734710639797803551
48532,39380.4624319420330194151838380849646
48533,39381.0043794351597810566248356302409
48534,39381.6603596907292910668049498811590
48535,39381.9360526917765752106720660200213
48536,39383.2059027215445335642326046308557
48537,39384.1578290405710958371607993972287
48538,39384.3574294636540874168903430188138
48539,39385.1718083641669733181175736008794
48540,39385.5788928982820129951494313440377
48541,39386.9391528718503756684511762434095
48542,39387.3337267443620264771973422196978
48543,39388.6149881760342215802356244532642
48544,39389.0248557372861893380562377006360
48545,39389.6020375502622121214133083603186
48546,39390.3490195190713180047145021117787
48547,39391.3184741354450230051818043144943
48548,39391.4437218519023276103193818422768
48549,39392.2661583274554797977200328053330
48550,39392.9344603039894162138164137446634
48551,39393.7232139257858399321132399314232
48552,39394.4675196222298740669353426165697
48553,39395.5474526404087117760159205549034
48554,39396.4089601396687575100363755025006
48555,39396.9342205959036600902459882766757
48556,39397.6654970260025461282165570946928
48557,39397.8984135298123193202139341157231
48558,39398.8485062146710816112730938451202
48559,39399.9147860628198897134808128497650
48560,39400.5576939519926521380154181873529
48561,39400.9691393900049273090128758378463
48562,39401.7071002318358359857135660010072
48563,39402.1931030002679003844156258030141
48564,39403.3849274503023799999121539764611
48565,39403.5797310161901407690168158832462
48566,39404.6650370699520804858817853401579
48567,39405.5392876026407606416978067176446
48568,39406.3160620745153106788807667826825
48569,39407.3521567922169536889109320651069
48570,39407.6768261255182158524438809391018
48571,39408.1903643937476536417544499582629
48572,39408.8353543150357753344237600778830
48573,39409.6426661695176729073714184775198
48574,39410.1284640113275061324027092070722
48575,39411.1265624853152104019784123132317
48576,39411.7061314411540895209938501432482
48577,39412.7329379142713136554952903561526
48578,39413.2888314474641196433098203092072
48579,39413.9279367598803034026214117961765
48580,39414.9383142561179914504991523652828
48581,39415.6208093397265105224386485975095
48582,39416.2357967649586674187352563767501
48583,39416.8439296921751229938785187293048
48584,39417.7740765975751466719132033040847
48585,39418.4016479253268933031292512305492
48586,39418.9938789291664467211365831495188
48587,39419.8668013174647307031664222626835
48588,39420.4466844914299429022323728482247
48589,39420.6841367077698282275466451181445
48590,39421.4007250811013751333264641617473
48591,39423.2959218873708573777590089976012
48592,39423.4632840124004547934414382197808
48593,39424.1667597842797010835692812914843
48594,39425.1782362292226759938848243463519
48595,39425.3385990264616412567181396993952
48596,39426.2953376889586057723993650771428
48597,39427.0293938480026116537592174923229
48598,39427.3460858908768170071871114599927
48599,39428.4395912608493702746525240202736
48600,39429.0089218065905233521573779658345
48601,39429.8339028499630987303581377437329
48602,39430.3169176645900970272738487801191
48603,39431.4610627825965959609917073128451
48604,39431.7848130662325738827962624819820
48605,39432.9066911502119666218963197061866
48606,39433.3411982980844707480256587016582
48607,39434.2573216894945520560284979569481
48608,39435.2755697840243690104718420768005
48609,39435.9608806928060372881298986580437
48610,39436.0233932070023297994549928853868
48611,39436.8865651361555903930002911072078
48612,39437.4597001308814963095567705422559
48613,39438.2759697830120284626629341878941
48614,39439.0340960758871657593801086059984
48615,39439.8368591688851603469007041220813
48616,39440.4488557617022632099347631347630
48617,39441.7438539760538050953715115026124
48618,39442.3375579972678112869486570636684
48619,39442.9112799453634896313877261280212
48620,39443.4085652613680712471402210497503
48621,39444.1219067180023108079176588420532
48622,39444.8067028088932905366048425867657
48623,39445.6139587562466876438257125528885
48624,39446.6084767088389496389904414841874
48625,39447.0962152214827325913437918388095
48626,39447.5517744233890254899263680635800
48627,39448.2750392460697705804020779864060
48628,39449.0872460214681065419572308195219
48629,39449.8068535680158653931164993023928
48630,39450.8253716030766144688623467073692
48631,39451.8145026726596011882540891977762
48632,39452.3055220060023088371023809753491
48633,39452.8581491935006329800756156416278
48634,39453.4495406730278615012346772364829
48635,39454.5335398055171310143627695070983
48636,39454.9039410099685879537887747141557
48637,39455.5259673155655913839593644609715
48638,39455.9081598707418666076375576684460
48639,39457.0112589548876113505874084358070
48640,39457.9504120731551646755868647296982
48641,39458.6628486771869704656008698394267
48642,39459.5523921520982942824185832976461
48643,39460.0642574574238740093537839987513
48644,39460.5075204420218458614111925519869
48645,39461.7093882148097220565224197251667
48646,39462.2009489135544441863516632952268
48647,39462.9878781523202249193219009177620
48648,39463.5773716567403294945245465872018
48649,39464.2906286058613871603117058999764
48650,39465.1498013577786524605658805583301
48651,39465.5820164229006671394830229482920
48652,39466.0670880036887596944865757449410
48653,39467.1297212364379463371828645782782
48654,39467.6707613975862620411879210861996
48655,39468.9540831272829883597196686693286
48656,39469.6645158520557217949361195869298
48657,39470.2565702655275253809460187585023
48658,39471.0740253076595944548551108145549
48659,39471.4739529901015137384799034615268
48660,39472.0311418028799710598940090633499
48661,39472.6201326034096052081624403413377
48662,39473.6991822816377168646528310157686
48663,39474.3562756070315444456271771606165
48664,39475.1779230807538089489713804368483
48665,39475.5925813128135908811052400328055
48666,39476.2747431197442483992369697507479
48667,39477.5075521560975460124848472327643
48668,39478.1510256418517638499961681487495
48669,39478.8488169614538750620207430168672
48670,39479.0981791829419963270405636243401
48671,39480.4515796358073295104897455190293
48672,39480.9584565796022614258471041224189
48673,39481.8111023558880178891681768685451
48674,39482.2876758774659391335412094020535
48675,39482.6128588195866777267151044679718
48676,39483.6579215465432951410238649502985
48677,39484.0694050255206923129753050147900
48678,39484.8344916521029550827056699746599
48679,39486.0964607918290903028680322878034
48680,39487.0559448796189658268948154965163
48681,39487.3111764461739501352093901478832
48682,39488.0940613809237560485199563062154
48683,39488.9773735776580581998071641835864
48684,39489.4113713360561843720265221296215
48685,39489.9794440491524178237153068364767
48686,39491.0446678994533071069472875942772
48687,39491.6992873913247154645585045614630
48688,39491.8706488132515592753050288473056
48689,39493.3506127182665075339272572653910
48690,39493.6908120103539248238558856569135
48691,39494.2826705663424794342300321765955
48692,39494.9938511461043454154381061558467
48693,39495.8643338665987445115213467098878
48694,39497.0851844449667823413995238338903
48695,39497.5808689469457215616868454779752
48696,39498.3096228811980539855286948280850
48697,39498.7769327412719484946462369936978
48698,39499.5960907959537310204156656537823
48699,39500.0244336644390107095362513607764
48700,39500.9151672899011937917589389880676
48701,39501.5835276668150067619775502825454
48702,39501.9970510900172330080039622541524
48703,39502.9568435441045249345582429214100
48704,39504.0403341117799822674106842993169
48705,39504.7089240187602170733691404927815
48706,39505.4418486784308325967676965191743
48707,39506.1652908627194500169572285879834
48708,39506.8187571346723848126176946985321
48709,39507.1581432740256665856762916397087
48710,39508.0860402861867363037433222223713
48711,39509.0977463148449369863157124400495
48712,39509.7364974130745083208082723067316
48713,39510.2908847284305465312309636161109
48714,39510.7779820300231158068366451923331
48715,39511.3998434045348358815442250669526
48716,39512.1798098063851738385332369374807
48717,39513.3105667239650195978402495686691
48718,39513.9564008028147511412170804425231
48719,39514.8005843771471609078425743218250
48720,39515.5591551823687444943811933388504
48721,39516.2288365422426284591077692464329
48722,39516.9806033627103525001468898962951
48723,39517.4377124936045258077261419025338
48724,39518.1010339161971417571577919830350
48725,39518.4642279782961455104837991730931
48726,39519.5155555497002240219551957420076
48727,39520.5192331106029140301296537172760
48728,39520.9825393242532302942460722926871
48729,39521.6079136366016154407568287775933
48730,39522.7700960678900473056913295695702
48731,39523.2665504184226967910103908092342
48732,39523.8922456428482544473985649531449
48733,39524.7228065014589161131461146043387
48734,39525.7094425977690902065218945471101
48735,39526.1183731794483240779118273048084
48736,39526.8189694986915105968055439079106
48737,39527.5306499827738990835512117572296
48738,39528.2370501021602043460714748034966
48739,39528.8639747950898133584051711936142
48740,39529.6062049115866287916903422103602
48741,39529.8763076906364778312968144062095
48742,39530.9806741621338259871378210948869
48743,39532.1915001277250498669156210835894
48744,39533.2493106444333736275755943526137
48745,39533.4326566908811409277958502343189
48746,39533.7787661057682856541375754239039
48747,39534.5691858587939291023785492827318
48748,39535.5669951742885296247759118368648
48749,39536.1824337751511498497660542337188
48750,39536.5977370405538199422758880195801
48751,39537.7157369276474345673868782995572
48752,39538.2209647331670759460647563032242
48753,39538.8124469739954067865543451296223
48754,39539.7143729014872839771151508976082
48755,39540.5384189805027086423591781057145
48756,39541.1015697209414586435332404298565
48757,39542.1101968059144928581704526098698
48758,39542.5754190307267690940195426705721
48759,39543.8449845999638066030868337656238
48760,39543.9866677056963549730951815478995
48761,39545.0145520407021339716885851174217
48762,39545.4176721959139173785393619960797
48763,39546.0456204139053873084164379466962
48764,39546.6365081559109233624612728609888
48765,39547.2429852765146669289321057014132
48766,39548.4276025186933693247188173269624
48767,39549.2038099502741541047375345716039
48768,39549.8572012637002332017949802108245
48769,39550.6237756377694690477828792638531
48770,39551.5882047389738707624141962946770
48771,39552.0757777990136997971056231088486
48772,39552.6147980655347266413754172021187
48773,39553.3854727799857176968281464038543
48774,39553.7847717313401795350112742032286
48775,39555.2908586001623113010150285379252
48776,39555.4554815147518714593498113540291
48777,39556.0884515372228907735380937885021
48778,39557.0254691926520188957397258362289
48779,39557.3247318664691020713987927681605
48780,39558.1272875922969712560063537808273
48781,39559.3953834878834799519183200220169
48782,39560.1071035913158911293106329271211
48783,39560.7660137219521750581874320216214
48784,39561.5182032431155740343198074218774
48785,39562.2674065551673816683119094150483
48786,39562.5400898572257898749653476798301
48787,39563.2746910257099592526708067907501
48788,39564.2625342045024466059097064220208
48789,39564.6119927516275321258672522535916
48790,39565.4898436166989933379498640917449
48791,39565.9720414691882474016277313042750
48792,39567.2409617503288224903167677426637
48793,39568.0769599211899728000207593772522
48794,39568.5162193352110514009992371153351
48795,39569.2071752787781078452882787629136
48796,39569.9343679689077322021482307044971
48797,39570.4694671813185337149486665765304
48798,39571.9028357717687596279630205180208
48799,39572.0304883540673352625534628632601
48800,39572.7822479304868449502054220723460
48801,39573.3570709390422664306532307925596
48802,39573.9945313224294982591764112438049
48803,39574.9642924555762386980775928211970
48804,39575.4756555740398792091122613940122
48805,39575.9295160834080989041998912350445
48806,39577.4692105154400200836635700198322
48807,39578.0373537521251276674560191212374
48808,39578.7492258419133616651286207020175
48809,39579.4800051016931759151161812193838
48810,39580.0344728340201900685186189737911
48811,39580.7497887969691263989331309310268
48812,39581.0926034899647184344952498000526
48813,39581.9302277868016929469820341444390
48814,39582.7771809161528371825870797867732
48815,39583.7323788812813881501909913897223
48816,39584.1499126425609548340163167030055
48817,39585.0784687654949250922379133058644
48818,39585.3032030574137402212016269742339
48819,39586.7335607157670606269343865264298
48820,39587.2241309124135697799964918580002
48821,39587.9872124149753424221260850492624
48822,39588.7482368266966320968685739814108
48823,39589.2675503194755597204420640350179
48824,39590.1512054382092284042095248571545
48825,39591.0142684917922658343080426293428
48826,39591.3772265905811200659552174036527
48827,39592.0411397516568045323358747628570
48828,39592.3021696902790788665565008340961
48829,39593.4459497625512965127058397460896
48830,39594.2847621822579798116179609737718
48831,39595.4438591879933595648841471172171
48832,39596.0390402076575899393261778697587
48833,39596.5051433856719987638512356872870
48834,39597.4894606689266108207036138832592
48835,39597.7406101746527914155594056825152
48836,39598.5730674167862328985746103762118
48837,39599.4956847053204749627825047678671
48838,39599.9136218195793135420364135860689
48839,39600.9043803653461457994041405866402
48840,39601.3594420057841450589419764357204
48841,39602.2804077625393943669853960150337
48842,39602.5552000760727496226075909486001
48843,39603.9964013681326631435592186894817
48844,39604.1797864896500152092978122200046
48845,39604.8985386549823799440644545997933
48846,39606.3397695833322091288535394466540
48847,39606.9682791526377453027991483578386
48848,39607.2918854026322909942025647873618
48849,39607.9121705243798134466135418446678
48850,39608.6057576758582038558895897337066
48851,39609.2783906265852522479470543845111
48852,39609.9041970182618432293907430652217
48853,39610.7728127451402374088425899556948
48854,39611.4324369196626411142475658044472
48855,39612.1438530262248547463411082815171
48856,39613.1672404016658849383100333051803
48857,39614.1008768212973488489999401109712
48858,39614.5591719027164927605245515361076
48859,39615.1388892561671364514358050800004
48860,39615.8251330002457318322436389197397
48861,39616.5663375735951070102324251644516
48862,39617.4741201105950210908145875547680
48863,39618.0040061950960810625650951077921
48864,39618.8550792226483185343585317646604
48865,39619.5722170219818437324342996685217
48866,39619.9143039164871032152183031972912
48867,39620.4633730228120410229146465701750
48868,39621.3779449291410941190819880300331
48869,39622.5863258412528104485588329840879
48870,39623.4336494767955000062908426175531
48871,39624.0225062758145168588916621262236
48872,39624.4150910271844238560949183458869
48873,39625.3867163924458039084175338284233
48874,39626.1914261772631132433756679801238
48875,39626.4430323068336151449276530447134
48876,39627.3186622002087318365252784298050
48877,39627.6658662505865017782153607930032
48878,39628.6886613060340157682532237620161
48879,39629.6307536270712784089803155065622
48880,39630.3209885602896335205364355792089
48881,39630.8522451685628868376935685752711
48882,39631.7737546996265782608236463000202
48883,39632.3533846919904916947909053406096
48884,39633.3958138010264080373755990583701
48885,39633.7812949920617077566791149928733
48886,39634.6341395869710557532883446572266
48887,39635.6906882619194347343945216122653
48888,39635.9852850654126077167172576733223
48889,39636.3391444834578372000154927523308
48890,39637.4613642589605588322832929083784
48891,39637.8994267880815583212754479372728
48892,39638.7205265377285959567572616203266
48893,39639.1828346873200604095556107312086
48894,39640.4934731629727122951971004508910
48895,39641.3129705634175557295939554538110
48896,39642.0820590602210519300530238355341
48897,39642.6614739656159393510024041070060
48898,39643.2229144159366501774941472861889
48899,39643.6858009029197109159367406473926
48900,39644.2916647451813627738540628151585
48901,39645.4550914764224712443822458455655
48902,39646.2208610527135483478115473441376
48903,39646.8121576555316109624017901946296
48904,39646.9779913558979388739279970658060
48905,39648.2016268890004116113395791531716
48906,39648.8429638354001328103128931069879
48907,39649.6883363585200822016241787768702
48908,39650.3823116657529167813531916256016
48909,39651.2544256397309680806271981806218
48910,39651.8483146338187102947267758220107
48911,39652.7730129246549961780506279139575
48912,39653.5127353779113819005787088221537
48913,39653.8127883611950429848892507083321
48914,39654.4779532304192295798632049040254
48915,39655.3439828470680435026324487204062
48916,39655.7432066759114927512807273132997
48917,39656.4040957569770542765526682847896
48918,39657.7340530783019585954119424711617
48919,39658.3898977206589627976767563639838
48920,39659.2160115943293011024112742168846
48921,39659.8362087823956144171877428415506
48922,39660.2217430262966023366258721496983
48923,39661.4459281329389687083140877030710
48924,39661.8723653672401066852067914630818
48925,39662.3575232169729659896373999856146
48926,39663.2672820114744306452217189668145
48927,39663.9610681612800455553189495240812
48928,39664.8563469178322610274000189502969
48929,39665.3575462383203353882702335364004
48930,39665.9467336565195564692802941251106
48931,39666.4998629714236524120600480541984
48932,39667.4461449480746592576173295149140
48933,39668.7494991782072585538221438934173
48934,39669.1755996781092228346867143242989
48935,39670.1439766263304133812387888059229
48936,39670.4723101596408337034192270649829
48937,39671.0647988584250060433393402054418
48938,39671.9218710032892152266054007799033
48939,39672.6497783674126525482310626587218
48940,39672.9116779214662117728395512147195
48941,39673.9003005401724569867379272213350
48942,39674.8902125205617099101199544738942
48943,39675.2435934082116190285427431971115
48944,39676.1265177956501492891707634496327
48945,39677.4010930069099428717107459130581
48946,39677.7955090161805315591453386271416
48947,39678.2504109904195214920508646691528
48948,39678.8627484904092574501830641117279
48949,39679.9460965986260906324986287852790
48950,39680.7267928286518885361180323299388
48951,39681.3727488406704174038645672820269
48952,39682.0179731102266801458796842236525
48953,39682.4582380417916749192215773828547
48954,39683.0054084688996048065619072270021
48955,39683.8735800999237347293620620924106
48956,39684.7163357100927104821375711846987
48957,39685.6247157063591199092417225830381
48958,39686.2939699551426230728636127191846
48959,39687.4924121526858560872515637982179
48960,39687.8125500232696070489304797496166
48961,39688.4871749357469557915263054846025
48962,39689.1624222826489253520478542867303
48963,39689.6648676187785541906249253063538
48964,39690.4754352532142371765725317167417
48965,39691.0433332441055198239162811765607
48966,39692.0259576325270395646729878163022
48967,39692.7638596961290583748412299962759
48968,39693.3561652255474268166805935951944
48969,39694.0509511949504004513084609636024
48970,39694.7911173349916769371973677985985
48971,39695.7156914362166464591074832937634
48972,39696.2977586721487916855165106489383
48973,39697.4793990732842951314683093823532
48974,39697.8134137967021335839075719547703
48975,39698.4579536732860137620155607319959
48976,39699.0633949347224986247319390752478
48977,39700.1148865074149754313424699920538
48978,39700.5032385770410316157124635055868
48979,39701.0237922693658694526410640020139
48980,39701.9041300459113273988354332388692
48981,39702.1878128125516418029791831145178
48982,39703.9975283493330183214028362239584
48983,39704.5580779479995507113606384786892
48984,39704.8742817486775314242809440213548
48985,39705.8342607027594122331705851726107
48986,39706.3050393193131610517507405835037
48987,39707.1294947969796792901050657396450
48988,39707.5704050823117044922065109022417
48989,39708.7113831685159523425289737839000
48990,39709.1756580454513170379414384169019
48991,39709.9047296264642074347043430738950
48992,39710.5522412446291303315702555766409
48993,39711.2063980903319015626153642088005
48994,39711.9665495169115794403596593156712
48995,39712.7389822362504916097106563376885
48996,39713.7439544290352052552658864625210
48997,39714.2822643167748284839280550411794
48998,39715.1997091188995639894981058948869
48999,39715.9374684876478388491034643833541
49000,39716.7033177586703678414533220600523
49001,39717.1248425327829880559989122279748
49002,39717.7656485025520724655633086515464
49003,39717.9011842767767313115643845485181
49004,39719.3803283301840609468740760107483
49005,39719.8418644012420546350151568917641
49006,39720.5905699175670882496628888166046
49007,39721.5531979999458253883423120411100
49008,39722.1969175964174200320598470381137
49009,39723.0210985806691382139662411021026
49010,39723.9278722909430768723273860521005
49011,39724.3987336045612546538409966221124
49012,39724.6468129301624978832481833290898
49013,39725.8768416763211072164307151745570
49014,39726.5457685218785881411840250894142
49015,39727.3806357858678859930149243335423
49016,39727.7339759842322959541575191844316
49017,39728.4673334799009760074758401412010
49018,39729.1807029709834481859454079910239
49019,39729.6971406904391600292379915922686
49020,39730.5457536413849081098168451200204
49021,39731.9035120388752887306662571950172
49022,39732.7022274989261070132158157921221
49023,39732.9340687956367910779046838521472
49024,39733.7118879910400103183982392993558
49025,39734.3074857290379295674183571499752
49026,39735.0755170837331963357380555415898
49027,39735.7569462928161453529436612329359
49028,39736.4796237970326726186240370383405
49029,39736.8590147853327399341861085105886
49030,39737.9197599485803811880995025093630
49031,39738.5310802665874746319163142081754
49032,39739.6594620194141784643614992218671
49033,39740.0765066313444459113425673020595
49034,39740.8178630086839684506773445455477
49035,39741.4764994967262373674443762962017
49036,39742.3013033712740578821117749152518
49037,39743.4598322935145889396216250586690
49038,39743.6765052534677784972006160355078
49039,39744.4101721370304068941971189478427
49040,39745.0604395492111023053507150888253
49041,39745.9250265997542457039040518969503
49042,39746.2231572237477730703726407690302
49043,39747.0120370869937962563319292845987
49044,39747.7238719834937831376528493389774
49045,39748.8614140503638175368479979834449
49046,39749.5090273103679510268996152378113
49047,39750.4611066097835201214677326166082
49048,39751.3066081494121177999558510107732
49049,39751.5073607149642188439048836325440
49050,39752.2775214493746936500474567091197
49051,39753.0578540071237059598300133632333
49052,39753.3579216801961557348889192597129
49053,39754.4251504513232879937853842714748
49054,39755.4556955266222180636464776731951
49055,39755.9476828636134761815346672781324
49056,39756.3795490444277012953317641953787
49057,39756.8464722068961023240337578939383
49058,39758.1939783204032814056970964410884
49059,39758.9252184319765662381645754037387
49060,39759.5566773751074815349941116334296
49061,39760.2976914178322922871007672317718
49062,39761.1016612880766083262497899298392
49063,39761.8910728861354400066437598422674
49064,39762.3772230794822495975386133198534
49065,39762.9591797019472042721485218276887
49066,39763.8220657032256894513346221079910
49067,39764.2146213993769904943437960520919
49068,39764.6926572508384800311120321311148
49069,39766.1379071525268109300237156299319
49070,39766.5078008089314509660843177643721
49071,39767.7891007415823913995660085160102
49072,39768.2489511607895831986021731458807
49073,39768.9685726442217808668947319261707
49074,39769.3207119282840255242304161107486
49075,39770.2927373927876040387041315633830
49076,39771.0640216991074547141313097321379
49077,39771.7964190535814684775942898423389
49078,39772.3487881552325696319423236575325
49079,39773.0527289108222540151099080374259
49080,39773.6321337420080313748529893623254
49081,39774.6613269386360142153992717218171
49082,39775.1523467983070483983236170385398
49083,39775.5600933421103253155807415046728
49084,39776.7212491161077931178155052947994
49085,39777.8866355932706767473903380957000
49086,39778.4336475595545508355254165521984
49087,39779.0632060370099033588691106536064
49088,39779.6850359459080203761597879742111
49089,39780.1047713135518134824085923970272
49090,39780.9020279020152585226853469395670
49091,39781.6002230017266609518913282951653
49092,39782.4099828066189026495250223818858
49093,39782.8998582487255865939031344929587
49094,39784.0210945395734364125291754281750
49095,39784.3630772676118002478949172779647
49096,39785.7135896156185827593437999809244
49097,39785.9123862206937053003960198285909
49098,39786.9324365290200738484745288800459
49099,39787.6107749873470153066121421936875
49100,39788.1539124065185814587251050669341
49101,39788.7610148976099478699007191342378
49102,39790.0805861461840328834284065410444
49103,39790.4290553740448110884439501127435
49104,39790.9555024278985393004012939301206
49105,39791.5420667595916438947139176132041
49106,39792.3231932816693329641196794546303
49107,39792.7095485138128687630016871226980
49108,39793.9650469626898700155631920019966
49109,39795.0788101401192078587807533993650
49110,39795.6654227641483812341942783914136
49111,39795.9345796826538745853406920666453
49112,39797.0772103792002957702099148418891
49113,39797.7391664031598425096791997165385
49114,39798.3096870935034545673404592628426
49115,39798.5611355347829086114333474448896
49116,39799.4910641420728916858462607560886
49117,39800.5144099952588605761622923861819
49118,39800.9893626418121775630887455457255
49119,39801.8429228461274190147879739044554
49120,39802.4430049874376247752686313621071
49121,39803.2116647151685709393661280007817
49122,39804.0620461573898906065662691068521
49123,39804.6228642527654788662389172703487
49124,39805.6462800054801196934865911284650
49125,39806.4253740365667133645776800303990
49126,39807.0078658221463365543421236998378
49127,39807.6596099136410927540788626214829
49128,39808.1724265831910902927926003353534
49129,39808.8327719961503959268998720563533
49130,39809.6334100348197812647771321934933
49131,39810.3400678868622376103163093949949
49132,39810.8566102384582541798336321987318
49133,39811.6095084255433068943361883449323
49134,39813.0209225474087431026938044286259
49135,39813.6755080433481852355795641869178
49136,39814.2102018037419473512413341158689
49137,39814.8392210438180926475903417152960
49138,39815.2124365438090710642541941246392
49139,39816.1057792973962255589372692583984
49140,39817.0067874443529217467098266789655
49141,39817.7985142345397467169407471678108
49142,39818.1825625884788826482468295011915
49143,39819.0079112610883369244696023167224
49144,39819.8300706279078507418307630747280
49145,39820.0170912517555087328492900631623
49146,39821.1623465512507128142401191744705
49147,39822.1254931067782681669844891924888
49148,39822.5537903916343327411110392895624
49149,39823.8077470463782702023393463131587
49150,39824.2787563538467653255798522600094
49151,39824.7517415276533544228484648748531
49152,39825.7161930561876793136053960335828
49153,39826.2944665928268550210883102514580
49154,39826.7550255628979500040049632004057
49155,39827.3033131274011671860625928293994
49156,39828.0237529042977907578270320780494
49157,39829.3079933693508940755680615177853
49158,39829.9072979957843004966190084744644
49159,39830.5275505666039968943786989208592
49160,39831.2475457460369045563229692000166
49161,39832.2600877355624376160975007753216
49162,39832.7905457827427044449602618002925
49163,39833.3307021971459171017859276058967
49164,39834.2516041647938023977325557185865
49165,39834.8913091692393831145633361959841
49166,39835.4266583144132047519625347413273
49167,39836.5612113711435147304295398484282
49168,39836.9189378112585771482945868527772
49169,39837.6288747521506869405186116664707
49170,39837.8623592273536939700254568549844
49171,39839.0078474262013338032882032552644
49172,39839.9313069152007746074561377245471
49173,39841.0479584464977776467287846593325
49174,39841.4565410656764793258989850415492
49175,39842.4654460861092420059674357340247
49176,39842.6755823273437232399750035398632
49177,39843.2022463641246710236515767294841
49178,39844.3869643764691334703068622599025
49179,39844.4791831846304105875016966211014
49180,39845.7218278917948600241616512423391
49181,39846.2776104730209994136281248346763
49182,39846.7417757752432875045405447356289
49183,39847.7446149093546323855314866239674
49184,39848.5369632357269357813873248844941
49185,39849.4976761935291530102945270950843
49186,39849.9755523663365160997369513853231
49187,39850.3664981559245025181220282499862
49188,39851.4822065908475108296917927512514
49189,39852.4591692624436506606070623023955
49190,39852.9775142889569357238307203327059
49191,39853.4757813337632905474246914183605
49192,39854.1270685254477160663246332311470
49193,39854.5899213005719116298488830869259
49194,39855.6274508377707032210509866763939
49195,39856.0862992219643850890743624561027
49196,39856.8557812586998357369627873202976
49197,39858.0823036117735765389214097430714
49198,39858.8789158200975100837884500931888
49199,39859.3057545816627007043852107588930
49200,39860.1683393825688476242887962650551
49201,39860.7244048455827286064330753533745
49202,39861.5298338436110658458015024859081
49203,39861.8325029829789322362861860760931
49204,39862.6654392812760936812883531334717
49205,39863.6333277715399904571703382672045
49206,39864.4101736204305072753060912247612
49207,39864.8160042264730348203139897171911
49208,39865.6239708879080199899245760979412
49209,39866.3649027261731703545119628767964
49210,39866.7317307471068212052681827249499
49211,39868.3780873002766524809754142876783
49212,39868.7745214564111329224769232047623
49213,39869.3695124010334381875141718210863
49214,39870.0506331183538796231469420794910
49215,39870.8732664789284211750495372127790
49216,39871.4709690196848192548295212467014
49217,39872.3351406453924574158755098030569
49218,39872.4408963665048275345036716741221
49219,39873.3824692771963533039260558416064
49220,39873.9885324003433187823370743287919
49221,39875.0291563967744400114330162776459
49222,39876.0933059920514111890898443376977
49223,39876.6060149726335467976822127300078
49224,39877.3749080027924003474572413064409
49225,39877.8850457003624551676961709257906
49226,39878.6043746255128196565319228194524
49227,39879.3850908316106669618854085590864
49228,39879.9522433684759669878985379515464
49229,39881.1298415211952170048552917178983
49230,39881.5144209202870930647758036136289
49231,39882.0103569223749541501837263047338
49232,39882.6029411232735966096768379138588
49233,39883.6169158462315109840501031711040
49234,39884.2220019803430874580402084777064
49235,39884.9655593033729881751246153714716
49236,39885.9696232066667515792354597912812
49237,39886.6836665197871536283608946652277
49238,39887.7154225691470626788245689899308
49239,39888.2104489047132652881527671174244
49240,39888.6276795213434614434118108138791
49241,39889.0906754894752520330857006482397
49242,39890.0450722335714053206691912922966
49243,39890.5348541265518664821864834502691
49244,39891.5213033779191398584751566167126
49245,39892.4025983121747512005797706734557
49246,39892.7209933712801662650202115286664
49247,39893.5895747569714694833330973074608
49248,39894.7744964934890998770791377170756
49249,39895.1602663158429945375799481445955
49250,39895.8535552593290392247965096151636
49251,39896.5890026479030840770210981127784
49252,39897.3741133579169444822516044252787
49253,39898.2457746748736336629523380508781
49254,39898.6048931450288035380302537157174
49255,39899.4705885994300903232237055828755
49256,39900.3480995161543043436460597507872
49257,39900.5503673269408133007734267435671
49258,39901.2350549753748883694869416133999
49259,39901.8179648165034100106123569173966
49260,39903.3775148871184787989905078409881
49261,39904.0199769429292553953924763203189
49262,39904.7961409870705449718084759295483
49263,39905.1901301698450037487842402450210
49264,39905.9054257480157573240107327344737
49265,39906.5467486071208878164353637792472
49266,39907.4662466013525221219614338301611
49267,39908.0696932526041212112723935264294
49268,39908.3877233862359447281560090203868
49269,39909.3528591026558369694269087532363
49270,39910.4141137325029348429677103393041
49271,39910.8287798158496860058304556334827
49272,39911.4112798313022514984016075623765
49273,39912.3984399625391146155279235059820
49274,39913.1065130748150225736559246832388
49275,39913.7996370163907865197705589563061
49276,39914.7140776729160932906727128782926
49277,39915.6264984043660812046421219658186
49278,39915.9689765597760842360267188045760
49279,39916.6188663634421334278991459030808
49280,39917.3893225524123296090736888738649
49281,39917.8008021352490889773158454791962
49282,39918.6097915594731371946937763042708
49283,39919.2904140014984044084005772762342
49284,39920.1904195579142614006348868429529
49285,39920.9613809279369748784456845467266
49286,39921.8237067652368167342238259070672
49287,39922.8673071217638837059728973914627
49288,39923.1760525756178428109416563079042
49289,39924.0112876832603741640779487390689
49290,39924.4193471290391817008569229625445
49291,39924.8406381138612744963887949791461
49292,39926.3872612752888916894385028663360
49293,39926.6702408712615696431192706783663
49294,39927.4427195170215682381551167561397
49295,39928.0504915730472293685043694423243
49296,39928.4969432445743760914873586022691
49297,39929.3350153109966473844292243121318
49298,39930.4401654250562823991600436970039
49299,39930.9288546652141149571869512767393
49300,39932.1181077641088811382578393004106
49301,39932.6409120790020669323904117817245
49302,39933.1720626734561245414664623396214
49303,39934.1090602093528939787619971700124
49304,39934.6760015293314315712298384841085
49305,39935.0938586132730501494856483261567
49306,39935.8245760343686181552881226831875
49307,39936.5527892807523484881031366095399
49308,39937.2705755407898066664464940954865
49309,39938.0242322011775239288708004537756
49310,39939.2969735113589978085599144886764
49311,39939.8092185962544355865439580173232
49312,39940.1654514518408814962096189162334
49313,39941.0514935060507916637092440483548
49314,39941.8971270455501187974986639691764
49315,39942.6068781941888540740872305722107
49316,39943.3057479431389519617813174019510
49317,39943.9415059665007206107158323141230
49318,39944.5906135348280932942389622950998
49319,39945.2998578375232613323059798365637
49320,39946.0408173744675070015355859015597
49321,39946.6325399216956408323161499969631
49322,39947.2309612905265129215916894592541
49323,39947.8652130074420138125012235354980
49324,39949.3315079242326901019415713339968
49325,39950.1370854402420513013670666134841
49326,39950.6621400875057457313465297653726
49327,39950.8600705375341556758553528141959
49328,39952.2193441517279584977838834376087
49329,39952.3638897072420801416081068612560
49330,39952.8500627950142844671205755934222
49331,39953.8961924744166105431700331694624
49332,39954.8221805301627112139963429964622
49333,39955.2207280823235500599743146646942
49334,39956.1919052123080801419236279620031
49335,39956.4790063930634191076657658685412
49336,39957.6996362187564057417669061636926
49337,39958.5186805794986013145317665339640
49338,39958.9712107273014153595200545439499
49339,39959.7590666400184165586143986385316
49340,39960.3623281813129694692600374169083
49341,39961.5445611384872847599842675713115
49342,39961.9248760938419826832734325902458
49343,39962.7143255987785711140012728861850
49344,39963.1404372757894452732243905910720
49345,39963.5827559609270608425552539282667
49346,39964.4210994616880963890444220916308
49347,39965.2767877960331824638516698924390
49348,39966.3943694195635547979844300310660
49349,39966.8973916353783821650007317337110
49350,39967.9535395148625386922847012650127
49351,39968.4010962973113711899634550734003
49352,39969.3518622944103312701622611458743
49353,39969.5260040560183455428576845649112
49354,39970.4234125321740839218004424767771
49355,39971.1603628363070191718600287572384
49356,39971.7759121500252113469524618351113
49357,39972.6594896165425368926012582456158
49358,39973.3114524292030386565472253291440
49359,39973.9830721908818923300913022779039
49360,39974.7052310931488433719711001129052
49361,39975.1927760944496719222412464445915
49362,39976.3035759303193145637839332225713
49363,39976.9250645688758178020839704962115
49364,39978.2016158826240633346300525377208
49365,39978.5501986877174261467134105828751
49366,39979.1703396851072888472798605996864
49367,39979.6077923332919749440441486460060
49368,39980.3401423629604829341193272476218
49369,39981.4922459468741120964569401955547
49370,39981.7882661681268665360057770129446
49371,39982.1158884660398934315813683300870
49372,39983.2061553457822789714919876395318
49373,39984.2385804157525053647446839068808
49374,39984.9586517918323456318952062878505
49375,39985.9885488641147841787399418977120
49376,39986.2567696249458578357977863643763
49377,39986.8465480054097599187210237296301
49378,39987.5803079812298009457614438266885
49379,39988.5679782263271884631314625524083
49380,39989.1397752705225213912406783323643
49381,39989.9643152073008154372148260460696
49382,39990.5672203217474195024634144945348
49383,39991.0864096870226181098189999184066
49384,39991.8573347798063733678198768349417
49385,39992.3515943158757780128892357770369
49386,39993.2423299345895506763136636152234
49387,39994.6095352220658768611634759006486
49388,39994.8359612001068324164751336697438
49389,39995.6703141483655052852185684754346
49390,39996.7731716020957282746670514154960
49391,39996.9970120486278313322469079046926
49392,39997.8946459312062273302651614120784
49393,39998.1986131882709631014887452792568
49394,39998.9395098548660252608700543319275
49395,39999.4973285266908184237845673969216
49396,40000.8153898002589931226306368573575
49397,40001.3886213160211013810207236636465
49398,40001.7767860499916718045074532163401
49399,40002.7773510775020113475809975986184
49400,40003.5398283096628838952702681881566
49401,40004.3352092619481915842861814896946
49402,40005.0357396503451475867112303781837
49403,40005.6100488292504674953292292063633
49404,40006.4161364819436331742985311814918
49405,40007.1396544542314529494217417487591
49406,40008.0810523185098798297881944638846
49407,40008.2450196503422090018156466596827
49408,40009.0160035420945840533468258595119
49409,40009.7515257495575601056252515576716
49410,40010.5448170459029128551407231607709
49411,40010.8121596816683551133194169328520
49412,40012.5173335627860793328532609734658
49413,40013.1127893489806118827140512238339
49414,40013.8917445326810137542869092077065
49415,40014.1401838754194690157020258473825
49416,40014.9116565845981107490339331982392
49417,40015.5374327504692502813362652603528
49418,40016.4317123813035036257430509798401
49419,40016.9591748376563063268825917455505
49420,40017.9511611194415737660768667578371
49421,40018.4792089356059746446444547317666
49422,40018.8006356418124801609318861315619
49423,40020.1683293165389349083978407893265
49424,40020.6568218240270138620336702780792
49425,40021.4004375481360514549609814201078
49426,40021.9406922381065894646429255345217
49427,40023.0949592800586327510546462740293
49428,40023.9051605038177335457338949573467
49429,40024.3038627217611724977668545919684
49430,40025.2013266358638105984728734388360
49431,40025.6604866800888733483740916211734
49432,40026.2545314541403928119202708487683
49433,40026.8934077479770931236756353156637
49434,40027.5718005296017820917797947784525
49435,40028.4828151583438389621390633184716
49436,40029.1637513657096144189135490368353
49437,40030.3443864217770763803599148644489
49438,40030.8649447860149435274654645748804
49439,40031.4518248588596659971767344907557
49440,40032.4787188242218461360235402639591
49441,40032.9590714308270087410137190381871
49442,40033.4045169586511458050812810654266
49443,40034.1894930473870975931611378575174
49444,40034.9839392775153286854069774827608
49445,40035.9708859888604527944473385954271
49446,40036.5566879180407054687167770587127
49447,40037.0735054211004842204685780311648
49448,40037.4518550942480839733756840332595
49449,40038.3083470561635581292665063424244
49450,40039.4879398259468957547160989922620
49451,40040.3534401382915870817588496315111
49452,40040.9214208735535477574594776794357
49453,40041.7426927236318673756984144352581
49454,40042.2216903841995395493756423376424
49455,40042.9984531062173462976253771220178
49456,40043.6672082450339165170451955345405
49457,40044.2671691871283429317486197448331
49458,40044.7109205996993224918266450351537
49459,40045.6684202972887394409505992219746
49460,40046.3123975162689328034636217083090
49461,40047.3077474178237304513193466237496
49462,40048.0198591854458437098610887526316
49463,40048.8177268121964404639141586653959
49464,40049.6073023552196098850141837037797
49465,40050.1031751814515293517151611818828
49466,40050.4766496636267452516037201091066
49467,40051.8429742317025051837180368916053
49468,40052.5743058611464459009059876102119
49469,40053.0681520972661093700913017774728
49470,40053.2427611207698277480365655443806
49471,40054.3977224132195050792604734997474
49472,40055.0985922471220930251795326546098
49473,40055.4011693627408354914709169647859
49474,40056.5174517678015896106045427429872
49475,40057.0623469023261430352077981377318
49476,40058.3010891752199768488713270925348
49477,40059.0904030723108431058255276284083
49478,40059.6898361646001709353554048574174
49479,40060.2265853978015093796775154280718
49480,40060.7321508734018303163225810761822
49481,40061.3114206416927643589420599988431
49482,40062.2512534300768404666528829507014
49483,40062.9683021130959914785282435073555
49484,40063.5763754695692640282265568681093
49485,40064.5119286623701008655023605606271
49486,40065.0968752508456029799982019751492
49487,40065.6555426183839101215849398640532
49488,40066.6144792988300067056868043072031
49489,40067.5626894113998278315793054888730
49490,40068.0591154198052503228412088831394
49491,40068.7887254506852292100813075324360
49492,40069.7345661366420314854705320864721
49493,40070.0916580627495767475564388407542
49494,40071.0899870244332171537868971422528
49495,40071.6176312216641190359985536498014
49496,40072.2535399972907383132936446496526
49497,40072.8540488014849985754990090820679
49498,40073.0955542971710189378369947481009
49499,40074.4114846370901412143310168940556
49500,40075.6764589319707774987668714336640
49501,40076.0041224411625172633090271942221
49502,40076.8693631827136785834726367688547
49503,40077.2134102028254436921309180952953
49504,40078.3417571141464112801468086482240
49505,40078.7480309603645560606496441933853
49506,40079.4201232427954991334439363660756
49507,40080.0187654103513896160429113520967
49508,40081.1420264214774812249539146403812
49509,40081.4937838800123439714700209059171
49510,40082.3543035295025121216367827061224
49511,40082.9071398989981284756723175297700
49512,40083.6564214635856218877681671023743
49513,40084.5619047663238395210320429712530
49514,40085.0551209795490108323286577788656
49515,40086.3773482089151020848500818770821
49516,40086.8299415770038804907232312920493
49517,40087.6304855063333281152322331499391
49518,40088.2986491030579585315391667571411
49519,40088.7526567937241231357396566327812
49520,40089.2415214851653497816604306568000
49521,40090.0417057651166614187384891277047
49522,40090.9136006465426627580618609541712
49523,40091.6628723327813187295052399787401
49524,40092.1502068577167413536800286370790
49525,40093.0291356245893842668396412947690
49526,40094.3627235504173364457943208520646
49527,40094.9490358229596579046081584578682
49528,40094.9889077543281742889948155072542
49529,40095.9992821697383171907861711192712
49530,40096.7102404939828339871983946681058
49531,40097.3013653082946495036254887221672
49532,40098.5026359908422605092282527951627
49533,40099.0096155143692132055836772219603
49534,40099.3482815888392644498184057817962
49535,40100.0946238756970808543293681895062
49536,40100.7648250750271862168275160857117
49537,40101.5934548358614154710649851966630
49538,40102.2070296962664434924434613914877
49539,40103.6355627227956331403438861593616
49540,40104.0885049410276807235548213186581
49541,40104.7414375414364622180825021217063
49542,40105.4229795539343398809796145104119
49543,40106.0385336021310652910916171749326
49544,40106.9741800137974292689839974564860
49545,40107.2437193864996374934208954551122
49546,40107.9883418921968322694150424863956
49547,40108.5163303719511697760725839785849
49548,40109.7378593713677890367677966486897
49549,40110.4167294722089822689483533236800
49550,40110.9714519517919944488694189984211
49551,40111.8906313341633700214970136960726
49552,40112.3648145212497810416728904964001
49553,40113.2766820157285564897382051577924
49554,40114.1518819807904578862988053248058
49555,40114.8217465387588364745269756006916
49556,40115.3522837779669532315344172333979
49557,40116.0887576537256387547290855543244
49558,40117.0071028534504139222057507605840
49559,40117.1864325096530026090091915262470
49560,40118.3480196302782871341656704558215
49561,40118.6018395058327540150232381808113
49562,40119.1181016113616747195149441767663
49563,40120.5549447580178534722079997526121
49564,40121.2950558821388678846598838837906
49565,40122.0669183298034804597525727524092
49566,40122.9126654823593327594136824438449
49567,40123.4091848060616512450519939843569
49568,40123.6863296645308044446343954422704
49569,40124.5493966311033176096740857780449
49570,40125.2605220865054256745131613163378
49571,40126.3666767536112573959299984161243
49572,40126.6749949691263551528167900318571
49573,40127.5720260812449834924149299534199
49574,40128.0533069550719496980583878986713
49575,40128.6771953728332715067165664587999
49576,40129.9266321008701589848467562597404
49577,40130.5078711783394804846076059339139
49578,40131.1704920452617183958980515842941
49579,40131.7453880639824115681581384395260
49580,40133.0270650351505756829842651527187
49581,40133.5755474992692592670656123507903
49582,40133.9992913433175017697029202565005
49583,40134.4934344781860810956689726568145
49584,40135.4229544091913244473640334670257
49585,40135.7535197537170742231258695237982
49586,40136.6959337169059753897054555462324
49587,40137.3661728458047063429999013101066
49588,40138.5914199376932455806930568021240
49589,40139.0767564748962499169475820399789
49590,40139.8837542825615587721429653129596
49591,40140.7113960927188975893267212682771
49592,40141.1650072517723493717360949657968
49593,40141.8287367950784291903420924856398
49594,40142.6278982643157894509863623396140
49595,40143.4070568321303828362449090107383
49596,40143.9058912796918957075066205804625
49597,40144.7550365131808675454838948515869
49598,40145.5157262697520691070149053341141
49599,40146.2130284237866598374291222751125
49600,40146.5984406998929644336452482639191
49601,40147.1893031916720759948590290569976
49602,40148.4810229575277333845237975099333
49603,40149.5451728760110841710521403258050
49604,40150.0395554843485856401754935542794
49605,40150.7443238925121039091080126879448
49606,40150.9365907644331971037072886439287
49607,40152.0734554360768707383704136217887
49608,40152.6429896650969094306630124115298
49609,40153.1315448607502642113120728321015
49610,40153.9048205957716811755924836492473
49611,40154.6270976462653836205062934177630
49612,40155.3734656239453946127635703455060
49613,40156.2714526981197507217932302220224
49614,40157.2726968283772464619138264767659
49615,40157.6101603876363241862116787116021
49616,40158.4966653705529345680432399310341
49617,40159.2113605788029078946922760763559
49618,40159.5980878883054198786136265681081
49619,40160.8047255681019956335541307736474
49620,40161.3258436652179696193880209802162
49621,40162.1233403330051565241269250971786
49622,40162.7420024847434272976118667059574
49623,40163.1081267013438530776007455862743
49624,40163.6118495286289410737013785172713
49625,40164.9044911335928735308158322574445
49626,40165.3430208399323951487269292534674
49627,40166.3586955339922867345169049167846
49628,40167.3129408955632951372048836698085
49629,40167.9063858665568355964154216471403
49630,40168.5818749270265204187945915215097
49631,40169.3678368593816703018186505264997
49632,40169.8202160027154153638014971232676
49633,40170.3178140116477393323089890791632
49634,40170.8806897621379003776859163439203
49635,40172.3606733129259836898015957310543
49636,40172.6330592723904268436276918615297
49637,40173.2899547224506360874895646530902
49638,40173.9727391780987792383185474976108
49639,40174.9036231012262905798849490333701
49640,40175.6147869396044015410463813896863
49641,40176.3895848579489125103885802483050
49642,40177.1025358963945251830116070948450
49643,40178.0324166942089058008581975953930
49644,40178.6905620633468935142139118599946
49645,40178.9777880956483209795622280119563
49646,40180.0249237582987783491241325461133
49647,40180.6255439674493317646463674999166
49648,40181.0834418140216177907631578208919
49649,40181.8577308543777978820440886233290
49650,40182.3622010192987931267461600029552
49651,40183.2703517154455321234943457221240
49652,40184.8079014909639608651574081602177
49653,40185.1362460558211585168510529487552
49654,40185.7193358023772582055134736655963
49655,40186.2973557292615422833188376058200
49656,40186.9720544062301623887760836744127
49657,40187.8501019807287192037405595013564
49658,40188.5121802334957319028943202078623
49659,40189.3135072642932230606421007096345
49660,40189.7089302498341374412084519924841
49661,40190.6549300340351377553989497047886
49662,40191.2489505181224647922274930185213
49663,40192.0574935941797381525846251807841
49664,40192.5132119606429255098452699266006
49665,40193.5259062827624156289393934163484
49666,40194.3337448943607418764984226147456
49667,40195.2039602344345341607736862797783
49668,40195.8601962417012842473502165053861
49669,40196.8220557883183578479135912718989
49670,40196.9845945391827511158155596349539
49671,40197.7202515429346860227709876468664
49672,40198.3391185595233475706511552364774
49673,40199.1065449318360727999351138028901
49674,40199.5905279054814470011121012403105
49675,40200.7777181684612636067641533870700
49676,40201.5133933782371686993860296354969
49677,40201.9352246010588091428814221162676
49678,40202.9698476347618403242720866292819
49679,40203.9031013575308299140557064016186
49680,40204.4228769212628795044218515343055
49681,40204.9767200740203068738532219978970
49682,40205.3692738105671959323470233632636
49683,40206.6492673202526436008600023976902
49684,40207.2123006244956844518567279011010
49685,40208.0028264340688491873189171071107
49686,40208.5085732795808021755752525430762
49687,40208.9578340506680325337975729225449
49688,40209.8900945819097075726904318717917
49689,40210.1928996191374596792350809896462
49690,40211.8156530127273358301569321748542
49691,40212.3187644980022377315844981197505
49692,40213.0420953493613090541114680004940
49693,40213.8837886276609280316154239933459
49694,40214.4109909196825671231721131376429
49695,40214.9986205324946316787448155818386
49696,40215.5118023330100179415360430158369
49697,40216.5979914002939551152202641011838
49698,40216.9349075272289115700681374028061
49699,40217.6316904520324558519687810747368
49700,40218.5943800850385985729460741512229
49701,40219.2949666620837591465099598795068
49702,40220.1270964702268505704575168360421
49703,40221.0272966084712954164601483011819
49704,40221.2861058970939703385220497348100
49705,40222.0529044363598340438470140299861
49706,40223.3322767351282562547816006930822
49707,40223.6693751710369570797983235462349
49708,40224.5912271406310037547276430303907
49709,40225.1980334869882732874973181768027
49710,40225.3494447244910515615614092962744
49711,40226.4457911227777426555258882596761
49712,40227.2770582058511809701550139140564
49713,40227.5175030731146198756292732166209
49714,40228.3167157503754635034469445705827
49715,40229.4362356142195966712762399337380
49716,40230.6317100004130892573817994686986
49717,40230.9000361325872410973978188504518
49718,40231.6653826791848226961216814360011
49719,40232.3370393710288705432253794728927
49720,40232.7823640987425685373411769402015
49721,40233.7400661985287116289564900156217
49722,40234.0155266051770669001130631756595
49723,40235.1909593525005573732584340884456
49724,40236.0627758532401754741747435061141
49725,40236.4077124827506671896574577659834
49726,40236.8914923008338852333987772836805
49727,40237.7897811710324157513205797730591
49728,40238.7713164686608313754430024163516
49729,40239.4677607646769105154587937299959
49730,40240.3591872284920424855449593324327
49731,40241.0469445642434978850635471644568
49732,40241.4437568007482553579970491365560
49733,40242.4866572347812003787918181323549
49734,40243.3295593939360359939222090745943
49735,40243.5797547335742985593261411892639
49736,40244.0320722738808348208661409411505
49737,40244.7484801817680722422849574702895
49738,40245.6354025150906180023499856680515
49739,40246.7092978517262306023506591629909
49740,40247.2778305550946630980204403523732
49741,40248.2649072312848731204002643777091
49742,40249.0072324269540463628870074143071
49743,40249.2656259742180259010497582886382
49744,40250.2656149234668182109520697935360
49745,40250.9529095252216104556851138012570
49746,40251.4277379249956604825982484250597
49747,40252.4560675704728790995946390760973
49748,40252.9993452033843268446688229172012
49749,40253.7081300593805695756917032465611
49750,40254.2955808745503566390972794480091
49751,40255.0249729601629272410706665260094
49752,40255.7260947324592655418488727483328
49753,40256.4681406907860581623460432838487
49754,40257.2239180324142246689241447403495
49755,40258.6446158469290479934769954300406
49756,40259.1195389385464472036034143590108
49757,40259.4367892203900004496386652623064
49758,40260.2974763155765480079675075196632
49759,40260.6566487412987949972727233211959
49760,40261.4833225558335424316956637074616
49761,40262.3041103964057351802994337971029
49762,40262.9089952456402330638259646278186
49763,40263.7631751930796657396692024933960
49764,40264.1364280717311954983953324607776
49765,40265.4394459344944249889798300806037
49766,40265.9386286432690877275043999440684
49767,40266.9558044293582048444594961884824
49768,40267.3388891312092255482005320361637
49769,40267.9233834194343782783328122345835
49770,40268.8424693438519434116362531389277
49771,40269.7711475968796522431754622171536
49772,40270.3783971285205936713267998676575
49773,40270.8005215933584637032760771787342
49774,40271.7362991603746068770878305404242
49775,40272.1838728413901111998843680307937
49776,40272.7474773212641454503850727784123
49777,40273.3579462055111977191229604051806
49778,40274.7186148123233273714378404033183
49779,40275.6358006030107281816850292577894
49780,40276.0335128099950398713910616516776
49781,40276.7355720690280693623468832078199
49782,40277.6257939864352981337852499983176
49783,40278.2172858413150262357326178541362
49784,40278.8918966922636858296921532172229
49785,40279.1651846412075695250566731697463
49786,40280.1158568126306104380705355290457
49787,40280.9110495405343800280178005303775
49788,40281.7019798636217646121644745252476
49789,40282.5986184478419448579597341907289
49790,40283.0165699773756862368735477541109
49791,40283.4042018844405177062022193919081
49792,40284.8826154640973217414854618647594
49793,40285.3487570901453168320627948864536
49794,40286.0177825973434910425563497016639
49795,40287.0132859673871190643348589395039
49796,40287.5695878427589940769597016825755
49797,40288.1807754437607906097095368247444
49798,40288.7061915266569555517516729498288
49799,40289.6228782333783619657885236597560
49800,40289.9730283525596389673527217560349
49801,40290.9155469857673150367651550596630
49802,40291.3139703623627155859052722159788
49803,40292.4369881314028070781166858771071
49804,40293.5453629628688282040028061193954
49805,40294.0922164564581497679184864442442
49806,40294.9271157369796213395126984616860
49807,40295.2408848212881259936786597994770
49808,40295.8952431956434108716985055198098
49809,40296.4928678441982634882377138165870
49810,40297.7363411368049560698456734821134
49811,40298.2797023557914900335474763822193
49812,40298.8575152958112214178318589150796
49813,40299.3594182207151068345609356831807
49814,40300.1227830752185015226572380852539
49815,40300.9706096360503275709875219697531
49816,40301.7490242883764656229744722506658
49817,40302.3918953804667202751473153509103
49818,40303.3457079251369237778354402618257
49819,40304.1717938354619554629297742037874
49820,40304.9450995653319694763590064938473
49821,40305.5030790564959719881918950118507
49822,40305.9312958731013538589862138432622
49823,40306.9171011199068004344440618721804
49824,40307.1985024647717209303806171257493
49825,40307.8133325177555645428980646096888
49826,40308.8650743538414824778177322461994
49827,40309.6064354526368496437363758145144
49828,40310.3632591403431908828388027015306
49829,40311.3587436764826070450418242826430
49830,40311.7106024625449019016336380216858
49831,40312.7179703963918134941225597114917
49832,40313.1381701720826523573312462239289
49833,40314.3262115332425595159363659107926
49834,40314.5725506401242592066453085481242
49835,40315.1454980662549905426762231647774
49836,40316.2550440966478719339100593054883
49837,40316.9905621286856180420436494760081
49838,40317.5026529194447507658321686336121
49839,40317.8582306970400785851132657295940
49840,40318.7380387795353747155071517639756
49841,40319.2693133500983610642522348602652
49842,40320.7135141558403469465018871310700
49843,40321.5857280230120176482999463422665
49844,40321.9801707393155547946765460726852
49845,40322.5852744969964272068667017021502
49846,40323.3173747685573467907008736951911
49847,40323.9363711210648105152318056292986
49848,40324.7593639148871210959424194330242
49849,40325.1843056884163394405022946556319
49850,40325.8524058834728156905623828850811
49851,40327.1230575335867664705713635783996
49852,40327.3465827182593207478491819713067
49853,40327.9866466620574927663349840248445
49854,40329.2553503409888176638702461918293
49855,40329.9798742600626309961088963577542
49856,40330.2177930181592841295372245238835
49857,40331.1233534192722586448889938931799
49858,40331.9638419679074879616805452416738
49859,40332.8940688238669215711233299398802
49860,40333.5637815532298912915397894649240
49861,40333.9314573815899522626613720318902
49862,40334.6484330046344470412009243221535
49863,40335.0438876867582294942180621569269
49864,40335.9975048798619281244256183145704
49865,40336.8176130944313899831345064383951
49866,40337.3172517126011769745439022552759
49867,40338.6270917049221691841346156007580
49868,40339.0419974600909953130638213020936
49869,40340.2945209602600121214925608343738
49870,40340.6207990686726032940888042599296
49871,40341.0178966039299154339808711653712
49872,40341.8097476582616535141355179176676
49873,40342.4602621328240990221927948691712
49874,40343.3086119702892882340897548707950
49875,40344.1096502887572418207297465339626
49876,40344.7230055030866594203959186677243
49877,40345.5175946227763742610560683352266
49878,40345.9249087482764962358356143918235
49879,40346.7686689365661109705027154366836
49880,40347.5014054835640145834090427505343
49881,40348.6175103140446880610028118641826
49882,40349.3802778326794839570265789384006
49883,40349.8240877114991487672849182139176
49884,40350.6719920166720700054359314073268
49885,40351.2537757743484947485456264437347
49886,40351.8676480692243018837365058203721
49887,40352.6399830531142545519415242574343
49888,40353.3724357801213692529800131904080
49889,40353.7205946090101348006908928824071
49890,40354.2309306809619753990886763101475
49891,40355.8078551317208388036799753699540
49892,40356.4325892392389042018270052918620
49893,40357.2185963832235752918360522994772
49894,40357.5100798880019237562138972376866
49895,40358.5761403056533486902170508224173
49896,40359.0822739235308483888377042513636
49897,40359.7019179284109860915811762985952
49898,40360.7376542966305740974725635293001
49899,40361.2547103242953405992524129951371
49900,40361.9671050374502158142714197456261
49901,40362.4800374332293596796354448805817
49902,40363.5058526327286527127703405917291
49903,40363.7538782652107209871917289020213
49904,40364.5771639167852169592545525221171
49905,40365.5447368993751930410599508912884
49906,40366.4881747897803715044265180920201
49907,40367.1589991456032958518810123378112
49908,40367.9866142978131945998276970382496
49909,40368.7957016771143023517437341811390
49910,40369.0176053341481461852698733624398
49911,40369.9151072828158021120814996634357
49912,40369.9763050517604022076109188040046
49913,40371.2172604519393640757544571396688
49914,40372.0114725019260724448732613902467
49915,40372.7323812066341176894836048889030
49916,40373.2149696510095139196847925201910
49917,40374.0506954252427674416594165213102
49918,40375.0835160400274653570292870872281
49919,40375.8224478510622604197246639421730
49920,40376.3399480386956683267642463782260
49921,40376.8826721595962214191342399538280
49922,40377.7399012257381567778599551331445
49923,40378.7493573263037172692956205900528
49924,40379.2376486589566862331364323902890
49925,40379.8315697887981500079521807365768
49926,40380.6898611559882523381952120584908
49927,40380.8735723932146937009079479013271
49928,40381.7171731690008231509191224713994
49929,40382.5100904697217004346124279878623
49930,40383.5021538841008654533799451679604
49931,40384.6475610871972488161095119989757
49932,40385.2333611500580391648840601932409
49933,40385.7032526024228020515708111252580
49934,40386.0644135504646751101797294264118
49935,40387.3511132953317921889011059396715
49936,40387.7148243572465332203844837606797
49937,40388.1972418010347055284149945675381
49938,40389.2698416392859726372813215030077
49939,40389.6019063120175658050677832348098
49940,40390.7083356498978777110587083818025
49941,40391.3452156106461779471112440636549
49942,40391.9235167044537097692326402846003
49943,40392.8956472885171129364400661376504
49944,40393.2478531903616545529829862931651
49945,40394.2984712735851862984453549901077
49946,40395.4728691228019341024676129870690
49947,40395.8392753499272911422263623812679
49948,40396.1972000537836907838637890767613
49949,40397.0841285968332281925379496377424
49950,40397.8364361143962614214351204255116
49951,40398.4317599194608989110788648315504
49952,40398.8514159796599387276322423869841
49953,40399.6809577615592851657649048785581
49954,40400.6513533159228474295365943267994
49955,40401.2449879931403191210600070271486
49956,40402.5752286653110453370263818760741
49957,40402.9347418594762339990600783509661
49958,40403.6571095926601813785213514498349
49959,40404.3376416410027749855089558004197
49960,40404.8743703024550299201009040154774
49961,40405.4423165477213428465136476444941
49962,40406.3991164905005298586144829019864
49963,40407.3801320961573000882408167095755
49964,40407.9320211292857677960448625469295
49965,40408.2657735832071070721048504043322
49966,40409.0244841819509846000108131031585
49967,40409.5866664728348571489338440233875
49968,40410.8732809119577093568057179641532
49969,40411.5684973802213382623059837694726
49970,40412.1213685869011371712497596753171
49971,40413.1439228751641719671995888642340
49972,40413.6946653785234196023010870082133
49973,40414.4694024600646055378306016493032
49974,40415.0711618922372501131265211373032
49975,40415.5602204310044929821604709911104
49976,40416.0473218505667471754127159964601
49977,40417.0266434912348543485334211196419
49978,40417.5915803241812853689095374140122
49979,40418.7084943136852552570615017628506
49980,40419.2621005436943808307590769626171
49981,40420.1560787086353267809000386415912
49982,40420.8866539186423780181178234865700
49983,40421.3753515098488532858255115815352
49984,40422.2814269197331485580902352637769
49985,40422.7893439777663173683526497235162
49986,40423.9299098874207858203783041394979
49987,40424.2328210532489552862824243461749
49988,40425.1347704523163287798350387627527
49989,40425.3743651278740033688537853995320
49990,40426.6142846232200484688023187931435
49991,40427.0384022371089742044754123676228
49992,40427.5810771972053624482183369484178
49993,40428.1063383137480130528669053507588
49994,40429.9602554236319075141235704960338
49995,40430.1417589611496098773051116108241
49996,40431.0759274971722551172867674477043
49997,40431.5672728637066246713659529137662
49998,40432.2644301485820217121966647811634
49999,40432.5425564532268654636864509161811
50000,40433.6873854621611848615190356375680
50001,40434.2289444243517839845906725083556
50002,40434.9802261792474265579688178370370
50003,40435.6100242116584313915811429880522
50004,40436.4295660980225797287619125914761
50005,40437.1678668269863315377009348754055
50006,40437.9384180247763748185882339723581
50007,40438.6670101447659486493720174514125
50008,40439.6174253880548001705479869373870
50009,40439.9347122293524160782630251069402
50010,40440.9033061341516449665234086447676
50011,40441.6179885963202803604476869412276
50012,40442.5357008131978589246406351501891
50013,40443.1408344817507544687435029446091
50014,40443.2264665443566304096251226411469
50015,40444.1128105776342666205002572798831
50016,40444.8420785074251228354474684585943
50017,40445.4283450103222078294230889630403
50018,40446.7851106375925725484310796954417
50019,40447.4846724598728279911705300434740
50020,40447.8705340005155423886655401073193
50021,40448.9539836352186096495594662228073
50022,40449.5879372529670273781710214522521
50023,40450.1575216498274206370078422605636
50024,40450.6553164419423303800779737950026
50025,40451.3949348083453142439046845154763
50026,40452.0673444559934175436423995586287
50027,40453.2097961924812066294946910043103
50028,40453.8200710175204943901277409322824
50029,40454.0243778008888426340720434242728
50030,40454.9245997232124852226253091086921
50031,40455.7802844256202890128701261034048
50032,40456.4421635522197903592642240869290
50033,40457.4276720209253524617403522250909
50034,40458.3251788479345174180174012726707
50035,40458.9253573428393284572191648848875
50036,40459.5360947444045755942267206001811
50037,40460.0204926689349942721768879194487
50038,40460.8192977381924313168723039386433
50039,40461.4478442822948675721083041836869
50040,40462.1989126907746054025930623613041
50041,40462.6502532983921854394174227415718
50042,40463.5897326163657568719333049040314
50043,40464.2222816419157418848352489359818
50044,40465.5686574411966377286232470524437
50045,40466.1575937559249541696533890781840
50046,40466.7476493961013376855125536291043
50047,40467.0455328644153209398785631054111
50048,40467.8278998026522114219721576820481
50049,40469.0800562972669717742113348590710
50050,40469.4425052955101430166159040701954
50051,40470.1157008869834020384749939854264
50052,40470.9934875899883879076799709458963
50053,40471.4010533214974204636389164558129
50054,40472.0622610792283385102837463497140
50055,40472.8314810254580570239953679649052
50056,40473.6325218283248405561787944375888
50057,40474.3723751179805285025652211288370
50058,40475.4921471139450239221083574364072
50059,40476.1780765995668394409671237139813
50060,40476.7764914250197680903449340548625
50061,40477.4597506936047135249374085570201
50062,40477.9800279814604634647145448144917
50063,40478.8585979675157671394819590235299
50064,40479.2603641829340811369398417360445
50065,40479.6465862895153029174630955434853
50066,40481.1289297369647332456587285958267
50067,40481.5328411045484347096699853551812
50068,40482.4483146962221085828685881407773
50069,40482.7765235493729522684780505749271
50070,40483.8628304080864762780396526973768
50071,40484.6465831928447869482785567534023
50072,40485.4685076816876147676848017290553
50073,40485.7746327328228641038200139545822
50074,40486.7616039057168757335725886633287
50075,40487.3621157042087620396151791540659
50076,40488.1968174547235922421531234433341
50077,40488.8523589187368960494227075948369
50078,40489.4540823005677161687260117370221
50079,40489.9113736084133920849606470009932
50080,40490.4526347863587629816224111196147
50081,40491.4849984716911839009086129296707
50082,40492.5951156863616007912746643460579
50083,40493.5062635444205601883393720408531
50084,40493.9606626357285763063458908526080
50085,40494.5452681742981287114391562983806
50086,40495.4227053265166035484356996684120
50087,40495.8328567319885778381072253229239
50088,40496.3989535310511494423590327267847
50089,40497.4978895643349244643151912938377
50090,40498.1362138536277544744524147330255
50091,40498.6414843841829160057294258646833
50092,40499.2988027930442534212217089472253
50093,40500.2554520726628181698335252504550
50094,40501.0563359768510110573504074326448
50095,40501.5052448100295512719798192432481
50096,40502.6234162045719970839141802482078
50097,40502.9004540934945218215025509760279
50098,40504.1492475631816440823268973964998
50099,40505.0194587066276985600068660529673
50100,40505.3073895625566051572111121235104
50101,40505.8654860272876357635972707442091
50102,40506.3986500729952468351912043921022
50103,40507.3289397022336418438175129579165
50104,40507.9182862046472478860429904471820
50105,40508.7570988100387927123309372049178
50106,40509.2085189322105342544055156605034
50107,40510.5683367321410022753785959487538
50108,40511.2186864606356012971713081217926
50109,40511.8018246312297139733767421222837
50110,40512.5772008282179984836769629903350
50111,40513.2935371239458436565437513042759
50112,40513.7213282333631766904133697824042
50113,40514.3318912096932982411962799333153
50114,40515.4494539556398990531617044158940
50115,40516.2268165952307747639251437570912
50116,40516.4239568805401113586724200382715
50117,40517.6873572761446404190887972817915
50118,40517.9166987708030225378418951747680
50119,40518.2610453984670777557810262025036
50120,40519.5932715958016773278590217850058
50121,40520.6495784890212027307940745223760
50122,40521.3750127567540315771188918252730
50123,40521.7750989668966648339119371774693
50124,40522.4178296525225925728531862728034
50125,40523.4570003271369442971608491607169
50126,40523.8239457045765983696462736445303
50127,40524.6178200272074033935972016918389
50128,40525.0319570942577933761081966759927
50129,40525.6148422846166760345351087000871
50130,40526.7230551846717253029450251630565
50131,40527.5026064539050109919153007047790
50132,40528.2639739788294674348014196819655
50133,40528.9889577877494838807042133723543
50134,40529.8476788911275828439381594959340
50135,40530.1569076807416040691307946328954
50136,40531.1833779021608827680881249481782
50137,40531.7309950935293551000857779602794
50138,40532.7355764566953808789668739383505
50139,40533.2263664125361325276572878392141
50140,40533.8950225978839772670969608253701
50141,40534.6159633466951347070395470976419
50142,40534.9887394075252078488666042267541
50143,40535.9549359189434788868124046940117
50144,40536.5450891963808952467107432652714
50145,40537.4152869181538320888838429227117
50146,40538.2443211102921564940888355835174
50147,40539.4556985445880957274683039652777
50148,40539.9991695182709868327326226028220
50149,40540.4007131237528710384388918698935
50150,40540.9899826688958614026194505372923
50151,40541.5897997388737432187324773418069
50152,40542.3767141175677550619369606480182
50153,40543.1236566433585274682986374421488
50154,40544.0349068958204996046193001533236
50155,40544.6377753363033289929451727796398
50156,40545.2153788324045939740572392505776
50157,40545.7657881340645332508019181552883
50158,40547.2080123687102637120110574223835
50159,40547.6259799068674653905738398742525
50160,40547.9597526043226381860776045540974
50161,40549.2113670466103204858535279668679
50162,40549.8674471151477974987891402611031
50163,40550.3921919828640411524253548606306
50164,40551.2715516986071506752337849505496
50165,40551.8288596288913506896843844761374
50166,40552.4106653187510213162214712079505
50167,40553.2251102989902447013661488951713
50168,40553.3682615820092637596947862946501
50169,40554.3794117853450612388082729945244
50170,40555.7445402259369944718221290103641
50171,40556.3391280038290685279302332253579
50172,40556.9620794478228172873069843384344
50173,40557.8191560382131515765123199459613
50174,40558.0413957293491854992777058214127
50175,40559.1527980035225345980204951959391
50176,40559.7505599209941796873518090260252
50177,40560.3011795833931574079400724268449
50178,40560.9090485183457444338468077785866
50179,40561.8805684265544510415466592480661
50180,40562.6959302325596487909259414418888
50181,40563.1405569698772822112200695006091
50182,40563.7775073504181323742163758826555
50183,40564.5178812381589786017069505059576
50184,40565.3788790842796174034898728134923
50185,40566.4769525383895696134755033981303
50186,40567.1486443569803668309412510696739
50187,40567.6370783662158702536448378065614
50188,40568.5666450746096707095254525554519
50189,40569.0064259893724660222450014096019
50190,40569.4964083681687105891950943209574
50191,40570.2614966105669795070506273073250
50192,40571.0443494683002304814815927392596
50193,40571.6924247050435400518821746560900
50194,40572.3999754886921942960166575719143
50195,40573.3460104230585703080351095360962
50196,40574.1059270465399261309433017027170
50197,40575.0351002868206702313326921279617
50198,40575.7557267943658553098439773956736
50199,40576.1071473494298396664525838856994
50200,40576.6658668182325129940070677946064
50201,40577.4836088746251860367560619658560
50202,40578.6625530961852439596387248961116
50203,40579.3630505565474164269580835248074
50204,40579.5237392702224517780482217781835
50205,40580.1843883321664903607769983525283
50206,40580.8954243595519558933716975596818
50207,40581.9567302838824348690613244805204
50208,40582.1910292173920734027066945416656
50209,40583.6609078371986046736773905498342
50210,40584.1710185581376230710458151295631
50211,40585.0003650063990775664976750984517
50212,40585.6400008010439325453159640899199
50213,40586.4260901696796254874127688493603
50214,40586.8875655628554837463033220237353
50215,40587.4311985235595191758344473577825
50216,40588.0948821739900207165901420871454
50217,40589.0330713939620575284266706628687
50218,40589.5591984687701265001566139685766
50219,40590.4787371273217194123742244833234
50220,40591.3423913143294639502233511480715
50221,40591.9449544479316468608086574691490
50222,40592.5584594712772676871282289962085
50223,40593.3243682869748914814880252157319
50224,40594.4039819493325882176241045415562
50225,40594.7755224446159492313560531199255
50226,40595.7713873836457802983575649391546
50227,40596.2352578073144077960108008869869
50228,40596.7359169875364407450883299033215
50229,40597.9100510433217463335024761543363
50230,40598.1564126539910158676634699221193
50231,40598.9234333050816212206703192142618
50232,40599.4090301644838524187517727235610
50233,40600.1623833948870931817553004023562
50234,40601.7271621524763792910107468574674
50235,40602.2129179691937671211319023659594
50236,40602.9760857617106651894098841672369
50237,40603.2904917281858365649456775774235
50238,40604.1769220482682634086780465138199
50239,40604.6993548011935290919658006340952
50240,40605.5243645030101836444035536852239
50241,40606.0467927617782618143492361354602
50242,40607.1002426913608896533155015571102
50243,40607.7305019888291619719396217473646
50244,40608.1213953051379250028338098923554
50245,40608.9805130056786919809057676867079
50246,40609.6738617681931833840184119987041
50247,40610.8245554472426197298940735053341
50248,40611.3492794565840838560716069956238
50249,40611.7723184831754065975592050198207
50250,40613.0614495895925831802901140749916
50251,40613.7026913133324173673269787014749
50252,40614.1185623287692911028855095587284
50253,40614.9678293329362872450172096346721
50254,40615.4327620782216793069746066267966
50255,40615.9224493898317760704305691865179
50256,40616.5264428169887334992921204434159
50257,40617.9826982737197756951946896237589
50258,40618.2171940028415404869474952209654
50259,40619.1105012031240729230973917784495
50260,40620.1668156039879484521631105328191
50261,40620.7588163839280730963579564477701
50262,40621.4073024211921096108937944964487
50263,40622.0074057046193907574504889883266
50264,40622.5799027915619536870974870468398
50265,40623.4258880482106478859046685977808
50266,40624.3043861493711427991958179423410
50267,40624.6883299281276860116664631337823
50268,40625.9293133815189880696631781124182
50269,40625.9985675519447107240148586340242
50270,40626.7150514058740915661787285324186
50271,40627.5113539949668627967502654859633
50272,40628.3114213716487305348612337597235
50273,40629.4414456200718404898000410759716
50274,40630.2219550957968357383048888585979
50275,40631.0811348344619751725964422661114
50276,40631.2616935451621860730439890331152
50277,40631.7141097314746239353892319807952
50278,40632.9011269379244230544594725364776
50279,40633.4243589671557378818886200830822
50280,40634.0121331980811267130243576260525
50281,40634.5753997619640148361777588802699
50282,40635.4514714475738438057399537716546
50283,40636.2704182885335000677983624980354
50284,40637.3179369301899785921117123066997
50285,40637.9408141814928865521378855582160
50286,40638.3719377512193925459749932958114
50287,40639.2675087451029819783202506883252
50288,40639.8167473652696697640564909222594
50289,40640.7894709667052445677628216313294
50290,40641.5707836821530722015996688626116
50291,40642.0542618972137398749859070641948
50292,40642.7749726506848829733942974211724
50293,40643.3420462564481187997120406539611
50294,40643.9728262833641898510266891080156
50295,40644.7651811990385889316442565002310
50296,40645.2532868852509563481649279619817
50297,40646.4709066072306555783035429080369
50298,40647.3984703474437052747764662886671
50299,40647.8735843152553073854938880051777
50300,40648.6601154374100747269888843651901
50301,40649.6867053691174392544414556016042
50302,40649.8471546436536928789578599791867
50303,40650.4503442053808884143636874668728
50304,40650.9699036753861890575605009734843
50305,40652.0439718715453168960440355980672
50306,40652.9396817766431301107179011719647
50307,40653.6057655621565898023828648305135
50308,40653.9220191164561599050409409065941
50309,40654.8011834125525834094619618134390
50310,40655.6161452478843705530514043500813
50311,40656.6043653997366112165444771052947
50312,40657.1632617407801269325274952120044
50313,40658.0802068248863555537885824684773
50314,40658.3286461162613286402827509917230
50315,40659.5610209253084161602212025004696
50316,40660.1771935593313025257333997981827
50317,40660.4934821375786830094762169203061
50318,40661.1323724384031191777544513446672
50319,40662.0150561308937759842694415873116
50320,40662.5691814666104716318249734661993
50321,40663.0838860686805231176250389697759
50322,40664.4949893251886288785525874241242
50323,40665.4237002615503296959494150897493
50324,40665.7912757194465640830405043037851
50325,40666.4508716706342693965967957978778
50326,40667.1689662949857119379945217087292
50327,40667.6608325891220638835487760458955
50328,40668.6052750741567418698763200262522
50329,40669.3302039773715432046694463248243
50330,40670.0113618178861409558642131822157
50331,40670.5074509810346407166130427674689
50332,40671.3120215734478232589246630112894
50333,40672.0034329170337465787849051687296
50334,40672.9324027264139157721664379513277
50335,40673.3409585057476321657526564410488
50336,40674.0664523977026437132559878765827
50337,40675.3686213539410702815720988006240
50338,40676.0030103069104510511346569742286
50339,40676.7051818221464770544087661999529
50340,40677.0942108292886086999488649410898
50341,40677.9775569556211716608462886610816
50342,40678.2897762913233915036338614192249
50343,40679.1126709419062490753121445750029
50344,40680.0098784075137035366216888648881
50345,40680.2616721040120361585097211890644
50346,40681.6634309862798450600674388915112
50347,40681.9848161588626964746307495684876
50348,40682.9236182375873466500107764371971
50349,40683.9178388768636755378610387897231
50350,40684.4488523938492625322077903209661
50351,40684.8964278004959363531390870526697
50352,40685.8285128711787089845839999537403
50353,40686.3416649291861792184578852385163
50354,40687.1396839528880825944493963310996
50355,40688.1953641282168998255622983045491
50356,40688.5834008906621534615370660227130
50357,40689.2547629763313703990548678779856
50358,40689.7069006449976462634323377098585
50359,40690.1532561329274900695290322141147
50360,40691.6083400359410392139540480510918
50361,40692.3390581548667455728986136633279
50362,40693.1797325738686978686314997745161
50363,40693.7489582066335722306261149426348
50364,40694.4446184952357955040554180614882
50365,40695.1971043804614991360376881157318
50366,40695.6791119156738184560426825143426
50367,40696.4613912416924733586065909025008
50368,40696.9527018906356441007723847533990
50369,40697.5962611466552080712045130222968
50370,40698.6585908209147823020065082099709
50371,40699.5051611633143131122539663468515
50372,40699.7363005485518672351997956334857
50373,40700.9111787644978995231233123094425
50374,40701.5775963434738882655684501586722
50375,40702.2972854069886745763378072580226
50376,40702.6511634493155514897299319490312
50377,40704.0552965696660417612142170749863
50378,40704.6478728314112204337190488502028
50379,40704.9414186597688874607401688272193
50380,40705.7934846021489994760132985364573
50381,40706.2345379090467824988318073632014
50382,40707.2005398875749153727890445929059
50383,40707.7664619511361743731482191789084
50384,40708.3085981999988970074645726917713
50385,40709.1494236756163881397452297857136
50386,40710.2082918806379437034466337902629
50387,40711.4555150105091185326232440379917
50388,40711.5883965244051862826011327805019
50389,40712.3905981415330729652294238025289
50390,40712.6892325115848484182293923476920
50391,40713.6896074678834054005106510614020
50392,40714.0916415437142744243645152345470
50393,40715.2551261494907147578223088974561
50394,40715.8588914105231201445186839966255
50395,40716.3099604134227256396884447142382
50396,40717.1415204267292225320346524482231
50397,40717.9234823370293506175945311751525
50398,40718.3446336341789682701202394207902
50399,40719.5948759367898104936286657362688
50400,40720.0958774234090053389140555905104
50401,40721.2607795674079766148741065278147
50402,40721.3539259455124503248852040596848
50403,40722.5576217888748485069250380514928
50404,40722.9433355404418814869609016054943
50405,40723.8918902684921273372589503961596
50406,40724.2410234764470088194999459198988
50407,40724.7477486426568902006270412481554
50408,40725.4237074282434514744606048788843
50409,40726.4140358032323656237765773535906
50410,40727.3379103142580813789626868965230
50411,40728.3978802814477946696725041440478
50412,40728.6757008371144502872184896719296
50413,40729.2563067722738590574593980246056
50414,40730.4875567487960029694909959615770
50415,40730.8754741416242733123677753481542
50416,40731.5079883817240510282934832969278
50417,40732.0134311755959162238763110504188
50418,40733.3653158201828615220046965856550
50419,40733.5129219659135209613969488962932
50420,40734.3745923032363924004669818853979
50421,40734.9649166881644676290543342292012
50422,40735.9282312341100376181434865523265
50423,40735.9966793883896797672679148597100
50424,40737.2448713465196514038973229861814
50425,40738.3087443103367465616248405099995
50426,40738.9835279728275003259765817835156
50427,40739.7364248221591356971674070758428
50428,40740.2274367218274991899511471802786
50429,40740.7845796862790697357337134106966
50430,40741.5691627766303683333198289563789
50431,40741.9260007017357406168724880023946
50432,40742.9535029054489240169820551003497
50433,40743.8241491634466038721583288501971
50434,40744.1857961014541243818109049507744
50435,40744.8438869866963402646451250407373
50436,40746.1679672627671866806494335219184
50437,40746.7874691111695964312119159646288
50438,40747.3283243784906106797062074037011
50439,40748.1653359849906217048579581499443
50440,40748.3967574142336569293758423990341
50441,40749.6792025363342819753113104242820
50442,40750.4415254687434073496644907812370
50443,40750.9320154721668081918935142961799
50444,40751.5719271690972762340459460374246
50445,40752.0506758399651144529289412496592
50446,40752.8769405304150709399518760091550
50447,40753.4307640425192833553795073772346
50448,40754.2416095636811020905774708178210
50449,40755.2412087390657995835973156769956
50450,40756.3661544251862092856564557649134
50451,40756.6324589230124876223148580654896
50452,40757.5709550644264735806201178600925
50453,40758.1242378563920886935365762989729
50454,40758.6418223929541504497412057645496
50455,40759.7113414300340338083392604868028
50456,40759.8373469056388576764714494756332
50457,40760.5925291653140951245311831913285
50458,40761.6420880632281597481473803161225
50459,40762.6204539664776241848321806185837
50460,40762.8752148416086611929196620786882
50461,40763.4880625175511774128811640259085
50462,40764.4307148323954655617130227037027
50463,40765.2659141536954760515686053568982
50464,40766.0879429367093354689017307450979
50465,40766.9135360316718521474376523149686
50466,40767.4044856399463449167919549340763
50467,40768.2177494316223764057702190458644
50468,40768.5607980265969323718540677935813
50469,40769.7278834583049097659475631843400
50470,40770.2003570855046463215187763476028
50471,40770.4526536097807050183335599848140
50472,40771.2788154787745323834168946998088
50473,40772.1546837912574036810985304785178
50474,40773.4529606895991435508712825736693
50475,40773.7855427996275191226600564915492
50476,40774.8740499201736596871096250952532
50477,40775.4623948285511609324926300506866
50478,40775.8236559812116134186936584423149
50479,40776.3595133603063809674031871267308
50480,40777.4694367335122499185864400439249
50481,40778.1439981524729029892982141333849
50482,40778.7700524734444299080643036317093
50483,40779.6754505984534490035536470258291
50484,40779.9722439691938109498600687569549
50485,40780.5926718200959008829112973441157
50486,40781.5958510363119377581096211414806
50487,40782.5183219899534629946095934003398
50488,40782.9563525303664008384381591138102
50489,40783.9117970690275262539429594945629
50490,40784.8173867265169440315031725579105
50491,40785.5629169035528396898917034274432
50492,40786.1678384704594708499658342879771
50493,40786.6371589243203806527168096327699
50494,40786.9828346456713023703720377234019
50495,40787.9773980842666805634350182869899
50496,40788.6302116413785138878526100397730
50497,40789.3715651215160104132314485481224
50498,40790.3231944885192219442222453160822
50499,40790.8418028128572981905164842478214
50500,40791.8847148487583707930305398249164
50501,40792.5359361206777795608796088739827
50502,40793.1797979789166570863244313458817
50503,40793.8860625531880765212412739760611
50504,40794.5231334580776480956766763073400
50505,40795.3139872663466063965249793695792
50506,40796.0100255426863479599012468938426
50507,40796.6888586933738890603138111048527
50508,40797.6180418572750508833404762685882
50509,40797.8336153390807315826502136464397
50510,40798.6914172639636034175706443590610
50511,40799.2714201881893773383606427526138
50512,40799.8004221431895933957013532469754
50513,40801.7415119266105440501130529860469
50514,40801.9695774127078941198131714585367
50515,40802.3380062737018509113266169004552
50516,40803.2168775318267502803200447051680
50517,40803.8553789214871253234582278162717
50518,40804.6736423087106593590064974340066
50519,40805.1755531093497248911374600651912
50520,40805.7384072588809961694162006462694
50521,40806.6717789865511676223577607221067
50522,40807.2250518234667938907334348572519
50523,40808.1209602228643442262492577840496
50524,40808.9200924507442623608272129998768
50525,40809.5761035485608966196415680523632
50526,40810.3831911678197159527210489087892
50527,40810.8740504345543063074633361303286
50528,40811.9935128668475006443060589805594
50529,40812.4097021101906293514125166712299
50530,40813.3473184335242841516629504156488
50531,40814.1554900307896020360433451653920
50532,40814.5750834857252350138989446706471
50533,40815.0399417991194881706694430960175
50534,40815.7018844756128114953190437995859
50535,40816.5681822038472202213730399485130
50536,40817.2814484069045252230302596079819
50537,40818.0676324583280149397037404125292
50538,40818.9882247201174819842025101206405
50539,40819.9392729029517892535999527187710
50540,40820.5196639795100082884377331680222
50541,40821.1713591848035329053031100290410
50542,40821.9450526241542670325155170038716
50543,40822.1770102077079234500842733099839
50544,40822.7880525706109560415877421546405
50545,40824.1194652196384049284711161684255
50546,40824.6784776965527498265306562838279
50547,40825.2896747210666385552339794874311
50548,40825.8276990527125772088587950756560
50549,40826.4980175287476644488128309880393
50550,40827.3528870654346852210322495688478
50551,40828.3441895042687655433003265910209
50552,40828.9328544925247530744696002784296
50553,40829.7803939167072109930217741024259
50554,40830.7253651011750427625826578218831
50555,40831.0330981252213238422355433667173
50556,40831.7596311922989269017856885712559
50557,40832.4592982109833747478407580393721
50558,40833.2552060710805580448475514333927
50559,40833.6596102395011499718904416608190
50560,40834.1976339813818353152312592381679
50561,40835.0898153669136745888259204338023
50562,40836.2011708337160605980649795162942
50563,40836.9849677756637592450890757314625
50564,40837.8577596001273586519466922383500
50565,40838.1402323431526915850421333361987
50566,40838.7554998829329340101128285024875
50567,40839.7547504223076108448682226996414
50568,40840.3728758923538058553153354496121
50569,40841.2609601141855167879257113386213
50570,40841.7697968728095554947403778448180
50571,40842.1938259087144886635387945518579
50572,40843.3483154298923832618081745884171
50573,40843.9017703314550490639988026740458
50574,40844.3902571572078711750115560735643
50575,40844.9031347921332328439348949088558
50576,40846.3353723355771482342212229267232
50577,40846.7334332867980188169841957863290
50578,40848.1443565191954374603319515658859
50579,40848.3155114184024027319293247678965
50580,40849.0056365692195834340144091276675
50581,40849.5763290804227061791073394177098
50582,40850.3283206495267631845744454767013
50583,40850.8938840124768694677900918807343
50584,40851.5154112378847726232994060646668
50585,40852.5176957482002211871018322232090
50586,40853.2570546218740198137890629876077
50587,40853.8900265895095835856834173884107
50588,40854.4184134806524916964944025433842
50589,40855.6415424409529923827256755640102
50590,40856.3656856308516737766859177194304
50591,40856.8535066654079575282179402632133
50592,40857.3361388217059280218178302879119
50593,40858.2293620177835932451457835413087
50594,40859.2932476606540296819916096370175
50595,40859.7886891598464782999262633289830
50596,40860.3769991834706452503946626780691
50597,40860.9149186267247126636287578286158
50598,40861.6114451243038661341265874296808
50599,40862.0348462557579250200370949940707
50600,40863.1572946711765648169602884563404
50601,40864.1695522320649872294064892938354
50602,40864.9024024742467085608835142514762
50603,40865.6239820786026016316722223257436
50604,40866.2821073798244956736422642843746
50605,40866.8373205745680922755805448466350
50606,40867.6776242682665403801534495435700
50607,40868.0189195465090442928284865223572
50608,40868.8913267046019396370488093035081
50609,40869.5696185859764846796671766166356
50610,40870.4968347178051769426682923736974
50611,40870.8555897136689657174380068796216
50612,40871.8969323174095663659662243526782
50613,40872.5516147549855636438462598936072
50614,40873.1934124793248128694545117174890
50615,40873.7968098909200963353913365081924
50616,40874.9046863197226847403984740134639
50617,40875.7990702390292595674899773508874
50618,40876.3872026172890268790651389705544
50619,40876.7102398150642873163807565682732
50620,40877.6270303599176534140550076280147
50621,40878.1692162961105326344663801042013
50622,40878.7346823787415689813895703175608
50623,40879.8743566230945891953850988570130
50624,40880.0281048288195832156399416340860
50625,40880.6859389262863802815993259297580
50626,40882.1230470210182328424228770924994
50627,40882.9328716749541604417431020889758
50628,40883.5336366104740509946041070505237
50629,40883.9298480574165538094769736509408
50630,40884.7805438079216178870164825425372
50631,40885.4162487716447099368387548603001
50632,40885.9638394557782487001163874559678
50633,40886.9074916551381793928015750072995
50634,40887.7211594256688965500318126437241
50635,40888.4371719880322457580508098728467
50636,40888.7722672181926174906353976904528
50637,40889.3304019315435279500478812339135
50638,40890.3818828037884892858763434333312
50639,40891.0107306343972549351498874748867
50640,40892.0754265630313719502833103394251
50641,40892.9537791543070744014039833117777
50642,40893.2629531282377593610843505210132
50643,40894.1022482451009839365314764002932
50644,40895.2865029602068204793083184101534
50645,40895.3825371186180508972646542293132
50646,40895.8357325033672722025395636775934
50647,40896.7439556386716286698637516222501
50648,40897.0883097198830533044970303879112
50649,40898.5285634594178381604609325264841
50650,40898.8589185588978999755580362288409
50651,40899.9090803525960502193051694052369
50652,40900.3420114463336493979861387312548
50653,40901.3699037876444833808559995399083
50654,40902.1928356945769339682036805642754
50655,40902.3666459726803160801725834384017
50656,40903.4120264883130437600260116784988
50657,40904.1925532257595924284067595963796
50658,40904.6820624338654689394306986723290
50659,40905.5608146207690040895231334173398
50660,40906.2153434166340190096175881441011
50661,40906.6294732599651053366670996166857
50662,40907.5140029498492399621480478766924
50663,40908.0468236913149906851020628698999
50664,40908.7147666550726637956738962892890
50665,40910.0771910958139633868823494340105
50666,40910.8504403127624473213503828862492
50667,40911.4955518467501227798430043099441
50668,40912.1285808526553021721326197798229
50669,40912.4380544443554065657006572339481
50670,40913.0535055791256033738957324120724
50671,40914.1281748524306924306490067318718
50672,40914.8878588590081659952845346084278
50673,40915.1578582549032950203487464516950
50674,40916.0868238072596359882020615206969
50675,40916.9050450863837545368676966837763
50676,40917.4631682294154518674187545063535
50677,40918.5814072307894299695487214298069
50678,40919.0723611389917940386169487224265
50679,40919.8425875055271880631111066052216
50680,40920.3153400901611473551180728058750
50681,40921.5592143526065556407758536914558
50682,40922.2239626272890003186042496105191
50683,40922.6088889956527748487885381992776
50684,40923.2527188726528447581294149172047
50685,40924.1095484847090535290320955101003
50686,40924.5830894260998211430744897503558
50687,40925.0769524047737846127777133650678
50688,40925.9212320581924754552738860440395
50689,40927.1313299444613223535319855618064
50690,40927.8617705168342635786687168401622
50691,40928.4441520409015457818425727476439
50692,40929.2208668717001494385418681267806
50693,40930.0887488216321802496898354967313
50694,40930.5580665203467663831383938063060
50695,40931.0256198029329907693180039732124
50696,40931.8921092489476244580653876045982
50697,40932.4040924068043812180092647364564
50698,40933.5797253585704383911033955171168
50699,40934.1046387061971297037783881112054
50700,40934.8613586829888490559406850493048
50701,40935.1270075882352569532935673513594
50702,40935.9154548382072375663034874181820
50703,40937.1044058439093525275128261143928
50704,40937.9378758253509110762356661560047
50705,40938.4721805166647546118738413842581
50706,40939.3598014714284107084923711979731
50707,40939.8737042169211255179585529626841
50708,40940.6176095627428512551274117618900
50709,40941.1413292482874396638818885692665
50710,40941.9896651632145925362561419955566
50711,40942.3202646433031158262315976833698
50712,40943.1245964951251436608538205064007
50713,40944.0831711710518624518301999761382
50714,40944.5476462286963267138193903956888
50715,40946.0997015487232402927403555822271
50716,40946.2900751218139801793790708740146
50717,40947.1395733257425172896052950142740
50718,40947.5452302363960319472541885649737
50719,40948.3838478063767239133565541744526
50720,40949.0197854535037998296270566739436
50721,40950.0715128275560013992538869587969
50722,40950.8277383784521363792924296976914
50723,40951.1196282501949966300775974552077
50724,40951.5676721073423951630602609952549
50725,40952.6590062338714168860602083905758
50726,40953.2286539622736196645030440507340
50727,40954.0442096822823398301139087769563
50728,40954.6088032837907340692812784003166
50729,40955.7955868893348974802112063318419
50730,40956.8382703822483855945901303181915
50731,40957.0301153416419711394765133327803
50732,40957.7242807651522124480985956760553
50733,40958.6162194635185237181812923024144
50734,40958.8846433694022370843278720548960
50735,40959.6212854090174675570918867649778
50736,40960.2815393746276766898170652751557
50737,40961.4893764915052066647866351336123
50738,40961.7958658536410619139782298366222
50739,40962.5672858796343853743943149178440
50740,40963.5558901913150934175512053982039
50741,40964.1699071371722779094168090499326
50742,40964.7672851724180836036324886797754
50743,40966.0125972698383598943279005503432
50744,40966.1849107159447766122661396557368
50745,40967.0177598877528975427305501803188
50746,40967.6968972221696556915761552974057
50747,40968.6418709094710739963320205869051
50748,40969.1469604498563138503440184078013
50749,40969.9147349884511702016016355814300
50750,40970.2611758998962278111009833045024
50751,40970.7784890043951229814771312918411
50752,40971.7355852157786388831386733332418
50753,40973.0963821679120189016296677404704
50754,40973.7453546481284345972125119015951
50755,40974.3209513741584777461006113220061
50756,40974.9243579119254340472309200689716
50757,40975.5569414935079890149966252712316
50758,40976.4515122566660488893905507814623
50759,40976.9851428496435996000868979644329
50760,40977.4008090951178067737112526114035
50761,40978.5498678688501956960408830113169
50762,40979.0430192470652349744969156621069
50763,40979.7940962683658101508982781322332
50764,40980.6124876900899782012650093313423
50765,40981.0167265207331178604862830973510
50766,40982.3180312349104753694555594921611
50767,40982.5858136853115991309153204111540
50768,40983.3975064206999377153284754001281
50769,40984.4741613939160111070927762122092
50770,40985.2092673240213028817602403050402
50771,40985.7753614726518346236124294339277
50772,40986.3381882614303960391403095205341
50773,40986.6489237532713931934191477854804
50774,40987.5751135252074050105708324340362
50775,40988.5269569860769518296684724979882
50776,40988.7099487744952627003490769632229
50777,40989.9237403882962524814078097019613
50778,40990.4983118504542485383055068178818
50779,40991.5387126532179793653339765476816
50780,40992.4473276898425467155157817471305
50781,40992.9334082548747456698125092332017
50782,40993.5484018107686404989335906766587
50783,40993.7251758392249232988359313414599
50784,40994.9816706678574745371057452702091
50785,40995.7284414686293060309200226242239
50786,40996.3371627580684292592954688654225
50787,40997.0276170443947970506540108655242
50788,40997.6873731758510644896562118962052
50789,40998.3802437866088788937181705896709
50790,40998.7071065896447120531257842323666
50791,40999.8623627790377121089978656125004
50792,41000.8376249453836582726300490130940
50793,41001.6630714013435720601022032653332
50794,41002.1623637448045605852042015088683
50795,41002.9425614480341875946849428331411
50796,41003.4786701588209262612966210391029
50797,41004.2545610941197433465409408456596
50798,41004.8864171966132944327392203919641
50799,41005.4582664242928550157615587109807
50800,41006.0933055838653176436680185755701
50801,41006.6120899426840679166186536723634
50802,41008.1324248334101587287203297125600
50803,41008.5738952299794787705425549706465
50804,41009.0696536295643127038734054518147
50805,41010.1434829689289298687629554501555
50806,41010.5746092193481228267322671042732
50807,41011.3492146987786501894209182279673
50808,41012.3875028084496252898130827121140
50809,41012.6911983522078732576666621344115
50810,41013.5558808929555888269842863580333
50811,41014.2620437039549029761413819106074
50812,41014.8419401727534514018624437932880
50813,41015.5752963917156507072846307033593
50814,41016.0413766085419102596368426084368
50815,41016.9183023645999333914534590139239
50816,41017.4625879008846423780036823553595
50817,41018.8962418293682055564750879418351
50818,41019.4073574224929390687103862096301
50819,41020.2301608457354479211306683780111
50820,41020.8556245246679668441610613001452
50821,41021.3559303561899686976810499132662
50822,41022.0734570752035393402855756197027
50823,41022.3490416936535868402355923352475
50824,41023.4697399431278574797385204480932
50825,41024.4414492762009517586548725667241
50826,41024.8350614619554633791701119337614
50827,41025.4961514446862788029662945064254
50828,41026.0301691703714055829578436891900
50829,41027.4125321375954320892177260238625
50830,41027.8595668766382540480457684318549
50831,41028.5072740062646457372088032920468
50832,41029.2045799038932026835310036322630
50833,41030.1669325962095718838063406783142
50834,41030.7551507778255229865819760351796
50835,41031.6513186423532610926384272252311
50836,41032.1469488787935463447566803961587
50837,41032.7082040842543845383681854830760
50838,41033.0138699379437480403885340314296
50839,41034.1380169958241478300028738472788
50840,41034.6728837487608986584691106750760
50841,41035.5763109034562299728965391283897
50842,41036.8351968715751220730936080010041
50843,41037.3400514664525707458758004651205
50844,41037.8222369105902093951747142279971
50845,41038.5460036861765007445262311384409
50846,41039.3239083989291211591789055525413
50847,41040.0176698782030323736538982485389
50848,41040.6161817753540300456195171043398
50849,41041.1513492658923332829545585159439
50850,41042.3128584925322957541721837339986
50851,41042.6099060213730171850293016896481
50852,41043.6283950415903499535529639559875
50853,41044.0729037997059506404034585278531
50854,41044.7872156937086734818758230889714
50855,41045.4287318182275281590282937465596
50856,41046.7181080342377801986660882867741
50857,41047.4991887958840712692998061782182
50858,41048.0536727791511763937259153199835
50859,41048.5756634509569836689584982369544
50860,41049.1209122083046470500807455434279
50861,41050.0481507731545659147097312921317
50862,41050.7287879510674385102866488226195
50863,41051.0181373524161714725861250281822
50864,41051.9139485562865015086063248184440
50865,41052.6692620806027428698768047307164
50866,41053.5338621977276471989422923376794
50867,41054.4045431768752494916526814914765
50868,41055.3230644685924603906352347978588
50869,41055.7137182091383085932022979833134
50870,41056.5183259685312596079363523297958
50871,41057.1464398055032905955303163775642
50872,41057.5249159302547099475977304831502
50873,41058.9674186480491803384885080328091
50874,41059.2869797894995212710386479810466
50875,41060.0190396494393364218811157421523
50876,41060.5622512656234985408944918954761
50877,41061.2355554419732407016968928261238
50878,41061.6920018915076200345037654960874
50879,41062.7597899497243037693923809168587
50880,41063.8107992601800600078934686232918
50881,41064.3585639355973553335930468888241
50882,41065.0361098553372602631581763723692
50883,41066.2556933542057552775736125197625
50884,41066.6484831122921518200836400607309
50885,41066.8801518599909218003591619620529
50886,41067.9051244788608730322999793981908
50887,41068.2348417083822011256510905210712
50888,41069.0659803707991922679494545816937
50889,41069.9790584320962073768569330835579
50890,41070.8714360319892279666316012286158
50891,41071.1682023580591408170911898053126
50892,41072.3459385085406524645551163518491
50893,41072.6505884980508975541545336729749
50894,41073.8309323476828942626146706544460
50895,41074.3644889475698330490600605505578
50896,41074.9072239378638827245148339145821
50897,41076.0628308397091967526160597159815
50898,41076.6645475961470972750524434024232
50899,41076.9303028619681127152789642526575
50900,41077.7451665955834736103383518326195
50901,41078.6944472768185351696664024283653
50902,41079.3058792219294686004906207921287
50903,41079.5190249858237043681354280395442
50904,41080.2431774820376890475131350992584
50905,41081.6909403799103805904667075393894
50906,41082.6003101000891101847782307199265
50907,41083.2252569597022696041707929873332
50908,41083.5691130707535798512050117909143
50909,41084.2279928324214931595679097786028
50910,41084.9981060753624181902625133732908
50911,41085.6375462302930546491443428185464
50912,41086.5863330245457238415440438838394
50913,41087.0004414990844608270986386744832
50914,41087.8047794666185617599779554343373
50915,41088.5417055340926180565072394352500
50916,41089.1683753483178537113963575410962
50917,41089.9950352161043781470458716305003
50918,41090.6890595909044025400479098986193
50919,41091.4551445918693996943692051893668
50920,41092.3750515609436729970904030275883
50921,41092.9614146226027514594581459097711
50922,41093.8749055023163273364889406606746
50923,41094.5057728679359936092230831048655
50924,41095.0513478199053374806930960322300
50925,41095.7733283203602496169690943960735
50926,41096.1121883357118659437603800611816
50927,41096.7656865626666687552245508167825
50928,41097.8174265229720559925107788501573
50929,41098.6300486370388781130354016891227
50930,41099.3051270820614778356532731251262
50931,41100.2158377549961433782756993527008
50932,41100.8818497794251790412720641606568
50933,41101.7274420740639998084861861521275
50934,41102.2377412610988248631882244143885
50935,41102.9585679869140251122939915028058
50936,41103.3204297136830873139905672352864
50937,41104.2667510505260624520051124698064
50938,41105.3631230822666969070607616244256
50939,41105.8243705302252937639531465464202
50940,41106.3322849502962765765581553855944
50941,41106.7650409126421417660827688207375
50942,41107.7625997075360819865151251874379
50943,41108.4859112128696239426043555449527
50944,41109.3785255601933117210170260730076
50945,41110.5912058099800492692879235406641
50946,41111.0633695615157182023800626712999
50947,41111.3060524649863181421873499729403
50948,41112.4515375265422305752170607434795
50949,41112.7661801403568514577653902352963
50950,41113.5991571765320939883458660071001
50951,41114.1068161643651095703585254870542
50952,41115.0031348781474221325606127697595
50953,41115.4748195577985962299368170526329
50954,41116.3924312597446674624793260169728
50955,41117.2391219847273604289240338235418
50956,41118.2947141326277173548537751350144
50957,41118.8433534145240986317530490571524
50958,41119.0505664380979924158102591990505
50959,41119.9454897414636222097489629519436
50960,41121.0893635403475252233285677038925
50961,41121.6831819662875807163376185376081
50962,41122.2128266959770489401342119833329
50963,41122.8871531934224053815504462676897
50964,41123.6319757797101497245285794240893
50965,41124.0352094817385326010372270660327
50966,41125.0753367167094726003370735646771
50967,41125.4454753681315231169219767685175
50968,41126.2408816889970978687927752084788
50969,41127.4847069229852866902536098945667
50970,41128.3006836087398809039874128522138
50971,41128.7910193509149782948264109928078
50972,41129.5144721549418795049874587333704
50973,41130.2101062037884737536871573591778
50974,41130.6930954752845645612396145643291
50975,41131.1819429180692658739679186291917
50976,41132.2248972515635581458298597842049
50977,41132.7230827211268933855111647905556
50978,41133.9213167232188876491900944947549
50979,41134.2707599577027490473539397542139
50980,41134.8703047477292554247031143153697
50981,41135.5033247476405381392077451860756
50982,41136.8701324184052860522860067893386
50983,41137.3191268548502063238216528946427
50984,41137.9411855136014917751552126213561
50985,41138.8252301427862710471803613926121
50986,41139.3474056325115155649122499999990
50987,41140.4389155672967071796352304828048
50988,41140.7567341885305865899809935191710
50989,41141.4464400067756234403194358339189
50990,41141.9785782394977847151780196588813
50991,41142.6843758453031517774262929722432
50992,41143.1665883153116416847650440625173
50993,41144.6170689156768178535257155064279
50994,41145.4252910682985292688454469046737
50995,41145.7523516841100737419363884300564
50996,41146.8590565688900900838257846129007
50997,41147.2939988161031560254903071213650
50998,41147.8863481945467301660785496023866
50999,41148.5386239449945231806592167311572
51000,41149.3833829511473862578654477811022
51001,41150.3294672925166994002233162526420
51002,41150.6451453079482138357808898273232
51003,41151.2809859813544725182083353894617
51004,41152.3231387162498589714252284001347
51005,41152.8422711649847373040529073273396
51006,41153.4089608727471654322187811890559
51007,41154.4650348762945244969791046886003
51008,41154.9768155136715376587545166402796
51009,41156.2594685879113409253553352449606
51010,41156.7970168438854360350963200526546
51011,41157.6193914958492742176247425946817
51012,41157.7982312829458475054812464363572
51013,41158.4010117677887667168248382333181
51014,41159.2567067176055141955810228181463
51015,41160.1190304349651817711337660400705
51016,41160.5514913241424124460577386892186
51017,41161.4138548867097892465647548397792
51018,41162.0804255314415038581082323376920
51019,41163.1819856457722992534935613744031
51020,41163.9096885086299119772860896452615
51021,41164.5319383613124432379510661406965
51022,41165.0986508160007265673578190423269
51023,41165.8854540194484610578618789306377
51024,41166.3829905025415981601276808290300
51025,41167.4201381676784886090965742236286
51026,41168.0243722455098004092872735286852
51027,41168.8379329948145091194182771829209
51028,41169.3274838005545502901443274678802
51029,41169.8124425373056732806205795520388
51030,41170.6908805538067868309210350614187
51031,41171.0128783251279686440806498683551
51032,41172.6365914249845265740504572821314
51033,41173.1019473794309659233281308976443
51034,41174.1045064917727521426781493059365
51035,41174.3722664318506015693741155087364
51036,41175.1039005690212948654890023716719
51037,41176.0862481264487424051316635772154
51038,41176.6940786124047621590046687248750
51039,41176.9998537228506414668366501449753
51040,41177.4302045685584222645117958575624
51041,41178.8204428901878582546868997895616
51042,41179.4675225712124468258258062016813
51043,41179.9472978095804484455250611583264
51044,41180.9239341639730537777266057087614
51045,41181.5245924394936909467685006582728
51046,41182.3090682971849249683285659376401
51047,41182.9924325511039020147055625238388
51048,41183.9959061383342204462617311192682
51049,41184.4319944415220787414619064336961
51050,41185.2812854688429056724675478253158
51051,41185.9932648811959642221454576674431
51052,41186.3488859108168457531859944303724
51053,41187.3536448678513795382048499989988
51054,41187.5906564386215074320401335452759
51055,41188.4925087130132616969607399694471
51056,41189.3296011853763273885874527349059
51057,41189.8906110912643477248203961900401
51058,41191.3313105085308214893353866676035
51059,41191.9230679706346051470987881415348
51060,41192.5052518955817045199973506833139
51061,41192.9377958257850536493856871102827
51062,41193.4797740231050190772026368185887
51063,41194.4222235987615895077113611189348
51064,41194.9664979693701447684025314625747
51065,41196.1342438619543080325154904903045
51066,41196.5417028054677623689354665393662
51067,41197.0810877288925899780668130059786
51068,41197.6699580748780465660019603581115
51069,41198.8058771200773802179392205047368
51070,41199.3619610755854732534384656002120
51071,41200.2419841900047559013819530721815
51072,41200.8436221006299971818556084797187
51073,41201.8190898511847454302017977745383
51074,41202.5554242833864099283608082233607
51075,41203.1636326325769899806028961444967
51076,41203.6582194566188402452487510011179
51077,41204.4242621018373211397615447810666
51078,41205.0460611221319687485328786524232
51079,41205.4870231590013018658224620199705
51080,41206.2443855670706269641834230709017
51081,41207.2631229276882631416388349494279
51082,41208.2877238076039121581043304604233
51083,41208.8817881350122282902964215189913
51084,41209.3969678312067965716580786150194
51085,41210.3158740933846527395266182806299
51086,41210.9664272007741724693860419709163
51087,41211.6442874602283458949085829105364
51088,41212.1922470828179173937473004227358
51089,41213.1263744616810036634749332873315
51090,41213.5241038548214319852711753899096
51091,41214.5855704464758786829062117209854
51092,41215.1925246780854521979898368543328
51093,41215.7614380257358284695371247442033
51094,41216.1758758986063057225501584001355
51095,41216.9515807573599378549627878670714
51096,41218.3524710265897635650565178788124
51097,41219.2175277431428298966136853766197
51098,41219.3782357160912598810517253527001
51099,41220.4521767659279444065405640798174
51100,41220.9883155143191978683936249910353
51101,41221.4838586636040724110358508300320
51102,41222.0725329877377157194635368733875
51103,41223.0500127227025389293359935176499
51104,41223.5205507068740814089321566900501
51105,41224.2881746873626036105007833877787
51106,41225.0912411706459540135888476211883
51107,41225.8807801807798693074428567486755
51108,41226.6300539197392648079863667092637
51109,41227.6339874715225759493284790063202
51110,41228.1589392339254634105259465950937
51111,41228.5935058307703598481504195929586
51112,41229.2539884351474745015061710503405
51113,41230.5812643792661685107873839538592
51114,41231.1208486904353772519432694380732
51115,41231.5868219274417563244178848364292
51116,41232.1502950215265076823585207088524
51117,41232.7820476493191621966682720209196
51118,41233.4328147345797277833457650663394
51119,41234.5514932463694090659240511186803
51120,41234.7671814285283374777236427015215
51121,41236.1733145742228126168589895137585
51122,41236.8536484780253482713657956330358
51123,41237.4334040855018107741277741919368
51124,41238.4319751602628018440911914840762
51125,41238.8198145839531706996203316366831
51126,41239.1913601357767607089417756900718
51127,41240.0769139953140234088705667895860
51128,41240.7579574865131169022268419988232
51129,41241.5404985775844147484476137075381
51130,41242.3490751805127293651528632612225
51131,41243.0659902537114315987222339287053
51132,41243.6002943114859033190471512981439
51133,41244.3192341113030396763652599958126
51134,41245.2815661861272670640201644544295
51135,41245.7920856018851019842718674034988
51136,41247.0125046963045691419497530153530
51137,41247.6101889226648738477629897315920
51138,41247.9781830103686492251307345139732
51139,41248.6620785357631253796385821613712
51140,41249.7044712977953016226019793599209
51141,41250.1186831806626292028654935785177
51142,41250.7648289204382496242535818416358
51143,41251.3181576518293957666862434647983
51144,41251.8888386108278916719942768019419
51145,41252.9782466608221746172619957316907
51146,41254.1941471757932825884456954052821
51147,41254.7953224889940630699091971880840
51148,41255.2278279281953230727428867622018
51149,41255.8762176667311126019970167652406
51150,41256.5707965239382681348435812367498
51151,41257.5992573195282789337626126621359
51152,41257.7474117714196644867317079706300
51153,41258.9176880764282414611684058691322
51154,41259.3622061121230455010388788091856
51155,41260.4114959512963964586446013253442
51156,41260.6425075740326643764966462853930
51157,41261.2080970716895613380762242348034
51158,41262.5206962288187555015300409196232
51159,41262.8943978291826651796790545681302
51160,41263.7989347356130357147785540410076
51161,41264.7096696515385513090982381553623
51162,41265.5166784943739689280693409137559
51163,41266.1620841928797176448172742169144
51164,41266.6253633823419819295640462577087
51165,41267.4273051944577025673463730488436
51166,41267.7929095971329640104970425277741
51167,41268.3048857964718888788480661992001
51168,41269.4858007315803466307191264348967
51169,41270.2684968966979191518745918432988
51170,41270.8042332007240363621310733748595
51171,41271.4572835697403433436987903074573
51172,41272.7128243493764678056389698521185
51173,41273.2128885235121507462990632599801
51174,41273.8586768632443694703736894011459
51175,41274.4173553582307573860701174412818
51176,41275.1723839810251730312466003928891
51177,41275.9433816771736642406582199549867
51178,41276.9229687801938535761785724285551
51179,41277.3135669307678033711204733222369
51180,41277.9074351517776706256001593010678
51181,41278.7449259349373593212622631916385
51182,41279.2837863297408847696440156156231
51183,41279.6654759966869451286673151437152
51184,41281.0164169508427706648593044202966
51185,41281.9855611482244085678590162381662
51186,41282.6983592240973500467655430143277
51187,41283.3424828413854212468059965872338
51188,41283.6040503063783829284818594508064
51189,41284.5299189014106160841226683746118
51190,41285.1980431243266237384075299474841
51191,41285.9131304517105293590152476258178
51192,41286.4859907340977270886706486383467
51193,41287.1329391146509529358103293906644
51194,41287.9018503495333667696306868371507
51195,41288.9071586921865813728120102131041
51196,41289.6382707000149086378346692113902
51197,41290.1206801290388073730386389455432
51198,41290.8434594832108821337683890858256
51199,41291.7803337470842388784911841181803
51200,41292.4426826165962136995024465117498
51201,41293.2410181238300150967593025903574
51202,41294.2269873579508898656255114487725
51203,41294.3737502789580633959304275539089
51204,41295.0248947205435289134623808287922
51205,41295.8376525008595928928187932679079
51206,41296.6357000921004950905174256743279
51207,41297.0179989391430797619441427757811
51208,41297.6841124008423059586930583948557
51209,41299.1209843938629617573871428213243
51210,41299.5241902795614841581641530321084
51211,41300.4752327271433669602740689682163
51212,41301.2789045110953126882455417496577
51213,41301.6756223977744536232464334050659
51214,41302.5853096800681207166669762226460
51215,41302.6733241875380977929375488886852
51216,41303.5024471103546698622506408788070
51217,41304.9584273861982309214416695478962
51218,41305.1471873621627974685473404947184
51219,41305.7665039250076271371183125822625
51220,41306.6470259673069813713874639014080
51221,41306.9382903186654496818255095376056
51222,41308.0418943529100021733429469618101
51223,41309.0642826833215470567365204678495
51224,41309.7258548087584338936133689213433
51225,41310.1020701919571468772676566299020
51226,41311.3740291108138608062943348275541
51227,41311.6470101212771550124622332150949
51228,41312.6008073760339454870430791476389
51229,41313.0080279401840026222955180905473
51230,41313.4763443955666911674645436523674
51231,41314.4194293450437554063173837215158
51232,41314.8199820350752177987821992137004
51233,41315.8904806693672862958926813753859
51234,41316.7357949331786297645676620642373
51235,41317.6219311930190449026798916081796
51236,41318.4707983802926170897554048231375
51237,41318.6224840587573655395043874076284
51238,41319.5202219240109584424694247699813
51239,41320.2064437695051975101969528020457
51240,41321.2186472419221586724346061377835
51241,41321.5641573408980989967855013599970
51242,41322.4248499116871130109162386660726
51243,41322.9783300546222161338489803399250
51244,41323.7241316653377526659363705095940
51245,41324.4737557688022170791692660173752
51246,41325.0677541003632089411005411388296
51247,41325.6801760326546597010418629941104
51248,41326.5101535803288235263531688497164
51249,41327.9471413434460972219100517325298
51250,41328.4494701142780405996297384805081
51251,41328.9571887377065640684660360581265
51252,41329.4432757346688339744677680397500
51253,41330.1626218350334550202995513666237
51254,41330.9825367475958882876656687620469
51255,41331.4670599834558019443516494831601
51256,41332.1677173668257024908753501180947
51257,41333.0552758377992085647929565850381
51258,41333.8964283503727370889078235216388
51259,41334.2419688275233414414125767442259
51260,41335.3626577274982898139806406254302
51261,41336.1561557959700396317020134220913
51262,41336.8474480655635104116608684018390
51263,41337.2524178822035185333250460142662
51264,41338.1320103548609044554017014773599
51265,41339.1075765909526970966495430004089
51266,41339.3538801541999947508830688185595
51267,41340.5964463802172932127733996377788
51268,41341.1120547218620215682562050461511
51269,41341.3874590760657161272945493082571
51270,41341.8266205837572993249800836665293
51271,41342.8668466672766243593767484597433
51272,41343.7611575101196339119921083520170
51273,41344.8713800999460460368634189749543
51274,41345.3687487495268179336070051228465
51275,41346.1216697230085863304835208637198
51276,41346.8270504966352489696916133081157
51277,41347.6080422242658361942802971328626
51278,41348.0851745988119478245420278058343
51279,41348.6047373126832915543187790562894
51280,41349.3757684470467711206763047556189
51281,41350.1446834209700083157751307688830
51282,41351.0500763707972861846709192163613
51283,41351.7825731590667722073208442492794
51284,41352.1092362999946047996635915145568
51285,41352.9801982712183276557653148939044
51286,41354.0420788006500888187108940559426
51287,41354.3341673035011415560214539477863
51288,41355.4501289826253426709046825010875
51289,41356.2498167390542801328627268388582
51290,41356.9822081039184624272379237290283
51291,41357.3671614566074654739545490912198
51292,41358.0542101967014804319506116530387
51293,41358.6302091489434166602099582195057
51294,41359.5323091253834068126979474103876
51295,41360.0746913097452551538644993678902
51296,41360.8030483356082506641191964304827
51297,41361.2196703025654644720292459797221
51298,41362.7700095100068702976919504273955
51299,41363.5791303658214755700229374224549
51300,41363.7738786547489117644667265728924
51301,41364.8128205105834377397154417227948
51302,41365.2570730674450586868033773466996
51303,41365.5320671003834076883138654289398
51304,41366.9511280691548542229067847194529
51305,41367.4766186591415054790673973841366
51306,41368.1041772228429647802470802623312
51307,41368.7301761224554493258462191884768
51308,41369.3471899314691019138969706817035
51309,41370.2583017007709885779194800257410
51310,41370.6659210991650212125233338088963
51311,41371.5765308529302134590113901562584
51312,41372.7389113314254231631806111765313
51313,41373.2470102559073068787414469284310
51314,41373.9734517816668656465584312845255
51315,41374.7295602219875622677558733654824
51316,41375.5416520060433537490786740852989
51317,41375.9564157112593349959347557832253
51318,41376.4080262555953866038127937935588
51319,41377.2456637061922638882704821143282
51320,41377.7510193727531561187751072830120
51321,41378.7860231729635848132491399532104
51322,41379.7653585079633700395197460531079
51323,41380.1961620769334983658807832988041
51324,41381.0798656862457097457717783615784
51325,41381.5829183043979386854880401910353
51326,41382.9283022592431875072719103783067
51327,41383.0480736791430894054413392268801
51328,41383.7230237224453721909173278908974
51329,41384.5403359206038172844891958552900
51330,41385.4569590105406305129977892460105
51331,41385.9980764990636426455678176284902
51332,41386.6675535184075095626090880979257
51333,41387.3637719910111568931622966306140
51334,41387.7914977135692613425090191067421
51335,41388.4514429727230254696506293181322
51336,41389.4697116817839848041806197479847
51337,41390.6706281793486483698098832165004
51338,41391.2352939929313577763636873045018
51339,41391.9869057132777435436699592198581
51340,41392.4875337573441470060824581224389
51341,41393.0903588891747192461079894292574
51342,41393.6546132966153436246558919469853
51343,41394.6306046697443842230080774819709
51344,41395.0026310381178658361652280604549
51345,41396.0866741883509045797803191452963
51346,41396.6786961604530982710462695291830
51347,41397.0120185162189435235405312094150
51348,41398.1827323630686750763059016654100
51349,41399.1527307238017804479436189893450
51350,41399.5814621872961034372945595470639
51351,41400.0604629759467300955923138432936
51352,41401.0198425412226623428583737497916
51353,41402.0332889335263935490324266334591
51354,41402.7454322490206639377387604008426
51355,41403.1372417265693214387088181330354
51356,41403.6874540701111812955532267832425
51357,41404.4435922181292558647303722458536
51358,41405.1705479754477765584206312175591
51359,41405.5652676402737872699661354262672
51360,41406.6166128636891503840422122943729
51361,41407.3778375546955617969922345832324
51362,41408.2543923921221506540383083958799
51363,41409.3235876524000621530165762783531
51364,41409.7904257523999939520611117737815
51365,41410.0794893549789285047194937414898
51366,41411.1264665575481247649280681433608
51367,41411.7699166175603947204648477411400
51368,41412.1573625993800037304413581831131
51369,41412.9574077037556461011354630109774
51370,41414.0837286080544620314280878025448
51371,41414.6186443095284843289788978457955
51372,41415.1257467932855012407624624765258
51373,41415.7702022146987889019827245500179
51374,41416.3682055082526815046321164191015
51375,41417.6222612407272463102843391036500
51376,41418.2769530385022587055482778947941
51377,41419.3372062170814273021870206889511
51378,41419.5196547275202275558963447549845
51379,41420.2905257924356343739942854133040
51380,41421.0785731261198488671461964086575
51381,41421.7885504508185626238668787301498
51382,41422.3804367950245770054185547974282
51383,41422.9303322900551137810646144514451
51384,41423.2868609266718863500371120969618
51385,41424.5962770765004090007351764160205
51386,41425.3144709693952797852863152867303
51387,41426.1411727941210563797993789111699
51388,41427.0560379968320408033321244051296
51389,41427.4010683650798987219504561891727
51390,41428.1638333617190891624953260603255
51391,41428.8059288561021530272738663939306
51392,41429.5315402029103884452844749114457
51393,41430.4744592144614227231517672246257
51394,41431.1457026295542897907293303742905
51395,41431.7218635625706996236445093800490
51396,41432.0593719257130083871926728465932
51397,41433.0950443691752407126654787077372
51398,41433.6316566151270102450245800830285
51399,41434.4502144185467070284044825917040
51400,41435.1973859265977029832928498198533
51401,41436.2361826017389333604211781393299
51402,41436.9363010980694258571595693737686
51403,41438.0307912923610172361913705231323
51404,41438.0781673189975756453971435928430
51405,41438.9015399943992644144971031465851
51406,41439.2401287103563098582747495075790
51407,41440.0061499073999009642411778062884
51408,41441.0638424347455290815168860717111
51409,41441.8655139916240074012650519268841
51410,41441.9856193966886765371917510691566
51411,41443.3356331038553839383583815559293
51412,41443.6561740071297383758065038639766
51413,41444.7204329346694108106146391027680
51414,41445.5700670806815092312428369693831
51415,41445.8445736539663898584463427508969
51416,41446.8903508151141055486226129390281
51417,41447.3988744096544464334696721489974
51418,41448.3041300600344006680358022234115
51419,41449.0995851763759815805446094243855
51420,41449.3784589538518134404359969259641
51421,41450.2841661961397878187221793184954
51422,41450.7545927934841203173745348834647
51423,41451.5290808749021448078055180392040
51424,41451.8269909394815318259995668744840
51425,41453.7120793155293739221570156068854
51426,41454.1353139219018782886728871576317
51427,41454.7635237644406958999064228098084
51428,41455.1059248337306051835240265127208
51429,41456.2845911928052324413207575969624
51430,41456.7215446123968972492268374415372
51431,41457.2957561837239055495164554976638
51432,41458.1028884019840240542107360157763
51433,41458.7260365751335549832833162605537
51434,41459.4393423674186055228558052094485
51435,41460.4015474207864014322996547194563
51436,41460.9589633923904234926868734964916
51437,41461.5457686014462983535302431211460
51438,41462.3463007645960559084482145250165
51439,41463.2310029670499298942691685933237
51440,41463.8950139658783247060350061323129
51441,41465.0100108713258781197795069882873
51442,41465.3847828889517790729518381114829
51443,41466.0646175668888894003572604938758
51444,41466.9128956470031060921407236211934
51445,41467.2361947556827879781116916074358
51446,41467.8674989657518837635784550512776
51447,41468.6140776541618477392551571952324
51448,41469.6716147576090021084209030583283
51449,41469.9049424729203023545219355716892
51450,41471.1463279165029970615721577157188
51451,41471.7876081463392894327051851798355
51452,41472.9293510702924513500008937484184
51453,41473.4104877766840517627007526490183
51454,41473.6592802285139440234760794139494
51455,41474.4429719945381158823171418497146
51456,41475.1382873100123826061841250469319
51457,41476.2226788241057885167470335552809
51458,41476.7893298492107858228692914878546
51459,41477.5385468891396471893039485350903
51460,41478.0317778530657571009974602919410
51461,41478.4065980696493728784964958671889
51462,41479.3647185926747493518736750956533
51463,41480.5644405821125557030640680571653
51464,41480.8054044402090578084125263746471
51465,41482.0314571867550310016641061999966
51466,41482.7448731750861239434959207089625
51467,41483.3084010105495188957247605179301
51468,41483.8430189570146190322974668098446
51469,41484.6203263376533787625683609559521
51470,41485.2947422563015195710484669363294
51471,41485.9097705014798019032078408515980
51472,41486.2213655252461317958599341477658
51473,41487.3533037663863137874616318719623
51474,41488.1803249846625746253070342545478
51475,41488.9479758465417360456175632662161
51476,41489.7070334619490701640117159799510
51477,41490.4519673467273270382184637044230
51478,41490.8620116601399375432872460801582
51479,41491.7633257874378143403636388218533
51480,41492.6585229308793711471693602435564
51481,41493.4684356892752581117658609559931
51482,41493.6449016985037855854764810957053
51483,41494.4704064243253555521630079839957
51484,41495.4199738418256941597820223748045
51485,41496.0091442698659191751148008728587
51486,41496.4464568689051025364305127664808
51487,41497.0863916063649263141681914151121
51488,41497.8651586427804582959635339375321
51489,41499.2728162523687034869529629361323
51490,41499.8110289187559510724240726088136
51491,41500.7231384020965090497852778052088
51492,41501.0029024852984283853646958434237
51493,41501.7098249927380754724701417443394
51494,41502.3563554299333611261478205623604
51495,41503.0895200337624583782445963613701
51496,41503.6289708703292369008366709527150
51497,41504.6164719930875416335154654967643
51498,41505.4689982754585498405456861878151
51499,41505.7187087948803826845000545176911
51500,41506.5224242428300972223617384583400
51501,41507.5320455448101110110330750061612
51502,41508.2303183552118332437028623962590
51503,41509.1067605612836044461501364282346
51504,41509.5592808431077735449434536185392
51505,41510.1537162675972044227652728828790
51506,41511.4956053161374290008540247366173
51507,41511.8987972164440730541507726579833
51508,41512.4310193011087071705180176607526
51509,41512.9944487162614713729242233597895
51510,41513.5200158726185346417750170292101
51511,41514.3545635482909314452826273525433
51512,41515.0377605747737413394873779252847
51513,41516.0902523670672970548565477298685
51514,41516.8939751509346537834988863876753
51515,41517.6584369197618989042807045323174
51516,41518.2911924173404491643594827782921
51517,41519.0258925454157141164079712257180
51518,41519.6869495236027677716269757493212
51519,41520.2522024103103167097476133291230
51520,41520.6973834432686559663027930529512
51521,41521.9666829442117771433795058750899
51522,41522.3281858020512440667797811820452
51523,41523.1225869990279070580707044794096
51524,41523.7067377969769415958500879254428
51525,41524.6759562551476408231523601666126
51526,41525.0956863232071734303617525313535
51527,41525.6336335831072349112980728731489
51528,41527.1284879159612082989157878423062
51529,41527.7040975771322670447156331319174
51530,41528.3722213128196448250632372009995
51531,41528.9880892760311437879397661853691
51532,41529.7676964682320577302881732168724
51533,41529.8822045744607726542840309574721
51534,41531.2048570075458887572149415178362
51535,41531.5492164850226724097260872373518
51536,41532.1279037178723767588393332450188
51537,41532.9219734524462835766712274752121
51538,41533.7164070988363282318219024683874
51539,41535.0946759639343833015519580404436
51540,41535.3767460692417756123364722957527
51541,41536.0627012944268345895285888606437
51542,41536.7210632257642207063804808347605
51543,41537.4458825192987843387799522077256
51544,41538.1343359347741064794442686073242
51545,41538.9419185032033122635634043399533
51546,41539.8499644303850696945213149432011
51547,41540.1880042634748313392968027260891
51548,41541.0355030208131131178435718186387
51549,41541.3988023373283143611116528602900
51550,41542.2325244487447187185020790735984
51551,41542.8771893328309164441076567454837
51552,41544.0022360975931974878991400160510
51553,41544.7814410841308506843346300790076
51554,41545.4413963280286084254768304993721
51555,41546.2953920138892781299649783051354
51556,41546.8663573923037082950239769444404
51557,41547.6301425830661080082702194472202
51558,41548.0897487729356289300260215374597
51559,41548.5310612353897030961304110925276
51560,41549.2771002746871665487439362879067
51561,41550.2618537994085828184815263633330
51562,41551.3310344222079938237147607112420
51563,41551.6627156873208529247373421685837
51564,41551.9908744633809924460794442060862
51565,41553.4261859294255790864011596974188
51566,41553.9376808455728788224769724032835
51567,41554.7061777176742460580841473042173
51568,41555.2368958826384322510758885497344
51569,41556.2143259998110593189409057256527
51570,41556.9443357234449208904843688348017
51571,41557.2739167239137848373319636658763
51572,41558.3514622455271601683913128318931
51573,41558.7901114064574103817180192910714
51574,41559.3181461395430937961315270480257
51575,41559.9856267786809019460869725187178
51576,41560.7110777383256892414629883732086
51577,41561.7092784770082188788748546535759
51578,41562.8790114891337957738228630507756
51579,41563.5429691679309059566683329179414
51580,41563.9672156740691744258436608298218
51581,41564.6208195486615726545859094103924
51582,41565.0233808721896450134462761156599
51583,41566.0347298868197586842960090333080
51584,41566.9117629518859870732206966404542
51585,41567.2730435305913649832394893129211
51586,41568.0242788347303810906689573632814
51587,41568.7582658067225334736564426715389
51588,41569.6207598992182317716594258891945
51589,41570.0874696724825952419303197603133
51590,41571.1033533335850450996375677407763
51591,41571.7948761878293102629630664156444
51592,41572.1894384441495370933130056281261
51593,41573.7468869235371288995680819656221
51594,41574.0233010395202989061385051055336
51595,41574.5867902138514480408075731826590
51596,41575.3853285316202520738621459661450
51597,41576.0302627383273623283991911954472
51598,41576.3636306449949710846492634302960
51599,41577.3681744395353197304223556348114
51600,41577.7878128933148679953156666744318
51601,41578.7678048539378957705607816758666
51602,41579.7176352904864456613323405830834
51603,41580.4645758984530867681014961823014
51604,41581.0446803414141861430342251632304
51605,41581.9982944077380322848918636285385
51606,41582.5987445957937274460526804638576
51607,41583.1504287848544196847969277788416
51608,41583.6246311042334235802819842703925
51609,41584.5102105272317994922194043022218
51610,41585.5200722915617008525236918569659
51611,41586.0429105441966426820963515284801
51612,41586.7823328352793431634098593195017
51613,41587.1854944016693452719790834898110
51614,41587.7179991421160128920071395577841
51615,41588.6667250888231237512384973811431
51616,41589.8414704390579672224122563664621
51617,41590.6268396896693719099949789029887
51618,41591.1767726654161031128434623588108
51619,41591.7273251933679372285776994539623
51620,41592.6153287364801196946132751422758
51621,41593.3941569953773826250483906716141
51622,41593.7097784592240169701398622060509
51623,41594.1662173831303265555942025299856
51624,41595.3732826579121116570114191151883
51625,41595.6982003375915943244282770031489
51626,41596.5883753972081686739867489280811
51627,41597.4823819173943156326174737703549
51628,41598.5145273517165618686661254783287
51629,41598.7467277687249098763184202506487
51630,41599.7678241270340936670433096612094
51631,41600.1215561238479355523813914879010
51632,41601.0626523875662568500370259085262
51633,41601.9038464697354500032022486128160
51634,41602.7585864790583692411515218343244
51635,41603.0795791158712280582568496825446
51636,41603.7746290292197307964188511709203
51637,41604.1861711352851012757203190166923
51638,41605.4188972082134410764914654846228
51639,41605.8686336630073805355140264799218
51640,41606.2319089081110090331213522469860
51641,41607.4817344100075033900686383289702
51642,41608.6913751882172432291915121387407
51643,41609.0255374042489327163430606527980
51644,41609.9091090520018660621511118784603
51645,41610.1796452676861314244396562136164
51646,41610.9203469801910403179427251047706
51647,41611.6401029041597265469705518866220
51648,41612.1631536385940869025812444613543
51649,41613.2917670010020280726297470672537
51650,41613.8329208700081586668357682607364
51651,41614.4144296596784924128378723588095
51652,41615.2467289257799506352537599767638
51653,41615.8482605594394441612516173739783
51654,41616.7737550598031951850155508084232
51655,41617.5653508515119120290046937728212
51656,41618.2684177501774495223117339242664
51657,41619.0145653208890564892125309501458
51658,41619.6145572185423702488294464406446
51659,41620.4037688593271805920814815675207
51660,41621.1648700651511099652365321144019
51661,41621.6944332216161891024575249614591
51662,41622.3506753115142229003604693648324
51663,41622.8149084531967097387366279095328
51664,41623.2370062534383846860714873465700
51665,41624.8433023898949376116700340183798
51666,41625.3659554737683010407013793366350
51667,41626.3114199365543486485871094174757
51668,41626.7470432742302795256248852413684
51669,41627.6125724741810387914566247045970
51670,41628.0831006817876260922777965047322
51671,41628.9333980005362943204255678207592
51672,41629.6394662972515773182950711067253
51673,41630.0164337284026096432534001091323
51674,41631.0287917214845260561778862228354
51675,41631.9986438342633336330244137817555
51676,41632.0811462495836599857016004495767
51677,41633.0899180790306305920473754119171
51678,41633.5708243263877282040249092995485
51679,41634.5447682059885262822247288405272
51680,41635.3714552916329246283503835567178
51681,41636.0668610651278809189021489905067
51682,41637.2203089713427983243878764021893
51683,41637.7418508427234402117728867680295
51684,41638.1670632648926925758737409583306
51685,41638.4832329051536275581434312164550
51686,41639.6348666709843910649337152707561
51687,41640.0468845913802298313637794250085
51688,41640.8216726045289076652877530570750
51689,41641.6133283129377987112200387814048
51690,41642.3902186706435279272872301664069
51691,41642.9168332351679813498388339518866
51692,41644.3276370321543834755351210421948
51693,41644.7713861153175918567350581912832
51694,41645.5148278440985024770897131069829
51695,41645.5960332006129147014261342280578
51696,41646.6973878637809096924075232840224
51697,41647.5467574361162804349723821958366
51698,41648.4358333589649916449791337420273
51699,41648.8208157845858225616882069194703
51700,41649.3879115994843310277304546155904
51701,41650.3219969603720533080038809083107
51702,41650.5822014217614888237669981892101
51703,41651.4469948805384347050013522784735
51704,41652.3055474133449808217345559590101
51705,41653.5470632354411565045606332077762
51706,41654.0498640794038558995726856669738
51707,41654.6965134546964590045195496386885
51708,41655.4118093643086611203221736106727
51709,41656.1188620741527788539178605440194
51710,41656.6382335012168197633882737675399
51711,41657.5015603695370460356085005465781
51712,41657.7678747140924545463917677422488
51713,41658.5447059631045198967965607690835
51714,41659.7427515765328791502985164914934
51715,41660.1774380872883515575761882655604
51716,41661.1367279913755680578726355402274
51717,41661.5963495115484804392052940946251
51718,41662.2660633639730446342822181328948
51719,41663.3491269162518073675817301489504
51720,41664.0621950600744668624035642979104
51721,41664.6181167573508590549470146822415
51722,41665.3873378599785622187497914450592
51723,41665.9929614837128338183610657701297
51724,41666.8198726671593061414130422199993
51725,41667.3679238048410364596692921708394
51726,41667.8453196134365793321831028012693
51727,41668.7905377816365791884824606874460
51728,41669.1159509391451117440708173272907
51729,41670.0839032705434917832199277374012
51730,41671.5438498973557834707138551303042
51731,41671.9035244126844439128458215952927
51732,41672.4557126142524487875920893496518
51733,41673.4006033949094826343077084468950
51734,41673.9193784804854899387969931129875
51735,41674.2178080591128745751672916450829
51736,41675.0839743102453267084027203896633
51737,41676.2249861110463281668595977851128
51738,41676.8553238274258872936790361678993
51739,41677.1560071036645383974727925778544
51740,41677.9127087025789363339925920294537
51741,41678.6232208087934672295987015695794
51742,41679.7249603792069280824835322240971
51743,41680.3314781756897787891731345444811
51744,41680.8466235863137187027235256160443
51745,41681.9802187900202799124393129676658
51746,41682.4868963878060705502383072599174
51747,41683.5516330450713015798854483222287
51748,41683.9245443205717299306467006067773
51749,41684.4296986613685633243618276664029
51750,41685.1520364838788261336207289071290
51751,41685.5202983821294258147950580116112
51752,41686.7084178953802218333974076318648
51753,41687.1534567184552883385670697166722
51754,41688.0716129174456283310698322040211
51755,41689.2535793288047717806515718575010
51756,41689.5085224880400602532030929257757
51757,41690.4726251085140672202309429667219
51758,41690.9728352518635214023207899388639
51759,41691.8953957765442131380176041597730
51760,41692.1801445918111629605181178705511
51761,41693.4042439204976172791145139597536
51762,41693.5984938882968868146308667262722
51763,41694.4923706159373711419043696743491
51764,41695.5861684951123954110836017777864
51765,41695.7826279876395416737626212205651
51766,41696.3400119499234256312218174473854
51767,41697.0814747301016088175470685043010
51768,41698.0238700754409912516877388521490
51769,41699.3158088394370973469987814148140
51770,41699.9274024526201619963007489695586
51771,41700.3463249473581556184802474451241
51772,41700.9826965581323108716809455127980
51773,41701.5969797269498422460747340621910
51774,41702.5672681331055091041174363500069
51775,41702.9399974788203827767951903994369
51776,41703.7587166479920695691335447735401
51777,41704.1235736380428191487675730173824
51778,41705.2787823321774826674281786629062
51779,41706.0061184563483754329511068042821
51780,41706.6510971404469935483508554619718
51781,41707.5432344514766074387489899231634
51782,41708.4579991657692514058038312096096
51783,41708.6851458417799842276977559981125
51784,41709.3475499341660589827388190390742
51785,41710.5716481534796896346049706523979
51786,41711.0753925739179613261827516313234
51787,41711.9131856652767995409870346198148
51788,41712.2190628738961379007292985572291
51789,41713.0891858266598166992883483590656
51790,41713.5058021351490098303894010642342
51791,41714.1801685781393329611502334322737
51792,41715.1824225535741478416554019477653
51793,41716.1831596906128758548292131576705
51794,41716.5866054087834522884395124654966
51795,41717.7812993320572359671908682999372
51796,41718.4205941947390753382021813717994
51797,41718.9869850148246062897671706871492
51798,41719.4808797733656399278074457278071
51799,41720.0334752317481793333999027352679
51800,41720.7345595181698613113359249293648
51801,41721.6790524347172099906288826458960
51802,41722.4671089572611446960719315771871
51803,41723.1119362339215847835999408500439
51804,41723.7145687924477090909672173186526
51805,41724.2390597379680226928234882916029
51806,41725.3843066231028825795205437487867
51807,41725.9779014627082569738033303898174
51808,41726.7853050153526145118961719882466
51809,41727.5861950091337498907867466672151
51810,41728.2496178958111600188590599566695
51811,41729.0839230399318973084512457720113
51812,41729.3735464554890073079807680277651
51813,41730.2125652770482079023831132873448
51814,41731.1164343316232770495053594827871
51815,41731.2828965042624064553302966759856
51816,41732.1982687581879626264135408414396
51817,41732.5768224161439342933876327102984
51818,41734.1669033044493400987401930351959
51819,41734.8282637742934885263855465180672
51820,41735.5427295052587772666301783299589
51821,41735.9870456754151133108134168624878
51822,41736.4123589333673953774697432433739
51823,41737.6563544198320552439999999426697
51824,41738.0251399191843593821851163123379
51825,41738.7210646531713955597973633006720
51826,41739.6605496547717693250886549044147
51827,41740.2261672386185409183086740448563
51828,41740.6434713263823228293398164717017
51829,41741.7242400242022941475178451176178
51830,41742.3989115291281493271651284404355
51831,41742.6561411080938410925347492340673
51832,41743.8743597878530832498634727620352
51833,41744.8135305743339778218613172612625
51834,41745.4988334198284890350658904099827
51835,41746.0804115473001856626107819895729
51836,41746.8694912041317171205953324581076
51837,41747.5313825186173216075610284382384
51838,41747.8700455448551109728307133670080
51839,41748.4662408703978027899003133614677
51840,41749.3144495929003623165097914221898
51841,41750.2126357163105812073225557200214
51842,41751.0335272927910450395008105502650
51843,41751.4271652065287503824732250851328
51844,41752.4705607029157733808954081626134
51845,41753.4185837277299308430855275636133
51846,41753.7943515705648702879828489849375
51847,41754.7558018540526108213183244305267
51848,41755.2273565620691781306621521196307
51849,41755.6261176073406599561701096104145
51850,41756.8727012752705086132502392457697
51851,41757.7110644680783898600889992473225
51852,41758.1686668202977245676838480920299
51853,41758.3807354059438502682576176221203
51854,41759.2773461744701491626933451626357
51855,41760.0147358659549031948508313288622
51856,41760.6398635948412091291232381486337
51857,41762.0841893407511473103861965496744
51858,41762.4621168421404005908590514225267
51859,41763.4410213336972677699826104813137
51860,41763.9213807823523249809236891997737
51861,41764.4680377876427775278594421268815
51862,41765.2777732814209824162860188583139
51863,41765.8828391716403347190677271127947
51864,41766.4799062633173473349585749285909
51865,41767.2239878431329642904592538280392
51866,41767.9915439848844123482705408558473
51867,41768.6835141816191092519826284850804
51868,41769.5569280805135785319220832493102
51869,41770.3214651323514378287930038168256
51870,41770.9584573143972622916626460623272
51871,41771.5989071663838613777178724686415
51872,41772.2670883909243971469033050592551
51873,41773.5458259219384025745720046930443
51874,41773.9940530825275524966759680578751
51875,41774.5517569696256229541099678701442
51876,41775.0550171610472021476902983987058
51877,41775.8378058272456251723984644687936
51878,41776.6719090142775072769629509818683
51879,41777.1834261753086504401583010895286
51880,41777.7002101176236617957449215925170
51881,41778.5354287318338606004670146430386
51882,41779.7841725945571609999253251656288
51883,41780.4275463000626317635728654657407
51884,41781.2987487196609466836835488958621
51885,41781.7767625134465161601742646173633
51886,41782.3271681119049120320236382767397
51887,41782.9312401374953454516842184431024
51888,41783.6618867660612281639326705755941
51889,41784.5711740486576337764406053655319
51890,41785.0918124249180061064728132112064
51891,41786.1138283710559801858407707156254
51892,41786.6278046836612848785321655591088
51893,41787.0750464027168315509192508580479
51894,41787.6513787083740065467564507650078
51895,41789.0695237054146580296129946448970
51896,41789.6696991795737810354066757775171
51897,41790.1765511534580258329670451643990
51898,41791.1317932081158616366155300750845
51899,41791.7868709135915561877421722490809
51900,41792.5552711816563310208093181599250
51901,41793.0882772854620987869314391040981
51902,41793.8709150720155003232702837245313
51903,41794.0974428934467680338172235291967
51904,41794.7856616736819281540947327198173
51905,41795.7640145139390508069196190704776
51906,41796.7600226730083574887767762243026
51907,41797.4635346610742060380089995300737
51908,41798.1509228481365565344422106505667
51909,41798.8776645816873256029163839293038
51910,41799.6984083149330228419819575650859
51911,41800.3625804286787871441080801077181
51912,41800.5576937116013060498185687996738
51913,41801.9850320335748122468037021598624
51914,41802.2767986770695121716319026786588
51915,41802.9458935995400537785577968339945
51916,41803.8483639976009822242353280991900
51917,41804.3359534033658247474685554286556
51918,41804.9891620089493866224755520831558
51919,41805.8922395868516402874550824652480
51920,41806.2270492288980304187271751101864
51921,41807.4518443358974611251062331012469
51922,41808.6327661071183763496568181098082
51923,41809.1005115930287033447616393337285
51924,41809.4201840091179909719443663834345
51925,41810.2921365052332033746866729177531
51926,41810.7536667373573843011774499836984
51927,41811.3892836395778964070087254726145
51928,41812.3805411601117132681145151277347
51929,41812.9369351467043353850132177252678
51930,41813.6955921499704068940427162083343
51931,41814.1440564916167510245763101008741
51932,41815.3512749686309831225101791110619
51933,41816.1162101920911169276243081128020
51934,41816.6721760523244035201131090836846
51935,41817.3055850016278516971599958300386
51936,41818.0959256098911858714981776955280
51937,41818.7962198606442737716791846937304
51938,41819.6419804693355348447106128012213
51939,41820.3166950467415243714660540563746
51940,41821.1184346686773761387304186190238
51941,41821.3567874490068486020324438221406
51942,41822.3527677778643903997824017296556
51943,41822.4344508380051645800968574008095
51944,41823.6340972161762714334780592409806
51945,41824.3199937767581183868127889749048
51946,41825.7500514411344981625204370816643
51947,41826.1239022533627866730766429437034
51948,41826.4273826829738033690922092811844
51949,41827.5626329800847485994245685048076
51950,41828.2977386168901719916965976465025
51951,41828.6962696825119522134779038007520
51952,41829.2431245393485524818504649380572
51953,41829.8222650220746407912384738678165
51954,41831.0273578482760620182541218647059
51955,41831.8059472938283551844344730939773
51956,41832.1108211944052835247239425130915
51957,41832.8699223173772164314830094618232
51958,41833.6861336640499055541144446937736
51959,41834.3570912548328805823918825235277
51960,41835.4700324927838734497117588780034
51961,41835.9839069180031360927417493119727
51962,41836.8662749912648050560152926567286
51963,41837.3536932474104213371662786578579
51964,41838.1467374095848698037970970688059
51965,41838.8026094290493939398118103568609
51966,41839.1830223512903524513952055992289
51967,41840.2103776989483431269238840173581
51968,41840.4748775426578492338209067037826
51969,41841.3868583492667450804604049017490
51970,41842.2126023698165758519583865281818
51971,41843.2107880250826562334802956395579
51972,41844.2821175925498569093704420992399
51973,41844.6682664243207473337766045381023
51974,41844.9752545826480292307156872962174
51975,41845.8657750121444480393574438082779
51976,41846.3602310647268051800482936783666
51977,41847.5934407630059323595976429503317
51978,41848.0452966357819354677523176993436
51979,41848.8971189219808189282729640463046
51980,41849.0752415842969556995676252404786
51981,41850.0468011931307297326700808415465
51982,41850.7266866904654881381500970001687
51983,41851.4947706381670806535834515249123
51984,41852.2805067082072401565077187334653
51985,41853.1056742596591348726058895264531
51986,41853.9436265094106628029140933135656
51987,41854.7969457455334122630393171075056
51988,41855.5222313709230192527932775934707
51989,41855.7262382525398053294486559402450
51990,41856.3526697970297182451963028201873
51991,41857.3886203594950236017668929961255
51992,41857.7871053537967384193462519500204
51993,41858.2537881414909776899536995738088
51994,41859.6302021028996430886080682371824
51995,41860.1569059895586580955434994455857
51996,41860.8519709533441321311426278844917
51997,41861.6144812933572620213070694706171
51998,41862.5061031468955472256837339660622
51999,41863.0671868693542315442117501011973
52000,41863.7783893172263891191384631929270
52001,41864.5517751516702043534826985460967
52002,41865.0299813139134555518963245793568
52003,41866.0215693436361023541432305242910
52004,41866.5302332307077074402543751209376
52005,41867.4080344900009735390861388756658
52006,41867.9169801830272019334978180788798
52007,41868.4116941874861405327518132072731
52008,41868.7776138059044506240563821837261
52009,41870.5182607107993641478491329665493
52010,41871.1245345676590854069780201533259
52011,41871.7668266180746397426060353627655
52012,41872.4823103001743063398558960153403
52013,41873.1291912753964255019858406160630
52014,41873.5821406746611704860202977355020
52015,41874.4668077704705195675137284892990
52016,41874.9985898170818672161690111790491
52017,41875.6764593400777147063568251887556
52018,41876.5784979475391429253732918741695
52019,41877.1645099018971555889631158323853
52020,41877.9275884668097306752803225622705
52021,41878.6107461353834780416336064918001
52022,41879.6870650006483928295660606115938
52023,41880.1432196661607423528357138567150
52024,41880.7571912723164842416799645314980
52025,41881.5838692558362111441107631777311
52026,41882.6524115049677890642256478940674
52027,41883.1383839790630674260023576042350
52028,41883.9654692012592205614020728111548
52029,41884.2552189765255518855306514894498
52030,41884.6952465778846212551175821090403
52031,41885.7379237530328224901911202589119
52032,41886.4252687535365260326408535356621
52033,41887.0838410236401648598800401576221
52034,41887.8735803929945605297226546161380
52035,41889.0238475670086902621693038721414
52036,41889.7113781480201848842555161039667
52037,41890.3381596882053610662120053945039
52038,41890.8665553046291947625023525804968
52039,41891.5432765293657105865434083576380
52040,41892.1486572425279834466824718277365
52041,41892.7366315069788335074459193483481
52042,41894.0104307466448055380681816356950
52043,41894.3096261950697110856530166920367
52044,41895.0741092236133523883691782457445
52045,41895.6784169513155792860315112960126
52046,41896.3422366657682649397423329070376
52047,41897.1625621336293500444001203165062
52048,41897.9205109013088399967888787472320
52049,41899.0959457836637885263394860977017
52050,41899.6717019615783887232952500372885
52051,41900.3181266836031966411965483021794
52052,41900.5670160749444916815882099624526
52053,41901.8347966593988032487163217687138
52054,41902.3624117221599310976336599698033
52055,41902.7334572385134488820862567480341
52056,41903.3019901263774715696188637766016
52057,41904.2388749328995872872479207550480
52058,41904.8044265239425126037494211182605
52059,41906.1730180508377349453827711359345
52060,41906.7879463923710995937364314575018
52061,41907.2550790760013166727645726872451
52062,41907.9775900424387680930663243199641
52063,41908.7235077788868521748960639962284
52064,41909.4359301006448245338091537132609
52065,41910.2603150253474936784885839975610
52066,41910.7082066394557532817574736858086
52067,41911.6969932940130839717785419013074
52068,41912.2044184930495457946689544610382
52069,41912.8108753343200967152047504625613
52070,41913.6141201726113920351382502625697
52071,41913.9889415768563719293147023064957
52072,41915.0930718918690462260139861991343
52073,41915.7240918271482831080754594644154
52074,41916.7993109169791008468196457680604
52075,41917.6922845307592304540997445015965
52076,41918.0238395592545753782736472591535
52077,41918.9750731476611682647036306416363
52078,41919.2779940338117198818871503280048
52079,41919.8403664707615532409417985616210
52080,41920.5094110504341279064741571761966
52081,41921.5461672443888154015399789609504
52082,41922.3245800774524349859773309254763
52083,41922.7721672652263524249011910762244
52084,41923.5636743055648780901304304576382
52085,41924.2529949114747595701225565318007
52086,41925.4436188972436861071955930538276
52087,41926.0278001995420631293377662071614
52088,41926.4372882236482930693802873327841
52089,41927.0082626360186505299172698575809
52090,41928.3453133198633618138490860005456
52091,41928.8192466161434790369316034428727
52092,41929.2715204256403182220466809267852
52093,41930.1929816039876125228607691663429
52094,41930.6304919815442137710745426097340
52095,41931.2296262532525786133624438665263
52096,41931.8802017166357525962245424861425
52097,41932.6825393184474949101390094368925
52098,41934.1678009537979748538346766952310
52099,41934.4544279444757487379144775558590
52100,41935.2900212072627610474616955956848
52101,41936.0229073388619225196289767105098
52102,41936.3850166280663636436316339992441
52103,41937.2059671372635657582427740240905
52104,41938.0108725675222375441573697197803
52105,41938.5153664436953574888385939215402
52106,41939.3079961235450458664257938003965
52107,41939.7731902741011691844453147000260
52108,41941.0806064713184691840894243014809
52109,41941.4376735539195941724126096109054
52110,41941.9862489547378285165849352565376
52111,41942.8088634777426688601932722675005
52112,41943.6656457873208278633595301496576
52113,41944.6133276502779728157555081573184
52114,41945.2726148018999430077048659690488
52115,41946.2194878132256636449029272199099
52116,41946.3656993994506745490042607044647
52117,41947.1052417580339048773861020271409
52118,41947.8839219712807067072256486871282
52119,41948.5689028668114992027241818403785
52120,41949.1843016612231799396318940679269
52121,41949.6132969844280331471683855255646
52122,41950.8047772367908791623722678197377
52123,41951.5033261365432420237478006286259
52124,41952.5948438175608296735911977332880
52125,41952.9717217545385011441884258336116
52126,41954.0037313460382067866377010832460
52127,41954.2493027767968432068129722525876
52128,41954.8906903672018091385262344619366
52129,41955.6202585895308586845100970764993
52130,41956.6107985307923903103339913902464
52131,41957.4980045312561579079374366736318
52132,41957.9043470450922065576540123406187
52133,41958.3521966413248771433232840833724
52134,41958.9577062033107091735482834512077
52135,41959.9464820784058232094288834557251
52136,41960.7477465392521125868461332648434
52137,41961.6485059771478353392608105814422
52138,41962.4561657439432120872902160311607
52139,41962.8952149086075615231273042210722
52140,41964.1207804822357554099614947319045
52141,41964.2979144520680358789278973853673
52142,41965.1194236357995734612757726947167
52143,41965.5702980199916572262757302440801
52144,41966.2149490049392710195763390018947
52145,41966.8512674597941947154235691756711
52146,41968.1435804822611494417456339537084
52147,41968.3688872628453630001359703057899
52148,41969.2909862346315654492516398353061
52149,41970.3795902173834565670270209059173
52150,41970.9110239792272774704072266023907
52151,41971.1582263038209181474947063509922
52152,41972.4226435017036309095065560722992
52153,41973.0267005813330271478567514016823
52154,41973.6017287361512762110944414514352
52155,41974.4563393639665600955484950080772
52156,41974.9579301093498907971347983360176
52157,41975.7480442720087465296185179255809
52158,41976.3172084956560938911821769327884
52159,41977.0596686787680508055357862870438
52160,41977.7849162105368692227624831259417
52161,41978.0073752083113118879026349658717
52162,41979.7141634020811424110345316100907
52163,41980.6186867831704350441660521715318
52164,41980.8515622463182002383350693205760
52165,41981.4987232890190000043341905240284
52166,41982.0157472114354382926663752381974
52167,41982.9302438918910803726452690735050
52168,41983.5331633559706555834581360018044
52169,41984.1721853081546986659459971253905
52170,41984.9182481253332913293011852767679
52171,41985.7982446838953869155220332628991
52172,41986.3232532719346896706657729859954
52173,41986.9249284430997882545207558704601
52174,41988.2148782855426806268354629901913
52175,41988.4344169601168346751135534281229
52176,41989.3619381050938503341311005814167
52177,41990.1552915078870543217076596363229
52178,41990.7617258163689726701836289808454
52179,41991.6462368999982585698437147163158
52180,41992.4911531178638647629235732644335
52181,41992.7763570295205757836470001044878
52182,41993.5158203441587823721231030023136
52183,41994.0458651439107640355726397418389
52184,41994.5613428584209956250842486727713
52185,41995.5498358548696396173293671863857
52186,41996.6360907428260724073165648456265
52187,41997.2247199423625965490435879785812
52188,41997.9867983490397680071828101735903
52189,41998.7464667205543564666951777680860
52190,41999.6259812147879779793058760581879
52191,42000.1228097894620903406922248014635
52192,42000.4093073880579145736405069360299
52193,42001.3190825267320039266705585834950
52194,42002.1333789400405809913706764802751
52195,42002.9243781720846983306319081196188
52196,42003.6417871096238794840314217813648
52197,42004.1634093729890044307895448958746
52198,42004.8917705395562131148678096128582
52199,42005.2918856542531432473515246964096
52200,42006.5822310224994716917343802937112
52201,42007.1993706494100232753031322565502
52202,42008.0969678210673576415362476796464
52203,42008.9202301454089366919380222237581
52204,42009.4546743884397861241283565117688
52205,42009.8775652341919808322717923440477
52206,42010.6584928917744748206312531016449
52207,42011.2445869902133194296262034063807
52208,42012.2193474698430398722458780634810
52209,42012.6585776682955437317881317631252
52210,42013.0456184298967442400075278045957
52211,42014.3106308313405240132713362864361
52212,42015.2302325322674918808940212264402
52213,42015.9793132486421595516237773291424
52214,42016.4723055038199913753156454433828
52215,42017.2319113839584365156890602130117
52216,42017.5857276305496091592915339917711
52217,42018.5550057222777934137061854306425
52218,42019.7635733858145800251933496948088
52219,42020.0245499955271438336842709576397
52220,42020.3506096217358320133978719336470
52221,42021.4030884720889746236300153131328
52222,42022.0424472749579416271101646204696
52223,42022.5942866647004392023150619176422
52224,42023.2579454720809842284203627895793
52225,42024.2222435723648816951890637348346
52226,42025.2368588786734638229443210763087
52227,42025.9631829686653980497900825673783
52228,42026.6208223477117162429802981121369
52229,42027.1840221610770286731213081214205
52230,42028.1112650312458146687127777401112
52231,42028.3546559651437795983838676491272
52232,42029.0241713699271113487285207027660
52233,42029.6269205888739418929995290508599
52234,42030.7621407754160481413911019277751
52235,42031.3513758631949111190521121305799
52236,42032.1689502746115699573193208550520
52237,42032.7164541377429143614210502918275
52238,42033.3291043594733457934372715297254
52239,42034.6817007428080031196337102995707
52240,42034.9332125304369865604583345378805
52241,42035.7265819959373034252505070324550
52242,42036.5245919704958155506528581393207
52243,42037.0269225371067334742377011613711
52244,42037.9660617311437671944442705961014
52245,42038.8529950524398063042144856935810
52246,42039.0636869085115689570829156143831
52247,42039.5548664930898996605770507934047
52248,42040.3961444844931576194358209162141
52249,42041.0704385212245593925876388264618
52250,42042.1392409718298220189050861450574
52251,42043.1645472013008574346209918521095
52252,42043.9270464715347944077510792869139
52253,42044.3063217501333086034257410969067
52254,42044.8174049816150872495836421115162
52255,42045.8599446184544370663244024952684
52256,42046.2165252379855843884957851662823
52257,42046.9235951103822232517826875448135
52258,42047.9383690580295579254947644132516
52259,42048.4043418451454012525637061743061
52260,42049.2914531235743386097520707027851
52261,42049.5015886787948150684832582977909
52262,42050.8819967834301063831432959357948
52263,42051.2280614649135531722936278637611
52264,42052.2495446625671653560196299195434
52265,42052.4307528046433440658314160707788
52266,42054.0218548944655796424734956441592
52267,42054.5213636404684795554216291210131
52268,42054.9656470600027697233012712836552
52269,42055.6993612049187331466482296240367
52270,42056.2303667142910852860276815693782
52271,42056.8959261584133959027201128544665
52272,42057.5371655943029414951501879964857
52273,42058.4413661449405822676657064584441
52274,42058.9766826007436791735321063010121
52275,42059.8451567146012242550277534340996
52276,42060.8703370966309266011334543661981
52277,42061.7326612300061150984208671607358
52278,42062.0755127586764397929832069636046
52279,42062.9028378614524423560962555924857
52280,42063.3462878410279669084305563474381
52281,42064.4358848095396729960204655319477
52282,42064.5722387566163060072748480644566
52283,42065.7984880422954469770204122936583
52284,42066.5099694777765218181326150755241
52285,42066.9529306923586827205289297251872
52286,42067.6171922928432273574827546397910
52287,42068.1949305786402728953474715577324
52288,42068.7959375334545272499089550619687
52289,42070.2033301882560048646187452181473
52290,42071.0408983455928173035102314057307
52291,42071.3462917786232616155936304177080
52292,42072.1736587913610299046214374793231
52293,42072.9367429240200166256891764667314
52294,42073.4893052835339761751153246865169
52295,42074.2348616498134654638986036568779
52296,42074.8648550967162065407209836480393
52297,42075.1760476352264376073745732889758
52298,42076.0525378905582722157680740819736
52299,42077.1650880785391274602245409726671
52300,42077.8231552698983718839284313338179
52301,42078.4523366976368220959806702792105
52302,42079.2457262802898273656673166160879
52303,42080.1005713677629891399807140690004
52304,42080.5333549259692677182689853110868
52305,42081.3643223514435704180748678472497
52306,42082.1035665137915661077356342717648
52307,42083.0642938987982819302823434371930
52308,42083.5528360639436823315709871228708
52309,42083.9288092780840531229158822737720
52310,42084.7027930216910377634187993643495
52311,42085.5786159327744407559684573088875
52312,42086.2114305768197167558145273039388
52313,42086.5229877170185744862134477872647
52314,42087.9085962552193688803036153303629
52315,42088.6245084322946952066501533230123
52316,42089.5034145214963091882609461476904
52317,42090.3646799719348760012506621019185
52318,42090.6350572971180059737182423622463
52319,42091.0717140526808976634994959226601
52320,42091.6578514816172012626966444918282
52321,42092.9474570330264402458011337566939
52322,42093.2713015593286256238961665050523
52323,42094.2433090877653279267455224594176
52324,42094.7847859596350301819401434380657
52325,42095.2634413697015853667041514980085
52326,42096.4321210459141214694089656750603
52327,42096.9378768195499789277661030363986
52328,42097.9264781273406117285378187483885
52329,42098.4254926192002428489538151753245
52330,42099.2514997480113115491375484090778
52331,42100.0461968065141531995996532472749
52332,42100.8193161955717274895383650282519
52333,42101.3159615846261134303576195480107
52334,42101.9140013917595958193626312541466
52335,42102.6620701218630006002064460021273
52336,42103.2210717713230341045937514052592
52337,42103.6380446003038399442337306946018
52338,42104.6946794526595810215249181772237
52339,42106.0011507221712969144809127870427
52340,42106.4856623748356408691165113481057
52341,42107.0246807340136346163426337243998
52342,42107.8209938876341023771748407046297
52343,42108.4026956411487169525110727806506
52344,42109.4836106755040502876030398504510
52345,42109.6370927449606549356587513209891
52346,42110.4114118322527776676413560752624
52347,42111.2023986554461475303027885495360
52348,42112.0922681612619691351311872633524
52349,42112.7340090701492142390834348124709
52350,42113.3132748748574409727372508433249
52351,42113.7767044551825519383948128742465
52352,42114.7920997244769540114907829381576
52353,42115.4451489765246300038130505575057
52354,42116.7698657703037134977697136410729
52355,42117.2205735576981881410238030136581
52356,42117.7374973721502243373268605380681
52357,42118.5970454606113585557674998810300
52358,42119.0323271284469424885413489230254
52359,42119.8100871591590442431888208144818
52360,42120.3563184894229933366057389119737
52361,42120.9112019896308949834081807382308
52362,42122.1065466134548433386687230561527
52363,42122.5102941116597020236957967705672
52364,42123.1474685631215669650236769602890
52365,42124.5836251078288912466006699559734
52366,42124.9501693605740555405331993672883
52367,42125.6951584764264045974019921574261
52368,42126.2174605647782740239072930015937
52369,42126.7229092902147180365063392967013
52370,42127.7841982719160319893291886712467
52371,42128.7523057591157987872410921029255
52372,42129.0333276624585191744512788807729
52373,42129.9950736876914867762403950300489
52374,42130.2252510058288011972596721106072
52375,42130.7876688341245783596071711057525
52376,42131.8660531685942752535486782402936
52377,42132.6867938768871200815498172428159
52378,42133.2704094496131738927585352094876
52379,42134.5522645336992090504452361022668
52380,42135.0273748049983653944682780341319
52381,42135.6490687782638499496623614416311
52382,42136.2857093638461788780000178453305
52383,42137.0662601921052343567944977331176
52384,42137.5177025154595619768121157124552
52385,42138.0610497049188184152677813332469
52386,42139.0215319703557707399290818734787
52387,42139.6686055022132192743019865891185
52388,42140.6205729154363864157247015634350
52389,42141.1917273400453897427963986394802
52390,42141.9174475146563053384028815648296
52391,42142.6081805382418449002915425640626
52392,42143.4360100986965441044692519889491
52393,42144.1808669413984763873655258864988
52394,42145.0927509827980005370566537955173
52395,42145.5782708396132929801590387642919
52396,42146.3026329865791056031904407371158
52397,42146.7391090013047131765773395051974
52398,42147.7919504887839032006689437777604
52399,42148.4197243960980348380634576488105
52400,42148.7384803143567165173324369715258
52401,42149.3246296596341339878331869432868
52402,42150.2359470912658031313374419947871
52403,42151.6741763108104269914655211847586
52404,42152.2810524994152952422154416013636
52405,42152.6702011641219053871731203571672
52406,42153.4754410850903285506290770424504
52407,42154.1563344145554037823606150954719
52408,42154.6582930285057294795007317424747
52409,42155.2877847786046112487824842514623
52410,42156.3323312938841784102534839131778
52411,42157.0115447789610673697239509480613
52412,42157.3774919080812908134775258241307
52413,42158.3759581651591029143831656399588
52414,42158.8781203446104978039956829583995
52415,42159.5346286871005445680771754406515
52416,42160.6535235839334798623903509586372
52417,42161.3558357186027544335302272107729
52418,42161.8255339552077438731257751612078
52419,42162.7516289477715115542822331879037
52420,42163.8214071609856247549643431874969
52421,42164.1749626806200362071376925851670
52422,42164.8449643948406600931774350677245
52423,42165.0780790289796917202927263191451
52424,42165.9394375886142622382975931225359
52425,42166.7045882730578491930223158539695
52426,42167.4834735648299647935048226110509
52427,42168.3051091584942718004784528144328
52428,42169.1585341227343754638615646969935
52429,42169.7838806380249887371194533961379
52430,42170.7337256109361466884864214809808
52431,42171.4779414380912216657559976695908
52432,42171.7640218621776279194558800757297
52433,42172.5421447563231975284313799458541
52434,42173.1913458087338912006248609880900
52435,42174.2628541773408918059716373160586
52436,42174.7587477217260830372976439912723
52437,42175.3613669764028047042214075204487
52438,42176.0872059781864028327911651020299
52439,42176.8729044901248977493540979012762
52440,42177.1598882695818763667767138304779
52441,42178.0477650867911427264523518091922
52442,42179.4153201062753568801407669759283
52443,42180.0218391246270329967101482175544
52444,42180.8733954379985293934409622866466
52445,42181.0666670603719717330473857297262
52446,42181.7997248643259072116484233782896
52447,42182.5921224344827365475384853044446
52448,42183.3617790215909516634694068473714
52449,42183.8222503386516190764995188633008
52450,42184.5299056804115919500167593378462
52451,42185.1396559833263670591311684891891
52452,42186.2723876969401864014612508944460
52453,42186.8046251368984723923494977886966
52454,42187.9861541432220913930467146065883
52455,42188.3092308154596085532451839574359
52456,42188.7270135744624280500024566615257
52457,42189.8708909062327608783554047183787
52458,42190.5840189396435724074532189825572
52459,42191.3323816128019139541640005368446
52460,42191.7892058239471953171161554251791
52461,42192.9046316433884721820099667613829
52462,42193.0157945030121860337661981647774
52463,42193.6970373860889437047197842072349
52464,42194.5591794524459183545592222378254
52465,42195.1136177006113381066260081751586
52466,42196.0976528994198984399147333042893
52467,42197.1011727625320990843939082908151
52468,42197.6694555508055392458755443027968
52469,42198.7206195064289024718885506499040
52470,42199.1141122780477055606862301548957
52471,42199.6318982659244238429719330032228
52472,42200.4407439268093510682018768280671
52473,42201.0321588088780310472996216290480
52474,42201.3306123680560699283422901431040
52475,42203.0336277198486967262070306670081
52476,42203.1935417951488341924308917703076
52477,42203.8835038146100430690314050658072
52478,42204.2416570706237579174584707606255
52479,42205.4208658197484371503380007457228
52480,42206.4609430830971901890804079801487
52481,42206.6846377230418091178954425147810
52482,42207.6942104132126846633087128330216
52483,42208.5065054915953561856594755716949
52484,42208.9414907127743849995802309446504
52485,42209.9278777037811934368988787959595
52486,42210.4156717934855485057297180513414
52487,42210.9875919761073428170560350902532
52488,42211.5727272320593966206246280197145
52489,42212.3258977382614843286277385973064
52490,42212.8373843072630509525537148654156
52491,42214.0263319162865037435274203614275
52492,42214.9048413950367380313276110232027
52493,42215.7832927606457728969998559047798
52494,42216.2131008188639276405787439340556
52495,42216.7707775176958104068061412856838
52496,42217.3680758469296817503137114066840
52497,42218.3646547440106405652334248018920
52498,42218.9683310941488138061557670618939
52499,42219.7948420827910097605123962335004
52500,42220.1563987258540784815826072818113
52501,42221.0014341091516142264911117652048
52502,42221.7587096721023245811999363174357
52503,42222.4500799219453442619000809313033
52504,42223.1486260493657056707178845201268
52505,42223.5910245778944332954840269136709
52506,42224.9434133860359643806818282242019
52507,42225.5796964629594847553098381153075
52508,42226.5006317266074408599713911543520
52509,42227.0131289005635999273730175471155
52510,42227.2790559765488199169900173116901
52511,42228.3398354949984019723906368492208
52512,42228.5709224934329666767961233861728
52513,42229.5954519789081344023530106457362
52514,42230.1569337500054350100222829773826
52515,42230.8786354317687217455268755297436
52516,42231.8235342479337639561245749462373
52517,42232.6313276689668106053469280740370
52518,42233.1750370410995170774707773554585
52519,42234.1398082242646334924444201248619
52520,42234.9621473416577462851745463475758
52521,42235.2738819575745064472630434303945
52522,42235.7621801816599481582808691015974
52523,42236.9731777668601917675703252667996
52524,42237.6201160432682590715074129611642
52525,42238.3940734225024773221907044596578
52526,42238.7318886123706239436129491541567
52527,42239.5108961277875683296486397345731
52528,42239.9261573457052522207609364590866
52529,42240.6622958294587506551382864432732
52530,42242.0451528756735191452418125564228
52531,42242.7385789582161630537955039793518
52532,42243.4227222996121855033311066236340
52533,42243.8566031346397928011134016612106
52534,42244.9274421609497966573342004073782
52535,42245.5936205229955854672883988863639
52536,42245.7289541417323525383810041466926
52537,42246.5752160647756095628546805698723
52538,42247.2722141201245289671774082297874
52539,42248.2592702649205801528408898018736
52540,42248.6583883864730444568398780792701
52541,42249.7145667797955759515753891366338
52542,42250.2398175100198066449046934236097
52543,42251.0951550720119377646985389441728
52544,42251.7055293142404783918045595571221
52545,42252.5910222262762823852124978676989
52546,42253.0914006352148047423997901435057
52547,42254.4608489251257754155755167666028
52548,42254.6065757492777496215210903442429
52549,42255.3098512502980660911855564468699
52550,42255.8124788344012974175427089885972
52551,42256.7319060025746030373483880813699
52552,42257.2650082683465105624050791572112
52553,42257.9810755040499105799595019603437
52554,42258.6671484341449798515560650500374
52555,42259.2855607985098810554562408187847
52556,42260.8189028843506262986043301278882
52557,42261.4598319758808015655995370237331
52558,42261.7437182216212232213776009228469
52559,42262.4259929483406409087186981518678
52560,42263.1694867512801660346601534315137
52561,42263.6093847364528421887557598604556
52562,42264.6843975231364927873451920494962
52563,42265.2412411585492708999602094907771
52564,42266.0692006528800030061567683943573
52565,42266.6496505831874597661893278953419
52566,42267.3004941266641131265411169343308
52567,42267.8209923633265666523330522280914
52568,42268.9238615898634818697621073136974
52569,42269.5816031089241514856515251267472
52570,42270.3862988450741361338843216595123
52571,42271.2188931402523653643080435141155
52572,42272.0239824777102221956903205655026
52573,42272.3092807373148170947586745048311
52574,42273.3052917651976549884135072254572
52575,42274.0099483589701988348676747802948
52576,42274.4884542650105481703195334508484
52577,42274.6989548165776738502729966199138
52578,42275.5869698703382926879170666557732
52579,42276.9653863302898894916201194022660
52580,42277.3228403981881791923513076266836
52581,42278.2456161127059660628717794613199
52582,42279.0124792592031004848159211942863
52583,42279.5730929695198739422058385249649
52584,42280.3684756602073268608188279157795
52585,42281.1266529172655338129169455676605
52586,42281.5836848308614264364111960106670
52587,42282.3682696052249970783151314664984
52588,42283.1027819692583058385687569325027
52589,42283.9791571659614286583349548064349
52590,42284.4934714789591827204599631925479
52591,42285.1571362578744276695771724903621
52592,42285.5046395161974465638813322748166
52593,42286.5830290636815372858217708672754
52594,42287.2852613423668752911648750095683
52595,42288.4551811231043286325874544002991
52596,42289.1662210430403974663960775637316
52597,42289.7532153669263767286666482089093
52598,42290.3132330843448081333533557029168
52599,42290.9932616317840852617309739484879
52600,42291.2761786242521290028222095289848
52601,42292.5653375502378346450040406773555
52602,42292.7885218258802186978737379493830
52603,42293.7363878697914633553418631218346
52604,42294.5269971210210631635801908061857
52605,42294.8702031532006700173199618983506
52606,42296.1853136621905217692539272919243
52607,42296.9257598266245177099596709215680
52608,42297.3985684070213829549124422023057
52609,42297.9682026815172355628778677600999
52610,42298.7151631228320163687584243707483
52611,42299.7566234208085045658222661178518
52612,42300.4976672282171295133860406713356
52613,42301.0200744909860154973601875762432
52614,42301.6044677852191268563266605298472
52615,42301.9412792669972955056442731885137
52616,42303.1194353832868480304528528885111
52617,42303.5140666529008736139767101351059
52618,42304.0516004818894250365359949988988
52619,42305.5700206927776140586233302958350
52620,42306.1038936812851414581403561575131
52621,42306.8074759020934390902042623550594
52622,42307.4761230820395443978322403201283
52623,42308.3293570978131977802242279815501
52624,42308.6947983381650014294092132299877
52625,42309.3818112895382781786295277907150
52626,42310.0144621704216137627612594572901
52627,42310.7690387145690859721254269409671
52628,42311.6670932162907096775912252982208
52629,42312.3613506295277537481600923097933
52630,42313.1954898597107285506278731704425
52631,42313.4027978005326589399685955968290
52632,42314.2962232680298733239969303896002
52633,42315.2532062361104945447135337549101
52634,42316.4146844396552891685494594625541
52635,42316.6869062209436936928602213065131
52636,42317.2116384534684461706625780384156
52637,42318.3404618143458253983921731680845
52638,42318.7738540762441410314147347904091
52639,42319.3598079575139624724906999324345
52640,42320.0924916161742392851714684797222
52641,42320.7971192233505651535023046223373
52642,42321.1332139563874446227738222290872
52643,42322.0513413634778745685899545796876
52644,42323.4231194492310347041926181725520
52645,42323.8052883636502246673318223464142
52646,42324.7556190524465899706716064005169
52647,42325.2732942736111694486105713609665
52648,42325.9189407637948512786028312794486
52649,42326.4090816377676732376023798598073
52650,42327.2747769508639405287689134792528
52651,42328.0851369523519704444626320754957
52652,42328.9992571413018252299805392547173
52653,42329.3723059349302852816649748941831
52654,42329.8344903941868480488570746975024
52655,42330.6616390519201064898553918883456
52656,42331.5651044390464281876547573925051
52657,42332.1900520832951616393603574518282
52658,42333.0634060183806892661784334652006
52659,42333.6963568476275036043447191565357
52660,42334.9963070849146875378519038385739
52661,42335.2650196575334328842425354173876
52662,42336.0333273387607946306352520125060
52663,42336.5842141465749057909477529439337
52664,42337.0220064536556634734954873039987
52665,42337.7800774804613564061822290571390
52666,42338.4999267930300561257045434710264
52667,42339.4254083652191181445356028854314
52668,42340.0845927166425723141517535208129
52669,42340.7275142185318411149317542325847
52670,42341.6745762345798900089626225526303
52671,42342.5038495558124742959406609486287
52672,42343.1413429536338475217260299699561
52673,42343.5505334444805111104435078657108
52674,42344.5097978642145069021936360125391
52675,42345.4299183475689393538120282575614
52676,42345.5674466039944805991899521312513
52677,42346.6603235513037637992230763654788
52678,42347.3362585263026752146172275582860
52679,42348.0310167236780204824943823433657
52680,42348.4440646393240354704794165141198
52681,42348.8576962986440687354072070233383
52682,42349.8979853776456334683001257943221
52683,42351.0950184651139015429042353910115
52684,42352.0226596287212034187762577047667
52685,42352.4630050088248307785641022953774
52686,42353.0146757628334229516501005159214
52687,42353.4738973844572953642235794908703
52688,42354.6300151055376010842322050044416
52689,42355.1437475170270585397189196091698
52690,42355.5375959930788657116036063527148
52691,42356.2664232919670097921952260862219
52692,42357.2944558227297533583559700815601
52693,42357.8345379885286625007694472957927
52694,42358.8438344974565775920525920537168
52695,42359.1036852168042826400317496954362
52696,42360.2742645823339344743310339001013
52697,42360.8748607245936352647514003238630
52698,42361.3736281589009814767369468811957
52699,42362.4697103013731517603529291188419
52700,42363.2472576826663754319488806157426
52701,42363.8082242868800228597814955913654
52702,42364.2110554139603561003626442322817
52703,42365.2408680321472626864716907897648
52704,42365.4458336649680636672641160598913
52705,42366.1042246006929284848819317293865
52706,42367.3016901361683864361521619759761
52707,42367.6246153300227408839891573194200
52708,42368.7510422948309664847726690405722
52709,42369.5304715393017354697956260400119
52710,42370.4486640043073535961570539208529
52711,42371.0061429076848643980136443376777
52712,42371.5007547843286407780122162408409
52713,42372.2461742785428587428727207501903
52714,42372.4127085235119939689191561593948
52715,42373.7682361123351654419498390104749
52716,42374.6122359475488284558739744700884
52717,42374.9646716224336910551615872387627
52718,42375.4979615227717513309140343946596
52719,42376.5645618615234108972040181330534
52720,42376.7468477642272448681092044414281
52721,42377.9583830807071207829199008055739
52722,42378.8036104916380442519029419935669
52723,42379.4198031342022620724517526605925
52724,42380.3874890327606545963067398377327
52725,42380.7996331370815241906439191662514
52726,42381.6267404465284487703351723546703
52727,42382.2123791570016249245003210828002
52728,42382.7548368293514675828795277426238
52729,42383.5155395085231328242575071354235
52730,42384.0794239516112582199827814022831
52731,42384.6825852970975858662824575834701
52732,42385.6059336481451801894219250105946
52733,42386.9709413154801570480942839264069
52734,42387.3344964131690775006119172779297
52735,42387.7622336836614566385640049535226
52736,42388.5735747314527632373593566097077
52737,42389.5442217256086914756817659796593
52738,42389.9311993693193266599141454915834
52739,42390.8175627249630006989736783792518
52740,42391.6777587225356417081640113729644
52741,42391.9402124413487026887632083627115
52742,42392.7969608175576521465538804612215
52743,42393.6272036682407689529458160863869
52744,42394.1029119496805782132491910080543
52745,42394.9573555956408339306674296000123
52746,42395.1701998155368344834266295652235
52747,42396.8126466457907138456234151952586
52748,42397.5042514198748487071132158810809
52749,42397.9354402647648059434353960637123
52750,42398.9546112116373453482519535001121
52751,42399.2392226101932610685460670801538
52752,42399.9223713067721244227839292588060
52753,42400.5835770276018050565291146493892
52754,42401.1046830466878668126320003592775
52755,42402.1874866839615472546466499670866
52756,42402.7998870995235962262939062796584
52757,42403.6103671320863193577768945347187
52758,42403.9506905244283972809023409396690
52759,42405.0727683642761956231618332544236
52760,42406.0862156434187663703390070222358
52761,42406.3609127859029747496665292031411
52762,42407.1756061358105685050961227557922
52763,42407.7464017533324850121865700722748
52764,42408.6388583288533641914089795158092
52765,42409.7149136424000897810981274071567
52766,42409.9872344661786088274499078079912
52767,42410.5048706948344864120547062597331
52768,42411.3193979583564410442711912290125
52769,42411.5853073416755482935586023867643
52770,42412.6342289028201519020807852238608
52771,42413.5186938031261359496059170439058
52772,42414.5183435332943416400003493521619
52773,42415.1117259070223378775180758220936
52774,42416.0323942059998160985337940250837
52775,42416.4315601216235981935205485028775
52776,42417.1293782032760628059113703612213
52777,42417.6986693439385831063361164654140
52778,42418.5966811264442140280572983198923
52779,42419.0978358824394289517233126992396
52780,42419.6986690388132934816327571874523
52781,42420.9904186538387946139441787347046
52782,42421.1719135080624209291544156053101
52783,42421.8584033562910268902564322614860
52784,42422.9556191139494708722282526730340
52785,42423.3638436212819503702025008730817
52786,42424.0714943480007977528226442456880
52787,42425.3748624651190742741287378361776
52788,42425.9521511753258749017421623557620
52789,42426.5456187855734679267979236529628
52790,42426.9990402990217104629572351524722
52791,42427.5832720414794178160208559312754
52792,42428.6554535457677354616889919561750
52793,42429.0546653849843933383216093686877
52794,42429.7656103004229857383796299007882
52795,42430.1450724581812784024029159113993
52796,42431.3862758482836352721347369139279
52797,42432.1694308800137337766217356247164
52798,42433.1636959317543828311322260178164
52799,42433.8573789332117627088092470050668
52800,42434.0240000860539203361634700724083
52801,42434.8527040648181949424385703483919
52802,42435.5818486779008162506328228112351
52803,42436.3898674571585972646126503646717
52804,42437.0726604170199454013489712111304
52805,42437.8455690851195761066940957282914
52806,42438.5753519221162324176480282471385
52807,42439.0100079090643815517179758470501
52808,42439.4780971845402035198827925851735
52809,42440.4623579561247872242395267074761
52810,42441.3957460690955103617998969001059
52811,42442.2695734188362125468188824249444
52812,42442.8851118231404794626182269918630
52813,42443.5813316807780239493439325331436
52814,42444.4304607467555623679680662948165
52815,42445.2016816944993837589255994635918
52816,42445.5128736939715331861089662331932
52817,42446.0426273338422916354290672184477
52818,42446.7443040078725999740641163353504
52819,42447.4834678109958425584170451111086
52820,42448.5784551133349948099791583035307
52821,42449.1774681288108216608767575677761
52822,42449.8033649853935938455083499819319
52823,42450.6526343907951876383902671126725
52824,42451.4464894847758201184060580282036
52825,42452.1197016202037600381188944992275
52826,42452.8935784357208724728057214691164
52827,42453.2781843744189757909512912742642
52828,42454.3075206332885316454064402650081
52829,42455.0555499540861011153582457863652
52830,42455.5554150939562806872418894849007
52831,42456.0947659645296781205148189702791
52832,42457.0011093248512456610542408678514
52833,42457.5275257801674890749799830159396
52834,42458.0975741016343659482423378803019
52835,42458.8278535612143910619081457707966
52836,42460.3895827833792183697034594254041
52837,42460.9449643967970529739543620780098
52838,42461.3649957458162964249234674358752
52839,42462.1556325842858950815171675502585
52840,42462.5405712238138819608622636117340
52841,42463.4350563655968367110180491267569
52842,42463.8661854954909036215552964425234
52843,42465.0306749797134463865125599236664
52844,42465.5705245729918581400338912505775
52845,42465.8628763746079330224541480714750
52846,42466.8680986638824947365874654052512
52847,42467.9018405019936646490189647228825
52848,42468.3667765645538064072914831407619
52849,42469.0438638438249387904703016611642
52850,42469.9769160768537259016691231159191
52851,42470.4738094383936813229036395988171
52852,42471.6290893636045898881720564237350
52853,42472.0876127878379478945843529097835
52854,42472.7443957361698077252654915736294
52855,42473.5105010939107010471808421968305
52856,42473.8828766542856544868690494367703
52857,42474.5015981591145154465602164059899
52858,42475.3788899933197054307144761086563
52859,42475.8928814190990227516024734457675
52860,42477.1212853910792164040516561955633
52861,42477.7948301605513265649981477214437
52862,42478.7687047285372342146658825417035
52863,42478.9683720484655084308004502171341
52864,42480.0619706686181727144636583688821
52865,42480.6986694884140644974282726105040
52866,42481.1821666842504652503392292202381
52867,42481.5024863647022586567388263521495
52868,42482.7431619423097234315996197701391
52869,42483.4381590527493881557196760713417
52870,42484.2219556889030881224023426303063
52871,42484.6781136295350936398506497119816
52872,42485.1917124297879305769423896480464
52873,42485.8456981719426433070649496831776
52874,42487.3069725441804421905901374344150
52875,42487.5788445888000109789246621129518
52876,42488.6871078327102202492338090981803
52877,42489.2507278811804219394760353444042
52878,42489.9376684333821138873228439409931
52879,42490.3664403870847447287941879304263
52880,42491.3575971628510270051638650665851
52881,42491.8591705533032366829278862652262
52882,42492.2574257191794980139988993973179
52883,42493.0894958695672038458717934054805
52884,42494.0164459360215753177629199255873
52885,42494.5957573661310211532017780914696
52886,42495.7342082697473396947447615904061
52887,42496.4201309934235793685363036698107
52888,42497.1479262177454462235929619301351
52889,42497.6215861636012337463693293758608
52890,42497.9372077302456719552158842380143
52891,42499.3008202053433795351574397523438
52892,42500.0347019489384465459243654304129
52893,42500.3752028815962522405995778170739
52894,42501.2198129746529590931649761584080
52895,42501.6127026069656539070026014906244
52896,42502.5500430072822638392804268620678
52897,42503.1204381485578675932628586774373
52898,42503.7983701731410507380584363196720
52899,42504.7383332946251306000634026293031
52900,42505.4735872667465795612121838623643
52901,42506.7178599612796234454144076711768
52902,42507.1266388010404738895529589405566
52903,42507.7781381914754261004059653413987
52904,42508.0367782225403074691546357389700
52905,42509.0956221787966211192970942566111
52906,42509.4746912873569685832847801855715
52907,42510.2721331955506850530481990312034
52908,42511.0258565131462389070263582695416
52909,42511.9757114672404441681477428352574
52910,42512.5653510849829670090121226537905
52911,42513.0520706867567314847835666906025
52912,42514.1256470972870134101231284988170
52913,42514.7626158450701738907474781543345
52914,42515.6898255081631971271051080075339
52915,42516.0604959694469683650275980098086
52916,42517.0833567390308569012176092584783
52917,42517.4657740449304408628639337330916
52918,42518.3968428551529423213886381187438
52919,42519.2652229894907500876623032275859
52920,42519.5088981568033724312771253125653
52921,42520.1808839891911933496187814203487
52922,42520.8091704273099155054628788477573
52923,42521.3354246803109071636024365649224
52924,42522.9046587152096922419279034946364
52925,42523.6934359929884727025327116895094
52926,42523.9585931802625471557145554927726
52927,42524.7566498491635698771585314947799
52928,42525.7959368961081579399545361026412
52929,42525.8351682621938396452491928555481
52930,42526.9381699616871761706525834710219
52931,42527.2984176905575711445107618164801
52932,42528.1593885248792159708285709779730
52933,42529.1720771349204539342349107328013
52934,42529.4352115419340424639040028421367
52935,42530.2446102242828350956854266007750
52936,42531.0738095414233628897993830337824
52937,42531.8437049024384129589625609633768
52938,42532.3512741929866220501447810780693
52939,42533.3613692797840250343106654858386
52940,42534.1895773307603702858903401007117
52941,42534.8496027666960741958533336859937
52942,42535.7014070629077835217266088638837
52943,42536.2266993078252692229223711298984
52944,42536.5319957323435602675084721856983
52945,42537.0992790698427408368042178739250
52946,42538.2734384212365478774186170144299
52947,42538.8167961383254827762952002011937
52948,42539.3700312156263071271553051028356
52949,42540.2161799608856864481104167968638
52950,42541.4284440551465932410811201286583
52951,42541.9482840874782871687675914723526
52952,42542.8878513559640212917907889631919
52953,42543.0747106379665179747533492583908
52954,42543.8451464183977522581716487104210
52955,42544.4960064575155679928312321216400
52956,42545.3950453980897277057090110280516
52957,42546.2929666580724019132996745355325
52958,42546.8110093445574015136392022779838
52959,42547.3211043706666447208621920566822
52960,42547.9174037086614068862129670811929
52961,42548.8731955773260408759097590404246
52962,42549.2403458898246554698115024829671
52963,42550.3657213502062288656003711249703
52964,42551.6692101099741969637927461753210
52965,42551.8421293365784797860487270795326
52966,42552.3977293564649035754297204869454
52967,42553.4323368587713083000880174584867
52968,42553.9156323452768434623168393294112
52969,42554.5817028934767778751346688823175
52970,42555.3486268578993425878831733251902
52971,42555.6035655586487117627370232870994
52972,42556.3957705866474978530813437566669
52973,42557.6389232633371017564221462283601
52974,42558.1647357056479341475461382365341
52975,42558.9797823652503090116674550630048
52976,42559.6246789591390122170028405002380
52977,42560.2675155329120515333908954272027
52978,42561.1412028598425522878061869145668
52979,42561.8194324460915427123829897516608
52980,42562.5761609349936414730040543726349
52981,42563.2818591503012436387793457737216
52982,42563.7563903446359630699094842209603
52983,42564.6172462075711576188681444693888
52984,42565.3841019829125926828937761731176
52985,42565.6843312897753497570616220302711
52986,42566.3820139857667813478254887297915
52987,42567.2131559685768333371029659682392
52988,42568.1813639547742378836275419690482
52989,42569.1126082382634421904926837153716
52990,42569.9319159941262793669054220995129
52991,42570.5699881088139266257096393616563
52992,42571.0991472135140913624711620199792
52993,42571.4544236735679218756570428674842
52994,42572.3010420172821398409997333194084
52995,42572.9426009034044249173504241673726
52996,42573.9711067149581301369237191122818
52997,42574.4834784816194839947310984196617
52998,42575.3255214757789764556407427456591
52999,42575.6607061233701049260294029255255
53000,42576.4636195581162870050685084788630
53001,42577.8030432892617613989969784649449
53002,42578.2662451467375828581705896057581
53003,42578.5584469866835383631446665740273
53004,42579.5840823692979373028065227316068
53005,42580.6360059623932089317821023180375
53006,42581.2858215799941601171409219707864
53007,42581.4956584145669850302732482088410
53008,42582.3460222527390495461689096836026
53009,42583.0231965088694024759582388126532
53010,42583.5608834383577707855188269200777
53011,42584.0285472941777644629582313135615
53012,42585.3380125457269412117316912663449
53013,42585.8687483993565217200949734891551
53014,42587.1735104271146147118318512679510
53015,42587.4340820462788056230574772126024
53016,42588.0476212339947784743656107225273
53017,42589.0945259288444177967481378898426
53018,42589.3109651602293179061558919313167
53019,42590.2974198410747689621264115216975
53020,42590.8276131220992102486526752944226
53021,42591.6447540298378573620609044672194
53022,42592.1940668428023872224638199488620
53023,42593.2452586477760850882939122776316
53024,42593.7833173842560396757282888287649
53025,42594.1787064071042179595001598468477
53026,42594.8616110589076034702951823205733
53027,42595.9990175024749981825490884210264
53028,42596.9919351591476395585544056527721
53029,42597.7196570616086818784928342200292
53030,42598.1746738139275199165331483441463
53031,42598.6812712609547625339550620469374
53032,42599.5392879399416128706007263481288
53033,42600.1533342405694070455569753253090
53034,42600.8805082194520028218430135801156
53035,42601.2063385675640898178524528694595
53036,42602.3705838046236695766106746064682
53037,42602.6697883187439686604525276929338
53038,42603.8858426152908184794157652322691
53039,42604.6493472483487081259839414908378
53040,42605.3942578013607641722024336182739
53041,42605.8984026969068562958195591712396
53042,42606.6820877009555173185532860347676
53043,42607.3898974983100711399499077668808
53044,42607.7094378094637125549489492116623
53045,42609.2849048265350539587770113255033
53046,42609.4869453721718032454728784819663
53047,42610.0424521607329326418601285500746
53048,42610.7050094729748806411474392830287
53049,42611.2063484426235250091997722553110
53050,42612.1752375112362574939611579148133
53051,42612.8899843841676260246117287574981
53052,42613.8038322247777950407601227329947
53053,42614.7144361125565171846066833971307
53054,42615.2973361568710365774053980381070
53055,42616.1091910986076794960280191112394
53056,42616.7632724918984703295513934513682
53057,42617.4671020845773654419401371282398
53058,42617.6726755365748152217601490130922
53059,42618.3051094581139125218169866308840
53060,42619.4352814403471610008658942081743
53061,42620.2697074372978581654496498469577
53062,42620.6494185590181406175286455498200
53063,42621.4676576369251072751549927602420
53064,42622.3374638655302805215036331645698
53065,42622.9842174730917239863389465274046
53066,42623.7347963822942762529034620466622
53067,42624.4756160541352521903553312578127
53068,42625.3902414964136064648478960330786
53069,42625.8973723579448587206712845305252
53070,42626.5984300630205268318700136133661
53071,42627.2981224992553633501276827496525
53072,42627.9276275011194462623047136661656
53073,42628.5846760395599682019366015530936
53074,42629.2991035945814240634508184395361
53075,42629.8212531945774665695775683951184
53076,42630.2741869080563914685551493568763
53077,42631.9310561762652587365009512444504
53078,42632.6460924813167369353112585818683
53079,42633.1173551468962499009404160030961
53080,42633.8766571340284144041934124993287
53081,42634.1091973883415728660927716136910
53082,42635.0703508344685685748083137026462
53083,42635.9433768603338577602667552268009
53084,42636.4250637796739582524614296776540
53085,42637.0838142614454133731531553634449
53086,42638.0164397822605374108924784851275
53087,42638.4746742599969456411892660758918
53088,42639.3857821483964121333511775803978
53089,42639.7831467997032866143992899437071
53090,42640.9292398734917438758779127636187
53091,42641.4305222821194029720631036762341
53092,42642.3279119532700727558137546493508
53093,42643.1476195297466289105196779041694
53094,42643.9467007642052798321739757589993
53095,42644.4384205672768034925598533585837
53096,42645.1279038377541111731493038378753
53097,42645.6540624136442271287365372174513
53098,42646.2025166868737475581814436180149
53099,42646.9357567017542361633945610583468
53100,42647.6515873161380220764565047848997
53101,42648.8145380015856040195606115486238
53102,42649.4624459769423023796602365985937
53103,42649.7738880264860813520260592886806
53104,42651.2699317515220463403825339526298
53105,42651.7275110200732584427032054032751
53106,42652.0396356806222494630298826725572
53107,42652.8016227012459609922927171934290
53108,42653.5268955264088285332523589691466
53109,42654.3810848264083618559872643713986
53110,42655.1072393953681900290554293640302
53111,42655.9057438608184901520875916329906
53112,42656.4913794721262550910406184591720
53113,42656.6302790269434654037132195139901
53114,42657.6732175538043073498735683222810
53115,42658.3812928900289620807681799710449
53116,42659.6551164584891320685734808455153
53117,42660.1363033686113930330319128280590
53118,42661.0481133640375025975695081837794
53119,42661.6528290470060979234078269125608
53120,42662.1767975358231157386797592791701
53121,42662.6809577182177575239881809568639
53122,42663.6063626667909712689653124918187
53123,42664.2426111982016306021434470085765
53124,42664.7358415219944835584391362292107
53125,42665.4989582719887158648050071193270
53126,42666.3140775698438808588280061047111
53127,42667.2865983133874724413615379586379
53128,42668.0025028064319481827457458816528
53129,42668.6558005988410457413754582051655
53130,42669.3043338698469881878033767275814
53131,42669.7490772335793968507377357823159
53132,42671.0134084907024749331210092483604
53133,42671.6355988508078443754269404381330
53134,42672.1512307414899618466233844713806
53135,42672.8359107873180135327852813855997
53136,42673.4035188989595175198623553676019
53137,42674.0876893952014299024510653004894
53138,42674.9130564840943179482771078753453
53139,42675.4735680970373213668025128605342
53140,42675.9726628202361806330884073402995
53141,42677.4141505393818790391923690303732
53142,42678.1030812381475668719433850511086
53143,42678.9238278683083199492528768495410
53144,42679.1349951982442025908897821209364
53145,42680.2039666802002896692290307482275
53146,42680.7076373554015270774984916150054
53147,42680.9947147487231628122458317781336
53148,42681.8910859070450276649243167826689
53149,42682.9061262650374575778240076138790
53150,42683.6777881559401348736519905845099
53151,42684.0782395779533604386934953342693
53152,42684.6769292268686646886571222447381
53153,42685.5862610942453661759346796588140
53154,42686.3200721431731929228202026790585
53155,42687.3840612401685590414900739951578
53156,42687.9345037976767797056269900463386
53157,42688.4703824262193795110639408803203
53158,42689.2926985355353659213401282913221
53159,42690.1433806345065990775656111039645
53160,42690.8154916430758531924270628833172
53161,42691.3525153375449805028644950793068
53162,42691.7433685869659741868641543218121
53163,42692.2867263223047738825703737409828
53164,42693.4193274149122067744842373017059
53165,42694.0020391452692426501812458615998
53166,42695.1969435891635307833359151065908
53167,42695.9744467785438420855007296706798
53168,42696.3529038109525304007919033017347
53169,42697.0468896544650244546846683225904
53170,42697.9285791003126783797980201443809
53171,42698.4137434315936315040259038390528
53172,42699.0232869457170805705534183356666
53173,42700.0314383456208357709848108653403
53174,42700.7241674592385785411456173172324
53175,42701.0639770437887063736547539558787
53176,42701.9096460998584699534536362844224
53177,42702.7671230636907318677182060341304
53178,42703.2252699428146091878471688531593
53179,42704.0887773105327189623431305924403
53180,42704.7450720637552361964473015030001
53181,42705.9671631647439940947789837550817
53182,42706.7632400663490159134191526783109
53183,42707.2640715866942765597781496716881
53184,42707.5429286430665611207908032547679
53185,42708.3671067060284677493102678340871
53186,42708.9619194178422607242814874411598
53187,42709.8959968721077236804817901529332
53188,42710.2626300378179502629610355503744
53189,42711.2656803925719316551633850784381
53190,42711.7767834191812845500746852606788
53191,42712.6993315512161019266758996043860
53192,42713.8998334039411246290724868429577
53193,42714.0667845050750743723234716146290
53194,42714.9472097281062963659383711862044
53195,42715.6774035826240266272551123139941
53196,42715.9935467430288733625776657804688
53197,42717.2205959945319411858200626272969
53198,42717.8849861151476631214081723714043
53199,42718.2488350462925433036756964775102
53200,42719.2819535907429101981629931069781
53201,42719.7196316955086072806870261759796
53202,42720.2602193457922432328745899369601
53203,42720.6579211004666239146143279824066
53204,42722.1052604017108558712231052994575
53205,42723.0958017380615666914451915034321
53206,42723.3696762096729478868299605656470
53207,42724.4632913557127119834582845113017
53208,42724.7415281149515283399444858852878
53209,42725.8223302091633319645083505740704
53210,42726.1764296356188031559773029334524
53211,42726.7732481083836959333997445663426
53212,42727.6300594844748716179434156275287
53213,42727.8846814973040976974097895243645
53214,42729.3488043526599535928068669266607
53215,42729.8025492178935447167266146136850
53216,42730.3931224419235164441426960084786
53217,42731.0579857152446455050654707854250
53218,42732.0406451518178791993047146063102
53219,42732.8466655537201535920508286786761
53220,42733.2634422159718369521990463133022
53221,42734.3056196054192867338573084138042
53222,42734.9926773869080940471903546175086
53223,42735.6133570914849055499384078334218
53224,42736.0968017089592891066076999935524
53225,42736.7553490533696814064166262123745
53226,42737.6773934480870923397581462620424
53227,42738.0341392289093147189444872780189
53228,42738.7466099348554725037143165873988
53229,42739.5915063640437245491060992405910
53230,42740.6599643750636970421973191335288
53231,42741.6021673662042539200404908125313
53232,42742.1835535904353732603865427828666
53233,42742.8354756841803187780228209271993
53234,42743.1023214797411156459435920224621
53235,42743.8093488850714353054486574618327
53236,42744.7213470529392872927928669374775
53237,42745.6401839977023604704931288467130
53238,42746.2755003188292726424862611516530
53239,42746.6400727515552450650793260042293
53240,42747.5004906634437699297748668875311
53241,42748.0288632975367618895494513264304
53242,42749.1579212823598661826514823669815
53243,42749.6773263770057125576256107488842
53244,42750.3493841017985173659899605123587
53245,42751.6061567439742912816643258635845
53246,42751.8976535419632000765782462091440
53247,42752.7374809938602058360544641924016
53248,42753.5724072964337255285980632608409
53249,42753.9706916975152286768252506519608
53250,42754.4663402087536985670603051561827
53251,42755.2685854977638952784087623807449
53252,42755.8245179872365518828668187409455
53253,42756.6332926031096924306447411692100
53254,42757.6714907787112171783722225912546
53255,42758.4245915220494816187449769809428
53256,42759.2244681924804035495549750813894
53257,42759.6143880413826521103754666958685
53258,42760.4974385062931421073709085165089
53259,42761.3608027977762109735177984310806
53260,42761.8198143304577232011478018664301
53261,42762.5377260228395578897874524725393
53262,42763.0050308235995651086668791853543
53263,42764.4013432103889747483136121990319
53264,42764.6501136143811031406438505549396
53265,42765.0624988485765386921046888271195
53266,42766.1363732532664681411306393209041
53267,42766.3433483839185119339313072903894
53268,42767.2969360545356047759581267062066
53269,42768.7456084350174118078485050303580
53270,42769.2509461729162764230615953796842
53271,42769.8250184463413701952939466852583
53272,42770.3540459804896643141491683569289
53273,42771.2695790045027987005477644784571
53274,42771.7966389951462310095815451978731
53275,42772.2536277937236708201289791882588
53276,42773.0629959000653338707984418001827
53277,42773.9047769380822765090421692972860
53278,42774.5362447171877954699976819773124
53279,42775.2643226475582641244540137189624
53280,42775.9483386056988867197437378164078
53281,42777.1456717374843195393111972916940
53282,42777.6330721955739199205931449234454
53283,42778.1832759673659403382393827456046
53284,42778.7053672037561585950084433000974
53285,42779.8570948952738382578046518119271
53286,42780.4931731790325372578993146555463
53287,42781.4205878620705107518684799916967
53288,42781.7564288354096380516970688467410
53289,42782.1189738808446171647880767719785
53290,42782.9964698623640791516766109792363
53291,42783.6697157389952616562785828722655
53292,42784.5271666540615539391167201931033
53293,42785.1352399289539852778673238276421
53294,42786.3347276440309059715247975343691
53295,42786.8873037405251900502288178957827
53296,42787.8947090485821561107721440937975
53297,42788.2922412961844755784557528053585
53298,42788.8624777605442429387607073488301
53299,42789.3956002790655577929456604732835
53300,42790.3533529889886068813999886726400
53301,42790.7479077533311574997675243362601
53302,42791.8474448769736856085544722110138
53303,42792.3501097902343464373455475695256
53304,42793.2229661162837505881922173413483
53305,42793.8179434263708883316772145912571
53306,42794.2074525771775263378295736878733
53307,42795.4098026887396192957103389375991
53308,42796.2027788191110431654508025687380
53309,42796.7868736762226845134121680271399
53310,42797.8641266540595436006044405871807
53311,42798.1648746122923269432893054273577
53312,42798.6849800777826470228109275995606
53313,42799.6812115777113083439082944851279
53314,42800.3056527098323125266297525479820
53315,42801.0369302905813958703017971660002
53316,42801.1586692855731631736714596777995
53317,42801.9313678831199295332499451403776
53318,42803.3249381694680677392475088038161
53319,42804.2252677100888995666060557194530
53320,42804.5805166935458069264459864198483
53321,42805.4675948207368415374222900777541
53322,42805.9829233571345582163166249680139
53323,42806.6651764387516615824847833001647
53324,42807.3297098550024810534280478982430
53325,42808.1575395504374699375585473375149
53326,42808.9366876379124722682644720133558
53327,42809.4914916960372669070029142862858
53328,42810.0850785329970384071025748928701
53329,42810.9852097346864781301021266501541
53330,42811.4157227001001067209512971996396
53331,42812.0948903701962101425584580112860
53332,42813.3061536975345002049092958189868
53333,42813.7829579360992923115395549080968
53334,42814.6222863358911317864902183394521
53335,42815.7116280617771226760471677890481
53336,42816.1858699932019249658262769295703
53337,42816.6164856714710829492797987087838
53338,42817.2408142036423526013139514968613
53339,42817.9537405533747739146291755277372
53340,42818.3297331640056582396515809363331
53341,42819.6169157141761014412449026396997
53342,42820.2070653311890702593244259690723
53343,42820.6818205564258791355259531263252
53344,42821.6111287220415250176255331833144
53345,42822.6216126776042295282470660470320
53346,42823.1326649049079654790672372428062
53347,42824.0462951377842779860267045019490
53348,42824.3370914176343561106138832463698
53349,42825.0574351450849040238002201710449
53350,42826.1359836465013502608154377497900
53351,42826.6930833828693138187755177623793
53352,42827.4826365828015185909635081068366
53353,42827.8423968259481254753482805996052
53354,42828.6366265621448513596496392157790
53355,42829.1763563800946749407895367805860
53356,42829.8389723456192809371490535559943
53357,42830.7716955784711903760613585255171
53358,42832.1718887056818162603307917368726
53359,42832.5763708584104248490076911165961
53360,42833.1467405431126276906863366530048
53361,42833.6454417041446165830996262495076
53362,42834.4322967778282950400637896109886
53363,42835.4954165643424367745892728124764
53364,42835.6136526765114853494215828867508
53365,42836.2478900179926132785934810986366
53366,42837.3631912328478023001149001523589
53367,42837.7870130545269711453292356478559
53368,42838.6830262137179104327857428256474
53369,42839.6134324391222941037652726584476
53370,42840.1075380975666855124878596553874
53371,42840.7163470620908726435070584456678
53372,42841.5181474305742720472159796325417
53373,42842.7086396562396286975170021419936
53374,42843.0626254786541901740730013240663
53375,42843.8223241779132393172254015395443
53376,42844.4374528599419392300653944283068
53377,42845.1748872320670965436490890648107
53378,42845.6749991298656060474456029449769
53379,42846.3342108538010557213596210977623
53380,42846.9793419510659893296241569702525
53381,42847.8197844563883741840320218026525
53382,42848.5620466638462403966719962640528
53383,42849.6721996910282271349025379169771
53384,42850.3791502829802994006323891801297
53385,42851.0102184361854841638524766115408
53386,42851.6636805524391276422515524913337
53387,42852.3418268336581461958969694627542
53388,42852.6766158549049214957002934429363
53389,42853.4347170645745643166043975609005
53390,42854.5464534734781823938019809181969
53391,42855.2172850978860554314956307710398
53392,42855.8847248861736513638920937956198
53393,42856.2656840155336209786640709241243
53394,42856.7174009792629180820445371806605
53395,42858.1224840096533810702973631223498
53396,42858.5692004358835506734291217242475
53397,42859.6932278875858096284409798773960
53398,42860.0170516522148459910775624859469
53399,42860.9902650546939778284805051452066
53400,42861.7890889160030337030586185068021
53401,42862.2631721424879273648799706218733
53402,42862.8756326206460095891064177636545
53403,42863.4177489205919872660793112929345
53404,42864.1861060557919416652373668166466
53405,42864.7157197423010848770562193366165
53406,42865.5603905612467624564977647472640
53407,42866.7734985596545616418553739627324
53408,42867.1297753242771282017348988633652
53409,42868.1742412558336473111924674267870
53410,42868.6944840817822709460193487119605
53411,42869.3559482918927717810137594408958
53412,42869.8770740992136560610608589769767
53413,42870.9498921347767308527574079521486
53414,42871.6263911941588930526198592241016
53415,42872.1389218940779136899033065238665
53416,42872.6622433640463280253041866675873
53417,42873.6022522626942327225620243399419
53418,42874.3545928865506421396690342436991
53419,42874.8696678522201156922734083278946
53420,42875.2612413831343890050212086558325
53421,42876.2928293634359679204876120541303
53422,42877.6012022388604191007018552579931
53423,42878.2594581527885675290311809465709
53424,42878.6248803125678406893309300815964
53425,42879.5976741952484647260367498600183
53426,42879.9062790007902768364595013387362
53427,42880.3423346587058171300308441258222
53428,42881.5495430602330912120389691229989
53429,42882.0683800076350144167076933674346
53430,42882.4937148580944745647728161579483
53431,42883.5604658658613550484872301377235
53432,42884.4326455463261599204641800243631
53433,42884.6575786535930411112338270528533
53434,42885.8933682190731731426506181909146
53435,42886.6019436158538025396859076167684
53436,42887.1153811779138729804512522162784
53437,42887.8477497623507419502197813993165
53438,42888.4732077636490101460571194831973
53439,42889.6231378949259611195104923385536
53440,42889.9776943321159419115566783283534
53441,42890.8835230151267492182712131285335
53442,42891.1726343807119186441314661617877
53443,42891.7312070358003000660248850948951
53444,42892.4814103393803539554475166299952
53445,42893.2867894120841495665178690702108
53446,42894.5071780700069573126911115928396
53447,42895.1536378798375452618699324030368
53448,42895.7027189314624842333168232462753
53449,42896.6137317100991816777761217695139
53450,42897.2300321288669214749296391539314
53451,42897.9125804995109758719170838962776
53452,42898.4271193850726753249429827442230
53453,42898.8377463946220600363616235121355
53454,42899.9540835990985842425878524393975
53455,42900.6400452219247596175105035653988
53456,42901.4504076430011277255232999617413
53457,42901.8682580120630223767780665224280
53458,42902.5804282529313433468989458987276
53459,42903.5745503943749084511250691948182
53460,42904.0491153466561718902788150466547
53461,42904.9766015218047626218650823988278
53462,42906.0462726491905688319098493849490
53463,42906.5137780754241715786452206945269
53464,42907.1256240314774776946644115215212
53465,42907.6842908970212674870851095804800
53466,42908.5166181390276318985904469771424
53467,42908.9420302184085998577940928426156
53468,42909.8256422383278176976946328792289
53469,42910.3749548677420850814910162725411
53470,42911.0574511719067694055807060169293
53471,42911.8090530826940376083531313098457
53472,42913.3433513619428508533557213344896
53473,42913.6987126925843155445437785376323
53474,42914.2960447078707565558838376812533
53475,42914.5700434469678743358700024324653
53476,42915.6907137746141250967383138225763
53477,42916.2056658823271289993092970924863
53478,42917.0776849171630035464506434169139
53479,42917.8644409160567546857521641374759
53480,42918.4281710561307161937566144485307
53481,42918.9603215109431416251421900915455
53482,42919.6624646976467857000944463896124
53483,42920.4250447818811993105360683759646
53484,42921.0734302573762098399411106050674
53485,42922.0507744521037296583758678358972
53486,42922.8228814066056814460960113712811
53487,42923.8540545436112456688425984546803
53488,42924.1759345996140694607215345808942
53489,42924.9300222192843074538624634531157
53490,42925.6717948547584170098648262754822
53491,42926.3433521219861742674264748213648
53492,42926.8377307094320131321352572337814
53493,42927.0410905695419295506816449587276
53494,42928.3635290212975701709461866442388
53495,42929.3955378901977067302370552445066
53496,42929.5293501212041593941684950755225
53497,42930.6948703681089215508651274302553
53498,42931.0962128645218384739317393487037
53499,42932.1689872283619176290647297149169
53500,42932.8736932907683773402563604604882
53501,42933.3569993477854113160773116152167
53502,42934.0178418203471158958960869768487
53503,42934.8956110597775639502231683358452
53504,42935.6147209502939269646542975026915
53505,42936.2345637192884056457370786046770
53506,42937.0257948842963791215546784825167
53507,42937.2973862165113159019050370103679
53508,42938.1666537233658115312252604534084
53509,42938.5429849984359725741986086082466
53510,42940.1429738288262469765025024875474
53511,42940.5394157026876580432386568075554
53512,42941.7346381229457339297846324360670
53513,42942.0245634700768247795662206665763
53514,42942.6173182487453344728171865943564
53515,42943.2726982986815656962475644010976
53516,42943.9008209507403455562302107225800
53517,42944.7073248559744706526270821413655
53518,42945.5007332473434259650301871087822
53519,42946.1687272197157380167960977342173
53520,42946.5531119513354934406170127541137
53521,42947.6092094945511214467373479564202
53522,42948.3585288069705226459036813987999
53523,42949.0412853259934600012618150220259
53524,42949.9196726810403610317578705420533
53525,42950.2897214655707403041100261645920
53526,42951.1537526145206978296698718349095
53527,42952.4846722502377847115516683896219
53528,42952.7154698821551823299991452767100
53529,42953.2949364437822842826384842384347
53530,42953.6946164838293879601004707818811
53531,42954.6768882012404295511226133605887
53532,42955.2530490372284801376849114406277
53533,42955.9469804244754262071482855803027
53534,42956.5039770358284258187760553607788
53535,42957.7432645559942490037235753661818
53536,42958.5699219102275167186116081520541
53537,42959.0226010695829203477592867140038
53538,42960.0564997042021254209105451432167
53539,42960.4972873324113499155377593455869
53540,42961.0027642277799682909125058579934
53541,42961.7772152853120329902884602113299
53542,42962.4249055253206050743450047979522
53543,42963.2347794089721474634920766563210
53544,42964.0844595747807831276239445938097
53545,42964.8207067178785489022832045870371
53546,42965.0940085223883583570019471774881
53547,42966.0801078848810152278326720456927
53548,42966.2668003378181760282742954280073
53549,42967.9134770223134708098490034357592
53550,42968.3667357416965221651498322182177
53551,42969.3369501508936557923298155115665
53552,42969.5930612610385179499377518029734
53553,42970.4106483463871381293769624457242
53554,42971.3583581473982615211493985348947
53555,42971.7501382175504184793904477354356
53556,42972.2878090511017013372267440170662
53557,42973.0504431719788647605416677641953
53558,42973.5031102298642943982772643919211
53559,42974.6510930218620580598968762510196
53560,42975.4061638980112913881781834375832
53561,42976.2618920483823358967262697132462
53562,42976.9299318920668290078383181548651
53563,42977.6340641727593080560514092897312
53564,42978.1168224492808221957246003844656
53565,42978.8635567796006523190901616706599
53566,42979.7837797031113742247142595983263
53567,42980.3851421683292760802616076965353
53568,42981.1468919936679472266668123866413
53569,42981.8444953401328614804257545071709
53570,42982.2434037687837821974154957199333
53571,42982.8096992952811131818006184494246
53572,42983.9159546552123189871972321613298
53573,42984.5630876786961237983080387371865
53574,42984.9618893819694381917004370587978
53575,42986.4548165158807848642001356675280
53576,42987.0091029258499045923210824029283
53577,42987.8007865974144067171361000651806
53578,42988.2266915695074216125837110913989
53579,42988.8236179464911779317137543948227
53580,42989.3402231642762751414443506310175
53581,42990.1349718998165034906014705567584
53582,42990.8911404018774841515369549348946
53583,42991.8257584528599633500749065010336
53584,42992.4438734412871096266411820480685
53585,42992.7824651254202934462137973875307
53586,42993.8871449866336155594473693461328
53587,42994.8432392185058073587386284151150
53588,42995.3586291105796220372019769989628
53589,42995.7945546688634113689885016012151
53590,42997.1153669920166170840351018028178
53591,42997.3314887442353031306986386954627
53592,42998.1819630760671609213544353256387
53593,42998.9303540970799502101710718150112
53594,42999.7029625560195858298108098226037
53595,43000.1881283435914125849281991079419
53596,43000.5556707469328506533351667797393
53597,43001.4128989638421532089835457876761
53598,43002.0030698478071978506910751730709
53599,43003.4679302472088548563603718531308
53600,43004.1804952262644503684236733986556
53601,43004.7297562618289774942127335834178
53602,43005.1066099134787006196135994001983
53603,43006.1058255318719550098493324070854
53604,43006.7193052512326905654356530672018
53605,43007.3389161151584966198080930956617
53606,43008.0366166674466875535310075055437
53607,43008.5472561203689495743643896774744
53608,43009.4769002860768739593733440251589
53609,43010.4512854216990305712777207125084
53610,43010.7034168399831283029885630887558
53611,43011.5010873274848544440257067007567
53612,43012.2021580714685311761812983017535
53613,43013.1628719478831807945952538208067
53614,43013.8363875452545198713925988632309
53615,43014.8738621997754509835920515368352
53616,43015.2562767229340851770472651333797
53617,43016.3033579547238549091530555008028
53618,43016.5214149804582794700683754627628
53619,43017.0782056767399371790895041761247
53620,43017.9141038714078004072678942563860
53621,43018.6995505665127629262531134870739
53622,43019.0932496155119743952155880577020
53623,43020.2124388317340295410936317036286
53624,43020.7218880343736328838934589987459
53625,43021.8769596559315892419421182813260
53626,43022.4979339454066512224911765300209
53627,43023.4305032447711472073519949807345
53628,43023.7487057030639438567526545454233
53629,43024.2067925602103848316597770839129
53630,43024.8737418837047664133532429283491
53631,43026.3450764243451494684440354437028
53632,43026.6759953445104681718937563886094
53633,43027.1208883924905600754640315096199
53634,43027.8247442157906162174966057334145
53635,43028.7020905521175667793629385969052
53636,43028.9955676113002550224877990159481
53637,43030.0427086493907345405734319251573
53638,43031.0307204439066418704888245970233
53639,43031.7519283117574676713245589550917
53640,43032.4305372936148175986282111264255
53641,43033.2667267939269698433745525820272
53642,43033.9489163633247906554182126102168
53643,43034.1875797694376467350857828500424
53644,43035.2303034238032856651798336949416
53645,43035.5392023903657797511277411552707
53646,43036.3681682034647286396294731491082
53647,43036.9884934934576272451090240429064
53648,43037.9364140032368113806853584054273
53649,43038.8617849440685755998207214622157
53650,43039.4637537875486660933623593081289
53651,43040.1039346774862550546611538534931
53652,43040.7228700922058975877967884804840
53653,43041.7001154749293149465797077548254
53654,43042.3981643292157495402284362947521
53655,43042.9709394749749395103133769679211
53656,43043.7913194076343398474261661588854
53657,43044.3841489791807506744825632613245
53658,43044.8545011126395578653796807162625
53659,43046.0763672085822457502378106069200
53660,43046.3449531556410180835346524984915
53661,43046.6694850004267755925495879899602
53662,43047.6147897059388967108301778887024
53663,43048.7687548267177273084188059675326
53664,43049.8129491800804306905394417389263
53665,43050.4386352995877159028869063115654
53666,43050.7260153617186805390485963678589
53667,43051.4975693834754660775233475473851
53668,43052.2446398798742263568733343096675
53669,43052.8073079720878402418252197649947
53670,43053.3514649258663304721042107598096
53671,43054.3252088971038164390588353828668
53672,43055.3031016126983564151865685677288
53673,43055.5351144859250883562072710427760
53674,43056.1229130769619555053132373216919
53675,43057.1641103178538161234445250661538
53676,43058.0790585248222076424584955672199
53677,43058.6875723872076969097451968176998
53678,43059.2496819738175713382385918155742
53679,43060.0576261002006588234470148464962
53680,43061.0494797863341851137523956486087
53681,43061.5600714496034964010635299651832
53682,43062.4015304061212289383619912944544
53683,43062.7324581537810852414422362460475
53684,43063.3921508776058550792948423799404
53685,43063.7483514318022916000164266680850
53686,43064.9076652513469503795232953909253
53687,43065.7100902694137453711488182163694
53688,43066.3829465383812195505734173236170
53689,43067.3183382307566297561268022534690
53690,43068.2722802962205478171229841048682
53691,43068.5905992102325919477662109817546
53692,43069.1937060988967400593102648594345
53693,43070.1220624309253896132461289011622
53694,43070.5890993306708803205251048574235
53695,43071.2162301073630182086864436781467
53696,43072.2449444297666072528964598630298
53697,43072.8085353832075581340729177315829
53698,43073.4871202108080083290264177314818
53699,43074.1739939349196739259094744854759
53700,43074.6650631057412663945279689000790
53701,43075.5800509120830696054037179976691
53702,43076.2346559732662169094142570963875
53703,43077.5738608421284213247909555090037
53704,43078.1816507777607639963666061289929
53705,43078.5761188641909272166044276052250
53706,43079.2251014518424081769374823065623
53707,43079.7771890870278269052701085223259
53708,43080.8458694333896824158629555979488
53709,43081.1225379517954425731430928251702
53710,43082.0308406217351657727194238023726
53711,43082.3370043780633159349876816389439
53712,43083.3317622155800515231951094463753
53713,43084.3875839499113249931123342495940
53714,43085.1460689672489882861729424224816
53715,43085.7064757906565708306134136880946
53716,43086.5444903749185984232138976323633
53717,43086.8757143826323528931015958347820
53718,43087.7064257564932536919118530681917
53719,43088.7360828876065337236418002546091
53720,43089.1542367575661489649913233256663
53721,43090.1033745338051662756345535002928
53722,43090.4923605853322134747494236913839
53723,43091.1955278166634767792511505136003
53724,43091.7345310620566586984112378189068
53725,43092.5717460813655508405338289472789
53726,43093.1731010079648931223681543095857
53727,43094.4967339360697441728661919962970
53728,43095.0911430592333833006269320192895
53729,43095.5342355609318152252896132029861
53730,43096.8185763191551256281661751126155
53731,43097.1323364016845838045226259768609
53732,43097.6941728038718224037776815883623
53733,43098.1958459567589648742774555652737
53734,43098.7727020797165013839430406111756
53735,43099.9131368051315325131430794513024
53736,43100.4686463671115923822208160334322
53737,43101.4059703973181853694428545988996
53738,43101.9232702864309629348299819173492
53739,43102.3954093492503514870058916286522
53740,43103.5452846514021712372323009826665
53741,43104.4197346094079144337320269723127
53742,43104.8255423357253947752811889881243
53743,43105.4911495897700482836542625330234
53744,43106.5126492280337789092718746646620
53745,43107.0306382228342087858236463613876
53746,43107.7851628539266436385394281873827
53747,43108.4195776684394659888620486871608
53748,43108.7651934819961549689959845969434
53749,43109.7930991395079503135902242583394
53750,43110.2825772235291484757821316487603
53751,43110.6774986338508018678197348584009
53752,43112.3852941592034519701822944868050
53753,43112.9772467891599082616915234724025
53754,43113.4994344019827797624065074895347
53755,43114.2909532352186753007700637212463
53756,43114.6994270183997196138044653106355
53757,43115.3505349372218316555642487948453
53758,43116.2178907304824132534973173971893
53759,43117.1366009788193774849476909100389
53760,43117.4426411236364221481108765802297
53761,43118.2275088822628399007384516913411
53762,43118.9317822425787850688577759512294
53763,43119.7563101038694106294279239425082
53764,43120.4361634161410256465618081487320
53765,43121.1517959732995077299666059965962
53766,43121.7358170855018408011965652546856
53767,43122.8132038700715666575770894327225
53768,43123.7143910198025363521284581077162
53769,43124.2193740629622695567501268962951
53770,43124.8327864160942022046466888641882
53771,43125.4219235514778944114282277510769
53772,43126.0976291723041449165543291587145
53773,43126.8124111230653864511633157151847
53774,43127.1143276005622082772745890585195
53775,43128.2852312034921352114968794405929
53776,43128.8677646365724592452420590525153
53777,43129.8222971869553234545736921312446
53778,43130.5289521506139227075725705553024
53779,43131.4272265408916056506270609599586
53780,43131.9224534003554799670397979908028
53781,43132.8121434090923250574733437020563
53782,43133.0930247329610191247405556912579
53783,43134.0051536704780524885100551659613
53784,43134.4931185905033389745452860785938
53785,43135.7807265527148043113966861820123
53786,43136.1909628605233057773937008731191
53787,43136.7854303600253000205592972088557
53788,43137.1794764694223875876544087792248
53789,43137.8104827142682290875846864806544
53790,43138.9915027328322906472446457436869
53791,43139.8732860685038460792937646799674
53792,43140.6195372595543966156804780208228
53793,43141.3655689040600709597022866522721
53794,43142.0423856440445379040319236969025
53795,43142.3825584672820199940610108862456
53796,43143.5079052846516376416597401076875
53797,43143.8553744310795934779671263855881
53798,43144.3837333663039972042523097492435
53799,43145.0743730056662726929767861592507
53800,43146.0487712513703371986354723035236
53801,43146.9613086417073184149132406860214
53802,43147.1536453607340916827355524055678
53803,43148.6053037589581673983931397121232
53804,43149.1427168297077348670994019311470
53805,43149.3358695603642051106563634192439
53806,43150.4522014324405604894337664653012
53807,43151.0217878364845397807236769234020
53808,43152.3174722471173003226801141912807
53809,43152.5004644122967798615774674281678
53810,43153.0383419405936182633689993850785
53811,43153.7746825132665175762178747892709
53812,43154.5364727349043382306048048707300
53813,43155.2424091451018633707145234426998
53814,43155.7671441332701795867561012065115
53815,43156.4961139024664186624661317153370
53816,43157.4521367604138986707248003931536
53817,43158.6857191483354300683493395364486
53818,43159.2030862497613218074841079320875
53819,43159.7408240835411182613272662651842
53820,43160.2745909894588564142193179747394
53821,43160.8865089887110106468305432469541
53822,43161.6545644469411589941859230571349
53823,43162.2764662697058113358259456280506
53824,43163.2465609059047074774670696129207
53825,43163.8739074936277612768117141980493
53826,43164.3724371510047801195847809909894
53827,43165.3334212693823414347291615061793
53828,43165.7489584912811896812221746501760
53829,43166.6896111870474028264134019711117
53830,43167.6578784825373330987862889305597
53831,43168.3103601364890805151737811895628
53832,43168.8188124055855263128770918784836
53833,43169.6681512042637880440652504876926
53834,43170.5221942345062458544713547410660
53835,43171.0967045399266409961314880597456
53836,43171.5218592012302559080954322600050
53837,43172.3596041533128484122314664953001
53838,43172.8588633881987477974352922739877
53839,43173.2000486484405013416689863193747
53840,43174.6523628760983950706595870099443
53841,43175.5359033273086832701049645356606
53842,43176.1164850921804346104500858949093
53843,43176.6788150118344456984497025565690
53844,43177.4357503016212683227746939958641
53845,43178.4428152031863034215676941784806
53846,43178.7699603657707380455837030182128
53847,43179.1558975205751342456346356729669
53848,43180.4246071245718703553194744517791
53849,43180.8797334776269579436643765375498
53850,43181.6015819292868983975795526368303
53851,43182.2752999229221790336921176953002
53852,43183.0187997707488957004800835303996
53853,43183.5356455479292189860492661719762
53854,43184.2748748868192850167435301383282
53855,43185.2902224275368359670421494116649
53856,43186.1786528953019839991399900514744
53857,43186.9189761873755252825080857025399
53858,43187.5520406421052988862761276079487
53859,43188.2962337284066377977115960898900
53860,43188.5665152601805559738027121089722
53861,43189.1464716040273716108704430607359
53862,43190.0959867885992696741680330136464
53863,43190.9504062133800597646455726731148
53864,43191.3201332926288579194770369307436
53865,43192.1564690002786511518908110218672
53866,43192.9283817568688272072613834860516
53867,43194.0490779047041951471469776309591
53868,43194.7811526767511316983005049533514
53869,43195.1047326452421114201458656481179
53870,43195.8112222126208472095422590076821
53871,43196.4127962559133023181500747673423
53872,43197.5745411016750044001380053278320
53873,43198.0535576385255111142785506508910
53874,43198.9290891689550380390878324858602
53875,43199.2459039113151384596150249685026
53876,43200.0091031818891849220120161066196
53877,43200.5343682209386681874517063203649
53878,43201.3440987937099149794982930224377
53879,43202.0628726648242625194901029123027
53880,43203.1889014279217849200357176823658
53881,43204.0880454595719417477615852740659
53882,43204.5732702209120798293199300281690
53883,43205.1132667117046280355526443243650
53884,43205.9565395230229616135083510006852
53885,43206.6760458668754026999475188876079
53886,43207.0753055804598724591529293016041
53887,43207.8701523525239122120949041933009
53888,43208.2090092607729261614908937172585
53889,43209.4818949147550293630875981799475
53890,43210.2797695648937743450782041527632
53891,43210.7151181400356906874806347739265
53892,43211.2129403637272652538371334128583
53893,43212.5469130773276460076713069029009
53894,43212.7237723016310585034506690975577
53895,43213.7910040818706621885739127339740
53896,43214.8194964981244637594210541761403
53897,43215.0544426352187849554825951082981
53898,43215.5804612528753049965989472006168
53899,43216.8089121349384032126775676573373
53900,43217.0734479861032657603174079098294
53901,43217.8935032685673270252219674460365
53902,43218.1985158338875069294530754215967
53903,43219.0508093212251577248442137364233
53904,43219.8711811997876664320700357483916
53905,43220.9045674793470931692044434443534
53906,43221.8758043986545782976360572144085
53907,43222.3695553887602865948709360052771
53908,43223.1002584695620519806040072140236
53909,43223.6245082749797792353113155330356
53910,43223.9762780763743411463248751706426
53911,43225.0567372943426191750683090234152
53912,43225.7306054933909799540139755226888
53913,43226.5016837028002788679409560742062
53914,43227.3325414792615715986039425797813
53915,43227.5246493291145652564733007504036
53916,43228.2791024561579295312885821633752
53917,43229.2703366241504288715848691232766
53918,43230.2178190455099873461790660935409
53919,43230.6081950582875593879656452357404
53920,43231.3640607353803571306503629032871
53921,43232.5767776023775703084596555008863
53922,43233.0355805096708916810362690500511
53923,43233.7106344841263510841168303857917
53924,43234.3149737120066696131309482860733
53925,43234.7366310811842704083152923822301
53926,43235.4112175392591948338429031495065
53927,43236.2300349896750869656287736069887
53928,43236.9780803920520015897315445709105
53929,43237.6445725885733434120227255044402
53930,43238.9102711247721893902294067416848
53931,43239.1257710497011898780113720168378
53932,43240.2174971555460020207308718728686
53933,43240.7177929206623056550589727444643
53934,43241.4149938218998411319052925050792
53935,43242.1890871477867587275633713517385
53936,43242.6320076130129861208780097284580
53937,43243.6908404757281858454982421401809
53938,43244.1196351435513115706654834087998
53939,43244.9650566223254338343561923968279
53940,43245.6114947146021100543814934718096
53941,43246.4324658406625447429607713125692
53942,43246.5519120058532532805710288825925
53943,43247.3260727187198414323214574426285
53944,43249.0322298397034422751452276897905
53945,43249.4861253825580878186613452991592
53946,43250.0368243134773020761236503546583
53947,43250.6969217940197695938336077882942
53948,43251.3613459837750556481305826726924
53949,43252.0917585491608917233694184299599
53950,43252.6326433646226087173694218623807
53951,43253.4671081800794963298354559482693
53952,43253.7810430835650690066831449620081
53953,43255.0261485826024304480286351788419
53954,43255.2179968070310355155567520712519
53955,43256.5514785281107387415271793106256
53956,43257.0967800640989069719460092985955
53957,43257.6138005473906284228047574063371
53958,43258.7636028909469369244334199805826
53959,43259.0470402453247138868344144548324
53960,43259.7737561957643336349162292235402
53961,43260.8154123639638813849241648890677
53962,43261.5979428445264136912915864574686
53963,43262.0429845450239627400253391252299
53964,43262.5205607741734664727081107083070
53965,43263.0757871353256460268958429043603
53966,43264.0516207894731246545786334744115
53967,43264.5296379489259463540032622392546
53968,43265.4770639639854945995398109170002
53969,43266.3932111679380945201114336264402
53970,43267.1020195246554450649056742913717
53971,43268.0867590195626711488476673663247
53972,43268.6063568801475727035210989706259
53973,43269.1759688139242944037409223532483
53974,43269.7025285926601690740369823168472
53975,43270.3252382971344786190503622252528
53976,43270.9649726102405148541129104284861
53977,43272.3465147843957357958581446624965
53978,43272.5381271708370217524002470051997
53979,43273.1923354316006225053235230151498
53980,43273.9207174941848240737664491895026
53981,43274.6889862952352477748797029316482
53982,43275.5332891675455118380426721746197
53983,43276.2992760322478334288619188364076
53984,43277.0585788097927576011756881074133
53985,43277.8677635262809599088052289882829
53986,43278.5265045358809169603446855096071
53987,43279.1918833968646889714026646599050
53988,43279.5341316116091959428239806512258
53989,43280.7478599699889430100624114760632
53990,43281.1325077306238386178992666846304
53991,43281.3773386398410284979117363932742
53992,43282.2738504067209350860592004954883
53993,43283.2128199373450316637920592086708
53994,43284.3053238802964819778825665192928
53995,43285.1227952345947083270321554007348
53996,43285.6869338885261224900546861005121
53997,43286.0141218750818245382870363309717
53998,43286.7350793447413986527625237218967
53999,43287.8478489946806385610259673703214
54000,43288.2804576591986425113477764137995
54001,43289.0183195721068339987730660225673
54002,43289.5774932277559043092341232700473
54003,43290.4625718179017822312755421584770
54004,43291.2189820437499314921689873342914
54005,43291.5420355656250722489046848109167
54006,43292.3956290528486334573541628140690
54007,43293.1529448809135508803875775420431
54008,43294.0462362701685084060163079061242
54009,43294.9242352450872007008244693109097
54010,43295.8183098932028723821546668496892
54011,43296.3162929421780003761412975811729
54012,43296.8105941091351711630052969375248
54013,43297.6084295828366755752548476353379
54014,43298.0365206870501404864800909326426
54015,43298.8368518060872489027808002661946
54016,43299.2758421563099019216098134872683
54017,43300.5879362290201110859221265948528
54018,43301.0599234298069641661220144191461
54019,43301.5768432609741314073271884267578
54020,43302.5541304925879068206356705484772
54021,43303.6427681983553798922500417994583
54022,43304.0924594200637841684367188217392
54023,43304.5543244393384685066785886203945
54024,43305.2658333518611731484905247740505
54025,43306.0706478719941223991470544165336
54026,43307.0485500361265710023438144876746
54027,43307.6571382403834151529621737364204
54028,43308.1190464647011924612685355641769
54029,43308.8593357197176731327099239294084
54030,43309.1502187385393355332386874290225
54031,43310.0936744184086997324743499837043
54032,43310.9197695984526622040555853335077
54033,43312.0337287148256863774213523463552
54034,43312.8420577970842186448650612447143
54035,43313.2816478659745794869947466179544
54036,43313.9797016202706231334902602071125
54037,43314.8907687827322215769856488193879
54038,43315.1243371891693541288331335974824
54039,43315.8393352170868139585719897073339
54040,43316.7749958123086375688393219106854
54041,43317.3288498594166928888187016507603
54042,43317.8815822693765606146885532466249
54043,43318.9646132449411469852539260237779
54044,43319.5668350358302016789462352937707
54045,43320.3163134518598874646996586042671
54046,43321.0867773231155387565552734340493
54047,43321.4415038424842859553533834326669
54048,43322.7045739618709653950092662185767
54049,43323.3398095232291954219494290732039
54050,43324.1009282898650496462515604472559
54051,43324.5821478874322332130495266600181
54052,43325.2308002914510772392276024836460
54053,43325.7935475057648102854934015678525
54054,43326.6069277107669218002478036640961
54055,43327.3302395466160179700840364233290
54056,43327.9142619119691264280137968206660
54057,43328.2920001237578491310080872806836
54058,43330.1423030359494694382679406502178
54059,43330.3181697571850384547240658751428
54060,43331.0971437238392817084328553830981
54061,43331.8604806075213425428343255267547
54062,43332.4214402726213756731859798540909
54063,43333.0916737628166629635275357113844
54064,43333.4209058876286824741599808829708
54065,43334.6537206117424413890742738109662
54066,43335.3350177416824976313302600630750
54067,43335.8696690874212710540103580851269
54068,43336.6281854742604877347678876622306
54069,43337.0645510937676069879687232512587
54070,43337.7513900162847411120861580147308
54071,43338.9873304893086675061088183027299
54072,43339.4892645668809915009076097304613
54073,43340.5939486881892305202831818040692
54074,43340.8344406199420147540969608403030
54075,43341.7070456776952969653638928773393
54076,43342.7561584555705186065681171179456
54077,43343.1162193947925721716670069699832
54078,43343.5263988935595949223795981259365
54079,43344.1059252880193121230283708442016
54080,43344.9242169305146374437624153365908
54081,43345.6674665360019833759728113245356
54082,43346.9050502176212460130348697454296
54083,43347.0980149666512724112761103044791
54084,43348.2845177082206729684671711489967
54085,43348.7656509179309483254740184553135
54086,43349.6080043835963864322710143619261
54087,43350.1386346439382626003558559074029
54088,43350.8208034016163923107923924110902
54089,43351.6525215153825702463892731399053
54090,43352.4165004887601662415186776764523
54091,43352.8786819745934654200715608182765
54092,43353.7156081623948390443491995840222
54093,43354.3902188134774498799482497526307
54094,43354.8426463890770218941821899964409
54095,43355.7217695224368160431090392780451
54096,43356.2147847767619281318863609174511
54097,43357.3331743327196687259167938734220
54098,43358.3933141887295885995278070376380
54099,43359.2612204113916135986525195369735
54100,43359.5035219709308145952026947371099
54101,43359.7799851726136106274870573557524
54102,43360.7273548608345827870074187228575
54103,43361.5315596295821614768407583750526
54104,43362.1489801431664319295755070439300
54105,43362.7763469361021130411232908029976
54106,43363.5476137063451789728841943122315
54107,43364.2980596958757773079228774577936
54108,43364.9254873797478394409387242076784
54109,43366.0194057090746344454433591567337
54110,43366.6497055235632971331769133830329
54111,43367.2610398779476877060147006559955
54112,43367.7025698685999995167726648388199
54113,43368.8845363602578075054392080719105
54114,43369.4572704762686992016053776802062
54115,43370.3325418258648235076650241254359
54116,43370.5758351484995207298584489877829
54117,43371.7119784305855607406032013303438
54118,43371.8311039004753591290574739673450
54119,43372.6801671582190993366514842906532
54120,43373.0563505847278557065538147702621
54121,43374.5095165958454381282731336409958
54122,43375.1745930260982545570721586308208
54123,43375.8878865608389667456717723215202
54124,43376.6631521571440103840055327384038
54125,43377.3447484343352834039419736786599
54126,43377.8795884249357797520674957043802
54127,43378.7370087229846993165563109190578
54128,43379.2295052065118676460856243450294
54129,43379.5031232003718320674198058613631
54130,43380.8081444803298429667084436874091
54131,43381.5919046539115658497971677571646
54132,43382.0622037487836367083423250852827
54133,43382.6923353326028396768028569130160
54134,43383.3119280959999595822094830399497
54135,43384.1817209310082448409047017473760
54136,43385.3106225377173186630040426078217
54137,43385.7452477643602545611721199973953
54138,43386.5267267212588887007639677022265
54139,43387.4853268556590235394951998233087
54140,43387.7574955194240420094641839203384
54141,43388.5134310680575525058946752090618
54142,43389.2057349620356141553242845035645
54143,43389.7406071668618335262211677947548
54144,43390.5300655460530917970498897910839
54145,43391.0711075596459291804695694589999
54146,43391.8734967919144020944876397377652
54147,43392.9494546379085426307715577221738
54148,43394.0101423043900869869964032423985
54149,43394.3712143257593585397079653710759
54150,43394.8455456010768434141090450946705
54151,43395.8126741751811335911887536463433
54152,43395.9912264171761205434605954115128
54153,43397.1656740026060630581353599746264
54154,43397.9839440371103052808046076562485
54155,43398.6087966297811025103232658160434
54156,43399.0904117599639112147183427038723
54157,43399.4011604989780358004588564388508
54158,43400.8585325268896681933558648728593
54159,43401.0818504733874938886983689178679
54160,43401.7342650758174995893132148806671
54161,43402.9188015089331331380187798756916
54162,43403.6896928515739044086660060216776
54163,43404.4301958371857714093450310170363
54164,43405.1421495248001447277106790252881
54165,43405.6286493978542204677262707872631
54166,43406.3474703316300041035933526490440
54167,43406.8168463575206793279529521150063
54168,43407.4039774124266028605272696703971
54169,43408.3321195455049462068917568800003
54170,43409.0344337525317746438235006366743
54171,43409.8376402342639642603430753427231
54172,43410.6059846516056395588529259301060
54173,43411.4445950141592544887614820577092
54174,43411.8201924399376060949736654183783
54175,43412.9986596629194360893493256897699
54176,43413.4548437859778579915454826763329
54177,43414.2526329890999373080613275950687
54178,43414.6725203926132036844738878914697
54179,43415.6145767280109041306093846328839
54180,43416.3870451428456192904463586125883
54181,43417.1071792419424876717320811664011
54182,43417.4704689382230370796327902657806
54183,43418.1358666731869992587403354096929
54184,43418.6348199496807374435236398020462
54185,43419.5915635842419370680860328958688
54186,43421.0677644216161111328431514412781
54187,43421.4951717555132164190976625275962
54188,43421.9182790336760217808170905514952
54189,43422.8664537321144448820064662303839
54190,43423.3883855415380461451825188528728
54191,43423.9799979566433513357681052102799
54192,43424.7949992404587591473192289841114
54193,43425.2623153613462366488514303039776
54194,43426.1284860423147000282536736346898
54195,43426.9006209458823693401479809573334
54196,43427.5864930819680554249243280047135
54197,43428.1095960218144640084199145851614
54198,43429.1157888209627955569997099859224
54199,43429.9161389050119887987287863861705
54200,43430.5890931179446088343142352408027
54201,43430.8280610506138753359063656361919
54202,43432.3190539858485586087794662435634
54203,43432.9973199651851060288022945855712
54204,43433.2151356389931283862023143465853
54205,43434.0153067171690087036691141749869
54206,43434.7131329634480637405390878177705
54207,43434.9862643534777714265226230931322
54208,43436.1604373092458521910431963636091
54209,43436.5449651543553092481649878875595
54210,43437.5179036717094815694513850488246
54211,43438.2421566932833738632529732074229
54212,43439.3321852475276366430201315955112
54213,43440.0388252323286263315694428016505
54214,43440.5708212705414027347481115702682
54215,43441.2022401860488433326305403011414
54216,43441.4552441231284169003508449709602
54217,43442.5899636690004507415354503567690
54218,43443.3780722586168553437074096287201
54219,43443.7600942017819823851764830443304
54220,43444.8805927334547011755620401636265
54221,43445.4334306732881529055175856154356
54222,43445.7246074682790559395361102854869
54223,43446.4726189422747509706914238736677
54224,43447.6404478359917317468406312179284
54225,43448.2155222008464954568063689097550
54226,43449.4304277519085386055160611611456
54227,43449.7612567323605112893758157363949
54228,43450.4057487309931282560774065216482
54229,43451.1265286661016558862315549456933
54230,43451.8032540402406198597785284750142
54231,43452.6681454512090752459005662535298
54232,43452.9829789944167387044225311138081
54233,43453.4989969137621732360551773364928
54234,43454.2762382255314922941117606304800
54235,43455.4905235810599709169631112111844
54236,43456.2314654717019591431121710429820
54237,43456.9133700442210205825007940744979
54238,43457.4206901948372847179758105750476
54239,43458.3506239112103756127968746459700
54240,43458.8394584943579246322604440244783
54241,43459.6704624700079279955223486345000
54242,43460.3975726002441126835339627862351
54243,43461.0694388766789161429656982619525
54244,43461.7717953297448664794821604342603
54245,43462.3910214854063008009035982568547
54246,43463.0087212671219608196990156850489
54247,43463.7404240243942946521364477174088
54248,43464.2568102179070394801326776066506
54249,43465.1634109668307358825575499771205
54250,43466.0435713919506042855861182651182
54251,43467.2519256853692845524720923465246
54252,43467.4455494928454642175893626479703
54253,43468.4533150206848985771493235324727
54254,43468.9604652131743436762047991179342
54255,43469.5135480908602146613321074604968
54256,43469.8213635350381161273257025369085
54257,43470.7933800218426167575939723557601
54258,43471.9247062015049716257036609913489
54259,43472.2732437748151031231914400552503
54260,43472.9463315296029670889200020588212
54261,43473.5607490915183890464900978883201
54262,43474.7440516209303688155826837646108
54263,43475.3714925781038302045994508213083
54264,43475.9609888407143737257335035143310
54265,43476.7861266562286947487127373516501
54266,43477.2578534705264989575180415974332
54267,43478.2049099488922103556655797629755
54268,43479.2164209657561047376433135975941
54269,43479.5705149855511120599722489847840
54270,43479.8778287034174054428700526302119
54271,43480.8029909822290224629186924387720
54272,43481.4382983313456118871518617664213
54273,43481.9528210853851376790898937837939
54274,43482.8747937439062403587542584151137
54275,43484.1314281389043256750331920416926
54276,43484.8332785411694569242576000258494
54277,43485.3419471013916204424523098001736
54278,43485.7602702713534349815096948949985
54279,43486.7148049754636520811080070531464
54280,43487.5462414406308462964040054754458
54281,43487.7880259828606954084381974407102
54282,43488.5698171641282832775838249497606
54283,43489.4635771642287849959917223407692
54284,43490.0324735857653047296526572129392
54285,43490.8985743185769551682106005812597
54286,43491.5597344958142768676301481680249
54287,43492.2588832201894054202389851440622
54288,43492.6443869404468575471952439583766
54289,43493.7881889283565129403057300322851
54290,43494.8631776994041483516627680544270
54291,43495.2532930363359625882459713581733
54292,43496.0397992004552543399016818171869
54293,43496.6068461706340874555612611238274
54294,43497.1231467882505883350372885955223
54295,43498.0033149058192287231273973318024
54296,43498.5848515621224334316607446668986
54297,43499.0744983468406688283911638276643
54298,43499.8066855632926239699954181121618
54299,43500.8821605525238056156974458626404
54300,43501.4580302075717940337499229602549
54301,43502.5337217254129000490572928538841
54302,43503.2645118855509884458529291941295
54303,43503.7747447251230573892875263552745
54304,43504.2310412960047936831399057110892
54305,43505.0693741071263506404583466565566
54306,43505.5993033058124251599081895893607
54307,43506.7251887618371401484417929094917
54308,43507.4810616225419439115427236359901
54309,43507.7635463302756587940259745552647
54310,43508.4195316958179147652305843571882
54311,43509.1428626676207833173594244290615
54312,43509.6345858124267044025530860318042
54313,43511.1267458020104491463578273510258
54314,43511.3920353630221638064518260319904
54315,43512.2540052107629243736364004188619
54316,43513.2102234501497090819525649972245
54317,43513.8930251376467273495064416107813
54318,43514.5113045025292937486825141471196
54319,43514.8017571418762412371947657628664
54320,43515.6689597655595202300264061352866
54321,43516.3687891973985594256585304558887
54322,43516.6795719956412278563242825196390
54323,43517.9708647757257701873194824580517
54324,43518.5610607638696231077264332556969
54325,43519.2588316072183123129604881251673
54326,43519.9951363208366826606069601292651
54327,43521.0062279155831408598298884850502
54328,43521.3484119113385196660502404080739
54329,43522.0905822542783786530897860482134
54330,43523.0083634729383057419043061550500
54331,43523.7885424308440797830546839823083
54332,43524.4044687533819060440483623619188
54333,43524.6242359131105077905969074359914
54334,43525.9331444051985676562529626926115
54335,43526.1825951239206969780090928541773
54336,43527.1087531314629064389240414036257
54337,43527.3581944734157555841411276565490
54338,43528.0978679524089964367674576667378
54339,43529.7180950399286594746853340720163
54340,43530.1953510279848254458020969403087
54341,43531.0271227929639448693788330301916
54342,43531.4675153975756756382949150536383
54343,43531.8521731170661083138076115979289
54344,43532.8057560675147411793753384365462
54345,43533.4834720995584684713288209459477
54346,43534.0544698910621184495272803093158
54347,43535.0623159483174588047004174922421
54348,43535.3073531364127163028607803173687
54349,43536.4724481402866980133943942284749
54350,43536.8113185725364183846917493743797
54351,43537.7415208127119885866714854546064
54352,43538.5466022078989790292988634797708
54353,43539.3033686300531546252550079870133
54354,43539.8352410297493082324922167423625
54355,43540.8848824869581118694204651843225
54356,43541.3404286738780676809088899848685
54357,43542.3428265271392204680798346525669
54358,43542.8365786282744051342134073917724
54359,43543.4111875282338268106995125023421
54360,43543.6805224544220701677240373674415
54361,43544.5380088640323333037165395023675
54362,43545.5843912708535919303442337553675
54363,43546.0675576965597335315720636763357
54364,43547.3233805701340828737177556725521
54365,43547.7978434247352149221057696834316
54366,43548.4438036358999658408527294765468
54367,43549.5106778961459990148480152181305
54368,43550.0243790460660064564262465962097
54369,43550.3412967050632122150060079826370
54370,43551.0286491684291123825535087965789
54371,43551.9259046194503473366538271898212
54372,43552.9224125947533615239855882553490
54373,43553.4449051155081286995949020234676
54374,43553.9171558954565396314735300578494
54375,43554.5453325924736192819695799493160
54376,43555.4570748574793455113811907166349
54377,43556.0105300692473515926609238375520
54378,43557.0234059221888966650858523936651
54379,43558.1664302798469680458359266242493
54380,43558.5024347756052745115834015521795
54381,43559.2013260535285337917837576194230
54382,43559.7610936305206170366067197725324
54383,43560.6087945782460441821923752235639
54384,43561.0511476437928447316153637137269
54385,43561.7171318204996110361994094540009
54386,43562.5697761704351475399417459339462
54387,43563.1726790494197219747254981543485
54388,43563.6365226327378262098512341860950
54389,43565.1627604108690604026426822049144
54390,43565.6120870817259077624061394235019
54391,43566.4017196865668924700797849794753
54392,43566.7892743966986570055148977849314
54393,43567.4775911809813498077834280984381
54394,43568.3793275792438796569200211791274
54395,43569.2728988732113501864526782693812
54396,43569.8892723824007218662644927203569
54397,43570.2774308268469893763041153519911
54398,43571.1481558241552921338345259157085
54399,43571.7685017325429706004200223891295
54400,43572.2593944750241953737922405404932
54401,43573.2999469405995830515251446888734
54402,43573.5690704374193335764095813042182
54403,43575.0037091019794756711358007372606
54404,43575.5863886776693392004594272986135
54405,43576.5317080584403624035812540662278
54406,43576.8596479324380710692596444323989
54407,43577.7923164552669361856492332022584
54408,43578.1179133014047949532883031244642
54409,43578.8731332367229243107921178137765
54410,43579.3872336267173049404002465731316
54411,43580.1916382641082953679561949454522
54412,43581.3033932263134428904502274953280
54413,43581.8639046272078767753765153039360
54414,43582.3282891217090046043900520820326
54415,43582.9726486129443196001042201975049
54416,43584.1786589013770289802651273383064
54417,43584.8371849705131500294575210982528
54418,43585.4908090575504904204776226761146
54419,43585.9310033734686290884243071282880
54420,43587.0455997973689396090824148338760
54421,43587.5490232523309054857410100417264
54422,43588.2579066310071905762284552359633
54423,43588.9750519853095057118588697209364
54424,43589.5618035401353288621657904464969
54425,43589.9580183980315224840046455853160
54426,43590.5284409393462658038959304857800
54427,43591.7936264776856056594136598383913
54428,43592.7372305289176281803359985282133
54429,43593.3192353452013704008197140874934
54430,43594.2256624303073256559579759734561
54431,43594.8019702425788319510446075405860
54432,43595.1128481648216332103995366344587
54433,43595.9398847569255860279888926435164
54434,43596.7330370799614776450509706695467
54435,43597.5174811964282025502129632423280
54436,43598.0208489642968498196985038732307
54437,43598.8336740376095234497752840186625
54438,43599.3792152685754641556409353418344
54439,43600.2699459183206750167867342680286
54440,43600.9389078333918037106725766631655
54441,43601.6194525160408025321087002867193
54442,43602.3921208278693830306370184189289
54443,43603.1557459247928948186239349799661
54444,43604.3132106596601339471536912153461
54445,43604.8969674316050375645829539263198
54446,43605.2154451113799619859298379128653
54447,43605.8769246459430531273868225861039
54448,43606.3614460175935792650903822608764
54449,43607.5818666135455428936398701270180
54450,43607.7230155850015903327932244612815
54451,43608.5170638002700727451705084979530
54452,43609.5445105805973685873704056329910
54453,43610.1163548259268867020512845770156
54454,43611.3356617746300056203439124681717
54455,43611.8778405680132970093322540077863
54456,43612.2634332055416672868117671706909
54457,43613.1974321537036523159598671744784
54458,43613.8793235587627501670153332347848
54459,43614.1549085582156037448664198907802
54460,43615.3644247769726567494224976952825
54461,43616.0749432160805032383744475092434
54462,43616.5731771719189651280052689108962
54463,43617.3080675039678691346534976829839
54464,43617.7296201280362125688616172732152
54465,43618.4106188502201888680008872004239
54466,43619.2477653815131971520920891056154
54467,43620.6765777591051053395473330347003
54468,43621.0608631147203667276728509044883
54469,43621.7127348331679151412242007552988
54470,43622.2810702887516967654340284661747
54471,43623.2680349684639229055709191329358
54472,43623.7973946092672360875475478375128
54473,43624.5042241202485299811854076065539
54474,43624.6838432435478213809559827675832
54475,43625.5341091860331123612856301969101
54476,43626.6581606609322894123856417397188
54477,43627.1897032159213366706492676606019
54478,43627.9670595489349382243339095165634
54479,43628.8541498165134656464067705086729
54480,43629.4592857437789820841526832134557
54481,43630.0282298795765927582853884476874
54482,43630.9652956207275567579082579861689
54483,43631.6910738850149736654212811803261
54484,43632.2236770955071503408077479535492
54485,43633.2030327509156540627233817200598
54486,43633.7960826185580651587562601994179
54487,43634.1428175213269527215545062749356
54488,43634.8308835996797167216065069888622
54489,43635.7540058171450597528017820233909
54490,43636.3267215734262119433791121036635
54491,43636.8941028888335023836603454090371
54492,43637.9351662114273612439398144869830
54493,43639.1654358629853355525866468388487
54494,43639.8427006663275782213939226288713
54495,43639.9149242295147140745998510035748
54496,43640.8873765334067806775880400933212
54497,43641.3954466211279658579678346416573
54498,43641.8137820378716519347000820160667
54499,43643.0393075795660198110199409680698
54500,43643.6187128110058616528867415130908
54501,43644.2989607262451666054536831836924
54502,43644.8814302885816068787077463666866
54503,43645.4979639150999345755845644190433
54504,43646.4697996638870808731830462168121
54505,43647.3247835836451178111496537523489
54506,43647.8365466396735388816492886276128
54507,43648.5934896014945886110336808754074
54508,43649.5801171924591474740952700579027
54509,43650.1851008335622716930156752681059
54510,43650.7201105118829698806589264585639
54511,43651.6435960899384547793767740169644
54512,43651.9930643995715238431962397196169
54513,43652.6816990390546311777747029909305
54514,43653.3265323778432145521906768318039
54515,43653.7578495878876581450290786371395
54516,43654.9941342780808368587879429252664
54517,43656.1519300764299489318458334497798
54518,43656.3874803916981006567786036292129
54519,43657.1600314350146271388908715443162
54520,43657.9501422699516792021010605775153
54521,43658.7243719800410451041642590847006
54522,43659.0719050590165283620047075498319
54523,43660.1350267586825598900289037837878
54524,43660.4319770836675050024254498337447
54525,43661.2953495020497639092123901323343
54526,43662.0869994083391923127619164064121
54527,43663.1048499378785611924907304127527
54528,43663.3697266338445477807167758734257
54529,43663.5481114648005386518724905143468
54530,43664.8811606797017365378338701077996
54531,43665.7565963862209650794125513366608
54532,43666.5759076699729494978831600651242
54533,43667.3837498411396768309532494409156
54534,43667.9814346135627260562985249625235
54535,43668.4301076237802386911898558156214
54536,43669.2308037584269537166970191667397
54537,43669.6695937900607128543273821454239
54538,43670.4712881688510400155294973274967
54539,43671.2180462664112248185112977953042
54540,43671.7883017992479756254949111841027
54541,43672.6434110047890763870619827126325
54542,43673.4714294659437650518574695390334
54543,43674.1697926890686426305240998494334
54544,43675.4134612339081090651404903945310
54545,43675.5614022152585588823466797614458
54546,43676.2883963285937383943382842846935
54547,43676.5740360115488640506355485428354
54548,43678.1257237185837586965592240359283
54549,43678.5180291088894685208919648730407
54550,43679.2204229254909725155165519142889
54551,43679.7475632605568444474058420287049
54552,43680.2664134623797434496021265218648
54553,43681.0288438834470380905269028189599
54554,43681.7608020506153279085677256075951
54555,43682.5613839404837381541647697715630
54556,43683.4608704896344224108604005950178
54557,43684.4363693480603027499307680843115
54558,43684.9975905988692308346726249487825
54559,43685.7163552902076976180330320580580
54560,43686.3504460259141513599467334579143
54561,43686.9042009616878774638132681058709
54562,43687.4733578648910114823034714309096
54563,43688.2032353600460006509342985443604
54564,43688.8509927383905579408952233201005
54565,43689.8990002587528151836706955782463
54566,43690.3493289343444442496617909986982
54567,43691.2177439025576036340630453474431
54568,43691.9793250736682833767440453720164
54569,43692.3818679137766326203280434085326
54570,43693.4342721087201986329545895384967
54571,43694.2100862863733863141721776880875
54572,43695.0235617821094423345562275532040
54573,43695.6092798317905558046763355510926
54574,43695.9704785736125914308125554721938
54575,43697.0490742688760402534765681794573
54576,43697.6106216344697805796088172776835
54577,43698.2236220043857081372268307412756
54578,43698.6978786547102395184058491533626
54579,43699.4647396928939639444676488184770
54580,43700.0130853416395656104125978251046
54581,43701.5322611001881418055090023813949
54582,43702.2719157747483346608141360853942
54583,43702.6465205682390483582342401858815
54584,43703.3317404117031579232512406440424
54585,43703.9045508408307863298298449414288
54586,43704.8285488823669572257521014925135
54587,43705.3067733830840497902293323495803
54588,43705.8652617889331430404592004590845
54589,43707.1374937061067995120631161887783
54590,43707.5879728129197127561449759443228
54591,43707.8503346961429040880109110806528
54592,43708.7776753410741494913484073506439
54593,43709.6051347974828230546816092240068
54594,43710.4853218196144511159011204783907
54595,43710.9450349042013968810597282447268
54596,43712.0679870868304336570758595236830
54597,43712.5048500824683134869846316562213
54598,43713.6430525479519792571213023919117
54599,43714.1481595494819911583595223584796
54600,43714.5448977742165180804544433901101
54601,43715.2477938105689712810185349978062
54602,43715.7185259736697118828389597747458
54603,43716.4376231582661802258520572541441
54604,43717.5245000942571330415844418531876
54605,43718.2353932728469521949798339886745
54606,43718.6179084383265251756930577010625
54607,43719.9324951489587660650116864104903
54608,43720.4333326568607498867058910396007
54609,43721.2504221751823963734423592607469
54610,43721.7383885086148487613017587163128
54611,43722.3207774557729745668096255191304
54612,43723.1994255412795356158830356053008
54613,43723.8321382227629679449569677971264
54614,43724.8264367106762099511220237563516
54615,43725.1843480609482457833053838278798
54616,43725.8691168155113960694852525555267
54617,43726.6485552371341217716382780745436
54618,43727.1183334631776650139963819838782
54619,43727.7007076739768225334124140941350
54620,43729.1860257565505950109090808946436
54621,43729.8349367032369416747224591573733
54622,43730.5063275147887952402377642579369
54623,43731.2658336680717580997470374675800
54624,43731.5076167063053748302574458705317
54625,43732.2357575864860604886637095960714
54626,43733.3093670182777889828679919438416
54627,43733.7236585896136823574296646200397
54628,43734.2008772031197455043669822181789
54629,43734.9244757739402653067571553069767
54630,43735.9925529959000287293904909533150
54631,43736.7489884510624540161232720466151
54632,43737.3535072035752801333120775733413
54633,43738.3091048859201174463323233426565
54634,43738.5773381903241006112378794727987
54635,43739.6487777103684266205478379903531
54636,43740.1273133490799266778269680634616
54637,43741.3287443246134908081554467227559
54638,43741.6371283265677587521248854538766
54639,43742.4130393875363471297448219391609
54640,43742.7637224274349577751458338582411
54641,43743.8209913601718633852603053072438
54642,43744.2379204021216838273870120333291
54643,43744.7168751311323690029242211010927
54644,43745.7713952145621310814833983056742
54645,43746.8499312593173636590633412783354
54646,43747.3772686044820310358465201526244
54647,43748.2162290850773794864070361242023
54648,43749.2154386204097571042768904652292
54649,43749.4398165331904027613166128221818
54650,43750.0365392583425081841217128676494
54651,43750.5383144423281405524711880708778
54652,43751.4255028182443653145396610634389
54653,43752.3455972329594370741931780439016
54654,43753.1372204383129068376723401286519
54655,43753.5841791517094906386893572635290
54656,43754.2553358818687234973501127986197
54657,43754.7304317502665022520054344628263
54658,43756.0368146174964648470762724020732
54659,43756.6920005131093461082331310042405
54660,43757.2234458209856279511100599870693
54661,43758.1474094326965268898590212939252
54662,43758.7294094268867831130196051562528
54663,43759.7886725457339698663423483281324
54664,43759.9160929658347236979496256873995
54665,43760.8180577744886226645644135872315
54666,43761.2874770180098709344545384492941
54667,43761.9243221676515782331459381608148
54668,43762.6925398324862178845594130972167
54669,43763.3682786204991939059426605553056
54670,43764.5666734567748106946941672676107
54671,43765.4931698799716629585540105148205
54672,43765.8300297463752919169060213504252
54673,43766.4806715721170869328717370726370
54674,43767.1158033869846347275489253493617
54675,43767.9649188130175692865596538669390
54676,43768.5898718475803688450532072562418
54677,43769.4650897037775042304132366672967
54678,43769.9309625093920073015854934966111
54679,43770.5919208189506585361584076708432
54680,43771.4097697033481241467504477050411
54681,43772.1244014270218610556059858212675
54682,43772.6156584518265509620795348877771
54683,43773.6110987692991146654844715964983
54684,43773.8900363529899011773340797187183
54685,43775.5901035313436421641831456707807
54686,43776.0778761768478358281920720606326
54687,43776.4160520769876446360013515706764
54688,43777.0889944696341495566989484130483
54689,43777.9739020794098008174216135942991
54690,43778.5686765852822611696586120113482
54691,43778.7460364387277195323986925559072
54692,43779.9873380350667205580488155663543
54693,43780.4556639105422594701372087312328
54694,43781.3932365760075357177610179024920
54695,43781.9546083115278292030291502920347
54696,43782.9072085985428175899765098677297
54697,43783.8363560158440578880393263179371
54698,43784.1510958993504110818294760774596
54699,43785.1940842102992057256957558452697
54700,43785.4771419920560671431470437312202
54701,43786.3013662637321473042344858539702
54702,43787.1884438884114969217172433087935
54703,43787.9617605291371392540414102858619
54704,43788.7072065142883086324969744804604
54705,43789.0326680232608890959842041023537
54706,43789.3582916833428972387773388602852
54707,43790.2855632622861185183259212002241
54708,43791.2922876842190619192303920758939
54709,43792.1682015660288873272328142656039
54710,43793.1393938102754686978278018000158
54711,43793.5264925554671990821735588202712
54712,43794.2523394217588337931394180839475
54713,43795.1277996737776826588505026933274
54714,43795.5674993854230792979202643224538
54715,43796.2959766207033100301821480471741
54716,43796.5890561754478699200347383288148
54717,43797.6881415610601576687907581490273
54718,43798.3855318308132224028370910050698
54719,43799.0619725482527487638647501663327
54720,43799.9395619453885058843720575597980
54721,43800.3253908506477485572677935198369
54722,43801.3936026164052058405222494747414
54723,43802.0393044772742684811684203476076
54724,43802.5255790759010516795125073809188
54725,43803.7715756779937136974355828180878
54726,43804.3128582552371615102383809464046
54727,43804.9626091608751729459739376391187
54728,43805.4959847153579512614172017821044
54729,43805.9171930057369612350470112541985
54730,43807.0266129212287199935415962176455
54731,43807.5414239846566813039355051024486
54732,43808.0926975767816269265694683128380
54733,43808.6339976574645595567879387525450
54734,43809.9392030048745483498077659633142
54735,43810.8111288146390107548328101372617
54736,43811.6363783631833938201430217795444
54737,43811.9935596295461540633032298551236
54738,43812.5613455463215298964002030565927
54739,43813.1862720633126390755235847848860
54740,43813.9056111318006036968857288510764
54741,43814.9843458314688590128791068733581
54742,43815.4554962567458339081049879705487
54743,43815.9976349131873504449137299275968
54744,43816.9905024764902269801142088135871
54745,43817.3026283685808718943740344803016
54746,43818.2055511739578837706454819660518
54747,43818.7529987531569430974379045844257
54748,43820.1033113189760502106751205422789
54749,43820.4876406817805376765594372555283
54750,43821.1622087105962059889370435698431
54751,43822.1854715330452565273015120207284
54752,43822.7363888800211169446991996981373
54753,43823.2590366730906966919917465812302
54754,43824.0115796587880800466453180638824
54755,43824.4926778931297627284212345941365
54756,43825.0463079683284481243297191775072
54757,43825.7537976653684064208636043272687
54758,43826.9930481456253929051941483649588
54759,43827.7700364066432433419558224073651
54760,43828.0742280648211053923722809928142
54761,43829.0870744540823224115775321827574
54762,43829.8094056321029646878597307236806
54763,43830.5147178531484030558556249377813
54764,43831.1378331497678674630213776261952
54765,43831.6642972271187328334762829256985
54766,43832.4888814401993229422301876073438
54767,43833.3994088499536023186808560516989
54768,43833.9542799413770683849185289769910
54769,43834.4576260134165230415698830134521
54770,43835.2231705452383277715005947607025
54771,43835.8889289850852062688810878486922
54772,43836.3017573329110936906983024109695
54773,43837.6482996027441202291046957813056
54774,43838.4645373649456517033395688566725
54775,43839.2478085852734216440378298180341
54776,43839.8039967604697144235269515922827
54777,43840.4778539753555254987774259638859
54778,43840.7193878609474576933062435588534
54779,43841.7055488093053681568799808483076
54780,43842.3402873373414142080458180742532
54781,43842.9823909537695019694161708457182
54782,43843.9642540707355686994288461479778
54783,43844.3834162857456374956899254194956
54784,43844.9382855542783911810694519902383
54785,43846.4394669299845853638226013730923
54786,43846.7817355881845916645373140753831
54787,43847.3802153504829985588232085132109
54788,43847.9573011271009403772917710318947
54789,43848.9365617714504225126302423892573
54790,43849.8223393128905224090011221306898
54791,43850.3767234411385138345812652497029
54792,43851.0772598046630387941177899164710
54793,43851.5897669775339227456082675804236
54794,43852.1952255976472064612671151974593
54795,43852.7397566047313085579718834741401
54796,43853.7908135953755371796582602601919
54797,43854.1263711536811420649729369570758
54798,43855.3158540787694848779525253406135
54799,43856.3538560126615451462790691439413
54800,43856.7495475218356626708312460003614
54801,43857.5919219409149490992315506362278
54802,43857.9617155237032418727346866498567
54803,43859.0052069687905283974562939709862
54804,43859.3895617958321168235473247930837
54805,43859.9003682646396645616578003800007
54806,43860.6708635405427392763017133539001
54807,43862.0438228814861065925527687594461
54808,43862.1898776987430071739564317561465
54809,43862.8059978449891236241771179639420
54810,43863.6144631752297292633083965650904
54811,43864.2274520451716145565082435563429
54812,43865.2792480743244426611486355722836
54813,43866.1504731505833120489136870630248
54814,43866.7659589270096557806169683815474
54815,43867.5008686051580425236890240071312
54816,43867.8502510546698243460262698103392
54817,43868.8824834874756548747308894000913
54818,43869.5103872134692357203808947365371
54819,43869.9983774748977482525039915944723
54820,43870.4639838440395173821151530605083
54821,43871.2644765842761284456549786978271
54822,43872.0683265007955003071590189261580
54823,43873.0809149844523677018944141417564
54824,43874.0460382116157384140801411371225
54825,43874.4283887504651520776508040753152
54826,43875.4174071519039808001327896604487
54827,43875.7031613392104696988311307290130
54828,43876.4010964796409517824236717803458
54829,43877.1047365111410591612171658751802
54830,43878.3247483989475806215793940670034
54831,43878.6274824778730901014622878898581
54832,43879.1640533672825125518820776965999
54833,43880.1177885923674503734890506774428
54834,43880.4002875976118227502382521440091
54835,43881.4057729736775906203609505313201
54836,43882.1003749654678486386760400151098
54837,43882.9092095210006921518442479973979
54838,43883.6320429392422257137355719776403
54839,43884.7558297050185638025488663630328
54840,43885.2548717997114876080507988542079
54841,43886.0695922212490481912261093344134
54842,43886.4787866634460235634419011247432
54843,43886.6944827734988052715678249467236
54844,43887.7622827365067915090151677759344
54845,43888.4804752324554522121898048863542
54846,43889.1886517251621576676574029074756
54847,43889.8740905640593648925360572222191
54848,43890.7156173701408605666334371183310
54849,43891.5707374789905080211856073931352
54850,43892.0211266909853095784128157785966
54851,43893.2094898263242629575581768680980
54852,43893.7002663470305455797595292749014
54853,43893.9625211323306417514364527224649
54854,43895.1793625165312086339882619424138
54855,43895.8174577593238354718021053216773
54856,43896.3139052015776407028008079429239
54857,43897.1703093690373129882873798451870
54858,43897.8260279584048039782351302794004
54859,43898.4371413726437368386063014647898
54860,43898.8043287181440788837767781199234
54861,43899.4276990910843076073170563434118
54862,43900.9713407374518834631151515584726
54863,43901.8606394000208017381213799194826
54864,43902.2389754848145980468716715769507
54865,43902.6669704600185278976800844934033
54866,43903.6335603545201232984956967872317
54867,43904.2978742731968654349113634864750
54868,43904.8516871497145910573624744384252
54869,43905.4213254531823844729683270971773
54870,43906.3643199620925538696564488023602
54871,43906.7139618762394624409927398463309
54872,43907.8329910682133494610224218423847
54873,43908.5208854967516688173270410221576
54874,43908.9629597334644057434822606569478
54875,43909.9079457483936274333775336016612
54876,43910.6770890439754846720860939877163
54877,43911.2231713064748668753769481465381
54878,43912.2780889787724763794721916024478
54879,43912.8171129931892817902696182086267
54880,43913.8316886049635685428234045717009
54881,43914.0422593522337149081733697010172
54882,43914.7603170183966886697021792142952
54883,43915.4048276162851160040882044204991
54884,43915.9238930871511718630460820683544
54885,43916.8480945135044587897943498923912
54886,43917.6391540107225294868717153272318
54887,43918.1948849095070844120096272972020
54888,43919.3187553821151744397651705470801
54889,43920.2604665376928804908502348671124
54890,43920.6832343220699678479770132528264
54891,43921.3029756245188303637227380260970
54892,43921.8719278457995057168929289783350
54893,43922.4525532386712826391833621327684
54894,43923.2269170824381048428777301744860
54895,43924.3566371448154434867205975488458
54896,43924.8839208951772270653270652378034
54897,43925.3806533773514589982568779154324
54898,43925.8566351013205347218423797903596
54899,43926.7002544496583793129548179880737
54900,43927.6624851410406744631460051124685
54901,43928.3025882479085366345896399983207
54902,43929.1475397933424155991617341856925
54903,43930.2330454375508251085873815967595
54904,43930.5612202513973427242825302118619
54905,43931.0892346477083636817977155185229
54906,43932.1417082714714802194682173732527
54907,43932.4796088260310204993674299544704
54908,43933.1929764706116743536451430204928
54909,43933.9641454379615331405630309730371
54910,43934.0885168996994339845066679284720
54911,43935.5437480558772326768098866001277
54912,43936.0513481311365025204235626770233
54913,43937.1774647431859869509054454621978
54914,43937.7392272118990743519929749922283
54915,43938.2320400788882697417327790567593
54916,43938.7786261704191064380706856352429
54917,43940.0455307278240208648959082128175
54918,43940.5000642947049168912532131821824
54919,43940.9439752164849995881785317065832
54920,43941.9544636973844997555515139344824
54921,43942.4069565265386097403737475095269
54922,43943.2473099505862168816059722146181
54923,43943.8566642726658835921807215588094
54924,43944.5196949738101053485142819607883
54925,43944.8647895326407539397438327220447
54926,43946.0981082268077110793464479653507
54927,43947.1855923363171877946830733038307
54928,43947.7234199468010539350727817746129
54929,43948.4552364141979352684533326494624
54930,43949.1285769360182173547488363684766
54931,43949.4335190948667911587193337359584
54932,43950.2814252348587231450385744161550
54933,43950.8632102643517334735689647531893
54934,43951.5530559100721401752659222599189
54935,43952.5575627375859955756498280968870
54936,43953.1346603726982500201191010700493
54937,43953.7607518575803242371599526828519
54938,43954.3531932547125136146146106800800
54939,43955.6057993207176188986531868714219
54940,43956.1240517431725511294159178639033
54941,43956.8475245995773947811363587792094
54942,43957.2999361253304512447853681853412
54943,43958.0975005145035627265236937366261
54944,43959.3642596193241906528719432557038
54945,43959.6665122467433122067832223506738
54946,43960.2112200538993461567089723838660
54947,43960.6890102692870145385423336926065
54948,43961.5102506848799394031445561079038
54949,43962.1390518718689276172699000494176
54950,43962.7557629478383916857567349746820
54951,43964.1470137025487439088048082039021
54952,43964.6566653009838747857722018986445
54953,43965.3454867321249225630072567231839
54954,43966.2632917524184561146515272275665
54955,43966.8147358532256695039774019894305
54956,43967.2255227569115067198222589426805
54957,43968.0464753865230276019108859406242
54958,43968.6419997981981155622580086716417
54959,43969.5476502821032398575456486774406
54960,43970.1084036562600206480568871396168
54961,43970.7763265723742599494528352233689
54962,43971.7676854145482570959137173390196
54963,43972.2729521508105225199925196027535
54964,43972.7320776289109805346891191244946
54965,43973.6967589235753370172448276634775
54966,43974.6302798836607865397056180043230
54967,43975.5822399161935129356296082919093
54968,43976.0361188364590771970590034050300
54969,43976.7820451818809004029589901000776
54970,43977.1744055340812851729911934123867
54971,43977.8912082565266177065187023259121
54972,43978.7124050533655902374205416436314
54973,43979.4063544573047429627582349885151
54974,43979.8397712203759196291199797181704
54975,43980.4397672382512434985691098217696
54976,43981.5981134419864546253799738973556
54977,43982.7501532502010861424444331461938
54978,43983.0364225441485844625303347027531
54979,43983.7681447103825911169853233998681
54980,43984.6833951384560114488344553764751
54981,43984.8109594924342915378775528605435
54982,43985.7929165147264053031369151740749
54983,43986.5986585115983972870247782052580
54984,43987.3585492569965689827679751677685
54985,43987.9791397442062669523119053751747
54986,43988.7173254867142129636202379266315
54987,43989.0286726099770098369986956903891
54988,43989.7280129246904898550800861103865
54989,43990.7342707432963364619104278246219
54990,43991.5221976908563690341326418770394
54991,43992.4736663337773175551799792263725
54992,43992.9766720887792603762926119419257
54993,43993.9742012929694569207402528571073
54994,43994.3834621454872225776179599086240
54995,43995.2563205978583464769372489866948
54996,43995.8032823011524176401782576964607
54997,43996.2294454269024346752914573860962
54998,43996.5787588682483199541984879555977
54999,43998.0589274716126822318468630512544
55000,43998.5393445660865961903310835006097
55001,43999.2780181625322406403586380849771
55002,43999.8990624999806609880299593327224
55003,44000.8034190403888688366731996082878
55004,44001.7686793408388353645005165988562
55005,44002.0272864818085736530302693781920
55006,44002.8602840606475538828827416937802
55007,44003.7264241610666685872983951464197
55008,44004.4218094277440342798222391818104
55009,44004.8523685066876534953959825851464
55010,44005.8577458422832160511833917011508
55011,44006.3562824473558324907798087936507
55012,44006.9408328746125775227013071232457
55013,44007.3971850292500175787683115191027
55014,44008.5342203163574390638210085943942
55015,44008.8156379331410429404383368709194
55016,44010.4978685499670420316076575742471
55017,44011.0891552940955514063032329110799
55018,44011.4939131927954864787826698774476
55019,44011.9915678065456570291245675456798
55020,44012.6907932774844159902934426345681
55021,44013.4344697102904186455751353653243
55022,44014.3398155877969347170684011496239
55023,44014.6884745627452989491506012992401
55024,44015.6764128620090428635884508086317
55025,44016.0867034490070860604432613979582
55026,44016.9987345126605719153095380979781
55027,44017.6934362174155466482615555234854
55028,44018.6283531500185463380645989648863
55029,44019.0716430587161388809158240177333
55030,44019.8757544729352599654406856698099
55031,44020.6584134844596096561839809903880
55032,44021.7502494346083736351691152028206
55033,44022.1672961914915307694255262426322
55034,44022.6007458805093393352377351526541
55035,44023.5359308714982753162231795717741
55036,44024.1310104413775931688755244066732
55037,44024.3670346107672443631305494628355
55038,44025.3844753462170951572240228808334
55039,44025.9981896981330142789608147630036
55040,44027.1245525296527724447315545307925
55041,44027.8695560743747062818284306070949
55042,44028.4878512188593438839544885856016
55043,44029.2427608092707923069827482875675
55044,44030.1370680702686659543797830978754
55045,44030.6266195551887251435194687210099
55046,44030.9648674330522810866713942780277
55047,44031.7437839381254407394575532052432
55048,44032.7385383369723236881535277552864
55049,44033.4793237066233253792990681288890
55050,44034.1538556936058759918417998635446
55051,44034.6181303620104949516384928274729
55052,44035.2728018276472881828277163192216
55053,44035.7868593317772570933943654752262
55054,44037.0350182741086078166224865972235
55055,44038.0610515634295987574457320351413
55056,44038.3538308410638689684257874264852
55057,44039.1300809906896182506255589347455
55058,44040.1089074137241484577903971635587
55059,44040.4554527194715058135123826810127
55060,44041.0629698369255741446510561206828
55061,44041.7172016995904512730579043240918
55062,44042.5616237478231096140784753957727
55063,44042.9784362825845311405087579125399
55064,44043.7795895242375372106347576150583
55065,44044.7152088468539677025961831810220
55066,44045.6045445225525289716319761150454
55067,44046.4308180040746266121475339036737
55068,44046.8701613103339031020353982847670
55069,44047.5448314591037171373896720423081
55070,44048.1939284966196330929234000230553
55071,44048.9558950159922930785252375892805
55072,44050.0493881863727978504969395691229
55073,44050.5143549855144904212793165987146
55074,44051.0800471133492875873867257829648
55075,44051.3786494271076881076248017532811
55076,44052.5327360943326074346149746230323
55077,44053.2119355609048110600844618645561
55078,44053.6059256684901598742252370774306
55079,44054.3856152738247533773463773893341
55080,44055.7746021292300640265940791832893
55081,44056.2168582939379817673291840188469
55082,44057.2078157682266819592705698141332
55083,44057.6220558298849795637871594041816
55084,44058.1055744340089700007932443101313
55085,44058.7963541406628918176606402285281
55086,44059.4757270707597932810521146150671
55087,44060.1685783315951173329647787524271
55088,44060.9374247954419237763461570712146
55089,44061.8694819563531469481307165108780
55090,44062.3876715551448926167323148790852
55091,44062.9103237145547083845585612929197
55092,44064.0294586401244817974559221863764
55093,44064.5608648597443194862932983303064
55094,44065.4338503177298357836807839756585
55095,44066.2074107275519958681601008164816
55096,44066.7367233536062458068763211487505
55097,44067.3985629461214477043211470466679
55098,44068.2805234291180704497655840239765
55099,44069.1924680215791491821029385209274
55100,44069.3102478725745495214460165207548
55101,44070.0823023052537764208022193504188
55102,44070.6071664916696483261191056251691
55103,44071.1770670313822090414848683326294
55104,44072.8192592936385095799864502529412
55105,44073.0645651861349895989845125397307
55106,44074.1860187064564979604831652469358
55107,44074.7566468036000443580263481730992
55108,44075.0011524972032661523159511500332
55109,44076.2595252012741421565970073279323
55110,44076.4496153781285534881379200758435
55111,44077.4246846007361560960214647435469
55112,44077.7462465324810617535106593177988
55113,44078.9072467057666039013777738067025
55114,44079.4796697549670368222100165740690
55115,44080.1256803350805010492630644430710
55116,44080.5721812739614169899578709280356
55117,44081.7061221196911963423200280935491
55118,44082.3804275244197085751356667958949
55119,44082.7861663525776094049989274644015
55120,44084.0648594415819412173303034404712
55121,44084.8664837456705059037472138216852
55122,44085.2955964401863479391535993414992
55123,44085.9318131432576271260240038049441
55124,44086.4059163677681239258132234553878
55125,44087.1181248129087146310096196029932
55126,44087.8710379783166763223125146886805
55127,44088.4837768410807365499042535195704
55128,44089.4490874224574608515707271648709
55129,44089.8212504375479566717140361926439
55130,44090.8758367098160069912513549978147
55131,44091.9645076089166890120361812398939
55132,44092.6194358311509112915843046509166
55133,44092.8520732136735648010543809434891
55134,44093.5434042582295115452757044164785
55135,44094.2988467797274571686745738729641
55136,44095.1942435009336485443719092230626
55137,44095.9095897604481108969736016444838
55138,44096.6289751416026711232938176831568
55139,44097.0910115470403998978597333307654
55140,44097.8071859764024504365136546935742
55141,44098.4787612388860901581703931016400
55142,44098.9049485834812202583901302861360
55143,44100.1101340967704890075392815988165
55144,44100.9922290777009934423526120509690
55145,44101.8219893884976706388626501704036
55146,44102.4069892185227677764612289534592
55147,44102.7716074987923094164052927611606
55148,44103.8609199078617308598976056766844
55149,44104.4473454932505283868548598128113
55150,44104.7366053449323349247336722226406
55151,44105.5627999806687435841785094710243
55152,44106.1600604024413925306245438737336
55153,44106.9760898483164877089314923479320
55154,44108.2185264112648046317867388749706
55155,44108.4720187076157871858904018636981
55156,44109.3113540063601203963580474899930
55157,44109.8203663472415231624319167456029
55158,44111.1047676951137334508648517283983
55159,44111.3276218705037886382588090364479
55160,44112.1568010558259839128276982790550
55161,44113.0703812770763106064627816872080
55162,44113.5144978096063939891773941520519
55163,44114.2818450464886691780617846562929
55164,44114.8743987086511707232047307526956
55165,44115.5623848888915916333774562787393
55166,44116.1817198542333988166266001614743
55167,44116.7514127104425148102814756254774
55168,44117.5433986158878279124318390085424
55169,44118.9564597013872112736423322628015
55170,44119.3727231401940693614540249048829
55171,44120.2084687270629287843986227779115
55172,44120.7659120652491081746833527637177
55173,44121.5288338025594505050486995055176
55174,44121.8045056924082605002197443276491
55175,44122.3645548505465703932543111235777
55176,44123.7204919477763536585400582543377
55177,44124.2309949981523976746020327682199
55178,44124.8282190456757348508859523772717
55179,44125.2221681488612977456037203225876
55180,44126.3565147415764235356068067826137
55181,44126.8516027818125256804427795530370
55182,44128.0655569756369085544800404608941
55183,44128.3887578997926551524528548530043
55184,44129.0316604745439080618404423131164
55185,44130.0987549159675674430911873686846
55186,44130.9083624357213698257741893197851
55187,44131.3340571094809714199081993951728
55188,44132.0865446429642718225885100377052
55189,44132.4500429066804126047471913623682
55190,44133.1591601891968116043887076616031
55191,44133.8525290990128181174925526236182
55192,44134.6392277057539633688084257879299
55193,44135.3914924794880216747689758342769
55194,44136.5912910919158821566453771768253
55195,44137.1271882735109872506482824408329
55196,44137.7373068503098756497789837088531
55197,44138.4312432022652313437462518871924
55198,44139.1820467077329288668790967513607
55199,44139.7421610973726962786619449453325
55200,44140.5828834413106654322901269896787
55201,44141.0034305833467982842398895650264
55202,44141.8783360240487117122927678977484
55203,44142.7789879007398221680038840229010
55204,44143.2573234764906706907683751364305
55205,44143.9849404822704218749803346051918
55206,44144.3428952130029447942262358245159
55207,44145.2572027873978818761527303815564
55208,44146.3765733033911410050100646451204
55209,44147.3138303525116931574610089526491
55210,44147.9698858175627741375769164881757
55211,44148.1846664511272821311682084947632
55212,44149.0036356985692184849403857552001
55213,44149.6680157952112361177324262065928
55214,44150.5819022229359766649885194436941
55215,44151.0402283325793815752814739967282
55216,44151.2659605379313623705662837092407
55217,44152.6301638781843504810229040086951
55218,44153.1314107475874663087489298158759
55219,44153.9266544990036944356466634601365
55220,44154.9449909419852296841773222693717
55221,44155.6408999453187262772709746923725
55222,44156.1460693429767911858177744958804
55223,44156.6373935103562363839416994923031
55224,44157.5062181037089782956286124086515
55225,44158.4378611152412237250287785484114
55226,44159.0246610513917950569800760703237
55227,44159.7897152345124971565918181606538
55228,44160.4638802956699207354672680858730
55229,44160.6339770419311717863038423625507
55230,44161.4054069117084244031024726825495
55231,44162.4296916688997689865500010002353
55232,44163.0812659352864412376361220796933
55233,44164.1535795327543553998605837514706
55234,44164.5845112995919882745959508825698
55235,44165.8216626333992081894197569364282
55236,44166.2365437514595409041998862266569
55237,44166.8372889941898103743667648089131
55238,44167.2076871973322717214635055559171
55239,44168.2342172486210454248979158670010
55240,44168.4446037462020910228297345587241
55241,44169.5235298769321056991300527785768
55242,44170.4759782422500929498885950171954
55243,44170.9354043463197178500156183420611
55244,44171.4151137321323918889706647871379
55245,44172.5124141488503064102148152352839
55246,44173.1526858636025881009113192347649
55247,44173.8461041764662098017972119403282
55248,44174.6770831231221972569140095619048
55249,44175.5257681544194159723287898385267
55250,44175.9543989556440611100296002215793
55251,44176.8855978001798536921324079201025
55252,44177.2895396660877212099457051423616
55253,44177.9659287927013792666472671774163
55254,44178.9254962497513308272047482415516
55255,44179.3886775807940725973995228210248
55256,44179.5919122320669982824367923172903
55257,44180.6358221342547687902243325844844
55258,44182.3597984808241462544158654842561
55259,44182.4184795795503556297785573181889
55260,44183.1966638539207241068962076629316
55261,44183.7859030018558350920822868538274
55262,44184.4997723221158803799939692983616
55263,44185.0597501366467978597574592881357
55264,44186.0424548114589146525513861588491
55265,44186.4734637733113149556231683663145
55266,44187.3125227565332929271520261689909
55267,44188.0096899812486885147711235791589
55268,44188.5004284494213307709616198780765
55269,44189.4771891804067931909410289369266
55270,44190.0453226933218039848339143112931
55271,44190.6247627207324692491895970754168
55272,44191.7091298069749421411247761147842
55273,44192.5662939217836267760579260224433
55274,44192.9994687618931658946693392747327
55275,44193.9787762975587824589173487408368
55276,44194.7112587666952811976540582364297
55277,44195.1568379489174939853839575414103
55278,44195.4692374965256096615503611587887
55279,44196.2796533299173370126641296079310
55280,44197.0335217538993466490854102802166
55281,44197.8936335091297420981970610000980
55282,44198.5617899116436273863253988817257
55283,44199.5196806653263568821095645220760
55284,44199.9933657267623085645557045291615
55285,44201.1431319983050617229571248772012
55286,44201.6026802369776314468013914386781
55287,44202.3855566529928758389936176725468
55288,44202.8610648037922458640972795689501
55289,44203.2480420623691436937568311346444
55290,44204.7306974588122848644856872640086
55291,44205.0868129174151377320113814151978
55292,44205.6982354183012100578720311223388
55293,44206.4660277105194699686716569045185
55294,44206.7707757380888882186412141359143
55295,44207.6247929666451551173523393899404
55296,44208.4298762916378897617325848357146
55297,44209.4537957440428608761388473903869
55298,44210.4994053576475932061267696227324
55299,44210.8082369649803953838454600112284
55300,44211.6402456797453144412775776111335
55301,44212.0462413313105766714841876222973
55302,44213.0116558535351217516784891053036
55303,44213.3161446049580055916558035044170
55304,44214.2720769614836460084506789052676
55305,44214.7102122027291451207919821271069
55306,44215.5207563117009521952679677734545
55307,44216.2739425189737755787368738053498
55308,44217.2030656151745092484513631278462
55309,44217.9740860339592777699105254608633
55310,44218.5747716453576886134353630393026
55311,44219.2325253133328846557876882102008
55312,44219.7348741020116585207396166861504
55313,44220.9766797592215342625425257953779
55314,44221.7428705885204207750523822454474
55315,44221.9747142244764175680425447926954
55316,44222.6562264777209551672665509906206
55317,44223.4292804791707376299705489759167
55318,44224.3009840061764313525714100934349
55319,44224.5495368662254429250559460631031
55320,44225.2891566861208811186176517070205
55321,44226.1903270564472077103064212213946
55322,44227.0269384847450180077591982195442
55323,44228.1996157862207058599612174106389
55324,44228.7346670010649410613825893714616
55325,44229.2476776517694107646348620662713
55326,44229.8777048026987294132145837119492
55327,44230.6064775430416360610677407473078
55328,44231.1545291187501225228523614505777
55329,44231.7053433143913723380502725642630
55330,44232.8471244692879923409887012616570
55331,44233.3744967964636641224850793550833
55332,44234.3436284464473178788616542064478
55333,44234.5823818518029252271702734799663
55334,44235.0345302699156900657190659270714
55335,44236.5517882163696209551470316772893
55336,44237.1813399957629009822398535574967
55337,44237.5327665301599623948987488601179
55338,44238.5910009139521510908308163896306
55339,44239.2461246605169816104212938948750
55340,44239.8545665088200225075735263574068
55341,44240.7142451333366961590736760455413
55342,44241.2597211577987517517023540568897
55343,44241.6941109077549641830944974835018
55344,44242.1777613393241640390644328470072
55345,44243.0466434831953773761644178405000
55346,44244.1072304153262001832136776489750
55347,44244.8449969807876869975681672393909
55348,44245.6886471862223419057144110146422
55349,44246.3747025180459532178339881040184
55350,44246.9983923039631975070460798014362
55351,44247.5592102225706912451136176541615
55352,44248.4020847422438269779713401671996
55353,44248.8277089716347580658228532729116
55354,44249.9444059879713639143656341973641
55355,44250.4744790203699107264695894549831
55356,44250.8786289340344191179217045385596
55357,44251.9061994945261816971988838581241
55358,44252.3914833759202040416337725454026
55359,44253.2355077888261277721755850656517
55360,44253.6750808415055439237558701450907
55361,44254.6003110472712147354260977766702
55362,44255.7382119857197519094428592747609
55363,44256.5589957440528652440161815243024
55364,44256.9734571924607935358278624542956
55365,44257.6641964864468684053719340922250
55366,44258.0125846672187776405555368697539
55367,44258.8421457397145494229879710726316
55368,44259.4760616544135773231755340357691
55369,44260.3995312963097159404855452960534
55370,44260.9114758581562613423390730294483
55371,44261.4628363674689077735669567107992
55372,44262.5523888378091206094758200304909
55373,44263.4283939621160633800969207517830
55374,44263.9949612515379784454451033677926
55375,44264.7283050130863293376408207297718
55376,44265.3284880030005077167617525721624
55377,44266.0803141316374073311816697775520
55378,44266.6603931875327894719064958639799
55379,44267.6398389532891605174410598104296
55380,44268.4284729280825364975683789537096
55381,44268.8853826903749814426418286255326
55382,44269.2219375413624354281453781719531
55383,44270.2311507077750769060920924363554
55384,44270.6294904475530495095108547530864
55385,44271.3498513399551377268673400177208
55386,44272.9769767434984218240736312992727
55387,44273.2327191226153503396475670299752
55388,44273.9182236436462460576735026278495
55389,44274.6037615815722128373983246338374
55390,44275.5581795989395010244570425006106
55391,44276.1277655259375867930706065879074
55392,44276.4361969605347841602596791912229
55393,44277.1400837026162027569800649168899
55394,44277.8356200804521821964707267152116
55395,44278.9147553555638964597849580198694
55396,44279.6671739449416479456728378033658
55397,44279.9459008263240417894383196040002
55398,44280.9011615014469010278622590897938
55399,44281.6220316255266999453456659346989
55400,44282.2990738535972131175223897947925
55401,44283.3862232565668911556475458758773
55402,44283.7414729082377496778773142037257
55403,44284.6932158557527897015084142930405
55404,44285.3536542679515742033685709437275
55405,44285.8616710301700318862850621076373
55406,44286.6116363025968949263467249432511
55407,44287.0496250344165916537823821263778
55408,44287.9190411852395036243569208439926
55409,44288.5950810064009578736625796058212
55410,44288.9936497093465941195077919396285
55411,44290.2102045411916402724653383291230
55412,44291.1723218956733307155754643547957
55413,44291.9463797940186179465096386554155
55414,44292.5523364521762729378133729903401
55415,44293.0725365856301142657982808848702
55416,44293.1340046204765203693046589611975
55417,44294.6644567822387490410078001983044
55418,44294.9355137486032287327171591151457
55419,44296.0625055309853066996279821242024
55420,44296.3721501475144388089238419302398
55421,44297.2145543245314962552599892518819
55422,44297.5966629789985923753351196227433
55423,44298.5850554130935298319253121139484
55424,44299.4432394928153835137350273372101
55425,44299.9654533999568092102159909158801
55426,44300.8774671326569579834243509810792
55427,44301.7535305226467403174891943332091
55428,44302.5217296363355200623502856382435
55429,44303.1151976923638242684037859906507
55430,44303.4280150577617583046596696435294
55431,44304.4504230404799250950627453857119
55432,44304.8393816228726647241441954243935
55433,44305.5076412987420212172547118825473
55434,44305.9865781285017557600055098800892
55435,44307.4146083264454915537680967659625
55436,44307.8432870659439834330363160247916
55437,44308.6116970639668468803380522257527
55438,44309.4618426163977797108481362714842
55439,44310.0524625927899978087377232493602
55440,44310.9178569518019724044854857955406
55441,44311.3511028483563328357199316830910
55442,44312.2049883290964272808266638999205
55443,44312.8894510448042558641428375787174
55444,44313.3129288750253520688809732089078
55445,44314.5949622547019782295629366172939
55446,44315.0278689240126474509525246563832
55447,44315.3326842329164775926257512038167
55448,44316.1030933652208504575710861618081
55449,44316.6577191515205090855124914348556
55450,44318.0166957035568752839264800507222
55451,44318.8203227944624143489973533722250
55452,44319.5312189544704611067560825545086
55453,44320.0116734030741520785878121738935
55454,44320.8385096649413877702612965539679
55455,44321.1874814875984165163818008690675
55456,44322.0974767372677347497645029873270
55457,44322.5448138285990431267389606371282
55458,44323.3585819110649884373622901440030
55459,44324.0773338945550049906157389426622
55460,44324.9206197121343479652862327097977
55461,44325.3096338407461897218648748156845
55462,44326.4928277641637346178675120655721
55463,44327.1006947667136575975449124681521
55464,44327.8968904217923148264257830012419
55465,44328.4353332623248031605214818589738
55466,44328.9151959363391900577773590385498
55467,44330.1867373304390451034484018514558
55468,44330.8600287133420720787916174092153
55469,44331.4498633078697077731321600296167
55470,44331.7198621755615292697463024291378
55471,44332.5360978866735142266770368110152
55472,44333.0686073613740973840260686729890
55473,44334.1175956071369953384904872506225
55474,44334.5415611135731244815808587170937
55475,44335.3877458292088427868124203121845
55476,44336.6427997798421543383648131188668
55477,44337.2318130696078266861410401326024
55478,44337.6849172125612816567054144295265
55479,44338.6405135048642372035970403214470
55480,44339.0885895364167429608408649912498
55481,44339.5740901634035612923431701665264
55482,44340.2053520383740232484514481947143
55483,44341.3820715143686519139819769549221
55484,44341.9085363381012071126834381276062
55485,44342.4226170708754819578630470111828
55486,44343.5210035833833941370109391354867
55487,44343.7286088842328083765422084824088
55488,44344.5589470083592685880389550326075
55489,44345.4245084330229632618574401347178
55490,44346.5070176308731689834654763845681
55491,44347.1363818036066296180315833661199
55492,44347.6180160371813031797192287730926
55493,44348.3319344285202966775746792149261
55494,44349.0200871147684612203211876961176
55495,44350.0100910930075398970737046172093
55496,44350.1532776596759678234766840786334
55497,44350.9226885384673435393188484188826
55498,44351.4714057368827666818023024662199
55499,44352.2359959083015405803883922365428
55500,44353.3557568976176337320280777777098
55501,44354.5473388483822885588992738194905
55502,44354.7365728648691446862967243077313
55503,44355.1758984781538622542892526895682
55504,44356.3226558283947669189801380093494
55505,44356.8111602939397370733765721879319
55506,44357.3654334543111483190470723498603
55507,44358.3184681559725793591594484640372
55508,44358.9507858275251770550834760009647
55509,44359.7723571693348773546026340514451
55510,44360.0840296607556578356980097891684
55511,44360.9799367208883510063587837396847
55512,44361.5255123875443013379348373920141
55513,44362.2785251967013578941432059020932
55514,44363.3348455542968917227606817087952
55515,44363.7795664188538851362936698319333
55516,44364.9991362507646297287355578555587
55517,44365.6030390041238808927405803808284
55518,44366.1816772942192917249107535071001
55519,44366.7971484029272212684027315642561
55520,44367.3107655471595998163877239359825
55521,44367.7756249906915940244888625215450
55522,44368.7060481814427448714259155361163
55523,44369.5192495393144452376492472988428
55524,44370.3024239752110948379074010991730
55525,44370.9039525777814996859165649954771
55526,44371.4237085766672926861322210022939
55527,44372.7701485756641906052287632669630
55528,44373.3690563461676380374051574543655
55529,44373.7353019533345177175183951555964
55530,44374.3999881831214402298103142652586
55531,44375.3137905056981485052352870073850
55532,44376.0790964916761048470531632970176
55533,44376.8928501460363120960253494788729
55534,44377.1786628066147659656424159477041
55535,44378.1363426263582738682628461504056
55536,44378.6530919877827373178532176005624
55537,44379.0861687452670559577240692868861
55538,44379.7805341104378365521519114524875
55539,44381.0134313229463161268896088400932
55540,44381.9445767139004456959705508187546
55541,44382.6472936755842006325768007357338
55542,44383.1352367002574986900391113661834
55543,44383.9281042207936039657104512649791
55544,44384.1657652232975899574809036404647
55545,44385.3195361720548945894617545699113
55546,44385.9458320325877821064786630810964
55547,44386.2834407317626279095304055151628
55548,44386.9764386062671770788591064714747
55549,44388.1210227887015746747416835159754
55550,44388.6931282787406516660712042969586
55551,44389.4129589925061310332492245576288
55552,44389.9345963738053130656739585714410
55553,44391.0333606894683622315634216937816
55554,44391.3029829979401942638660748769337
55555,44392.6076462106730443434563217153770
55556,44393.1937047094748570447433252571691
55557,44393.7055817792369998172956901579332
55558,44394.4851740693617857959720426782646
55559,44395.0239226473503250838226216639533
55560,44395.5996769799003188120201415140473
55561,44396.4528043790300727996732112319741
55562,44396.9740547518530161580950520915393
55563,44397.4926413330901671985231304296485
55564,44398.7968493850910166260923137940915
55565,44399.3706055868184382165266192321438
55566,44400.2832107703311270493411758984917
55567,44401.2122290938728419607074625452683
55568,44401.4392884427622742134758876869478
55569,44402.1587914630670011938614474278121
55570,44402.7323622624000560470589031374957
55571,44403.3423396947656393499251811182735
55572,44404.4798336058569775131393752052280
55573,44405.3263282067528098132387744563438
55574,44405.5724733913427936247807639423783
55575,44406.1023613096699021546747988215849
55576,44406.8434696954809129558747863069423
55577,44407.8047074206019422651627668295021
55578,44408.5799792629484220881082728147305
55579,44409.4146990373670941463287430247713
55580,44410.2438918904821050969793395049426
55581,44410.6385853742690150920946081205911
55582,44411.7110775236943492855700730960974
55583,44412.3479001418389975361354270553855
55584,44412.6686562082339474062962578110807
55585,44413.3181224318534303299071266871175
55586,44413.9159045203943221823179751494334
55587,44414.8383210998137059287093465476656
55588,44415.3891411692758370287314331859969
55589,44416.3527944697852454361653932001166
55590,44417.2451123249716366848042580094104
55591,44418.0600569599847511456566848670688
55592,44418.3848733611658566377264192766484
55593,44419.1792289793840545709922719413948
55594,44419.9564154809700834446463139410065
55595,44420.7760188898576653706308045877566
55596,44421.2924958572494062332041570510302
55597,44422.0491609616093718397653809632089
55598,44422.8441979898562366096086378685524
55599,44423.1768255434980448760320987295247
55600,44424.1441411096952934089111878545049
55601,44424.7823996754087758634869682141155
55602,44425.3557865776503785394859159168671
55603,44425.7481352886615937691575027494100
55604,44427.4581663767354606141881827218736
55605,44428.1586613324926679832951524682186
55606,44428.5011362002915146501658760789966
55607,44429.1661079355165299176842757717733
55608,44429.8126078007579791659653666882950
55609,44430.4432679524760916820743831186726
55610,44431.2188832894980456018623077655545
55611,44431.6692464022578884649489515264060
55612,44432.6668613751323317533517696314419
55613,44433.3255012001078773621061771781670
55614,44433.8469560661058963087107920290902
55615,44434.8587624854088155327938799480703
55616,44435.4055234459640797099798615092397
55617,44436.4722896510436402765600996224551
55618,44436.9409051202451201799350821568999
55619,44437.5613453393221427089638312448071
55620,44438.3764363462792124652240716295419
55621,44439.2019720466658749258366203869371
55622,44440.0253060277860716992549559607027
55623,44440.4151454826902817930452718555925
55624,44441.1731435477640441985313757582185
55625,44441.7423041352866400784270042138845
55626,44441.9068459657465634625875828220032
55627,44443.1744042153011532305054289053516
55628,44444.0523058303887209212585957819430
55629,44444.9087376076856710377779437877020
55630,44445.5048828479915727387795222594303
55631,44446.3409885404716909273096923979255
55632,44447.0958476370610297391850414359700
55633,44447.5504211899285231613034003380511
55634,44448.2644720229452987306895318302184
55635,44448.6305565868451387399770977395409
55636,44449.6992132943753264345581198046927
55637,44450.2542101949577594465423430724549
55638,44451.2326541257486315719136167671385
55639,44451.7765993593653884427852952000587
55640,44452.2444026277731921307251089917758
55641,44453.0138446794572625438850726467408
55642,44453.9316235847150118117474203317090
55643,44454.8043327223001069961013342677912
55644,44455.2957302452690356303849047053367
55645,44456.6641030956118516920123918037180
55646,44457.0115970288227962580400478423699
55647,44457.1772436395862922048452611662450
55648,44457.9853214817215784797533579170573
55649,44459.0979664757716215947056948077649
55650,44459.4058376229974732854105881679464
55651,44459.9802668028665486148078688529406
55652,44460.8129667984981897178100405515100
55653,44461.4185332674159488092298651271015
55654,44462.7589774096507997896716828507420
55655,44463.3841797982823860448224280902008
55656,44464.1389364106338852549665040340067
55657,44464.4776307897466734481969102443303
55658,44465.1601893018277668736600535015067
55659,44465.8251001952937988040737731759275
55660,44466.9264316491343970171750325164534
55661,44467.5769186031427713791032555868599
55662,44467.9045798442636952884419037194804
55663,44468.7270897504371018901203596431704
55664,44469.4720148928316541835048891768630
55665,44470.0875578449911450200213628838096
55666,44470.5244012924788862061566280839773
55667,44471.6840241131845720954744636965247
55668,44472.3921149216453052429967179710148
55669,44473.4721774100285498767480359556978
55670,44473.7878606384271469949744095615169
55671,44474.7738231481922916055078276167671
55672,44475.2627990958326037990896438126278
55673,44475.9339064433446379979372139582515
55674,44476.4900532502458738841944097212215
55675,44476.9443284915647084797303054956851
55676,44477.7124056006969447396141394650310
55677,44478.9982917116389887407841474712868
55678,44479.2835108891291364559948778850423
55679,44480.1148564220534295651256515051255
55680,44480.8395285022102366051668598107634
55681,44481.5706239245879518557724832113120
55682,44482.5201176350665631408992805182384
55683,44483.2005286005609440033067718536914
55684,44483.5412299043321708646111965385852
55685,44484.3612655839960746850018893326508
55686,44485.2877408460944346946200991568556
55687,44485.9353745618716256724551595095636
55688,44486.5673292563964308525831978178150
55689,44487.0468733792005309312200698234699
55690,44487.5498509540498642811962711994395
55691,44488.6133224940108970778708600040800
55692,44488.8602063820506413174041499809999
55693,44490.5203720342710482124866424541097
55694,44491.0072193134744100170684768626238
55695,44491.8059743867665306692108920014904
55696,44492.2020766024051198110667650643879
55697,44492.8628742033718114709715140955384
55698,44493.7888784847280232705643982998911
55699,44493.9533088903927660743466290629312
55700,44495.0452912611342436202048082378955
55701,44495.7712678696038550077296648305974
55702,44496.3677078091818278844491407605413
55703,44496.8907593293512829059809693971458
55704,44497.7468819343316512476591183760453
55705,44498.9207406366406810610116283900334
55706,44499.2393993115963226265411972152855
55707,44499.6963961187873766719046983984887
55708,44500.8178652467216206363747564540487
55709,44501.8044962837001307782528002678094
55710,44502.1849638147395551515627628554368
55711,44503.1024472828904420891500953706367
55712,44503.5494036494933611662463381631818
55713,44503.9194678469020461640195770361139
55714,44504.7543619202873120662011664719044
55715,44505.6519230532925881698406572377966
55716,44506.0079851087070753148569590054189
55717,44506.9011624528393506535002378154453
55718,44507.9405000450225745608187499888439
55719,44508.7461469684707198160443534775946
55720,44509.4033664468587468722986501154768
55721,44510.1091667827390626965778515746875
55722,44510.5348184956338257776755285133621
55723,44511.4975931323599307927104778497135
55724,44511.7813159520819265312430753566830
55725,44512.6516039316966273798928763178695
55726,44513.5020843044671518574214328888831
55727,44514.3950708052459243804344103872633
55728,44514.8220194316940291531059360349629
55729,44515.2970478455696656163378141087350
55730,44515.9332029409370160747146943178793
55731,44516.8420609360070128902226648390583
55732,44518.0478639229743796645973755417760
55733,44518.6233878661880033855785350637832
55734,44519.3551423111472705624872561620127
55735,44519.7843491054415415128577339890331
55736,44520.7740564860166947021701506124383
55737,44521.2949350506125602432275375467177
55738,44521.8467538846838410775741166781773
55739,44522.7288747315608645318641798737362
55740,44522.9136513770792206692982079360258
55741,44523.7066998558147395803326171575222
55742,44525.0528834345200043825714949456699
55743,44525.4860211959743162444232620559420
55744,44526.1746169756900205650208639816447
55745,44527.3362632360253264052045982863384
55746,44527.6044033153051161573858487859636
55747,44528.2461987794151270508474845100961
55748,44528.9582513725029925830497894108731
55749,44530.0527686320407107538735370887828
55750,44530.5410207160278571802216855310072
55751,44531.2095255778682184564592331000764
55752,44531.7743939426105896505108248123360
55753,44532.3494191235506459012605630913395
55754,44533.4208095790093080875887817278679
55755,44533.5625544356982513403660318454884
55756,44534.5519323168609267544118119259951
55757,44535.4654576930036465748367208477537
55758,44536.2671507882512917178627630696686
55759,44537.4045939239886712473455206428759
55760,44537.8928956841689478255943745110291
55761,44538.1132183384485985896084165602359
55762,44538.9657843890137259879465441773018
55763,44539.2906356811037959128810749019809
55764,44540.3805636626740844279796893448932
55765,44541.1186403130392170683859287289821
55766,44541.6349476129205942863021422505190
55767,44542.5062706855178844469410022125303
55768,44543.1108855816740940059873457044980
55769,44543.7704962345753881932097205065142
55770,44545.0017184464441173280953378650016
55771,44545.2434237597387827393259239467130
55772,44546.1542818263303533885211001635233
55773,44546.7484765527437451370967029205249
55774,44547.7570238505305640832217502037025
55775,44548.1935749036843053275195444637440
55776,44548.9890894509841042639168980244172
55777,44549.6073656779817725227124396560469
55778,44550.2536928357410957628420674117437
55779,44550.7649198489014545698818683269483
55780,44551.2293208744063122200858842272307
55781,44552.1891199503234320971720012341690
55782,44553.5410900654898263860832079512606
55783,44554.1300140273377773776264014245885
55784,44554.7446347914090516761926883628889
55785,44555.1261612786500673366479805532683
55786,44556.1161704308988564508685493489321
55787,44556.8975723376984951226834457256517
55788,44557.3152065304873359114485554261823
55789,44557.8018733219013336954739680497272
55790,44558.8009311835542968143820854314039
55791,44559.5946417181868361969249943734618
55792,44560.0926285654009245779912634887862
55793,44560.9827686068072583485828858485833
55794,44561.4702663496358944675563265934661
55795,44562.0902159491673665855611492861302
55796,44563.1847173368930903389045252739222
55797,44563.8369128601492980309314363918768
55798,44564.9054311118730052520478638417012
55799,44565.4111038553455275872535270138641
55800,44565.7819673480474858005808889650400
55801,44566.9292105536010880572104307653290
55802,44567.1382645285606552130060149101765
55803,44567.6416743971490305218060971013415
55804,44568.5678484476043335354267477636602
55805,44569.3763916113484099885773357909713
55806,44570.1300376308736965278048402782453
55807,44570.4746706975080215320258681138835
55808,44572.0517782947741704148494206804239
55809,44572.4436211266770414089810730634436
55810,44573.0772281072286843452090582361167
55811,44573.8054167564589312540465185526079
55812,44574.2721602315982578586184957696811
55813,44574.8612705549506482561661357082457
55814,44576.0711168306315175333036828317036
55815,44576.8052719129634774980120940278540
55816,44577.1649810745511398633983019006408
55817,44577.7181358479583261086344927636487
55818,44578.3695663611574901192308707045107
55819,44579.1548190632363296861712103971618
55820,44580.0109759172195866004682902342409
55821,44580.7126040189449961378129883752170
55822,44581.7884468834597353112583638810803
55823,44582.4371050643931046215557330813920
55824,44583.1406537454662180421305836511050
55825,44583.6395484837114179716066339028852
55826,44584.3454351152405914032821076508927
55827,44585.0929091210679970199704984451297
55828,44585.5855063707227880280025560520761
55829,44586.0078385988307700147271296024020
55830,44587.1523471304284926031943117980853
55831,44587.7210041961359100977808298109332
55832,44588.7100297318589102988575182998923
55833,44589.3503272127052075607508312446762
55834,44589.9311408624191497742340807784559
55835,44590.6787921955757589983553017460602
55836,44591.5554519269982373888515184596752
55837,44592.1840757917477770395487069982146
55838,44593.0624413715716776171442034790362
55839,44593.6353805379365675383006425571498
55840,44594.0310258439306521262172014708471
55841,44595.0027904701247309891835822591833
55842,44595.7744125645679260715497076385962
55843,44596.1601735204478891734080654591655
55844,44596.8505626868759538621783761828515
55845,44597.1917951012135900130557405757967
55846,44598.6775263039983066939998233066735
55847,44599.5926098188924089468625379666999
55848,44600.0864664246497452772319860295276
55849,44600.8343037650852210313429664761898
55850,44601.4938367924772991451404692836533
55851,44601.8649044815967437046280973412733
55852,44602.5355112144492807363062823637663
55853,44603.6207729331148934284874764108100
55854,44603.8909634975834083330459186012797
55855,44604.9773297550403032664612098205731
55856,44605.5075235898319713529829792330525
55857,44606.1609512528030154913358541620433
55858,44606.7014353411474393705190102951974
55859,44607.8409930720030164294030927911009
55860,44608.5939754824297591719399179155280
55861,44609.1820655164055920147500603816853
55862,44609.6410157009683578834491020974967
55863,44610.8777331862145366335379689526400
55864,44611.5793092623750669232612033380156
55865,44612.1266967373092205964427409494385
55866,44612.4444774279711989279718667498631
55867,44613.1006329357998744898317078140833
55868,44613.9787614902220092671192711666232
55869,44614.3730581261314787873666097723868
55870,44615.4523953211063422722000979613082
55871,44616.2621656987147274641938660087066
55872,44617.0412717672648650950656770797816
55873,44617.7238513358141938059161045345391
55874,44618.6712311248382200589273020876723
55875,44619.2721943199550564663138179054900
55876,44619.4655511468461833385322981679251
55877,44620.3842246054486952800084559687665
55878,44621.3346557382404494136046135435204
55879,44621.6449899217608757663408132234874
55880,44622.8332074777197966464902767032430
55881,44623.0839436171181045680218636271095
55882,44624.0391237720396708966846605744182
55883,44624.3958530945960595883345207821112
55884,44625.2948162008394015168954679815513
55885,44625.8056396539545493624391923750309
55886,44627.4366847860337535389409572769058
55887,44627.7216296214602488884080876872039
55888,44628.3987525098382995322108537525313
55889,44629.0742369115058111748663939099252
55890,44629.5412366122392585230735668565062
55891,44630.3771494917133331006067756947010
55892,44631.0803488819211196791058050985388
55893,44631.6604756355020623732502102199970
55894,44632.1766765827792581852413248782560
55895,44632.9704295658396820808929971702839
55896,44633.9526604151026167515789696150700
55897,44634.8030421142967145797746451177556
55898,44635.6276561892395942043141043163159
55899,44636.0403608515981736609886890807022
55900,44636.6034662094859818739063111728557
55901,44637.5573070773424662090613841851402
55902,44638.3266901049023194658909438077854
55903,44638.8008501261334124025412624998559
55904,44639.8508745917381169906147862493038
55905,44640.3231617409624316911262751927139
55906,44640.9041036927040629379020572434837
55907,44641.3508665662150998448668238947014
55908,44642.1944497126454921316071086624005
55909,44643.0252903271569211013997183976590
55910,44643.6936120692276315557662177013318
55911,44644.8184843793555294482572430457397
55912,44645.5943039085751683951922520746216
55913,44645.9600069626952882902845730283589
55914,44647.0201547879490956698091353896013
55915,44647.5762828538958343726008529379269
55916,44647.8324349936066695512045150771455
55917,44648.5608677123348921436099367158613
55918,44649.1472685132423010151469133044176
55919,44650.4850505235840923050871500395959
55920,44651.0283071781974327791371030771160
55921,44651.3617142696194821998584117230106
55922,44652.0898741498760316895623495720018
55923,44653.1331728188932485190655002240995
55924,44653.9343539131478159726048144988505
55925,44654.4372908688504987976276737850458
55926,44655.3569953735779991012262364935460
55927,44655.8998256905074906600052343941838
55928,44656.8405566983391679457954824797356
55929,44657.2456909632910084818051644393357
55930,44658.2556767099080805766614212105568
55931,44658.4984576704821813788283172312488
55932,44659.1755188340218419425887979984617
55933,44660.0380082374241542473242185276971
55934,44660.3358110674316815001873143083567
55935,44661.4786104305008446347377420312940
55936,44662.6495135233951616133930063231388
55937,44663.3224073372461964567258332893028
55938,44663.8982293182681438495345342017070
55939,44664.2016937991889318487704528587567
55940,44665.0320290922907451057387566856750
55941,44665.8698481898402042054597317306102
55942,44666.4240991444695538023696387529952
55943,44667.4448220107453989652274853096149
55944,44667.7167720493681687912873026828205
55945,44668.3511804310798952556452398829608
55946,44669.5519824755862608855352970136724
55947,44669.9067980382598692220341913021297
55948,44670.4864055094716052008818760236596
55949,44671.5385534221193255720355961654757
55950,44672.0703082532866010985898280764842
55951,44673.1774701790084613046355200742229
55952,44673.9644072672023767054603066025193
55953,44674.4539906226916063896894184894208
55954,44675.1227595834919081290072897996893
55955,44675.4359066181191353371554613361881
55956,44676.4906500379092332870750714474783
55957,44676.8741220323605481705884328438516
55958,44677.5435565752422090673041462890570
55959,44678.4052229208128100372977610205065
55960,44679.3214685614583749844114296000636
55961,44680.0251298769217418348433625486296
55962,44680.7119763812068846602868222404042
55963,44681.5998402997137520666372653447901
55964,44682.4065786334202852167033236690732
55965,44682.8326680882745940773321641454578
55966,44683.2150508480812855778162402087076
55967,44684.1383814796758746278367538335079
55968,44685.3015711898144339335011394427038
55969,44685.5580271545860398272886974238276
55970,44686.3281959206115834286420466556450
55971,44687.0686589809544457508536890037024
55972,44687.4703436269201991630306858192177
55973,44687.8470252688431010461245079985263
55974,44689.3926166529755114782841523041094
55975,44690.2084375226598588011004726572495
55976,44690.5742687435285463344154677228988
55977,44691.6805734628567342433720363493262
55978,44692.0547945297637740243920646389923
55979,44692.7832384335556238301871594977842
55980,44693.5601205580872596009013909334621
55981,44693.8919698693588251664781202026372
55982,44694.5785910134036014111990012249661
55983,44695.5361304185972029372084752418456
55984,44696.0239275484325263306361422968403
55985,44696.9925773551160652450072853907337
55986,44697.6900590600861350103009924968070
55987,44698.4976656164273869536048524766755
55988,44699.1729341653191643785949069049604
55989,44699.7665851429754981227239458933266
55990,44700.4479519698764056228328828084120
55991,44701.4415697318112566927357650904457
55992,44702.2057935511000436700863460542872
55993,44702.8126513861129150950198322304180
55994,44703.0916693250606022509998981167368
55995,44703.9634599687477393308370580304928
55996,44704.5938798815833762352390532066726
55997,44705.4773074094522601205071355834765
55998,44705.8824819651156483649888362406218
55999,44706.5106063322917555742437667598006
56000,44707.7569858600267243032445563787745
56001,44708.9024144501294441989612219036320
56002,44709.2541341636927443968766053027435
56003,44709.6625301829179436310881394018220
56004,44710.4242217989895391335740923042823
56005,44711.0903171270762916244040150101971
56006,44711.7116122512463455411448659962975
56007,44712.3989206615362032777361399848340
56008,44713.3973079062710400067168705919355
56009,44714.0119749217889880731885641830965
56010,44714.4846909954168793003315530177610
56011,44715.1731932305795842244079711315303
56012,44716.0259892537668964500308955285992
56013,44716.8954528285582371442079738901410
56014,44717.4810764077898757282008209085546
56015,44718.5318719123114816488320248971041
56016,44719.0584474021871993567230363833053
56017,44719.5883136011968611064674232500734
56018,44720.5380402468783542338909419887988
56019,44721.2888527856756953572414732658659
56020,44721.7508215271856828672883175891420
56021,44722.1707588259832587942831862548565
56022,44722.6530035832400696933798579378934
56023,44723.7232198034300603309617721075954
56024,44724.5836456958355626844684472997724
56025,44725.6674110932229751682478902365270
56026,44725.9713039313497954958762278209795
56027,44726.8973568772323307532949646295001
56028,44727.5398211972210293162923274362092
56029,44728.1194143473496278251127496562402
56030,44729.0691408916953684081261966751362
56031,44729.3604668031412597529838045801944
56032,44730.1315142551583111866935540434388
56033,44731.0719070713081913080224992083750
56034,44731.9009104541012799338733843602471
56035,44732.1154688982257033412440004256281
56036,44732.8222431743455462410524893809081
56037,44733.8077817632388378565026594023083
56038,44734.2064549376573957143450681321284
56039,44735.2332413886170181466711788864910
56040,44736.3407210652107838193552533403769
56041,44736.8524569437741724676498163049672
56042,44737.7748738790938677725251037180200
56043,44737.9119132235852984652733585952015
56044,44738.7346096741098289326482063754738
56045,44739.1549861990601702000943876328139
56046,44740.1561954326819836584752603593582
56047,44740.9709572224117374701440199178799
56048,44741.1655962167891466047357773525238
56049,44742.3618294040989546249315503866842
56050,44742.7469225578316691300882135760044
56051,44744.0830511542721080377262173619393
56052,44744.6021025350973919693796950025937
56053,44745.2751731774070788473640690532866
56054,44745.6653555316149063854136936513557
56055,44746.3986754171784936156527091972221
56056,44747.5986215907833811022698731226588
56057,44748.2062811517493933811775083764642
56058,44748.5317356434054823586249194384445
56059,44749.4563425301496348054393577768130
56060,44749.8421528411639587519363879101218
56061,44750.5851230881297059551811920380492
56062,44751.3368678954024738307976737516802
56063,44751.8190482998183260845323431045151
56064,44753.4728546702429826329865107605790
56065,44753.7267537093779200599898339134823
56066,44754.3590402217052620388949068911868
56067,44755.4136504780368033423579006056528
56068,44755.8309920216960779358368359574699
56069,44756.4222664287324576998535690471534
56070,44757.0507601138769863709825447346907
56071,44757.8927906232996996832862781650386
56072,44758.1725539939302182619599328423633
56073,44759.3019134216598713659921396707966
56074,44760.2325252945026482032923969227363
56075,44760.6577465573110696439743695860685
56076,44761.2221088844499680177152232436070
56077,44761.9265906033209320316739313103091
56078,44763.2390662077735960261057497154777
56079,44763.5019987379174916219250555100547
56080,44764.5516366686529519060767588849190
56081,44764.9078306522579853466824537053765
56082,44765.9803711485801412430086660254512
56083,44766.2430589779928168910005325756126
56084,44767.0778739220889542954403780982421
56085,44767.8135050479161203711126130515128
56086,44768.2314418832884019009858434194467
56087,44768.8360969931124571538377625989383
56088,44769.6726434451015057773389124647954
56089,44770.8237449147559683267090245377632
56090,44771.6561717620708163484069502706501
56091,44772.3066567868010785769115125350110
56092,44772.8376340804298406913423509115113
56093,44773.6572245648312099925149470549851
56094,44773.9358770401833055093281837233921
56095,44774.6572465527441239689491777731038
56096,44775.8084567864739045823775920587690
56097,44776.3881132408296353088988406094823
56098,44776.9160726403861222913268241350690
56099,44777.6558000328707314708321535075068
56100,44778.0080018366817730580900073893910
56101,44779.2214388445999632539092082698945
56102,44779.7543506886842503006274212040523
56103,44780.6190124424250142044960692491494
56104,44781.1678327023625517191832847439921
56105,44782.3263807738473453300485719606698
56106,44782.9869126371985464510970084057712
56107,44783.5462087739055734735709559884561
56108,44784.0065461955741881729788495357416
56109,44784.7963320596920836233546336658979
56110,44785.2228150996440274572860744832205
56111,44785.8704696112646634251747213016940
56112,44786.9052626646630556586439497351310
56113,44787.6194743529008590549202135617445
56114,44788.1197907182056312485919793845926
56115,44789.4349414858399056120951509107887
56116,44789.8513354677393324807750406938568
56117,44790.4234656552216598572919085573298
56118,44791.2717392104869594556355464678519
56119,44792.0462689266245820795921494264272
56120,44792.4825690521535451067745979009002
56121,44793.2800170105321086815042829130935
56122,44794.0333174151682646905792428705696
56123,44794.7712301384965037702155989898239
56124,44795.6118139992504801802086577156118
56125,44795.8192962882957236562023258925798
56126,44796.4931283809161330720821171013357
56127,44797.1689868461705710270104724612954
56128,44798.3539522851715532657773554467806
56129,44799.4588053904174824995566420024517
56130,44800.0098956671828767305177313214556
56131,44800.5100271604829467987301245183497
56132,44800.7898986993419650092899248130517
56133,44802.0458278574216062535783073531146
56134,44802.5571562492272762201640825342188
56135,44802.9968684267042670713535976753766
56136,44803.5957060917548025586971130137695
56137,44804.5732604635906866187018972512951
56138,44805.3657157529881718646405574280494
56139,44805.8558191727436486913200220602381
56140,44806.8863798728271915254950069178869
56141,44807.5266656401920294940201389081942
56142,44808.2499148189369859260854209542705
56143,44808.8459489855478537434805742956692
56144,44809.5736980257837798301315635549425
56145,44810.5046439827976185458395334178462
56146,44811.2490147693041871399015767784995
56147,44811.8090366631815373908691814923930
56148,44812.4031597695636509640073826681734
56149,44812.7695049502894574243453860315659
56150,44813.7998019231262910495772000837353
56151,44814.1024685129966338787919512279010
56152,44815.2687358575679030887790314536750
56153,44815.8484950487581179594586733861768
56154,44816.8120063997262765852769135969944
56155,44817.7205844224768042093866259013041
56156,44818.3348693970039558648592891875975
56157,44819.1139710770209047287643151665949
56158,44819.2820139343191717349995267826623
56159,44819.9743164213262961951783112705056
56160,44820.7021549067775709321568772627575
56161,44821.8774696496322006528409665402957
56162,44822.2333703831685195252458908888160
56163,44823.0589361133487576716471834014681
56164,44823.5281843733945357336652764267795
56165,44824.3829629418050702750524092748385
56166,44824.9056999967130443403630376406729
56167,44826.2357396301128587455575489808924
56168,44826.4686615057454351912785622826606
56169,44827.5585750989438836794259085673827
56170,44828.1457224026104140745261098586083
56171,44828.8337788129397803110178022655999
56172,44829.5220928720634747276891563937350
56173,44829.9732084384181520439170897085957
56174,44830.8001293198495166081266721147248
56175,44831.4635675252422144258805389932148
56176,44831.9943950394612786915260392228494
56177,44832.3321096231702843548026432176941
56178,44834.1517947813091785266245064986032
56179,44834.4598179919788534568709508926546
56180,44835.2223926660064260313806712543710
56181,44835.9143339476121497580030820739063
56182,44836.4009306540927826262351562743971
56183,44837.2576913986662229841362303885064
56184,44837.9653420994902300053896362392559
56185,44838.6288113709672762336203799292368
56186,44839.5313217474091541778923973413115
56187,44839.7206064025355417183555696107293
56188,44840.7755869442888867270239648356999
56189,44841.3952326621671126262935797589141
56190,44842.0580157157051391736733707503933
56191,44842.4843163087322348268695873909589
56192,44843.4889263387308781334458564072508
56193,44844.6151586822004535125708510674059
56194,44845.2239757914048311097212390794023
56195,44845.8691958588334852191127904101543
56196,44846.6640229918431382110808035642361
56197,44847.3229833486144709836644674775660
56198,44847.5131326746190819561124892880227
56199,44848.2782259650212388090449970301965
56200,44849.1121692713516739631174590005900
56201,44849.8073966965619547543524494743467
56202,44850.7543285391853997293539487241812
56203,44851.2407964494053888618376996006387
56204,44851.9030819188466447463223439972216
56205,44852.9362947949918320490378826723213
56206,44853.9185642961876309849167643805861
56207,44854.2659358831339692074920265692826
56208,44854.6019504422934480105589552914713
56209,44855.8123978779840735144933885749814
56210,44856.2006950749693127077030586679901
56211,44857.3920762350557765323326254002013
56212,44857.9126667149174470168097857266366
56213,44858.3069136234562704367291891345991
56214,44858.6799045195387024386875770480636
56215,44859.7007138974020158942441401074816
56216,44860.2661175985404288748155036535144
56217,44861.2759085625903192821299360510964
56218,44862.2565732952951973357287386109120
56219,44863.1274807525641147912832979049356
56220,44863.3975661382377588742167392241651
56221,44864.3421522954891953239804902603361
56222,44864.6580584827512829847055068510812
56223,44865.6276860081727032590158501020029
56224,44866.1833525394386634927519497350020
56225,44866.6358562614794521027945180120723
56226,44867.6315982636113320440555952915763
56227,44868.2651518666112613977661469052302
56228,44869.1637321907177236348156082878005
56229,44869.5502054442499565054331468742611
56230,44870.7535241875586966451440713201247
56231,44871.0261715556362358399150437633322
56232,44871.6721167332505172945838743017414
56233,44873.0321453096268508895683781885766
56234,44873.6438159339533614850833444167677
56235,44874.1253337850771112188304032918158
56236,44874.5567927215892675771812692316221
56237,44875.4576039088432277159794215517595
56238,44876.1539916479182352169910324716621
56239,44876.6984814450786024132250979768225
56240,44877.2772638682540274904716811777763
56241,44878.0497426266787356212029034321917
56242,44878.7359186080637840237825775414815
56243,44880.0702614342424007308584318423012
56244,44880.6178504785421071803464276487691
56245,44881.4380419809028106399938176352282
56246,44881.7436431731327488421147218640998
56247,44882.5076228570108331762443572682117
56248,44883.1723678223555235963519919815129
56249,44883.8093824684976796109571790094644
56250,44884.6485208817514854456143613288685
56251,44885.5541739168500070256206505971422
56252,44886.0614101696435792393130499876397
56253,44886.5905107674344718564483259001114
56254,44887.1476211920512532673255911961460
56255,44887.9616281365623363117666258280812
56256,44889.0639774006744396231602504647490
56257,44889.7901393802088348806859530364137
56258,44890.3453488874729863130527105691193
56259,44891.1422141336836506780016827498480
56260,44892.0539584246013910975159008318031
56261,44892.5551619971375727871935920110287
56262,44893.1559966597576941299431631611252
56263,44893.7843151387371316224122632933310
56264,44894.1543793588006974284192462688157
56265,44894.9214560818699956203125814166324
56266,44896.0610924989060546130091590778493
56267,44896.5836000941822955451549450406963
56268,44897.5292287142516082191029950202052
56269,44898.1590619918619957298321879448584
56270,44898.8505450461567876967730531867804
56271,44899.7446302755580874090018599239393
56272,44900.3681354710694737949990466411974
56273,44900.6374737579273036988717672374583
56274,44901.8170257361977024407028075087379
56275,44902.5741195073369187270043243702515
56276,44902.9492372024333749268347797385106
56277,44903.5238013307299902391252871145115
56278,44904.6356368490852511970796545689599
56279,44905.0026753101828789687918209668926
56280,44905.5166677504896868353271031824898
56281,44906.2556321459219678212076391052277
56282,44907.5745518343737840372192540143845
56283,44908.4738956391520489326795001583333
56284,44908.9123132997924496623926086651735
56285,44909.6679441084856388042943542581759
56286,44910.0414342428406514873967045253494
56287,44910.6042469849004763189835899196232
56288,44911.5398709447725403432390368677685
56289,44912.2041020496521252514841843884421
56290,44912.9607617205030561583957857171740
56291,44913.4408369234264252977312119125838
56292,44914.1743137801228511904354613349298
56293,44915.2027839302869464865663589582115
56294,44915.9560910364313695497852647510948
56295,44916.4092015414173709743202825111125
56296,44917.2969836726745105260047990713178
56297,44918.1196357295595067974384668636223
56298,44918.4133029517641613137671734614427
56299,44919.8359596276862975890802107932109
56300,44920.1278880935379194127044421395000
56301,44920.6098077417221302233166119896484
56302,44921.6129885272542422344523423044924
56303,44921.8556340154283931727602300697408
56304,44922.5791264950795470729170196878388
56305,44923.2292700129699838509148798290327
56306,44924.2810748507781228024356264586745
56307,44925.2725421661400301076011213545683
56308,44925.9104130982889186296970596450533
56309,44926.4484732654274946967911439718830
56310,44927.3930832112070523329019281420272
56311,44927.9298146735534941821390570789094
56312,44928.6229244572989964961374720630530
56313,44929.0945592129391191144364169714216
56314,44929.5471347331456235627849132801291
56315,44930.8624364316216052041675162844788
56316,44931.4161741620836721328378141479595
56317,44932.1848660599786134805892505334108
56318,44932.4864840727520770477062419174166
56319,44933.1749362414491177407421935919249
56320,44934.3254223302024102744190868598864
56321,44934.8804363304729381516638284985341
56322,44935.9478400425262848366993439417835
56323,44936.4641491806997963507295291441836
56324,44937.2818556682118084147793864457974
56325,44937.6898098738873168729301585875233
56326,44938.5646108853759027600175227587208
56327,44939.0442652160879985907952201674187
56328,44939.8177899976428242252227613546962
56329,44940.2075793006235320088511067430948
56330,44941.0851836457453222649801221344622
56331,44941.8844505853435410044465653792129
56332,44942.6178124698587134630037139602714
56333,44943.9543634285920690378284420948434
56334,44944.3971596155667648285273385229790
56335,44944.7276661348677711043384559153538
56336,44945.3950702992978930003289410407945
56337,44946.1114623655850320857807567270927
56338,44947.2157001174395205976846819249532
56339,44947.7355281977419808444550509539345
56340,44948.2906618349385076697599988169905
56341,44949.1368757747771523743151669544133
56342,44949.5646693938185576021006108018378
56343,44950.1796597441624220964667557097872
56344,44951.2791937145186510304371515034896
56345,44951.6790179988931802766836232823707
56346,44952.4925013990430615321855810961895
56347,44953.6350977384967134732025904388859
56348,44954.4333692524149519055892329588269
56349,44954.9047226150092629831155748001246
56350,44955.4420209164006950646399565907819
56351,44956.2676240103687350697788185119795
56352,44956.6251675428476486528081968958131
56353,44957.4412809816213765450490060215017
56354,44957.9794704994569507085895676157402
56355,44958.8933433357279232539392026906272
56356,44959.7875875651079180907308153769079
56357,44960.4933355601190273761845379215501
56358,44960.8108620822134983599572953487110
56359,44962.1209811241665604387965330822126
56360,44962.5279928725640944232971144648349
56361,44963.3084212254954371844992593503952
56362,44964.1181852871082956436062264520625
56363,44964.5940256547862891864194268502798
56364,44965.2946251459961252526318380007785
56365,44966.3227060783899689413264018005177
56366,44966.8158438555154552669414487812362
56367,44967.3706184842649272822153279501934
56368,44967.9997826088457809093038504654520
56369,44968.4319423757389916823424109246741
56370,44969.2370363216148533224556074743080
56371,44970.7756335009418772462376472820364
56372,44971.3139230896559600479437303301570
56373,44971.7500805576020638677628533096226
56374,44972.5705016443550856937876669917505
56375,44973.3415302264802454998846960553384
56376,44973.8091270193446785618172681538001
56377,44974.3583198824040491300558149187349
56378,44975.1877171215622111995547674092449
56379,44976.0229278619013214724996929750612
56380,44976.4976484227320000798461519255144
56381,44977.3039438632727457472859421508136
56382,44978.1167918815173518373217397192722
56383,44978.6267267562991855219486890317281
56384,44979.7138076804263144329366833204587
56385,44980.1108921789714737116024305351494
56386,44980.9407373095371831161621636632323
56387,44981.7276450448061666405573677304280
56388,44982.7701233998008676438626448120458
56389,44983.2263735864345682327548378283773
56390,44983.8419947329335489463764095188201
56391,44984.2876150842289816035448801406562
56392,44984.7262543420080748050819355225666
56393,44985.9922782064074151000526586765760
56394,44986.4957397730716471582200670588998
56395,44986.8051329711332003824620347485805
56396,44988.1092865577280878747432697073901
56397,44988.8837625170493273946286329031872
56398,44989.8125938141394900705637551037194
56399,44990.2080927429308707372347873127719
56400,44991.0298516810721878750432476848956
56401,44991.4095326031316647205369876322691
56402,44991.9936530894412954852931143206135
56403,44993.0494877123319022504066612616384
56404,44993.7534633176184312189428925326704
56405,44994.5270579019986749535684506444152
56406,44994.8038155213243328281302133138930
56407,44995.8131600035610659457042300727745
56408,44996.2520498328687092923873252902716
56409,44996.8403545340283757194802372659059
56410,44998.1100037554627394639524328782378
56411,44998.8776957854385061962694501390374
56412,44999.5920456061808684018732590780991
56413,45000.2096699087249233010340459779138
56414,45000.6411871222923144896926826266788
56415,45001.6406474324041143739061275344550
56416,45002.3327312980698298117272614449915
56417,45002.6002739926146333941557428727689
56418,45003.3633133952813991766672362418679
56419,45003.8270821669354642347846705731441
56420,45005.0294147311466550245225541372786
56421,45005.7806087237412341907251963672918
56422,45006.6194570579978133677045403201704
56423,45007.1227136980834913591739176233715
56424,45007.9168775132299165372632144608265
56425,45008.4589508946292872203797947054253
56426,45009.5187351578534947715913053038767
56427,45009.8491056214242379349931668433943
56428,45010.7843533148227977226667347912408
56429,45011.3871454315120656782040940860759
56430,45012.0406857878058417011330967398194
56431,45012.8022033694605225007701768083715
56432,45013.3034880967058561127070566544120
56433,45013.8440471166292771944235870322868
56434,45014.7482219418439608131109614266523
56435,45015.5797237050397290287762145830092
56436,45016.4050939715198438650284481956173
56437,45017.5325565350628187742031353684366
56438,45018.0918512623412123988317123194303
56439,45018.4480265273234605834219733825322
56440,45019.0011428163787627576655962520894
56441,45019.8659866563422571409335675364045
56442,45020.3041536417870317205404394781671
56443,45021.0683193528969731750757019251332
56444,45022.3436556496100759888756866402174
56445,45022.6101043739415313313204631452368
56446,45022.9556206787415646834223561940102
56447,45024.0102169889427754973731046685734
56448,45025.1188410608114582420554148137624
56449,45025.5811903766115151887436988239224
56450,45026.4157713323041018651038795997828
56451,45026.5980015734017818544724259651264
56452,45028.0868218052360208288123963580780
56453,45028.4021342058102860973371483590903
56454,45029.1623048336060764738436361005997
56455,45029.7837461468577421025160563489387
56456,45030.3679044442656503352065823486121
56457,45031.0369580645461553788423865140117
56458,45031.4329550231482840948637107713739
56459,45032.3495330093223650260430646601601
56460,45033.4103043862653465799030805722570
56461,45034.2281348556117063618790162194071
56462,45035.2120285723803523767170622029531
56463,45035.3917225010521813919107574787555
56464,45036.0421511065403475231402724333784
56465,45037.0879780806069111656820773235483
56466,45037.4394448787624506661831009593898
56467,45038.2673553672834141676746353962752
56468,45038.7780069106792355748979283192321
56469,45039.5707389546593698899012910231850
56470,45040.4975011992679260606719990941272
56471,45041.0187759351769416610739826231903
56472,45041.8982066190650996111239416098922
56473,45042.0871038248739497171824385547811
56474,45043.0471717148358596138843477949366
56475,45044.2367956478751145102040268512767
56476,45044.8974725621441206270795263593512
56477,45045.5106739160374374932248032990515
56478,45046.2112132066089862480607247214879
56479,45046.7891050584475480699281098428903
56480,45047.2958491523942704795564985710359
56481,45048.2595859996838715150555257522548
56482,45048.5949379541885904721366030523463
56483,45049.3625797404129617346004059810268
56484,45050.0756576598919221242288613824220
56485,45050.8856147451193139897150685628985
56486,45052.0311575417326524045840533269454
56487,45052.4792996256059940073178358409819
56488,45053.3020025113519588570188685609180
56489,45054.1450304170483866376781788847979
56490,45054.4320467814044075914478931376477
56491,45054.9201596490095314913134861236438
56492,45056.0292153926059482692601518920415
56493,45057.0048005143296914168187001974149
56494,45057.5022239485555318865547921349748
56495,45057.8450962912720492027640288001137
56496,45058.4908220297759992887860787971043
56497,45059.2698578763830584373208556547738
56498,45060.0789322471814343801287254193225
56499,45060.8210721318711545432195218064463
56500,45061.9219090983388483204517383447949
56501,45062.4369272749065915751503407143277
56502,45063.1410271276411598954591561537014
56503,45064.1079688093519568526013491374514
56504,45064.7586151443315735358539669897623
56505,45064.9295552586276252791334808426150
56506,45065.4543113127610547135046508882212
56507,45066.6006563898753017993841747302969
56508,45066.9629001517975878646839804548776
56509,45068.0989414236032718911786730983257
56510,45068.5166211059089624613872157379693
56511,45069.5266267220977980363530781221975
56512,45070.0635182116616184198437759994674
56513,45070.9591663109254427515988648478208
56514,45071.4756593016084432461970056624508
56515,45072.3504454536628395739730676740320
56516,45073.1003575375735967799812237390338
56517,45073.7963981719470315662552918302514
56518,45074.3162371668866383865756616505353
56519,45075.0479770439024970972628520576219
56520,45075.7611918790468735874781087616756
56521,45076.4822930606124529771773153279925
56522,45076.8979312843037948479346284055452
56523,45077.6590602219199889763897617786506
56524,45078.1151877154777582158417850483369
56525,45080.0123801357724516552137900074894
56526,45080.1730187500731692965314827806432
56527,45080.9263912743954472658001370984680
56528,45081.4702709691539849110079714009358
56529,45082.0665301934843926646804637150467
56530,45082.7860009046975042910302845266732
56531,45083.5653183288486920613286982924783
56532,45084.3092986758830789804071154709064
56533,45084.6646058253439606415934304943059
56534,45085.7746970951963965989267867711051
56535,45086.4900810981178359497472786235230
56536,45086.6566623535280596325853618748531
56537,45087.8273492219418761701535989569822
56538,45088.7376416643104687998893972194220
56539,45089.0790672308783757535221422400464
56540,45089.9456244093319810121850736131515
56541,45091.0123679724709559229818400202498
56542,45091.3866766594260233769628466356954
56543,45092.2357254635626510015993790322815
56544,45092.9135307176674831036378316270073
56545,45093.2623901959687264761098284474773
56546,45093.9961664218147599675744237366593
56547,45094.3597473666709742304324889599204
56548,45095.5240707599878538204379111186470
56549,45096.4153643705098153206656852112397
56550,45096.9399117969549045027067847079935
56551,45097.7878799351305356519672044974239
56552,45098.7626187300317914001768428418940
56553,45099.4169147116481907655619641852660
56554,45099.7088000043020589531865582754441
56555,45100.5063127500229856515360061476658
56556,45101.1061141984862722222806257488664
56557,45101.9065982431192798604570920447061
56558,45102.7976612176237863659481697917591
56559,45103.5132969722422167524363092659782
56560,45103.9077317778691709895352939228921
56561,45104.6625174142444602356704325577142
56562,45105.0176277992819754810548019767636
56563,45106.3422393563672097764004600781721
56564,45106.8001548440694729879083190687154
56565,45108.0155208066776614993283011634367
56566,45108.6743010981688024928251734969373
56567,45109.0697372636873052679981419926780
56568,45109.8361633715122474544123836537596
56569,45110.2756559785196152284420128513050
56570,45111.1700512285058989244964643263732
56571,45111.8923458988237994860687824401444
56572,45112.2138174234165555727086864361743
56573,45113.0726035263706073761177363514324
56574,45113.7930735451205744361044256640861
56575,45114.8239153071985513096409265062061
56576,45115.8352007767865358702024127889600
56577,45116.0540024786253243171076896061114
56578,45116.8086365730364266298006063058852
56579,45117.4136235574774251456994595852809
56580,45118.3311214887028434787407892691343
56581,45119.0929938316268918865453762628560
56582,45119.8898848018854927610271657527642
56583,45120.3497318600491581059671306257054
56584,45120.7831394038925425933412698323328
56585,45121.7564385331074033760340607790846
56586,45122.3356250162991600274447631158274
56587,45123.0153042608693487396103923096920
56588,45123.4517890007313159221921684376045
56589,45124.9294892336966304558046305853066
56590,45125.4405445171590065323329057768074
56591,45126.3437675521665703132325392968588
56592,45126.8933467639748458920182708369418
56593,45127.4618488888984526445615522346959
56594,45128.3577700228590486345817607238189
56595,45128.7140132431464634445918045357464
56596,45128.9684908429466755266377528426537
56597,45130.4317083184741870728968231329060
56598,45130.9552083552079625538342994858968
56599,45131.5975240189820848833831579027429
56600,45132.3515951942135686615411411446403
56601,45132.8946851126427896601084665248958
56602,45133.7417746670765499509116345090912
56603,45134.8419646356449093837732859623772
56604,45135.3661103391834912118673189587131
56605,45135.8875424233510539545924549199598
56606,45136.5590207777692234573390928038839
56607,45137.6714831659892872579823429474059
56608,45138.3350925609208634821284612519432
56609,45138.4806264486053616217856239856505
56610,45139.3516870169492625497284088562708
56611,45139.9627577388351736705274516512165
56612,45140.4220509814268172630720903653994
56613,45141.4172884602294670956807524649057
56614,45142.4584541911747433661078268420296
56615,45143.4805641017745140777955541472142
56616,45143.7073585137308817576929333663533
56617,45144.6573892267944819777785208521992
56618,45144.9799332780243612448095644361259
56619,45145.9727686571559127328648050507410
56620,45146.3444883871408471693382980921412
56621,45147.2104277708316123305452674436203
56622,45148.0898245537496720637463848553480
56623,45148.6691578775221091651039980639120
56624,45148.9665375187242167039888933431838
56625,45150.1830430525074095517097291652679
56626,45150.6925691224485596515215482002670
56627,45151.3460119990166439437356153519505
56628,45152.1078226935814796465812708341260
56629,45152.9413533496467188006921935187106
56630,45154.1032903190796981048478068330083
56631,45154.6287734248763827084469213420079
56632,45155.1452830977978703827511512775116
56633,45155.4938436002663084355309288274433
56634,45156.4209647139401621005368843562917
56635,45156.9790035985854802960114274990364
56636,45157.7155017072072516410362476085462
56637,45158.3655814863910020066779064679688
56638,45159.1014388388347866673656401826643
56639,45159.9777732170775466990715592490846
56640,45160.7789430540603927810722011973524
56641,45161.7784712510048014007461117275100
56642,45162.2516826824849805397116862509626
56643,45162.6759110472505837996188943790795
56644,45163.5568073515820856297663895873236
56645,45164.1716554647706458684761082776427
56646,45165.0006614182444940110908864823825
56647,45165.6223960403258789498677542553760
56648,45166.6171158417887733028677795830802
56649,45166.9642564698744821365366928754969
56650,45167.6995602700052960235258758169835
56651,45167.8236568111850565889123191481091
56652,45168.9850818181676018153559705794486
56653,45170.1544119734796707740157451574873
56654,45170.7997725896478430872572151029510
56655,45171.5162376202253070662835991625732
56656,45172.0938080139321744885993294062583
56657,45172.8985217363597010320500309707014
56658,45173.4051905155267805377846026211315
56659,45174.3808763439432191566271125410056
56660,45174.5379309984925769201491873536801
56661,45175.1615303732755905598971264410768
56662,45176.0432657432649712911153515498812
56663,45177.2148702629890695277044504913148
56664,45177.6694384836864828938210027759296
56665,45178.1216915353600809907475493389115
56666,45179.2571614381642784785143770273119
56667,45179.9281708655912634857982679437440
56668,45180.4363585214150448533388936123399
56669,45181.1832210503728205663445334110355
56670,45182.3454112863011958616418950914759
56671,45182.6123322114380050460523070906654
56672,45183.3597149337999681336121949412551
56673,45183.9622042933738461792272426098138
56674,45184.7784362406410260534937258633132
56675,45185.0638507048447467108079415004514
56676,45186.2570341198810570791357849893173
56677,45186.4094353242621124219691496877453
56678,45187.3639998286538564406417838368756
56679,45188.7567885306971299177426032798019
56680,45189.1728667838436372676014297607285
56681,45190.0768184426146879701146962833932
56682,45190.5930534182920094109556479767827
56683,45190.8271290020617375451312214224152
56684,45191.5643926753648553861514799706986
56685,45192.5324666324550468653342329844092
56686,45193.4462267249494924103523458223349
56687,45193.7455828826568820111376437147395
56688,45194.7178878715031543197767617128423
56689,45195.0149764182675391001709522049746
56690,45195.9926412508361039522408871769600
56691,45196.8286525850810790195810785345019
56692,45197.4689497253627311763412596643170
56693,45198.2144131909399094144847723501090
56694,45199.1188451554046610712108787820466
56695,45199.7409364816364795899370968259799
56696,45200.4198467190503860914944513548959
56697,45201.2656462674749704789015970433857
56698,45201.7218392687005953144948674857059
56699,45202.2216940949886991860668325999889
56700,45202.8503764726313276378116385338339
56701,45203.7038741926093934331983515632370
56702,45204.1202453771273569468628942752806
56703,45205.4589448130262325586776698829819
56704,45206.2811038814091490878789851378429
56705,45206.9194049640443332482263620589684
56706,45207.0829220793536207387586411059980
56707,45208.4519614809313309351445865042304
56708,45208.8998127771717186051538178210429
56709,45209.4028529115417912234813522599117
56710,45210.0670657915385694358367829551339
56711,45210.9471218654882469659529078800722
56712,45211.6154966425170175917764735230390
56713,45212.5325642892361061518396275504333
56714,45212.8512009836326094535280642914418
56715,45213.5070885651015016828517096717584
56716,45214.2685132004647056838040710110811
56717,45214.8703882720476705905995489028605
56718,45216.4035581729662033543498876848944
56719,45216.7636721438643101792560750611359
56720,45217.3902166879338072461678326446430
56721,45218.2129130923809144579184157721390
56722,45218.7879448458671688640590864308077
56723,45219.2512342406550656462674449489079
56724,45220.0545146591844729979253181503818
56725,45220.5214635510810742851649464137709
56726,45221.5438344311450534042019482936626
56727,45222.1239353959291747119833591917454
56728,45222.7100841889382789639984567536834
56729,45223.6713990357919990311678860811834
56730,45224.7537015669888274125105056976714
56731,45225.1613420136417899827075532999433
56732,45225.8012422387266547873048281796238
56733,45226.3957663760443557416423625344328
56734,45227.0398943204711628323836612166265
56735,45228.3620453071115315889776326543548
56736,45228.6923844675511212804911969651637
56737,45229.3260422611930174270861289106671
56738,45229.8750447155118805597015619665823
56739,45230.4118521773905380854545921487159
56740,45231.3544051571413431893350241867501
56741,45231.7893747994847568184334520084692
56742,45232.9433624626090854955384093623370
56743,45233.5104495192712203131569660521921
56744,45234.6833172475124802339840155675746
56745,45235.2694760540710576858226986641075
56746,45235.7228005023050818891558665149645
56747,45236.5164245598511080547021985071025
56748,45236.9220845242504138383804445459609
56749,45237.8509342614370520621136606979158
56750,45238.2084284892625625546667141601586
56751,45239.0348576621999628078726051201087
56752,45240.0886138532447629613966864960018
56753,45240.6722222769745544336969788083771
56754,45241.1084763064988857760223715621569
56755,45242.0530172240651458797991183282665
56756,45242.6162620871120046201419004903335
56757,45243.6939391852422764505596010399080
56758,45244.2336208038402049431118486548000
56759,45245.1392890161661886549712726345461
56760,45245.7932324493550389661567435834630
56761,45246.1541242163274848768587260133932
56762,45246.9176025709483717102401782028705
56763,45248.0404331578731137397411605897390
56764,45248.2418758142329469331169409183824
56765,45248.8675103027847154149800504706342
56766,45249.1488805310224227606287305866049
56767,45250.6272982897923105817932631797545
56768,45251.4146159142787992503443890758873
56769,45252.3085448843843143940864307255808
56770,45252.8642778749600745166961476938672
56771,45253.4195201898738038088279538026436
56772,45253.9442766980436962732128284917930
56773,45254.8532870470948002764202878326115
56774,45255.3980414869816596374848001000453
56775,45256.1457583637802881955044078087997
56776,45257.1501792768329783381144558626274
56777,45257.3865396013825789974402133951785
56778,45258.2272875185376141650036885341690
56779,45258.8743101505013060854109165624256
56780,45259.4825009137475719124518894944864
56781,45260.6089544841362557484105366779729
56782,45261.1496138049078569719632595831244
56783,45261.8416165236973142849048329264015
56784,45262.8518236717611900769804016813617
56785,45263.6690245941717725934797748191461
56786,45264.1627076797871762663135091100133
56787,45264.5164056045608635706320283252348
56788,45265.3567443475872856641072535678195
56789,45265.6264702543965111697553701521231
56790,45266.7425127465102125147093652857775
56791,45267.3718768281250073498262658895103
56792,45268.3314963380191365998087301716439
56793,45268.6708171718044037297698341647245
56794,45269.8934664624328392166594024821644
56795,45270.5070018182058626021430456167120
56796,45271.2436440701213144534659679910933
56797,45271.7257523377749516806698440922091
56798,45272.4920894844759194552366375689378
56799,45272.9948249305968910920263368480149
56800,45274.1204533791392078179806141689074
56801,45274.6445176590132341376631456120591
56802,45275.3476875713136649674875509065576
56803,45275.7286485312951719595080297653858
56804,45276.6939844148455058550634356790579
56805,45277.1665737450576686818674433413756
56806,45277.6335539792079221792074075594013
56807,45279.0974569967235940171917151149628
56808,45280.1364924996226006574881507522329
56809,45280.4617299434522518365852298999331
56810,45280.7568859174299906906444648513030
56811,45281.7774743702025399854338130054367
56812,45282.4546566000189127751409123582915
56813,45282.9668927038806928121588796640527
56814,45283.7054368426221265773711574359841
56815,45284.2733931149535484574740254416979
56816,45285.0512235214389608099279551196424
56817,45285.7239543931253068901656407302998
56818,45286.8611175608199078295291778771903
56819,45287.3358466898765500135378389590717
56820,45288.0004304254156117020452863125446
56821,45288.7055940704373506299003055390345
56822,45289.4535800692985903573124841714905
56823,45290.4168740998618075896721829220968
56824,45290.9878521252277904678596002989079
56825,45291.5607557439080306508328398485988
56826,45292.5161934342044843060557503218750
56827,45292.9482007579051707992404759610213
56828,45293.3072617081036085286925323075208
56829,45294.2069634482053417898646467783703
56830,45295.0857087234466656889977394695223
56831,45295.3527174305832845943210225281224
56832,45296.7002267937801797716843005219277
56833,45297.4544211090396113067544526811616
56834,45298.1060270341634629537855839335735
56835,45298.9436099816720989279133383040151
56836,45299.5157367336944702306170365380790
56837,45299.9756065016037588407681812763223
56838,45300.4899725638237558661155599097805
56839,45301.2199258070550279562588950684409
56840,45302.4290456375337173194314607313224
56841,45302.8918292827611840915277973872846
56842,45303.5800311057969576809899523656331
56843,45304.1272727446884958724724772592798
56844,45304.5469950130873287383805075584117
56845,45305.9623127172159661360231205908820
56846,45306.5419928217664003630531817074437
56847,45307.0247015182997932817301160045412
56848,45308.1604393535836931592972059649574
56849,45308.5959739384189092381505948719646
56850,45309.4628139717082652301937343149693
56851,45310.0119963507232863392951000117995
56852,45310.6243847459098058417935055538031
56853,45311.2374815288624685250280381508086
56854,45311.8096629342806592184971601646971
56855,45312.4568639015389383222772936110524
56856,45313.2891687909909633289860539948024
56857,45314.3722274566851914040122855958215
56858,45315.2019470855825241188726066128908
56859,45315.6674298181209115821792597686520
56860,45316.6472296306258314161356759185774
56861,45316.8688125087173413331150375981015
56862,45317.5277193666154950072917259231198
56863,45318.8419879125595206369002119305670
56864,45319.1478906614086219503134090930381
56865,45319.6652805609660076969713633608044
56866,45320.4510487381808502217007701926677
56867,45321.3651499198826956588925116417908
56868,45321.8940611854787585541935722569612
56869,45322.5187659412988109202426149585574
56870,45323.0503651501615538808582737730799
56871,45324.0421502572637520172826788482155
56872,45325.0267989011881107201771025110122
56873,45325.9842285947950341811761608152670
56874,45326.5255855118556994815221199344139
56875,45326.8876249244297778959454336678667
56876,45327.5521630448555831281969007886779
56877,45328.2632532763905489287783259112943
56878,45328.9905800647394046556192102034411
56879,45329.5725506405602053220389916443772
56880,45330.2165603147605696782785157315923
56881,45331.2320474568098262104270666850442
56882,45331.8274983412983781511205989010604
56883,45332.4865950820489587402840170770856
56884,45333.4468066915551055593369864249485
56885,45334.3327644696012902170306613613595
56886,45334.6706606177266955215779501472129
56887,45335.4146861767426663610030179291271
56888,45335.9676282570929796974362449439325
56889,45337.1032975993367217377578809304008
56890,45337.6744443446328220664117158122691
56891,45338.3159216756032941125489136603732
56892,45338.9123005953048571401166227835385
56893,45339.3728784467238605626978171186533
56894,45339.8838523142846404619426412254814
56895,45340.9063994699637767210194735879775
56896,45341.9120304375252066961556766540713
56897,45342.8644013984272012169186198836453
56898,45343.1926659676975459510308876543694
56899,45344.1302581079956225853273553653830
56900,45344.7630346804909587897313492704275
56901,45345.4969694107591434475113968690000
56902,45345.8365164051767781628289416852595
56903,45346.5938334364978742578007817221318
56904,45347.1423023456423241129147746811306
56905,45348.3960784243429799906694775519888
56906,45348.7148085884986540687183803258647
56907,45349.3339888292437353893002199473056
56908,45350.4540622885879550717909931094639
56909,45350.8374584201133503983764983809979
56910,45351.5942381876671296045002354877491
56911,45352.4257496796399015438219246934069
56912,45353.4285161167537971913989281899966
56913,45353.8811990863891786738704210364052
56914,45354.8222630908774923987640644411199
56915,45355.2832990664279011253270356583483
56916,45355.6249758823680832184491282042444
56917,45356.6124258686095853097026666524290
56918,45357.2598973494988160337938601001867
56919,45357.8322860110049416024264826682731
56920,45358.5341911231378045340680409420945
56921,45359.0855461588158100726682135908698
56922,45360.6716142658430619415861125102267
56923,45361.2958567181116604830700464154779
56924,45361.6470938482674981298860762629410
56925,45362.1835025348237110904655847961772
56926,45362.9986420165490745550558167501271
56927,45363.7622729367743701213603196088480
56928,45364.1603745089526854070304772555183
56929,45365.4165279888874765615976907932180
56930,45365.7957259797509174000827258128296
56931,45366.4227197505914993717644993970095
56932,45367.0320798586084702584696593866715
56933,45367.8070851235315755592090449280575
56934,45368.5620463435284010464718955158997
56935,45369.2030189939112478532111406394113
56936,45370.4353171435316707849405400460837
56937,45370.8538909592054241822015920757840
56938,45371.6182881759026847144304421962623
56939,45372.4060177225991975231462379210172
56940,45373.0203272718778919424072819729351
56941,45373.7854541930444392093924572999616
56942,45374.0300082405960985560974939550442
56943,45374.8304735525567472451575955927882
56944,45375.1981262561459397454474765699485
56945,45376.5867821690682281110395177863233
56946,45377.2075828210243259795590717716390
56947,45377.7431388851686571713315935870036
56948,45378.7396236593226406528629758999344
56949,45379.2639471328326825218181370424354
56950,45380.1633812169074391129420791984945
56951,45380.9147990179248142068967342400142
56952,45381.1562043154370169442362331924400
56953,45382.1043881521080879182042625228995
56954,45382.9339543179698896658041788414004
56955,45383.4794058683896096028501352888860
56956,45384.2999622925496857562655027729620
56957,45384.8615802973783868988746751633233
56958,45385.2769980428554130157053896622309
56959,45386.0075239582765986020320845462450
56960,45386.8915372177838073050831657092406
56961,45388.0177589875908036127042831984123
56962,45388.7098126065531697868629040771591
56963,45389.6037468543947137476564341623846
56964,45389.9588424719211335530158410631023
56965,45390.5915428074545767150324710804908
56966,45390.9609064858798451997618760411923
56967,45392.0615485970659710516552370823217
56968,45392.6081957730176020722401270443617
56969,45393.3507393132697044329946435849126
56970,45393.8739775762403437979421820098348
56971,45394.7904651474250767307118965350551
56972,45395.4194237964891583401346755115189
56973,45396.3355117519690523049498569809065
56974,45397.3405557362560106084066119865815
56975,45397.5373062962630319561077541695844
56976,45398.0276410665178822774809072506490
56977,45399.4147675800241471446711163974638
56978,45400.0132703186162128013296571981723
56979,45400.7423037375078146336094889044628
56980,45400.9719294730332900053644603377286
56981,45401.7283190332966996980417151859481
56982,45402.6411365155273707445619364768862
56983,45402.9365313126704965220526715844712
56984,45403.7283895707635930677313437546744
56985,45404.5587089184427848558511026950664
56986,45405.8539397989158853467471899437152
56987,45406.1113535634737831190674149928556
56988,45407.2153147526992165835548078728347
56989,45407.5529625107817475129550428227289
56990,45408.5060803913544310706726225505241
56991,45408.8503937532193628093491403560128
56992,45409.4313915566912132166310955786147
56993,45410.4322822695213198413955511368025
56994,45410.8243519551374514957079165397865
56995,45412.0200229030961226263724851164191
56996,45412.6208545465833353036522060693716
56997,45412.9643626057730708596474018308865
56998,45413.5082282751229340055101503988912
56999,45414.5876009421124970095553772143938
57000,45415.5193878442284336643351285160903
57001,45416.3087659057937681078448491795981
57002,45416.9062998380117259915166243081038
57003,45417.5368234906313585052556179874514
57004,45418.0963800612693791682519491714887
57005,45419.2896477096977293723106955841864
57006,45419.4545054362181535738755636896247
57007,45419.8529242070711650365053659539622
57008,45420.9052180461651857342382712101624
57009,45421.3256750301398411369157104554001
57010,45422.2101575946360720845933008566991
57011,45423.4287098967022375440426984240634
57012,45423.9020435557617900766561641821326
57013,45424.7873106354166494740801917224172
57014,45425.2840048381225907133624804820878
57015,45425.8742457590044488662218243535389
57016,45426.5999138417385437264294519450381
57017,45427.3197557980208794962319908405130
57018,45428.2050032640179222185601429161669
57019,45429.0127490244397383082118936064034
57020,45429.3037293413359151980501549877679
57021,45429.8740293371184959990484857806842
57022,45430.7020486054280082127517803547292
57023,45431.5849752728160351590295054673704
57024,45432.2178655317180307079753839532726
57025,45432.7542734803408705995119543003565
57026,45434.0310037155388121361228103665592
57027,45434.9405649104855851100967343270963
57028,45435.1350933508240355630198636928401
57029,45436.0003867646160208770931056548425
57030,45436.6542181929113097281079727346456
57031,45436.9354440761635450798952732139835
57032,45437.6224602318435314124533487459587
57033,45438.6694794010799968152289558068740
57034,45439.3952887407275498056675505640737
57035,45439.8698602983712672736176123414705
57036,45440.6821367878933394463044455622861
57037,45441.6062867248812520455621484900555
57038,45442.3597135245287306677779709616299
57039,45442.8951403209393542015445829212385
57040,45443.7379906283860293957824082973663
57041,45444.3230511877982994642199347395387
57042,45445.2132261299567471257415567233728
57043,45445.6055360904578000244603235094113
57044,45446.6405928692163079067436575139621
57045,45447.2551615029282681193859271667265
57046,45447.6867126902377419560007808248609
57047,45448.4055860122622074065325889964593
57048,45448.8862969045984486151223392311418
57049,45449.5276984670863714879263234675697
57050,45451.0481101131535791949306922295229
57051,45451.7988874818435126734262020500192
57052,45452.1628143503888463993066252514430
57053,45452.9974777133880068770536932596002
57054,45453.3450842909239394796991712496300
57055,45454.4304318998587233605301459764119
57056,45454.9790932586508976049450739576178
57057,45455.3574095442897485828179746401340
57058,45456.1543127506947547912802172170819
57059,45457.0070895827071546874366589762010
57060,45457.8069560647058481207955233943946
57061,45458.3642066934787234777111536684967
57062,45459.1307436893864241906775169573283
57063,45459.7026215207131820593936549656709
57064,45460.7787237669270793533227408134478
57065,45461.2498061477525260746594102582540
57066,45462.0634502152835544114854405614032
57067,45463.1510011309520655556706631667849
57068,45463.5423876906910153027717244296976
57069,45464.1309807232488994563953682460573
57070,45464.6155815526955307325895465549693
57071,45465.4200816358754038166782459545651
57072,45466.0874324381201566537960575383330
57073,45466.6358254122579664176298936570516
57074,45467.5175167695563169101996063033173
57075,45468.4463270305326797711342081924264
57076,45468.9646540902435841476647528215822
57077,45470.3840337933598492080860204976420
57078,45470.6203346556692172821883374265910
57079,45471.2720201620148873959535104930325
57080,45471.7317592176754043080702801535238
57081,45472.3168682582959117189750354273346
57082,45473.3990345249057464632695791911657
57083,45474.2439068103400166194960162267221
57084,45474.7010912794555857130545125336237
57085,45475.2832794887831300722604289877609
57086,45475.9897169960204776799140972985986
57087,45476.6151705591669820548496275907795
57088,45477.3063148538364745484631444206622
57089,45478.4320034792514568873524221410008
57090,45479.1448137711615869058978030955596
57091,45479.7278338408330026372802145400824
57092,45480.7883961411616500632331353385437
57093,45481.1961961510295006080819283691291
57094,45481.7099175466796102482190696589617
57095,45482.4452303598864524341720675294439
57096,45483.2845326628339341356890672059454
57097,45483.7542959293414618325140915711238
57098,45484.0307497019604535726872186009679
57099,45485.3264876631613560341105486826494
57100,45486.0685642794365539797060405624670
57101,45486.9867104458819117314376534284203
57102,45487.5908336087118199915928702245650
57103,45487.9688500304152646993097920696166
57104,45489.0067661138280292763630033913011
57105,45489.6064891525066257106850538288791
57106,45490.4182086426456397617664070554136
57107,45491.1047329393271229488762731274015
57108,45491.5203133159217481555427030025332
57109,45492.5960280909352629087135603042259
57110,45492.8643757907384431183119414423587
57111,45493.8667669027823022375676868535763
57112,45494.3496449947641273476401567003438
57113,45494.7138800749120400997018011113328
57114,45495.8003080128930526710657588222836
57115,45497.0655949249481854549003928680466
57116,45497.6432008134375111756729014491955
57117,45498.2313123804605934395985555319005
57118,45498.8264566777775297860111354563943
57119,45499.5960495707937833533914626410786
57120,45500.0151333102255496803783096289569
57121,45500.6764979501671729626861729014934
57122,45501.3712513112236863834882216297166
57123,45502.5017356724671069446592699689694
57124,45502.9164995750160532906833605966455
57125,45503.5462326871436852957611582716594
57126,45504.1115294201757447708503402914884
57127,45505.5948046307322598282396555194174
57128,45505.7037246369172447195479282163364
57129,45506.5849096030593862659478143491202
57130,45507.3257960180595985474622320006095
57131,45507.8517646481152795503017609660405
57132,45508.9976975148717646905828902273228
57133,45509.4999310269970279793758699783071
57134,45510.2987424282502944369126442305984
57135,45510.5648737754940696120958064921851
57136,45511.0325976127993890511426946150593
57137,45511.8822056215140814676651101803074
57138,45513.0328045191172053572312249137624
57139,45513.2221607900545748694739850967367
57140,45514.6609939878951376196957190597094
57141,45515.3111435447759807540608477852149
57142,45515.7556961477645117518761964065338
57143,45516.5660671231814104120433658262576
57144,45517.3295680484658927136509122256836
57145,45517.6265737337106065021724580117573
57146,45518.5394603158271255171274186555343
57147,45519.1258422994463354806862080278675
57148,45519.9378395604593590628324639170409
57149,45520.7422439894291299634042702387642
57150,45521.2776426959179008759212463665019
57151,45521.9951223236976568401485328484174
57152,45522.6476979731967580592012197742298
57153,45523.3650137829805361624913500597443
57154,45524.1450071100929356746020052784624
57155,45525.5076800361504161958272899853945
57156,45525.9046844444252654572188301894912
57157,45526.2456379535242749197477265671642
57158,45527.0131076319449222448053301681596
57159,45527.7897512177020099207768109843311
57160,45528.3047373115051901524134358338582
57161,45529.2467310106813338284668669878241
57162,45529.5342904893610100534195344253168
57163,45530.1880272762025421563036943767511
57164,45531.1710511908005063770299447946471
57165,45532.2450283461908750904760018469512
57166,45532.9401634477045291318348690325198
57167,45533.4560350611600243603475192095811
57168,45534.3059787752950935584040505300103
57169,45534.7422668936217767644836364370389
57170,45535.3078443522070865596438563742432
57171,45536.4121524588078321736616305710313
57172,45537.0755245300022504164139710831886
57173,45537.5663089262431829999719718861431
57174,45538.4022075705783930394900410502822
57175,45538.9785596742164970580291363430154
57176,45539.4035583124531099946096801122960
57177,45540.1132507745336199412373695428528
57178,45541.3373312094272505443417748564526
57179,45541.8974653278208774338059180119767
57180,45542.9037911724633620831179578091726
57181,45543.2581067601271003238959894658638
57182,45544.5355596993515218075013677883014
57183,45544.7913210942805160222944986428366
57184,45545.3372608296845879459059785274152
57185,45545.9059313826111208654714974295971
57186,45546.5401430538430536211992740216850
57187,45547.3890768295019400233559985777594
57188,45548.2089118623606638228697503400077
57189,45549.0854026425889278301076551381176
57190,45549.6181446442434842841202469830855
57191,45550.0871928001219065275658053661296
57192,45551.3703351690033265804875383142216
57193,45551.9100359352865042122641212927476
57194,45552.5136301510567793975334728761026
57195,45553.0754766121524902061573817986792
57196,45554.2291203699194950919568643432258
57197,45554.6301145727650688992489098360070
57198,45555.3338084356982523512909921347808
57199,45555.8984248725441418409603072253651
57200,45556.7408570683182439174738490649501
57201,45557.2872453548469000702326957532656
57202,45557.7600469274293465145295379852636
57203,45558.4401346301843448712465204989482
57204,45559.8362695880837539670967168320951
57205,45560.6466892701075644951824786107331
57206,45561.3444231713830512790843470032871
57207,45561.6541363713624450983057058169326
57208,45562.3520867203289739308542595142023
57209,45562.9088109203700371198731172889774
57210,45563.9223476955430817559299739504049
57211,45564.3677426151908172444217506131291
57212,45565.2543746948319701474990052272447
57213,45565.7587205051238519762246160564730
57214,45566.3837613333295327245346018534708
57215,45567.4959761322219329272426090018564
57216,45567.8598560409980971036519617245067
57217,45568.8573898352492396978818576789996
57218,45569.2675265588814048554783363679125
57219,45570.2486776492215016109930201741393
57220,45571.1930887494693147781229272327498
57221,45571.6976135788095241535977392311827
57222,45572.4445314745136622271159681177274
57223,45573.0577968012976507669139010985444
57224,45573.5718160215520179547347489521090
57225,45574.2086334637015201849246017199597
57226,45574.8289121089267964994018550576903
57227,45575.5096427125310654798922629583256
57228,45576.5624020755446651783217456893587
57229,45577.1801206480213129770031915138110
57230,45578.1286108060716658864706417867805
57231,45578.8902008265080794298130333001439
57232,45579.3948712507228062220384759874501
57233,45580.1975138664985128548317258328130
57234,45580.8912311837035278235009546161836
57235,45581.3589061961288551381330332749341
57236,45581.7461447585893782028660771266787
57237,45583.2684999745094458398613626139772
57238,45583.7171306163923912477145842758384
57239,45584.1947404404660661893715642811399
57240,45584.6185210441389593684376605515458
57241,45585.5383686079403214523845378717440
57242,45586.1276212851450684622153060306115
57243,45587.3381075991332725755927757848699
57244,45588.0483266267484652996255183686946
57245,45588.7322948072738463043134893947365
57246,45589.5108428157859266087652867494461
57247,45589.8725480094114127221624835165214
57248,45590.7875036732343975160124036401957
57249,45591.3522162746652988432311022361186
57250,45591.9963362621496833783941281361302
57251,45592.2968613565592339366858063412549
57252,45593.5232588154377897693158761361983
57253,45593.9442289159173492508293441161737
57254,45594.8359208725261682293181773220657
57255,45595.8123817624523670433689073607457
57256,45596.6430548422414658832522474201764
57257,45597.1086996173265183144859558632715
57258,45597.3474442251740293370797209602110
57259,45598.5892115560979202742825953212394
57260,45599.2435199662350446277368258792702
57261,45600.0216551542971001120868328121531
57262,45600.8244242543019607761937365174649
57263,45600.9126955652095993761059869667287
57264,45601.7540476645314528246604334690785
57265,45602.6759078049795030365892858811786
57266,45603.2409426772922517244054401968321
57267,45603.7164755119656843330229712109219
57268,45604.6620917380731028495848250413568
57269,45605.8448143260046912273198428468320
57270,45606.4827818918284438530215442905849
57271,45607.3118721563516161698387622586030
57272,45607.6607633475986827282398512874423
57273,45608.1399892456638130146974122702283
57274,45608.9819546073775515244272502108627
57275,45609.5903240487735582014826927489472
57276,45610.2932057792588603660322955248743
57277,45611.1347677926784583235295949464328
57278,45611.8718941608928308295073867923721
57279,45612.5120975837759975815540351735412
57280,45613.1259916941341789688918709070242
57281,45613.8356704685674401604678169915567
57282,45614.9485216930625479726282104732731
57283,45615.5700688313166650882531250818198
57284,45616.0383324959657228006555848879400
57285,45616.8760088911938555899403329889593
57286,45617.7371914491958398107730146965733
57287,45618.2176003381207210642317474757673
57288,45619.0815609717152635299554759010362
57289,45619.7118577006561673320021697394809
57290,45619.8753532905819760371719730622538
57291,45620.8185423077929786347289134377161
57292,45621.2091312233594449379550312713544
57293,45622.9514560401999525440105696252180
57294,45623.2532154467456626802330011932074
57295,45623.9490647005067630173620005512797
57296,45624.6803838054381571423063775511091
57297,45625.6033599025182087159631869512830
57298,45625.9205345564991323744463331462640
57299,45626.5465961698941172153303261564829
57300,45627.3518163229678439324954716339312
57301,45628.2420356628275909911977391487119
57302,45628.6117560678923805216875567213362
57303,45629.5357186018986815220573969394393
57304,45630.2570223439601415492889119552622
57305,45630.6858093646139404085991749425308
57306,45631.5033019334250259453897246090296
57307,45632.3930407189715826567248626467066
57308,45632.9963597351756511517776284763929
57309,45634.0377864331759925229143887467339
57310,45634.8525120667867478700187601169493
57311,45635.3907764715603541113286561287322
57312,45635.9260957649596812602556808713381
57313,45636.4044494358826673944934879191625
57314,45637.0365784747260285293938710616576
57315,45637.9767856738490461314392093797921
57316,45638.5737313949521781006045923242194
57317,45639.3274441889013674168451155284453
57318,45639.7717059171345978583875836455952
57319,45641.0704987421982212415125834543468
57320,45641.7568327837610175588572823908459
57321,45642.4963356215469760975600732574831
57322,45643.1099259885253420175843482668441
57323,45643.4088321274160966775273792618901
57324,45644.2788015073585373048733461835414
57325,45645.2074808683849210472003061943048
57326,45646.0564269150754633083463843220610
57327,45646.3002322928999948060301889317469
57328,45647.3672699976729306023525576920442
57329,45647.7220809261975222820876543140632
57330,45648.1045047857335887196356661402686
57331,45649.3243878646822989874477508453375
57332,45649.7132384064777161540963517687518
57333,45651.0566786449824928121545082718720
57334,45651.8999788042879049134973074150328
57335,45652.1522073831902822468314321805667
57336,45652.7947874956336673608038500430008
57337,45653.7917398743152116339326069660173
57338,45654.3602097194700045737530198065751
57339,45654.9405055279416804076606955125712
57340,45655.2228266268723106437992910088937
57341,45656.1103898825919876386892246402309
57342,45657.1394014070796722389488582848547
57343,45657.9687536023631633059022669386327
57344,45658.2931971812564970940980174366225
57345,45659.3798813878557859287105410502429
57346,45659.7620791566054976173958596872597
57347,45660.7093611687857389930395930727868
57348,45661.4589488917985382302874668880512
57349,45662.2645172178882801266289793530110
57350,45662.7666833601197048662364175908489
57351,45663.4057815852053259693825687735351
57352,45664.2612175772152753544814120667519
57353,45665.0356525485966187862803757245266
57354,45665.2272837010227843125731882317170
57355,45665.9763139592272599422004690110215
57356,45666.7992329530104305337686393613118
57357,45667.4398185712089087393709600323795
57358,45668.4830061371414922724672963424056
57359,45669.7137436731860251934709299682569
57360,45669.9237543422760366670401009449701
57361,45670.6219141646768485741234089193113
57362,45671.2314953437550869960754557943195
57363,45671.8761698099356946011677521926790
57364,45672.3078985805856369792653344164324
57365,45673.4855872068512374336868580519043
57366,45674.0208212975693793707210309222027
57367,45674.9241711586404745196555288189230
57368,45675.1605636223598438097256711730392
57369,45675.8275892413694823239536669223361
57370,45676.9879431164274449242749333632076
57371,45677.7369674584110275977138467719683
57372,45678.1875312798687154214703668789300
57373,45679.0275057494575839971090747977800
57374,45679.8265803350278129461877703987585
57375,45680.8057803153009061073951038594709
57376,45681.4172656914607402425933572249178
57377,45681.5939651299624497339826960280164
57378,45682.3928324343870007089078224306656
57379,45683.1499647271627509788542944590641
57380,45683.6233618300148637502303026198200
57381,45684.3423636520647701689724400777568
57382,45685.3294264125764550641388529727501
57383,45686.2017670034548065683210883585951
57384,45686.9953162896080339226209061989457
57385,45687.5380511708001638083396162812446
57386,45688.3860407870302374089388862699251
57387,45688.8303575127165064098299863068329
57388,45689.7633148237482325975607927211349
57389,45690.1290422589081212708785768241958
57390,45691.0022373381426906168173143619744
57391,45691.7422817610040533803693087936656
57392,45692.3120589816722281179122461485464
57393,45693.2454198598486103460323586436999
57394,45693.8476291209532141056763932496709
57395,45694.2338115145540549797938479060526
57396,45694.6755679374309864691229685568821
57397,45696.3509324353563819229487962069590
57398,45696.9099140681105321449378711949711
57399,45697.5726148170582158987240533983583
57400,45698.2585874693624725093083693363145
57401,45698.8017311764321814080300340305749
57402,45699.5039080282827067135493529797637
57403,45700.0247305353995855275694751021949
57404,45700.9797370753553248239684822932143
57405,45701.3938318214974990258281092908427
57406,45701.8822112888854073514640914697915
57407,45703.2240800203659902631114334227174
57408,45703.5096355785590603476121444497764
57409,45704.6276212446754869659169915437523
57410,45705.2802941236119088024600955694896
57411,45705.9095583742169312772077205050647
57412,45706.7336570292683462392634525766687
57413,45707.0000927600614317537173501416411
57414,45707.9930819163327961232560943545518
57415,45709.1008669400158975842767126095028
57416,45709.5574035010931349503974096583647
57417,45709.8327276328869917296748000812454
57418,45710.5933834842691541752321200235960
57419,45711.2312396215336896249129500249670
57420,45712.1002555116480346632615747378587
57421,45712.6176365493693326510880437343987
57422,45713.8617088018492605533584701711022
57423,45714.3062635133846419553479568797700
57424,45715.3376861300367213483734190793169
57425,45716.1486537540084436870873607937074
57426,45716.5092832634545347012594888466519
57427,45717.0642020572774119565085650066098
57428,45717.8594590689683548759976762048332
57429,45718.1369649516828509408504000794532
57430,45719.2467362182993720070163083163124
57431,45720.1088221819894334271137973051863
57432,45720.6469377256819403776133217550370
57433,45721.1601964217579599635795108314005
57434,45722.0504694717843123598199445632696
57435,45722.7996550897708421131546559764865
57436,45723.6148165265020561924916149218086
57437,45724.1667911971423956402947314565006
57438,45725.2472484564481420461798078652335
57439,45725.9568991621378625118728113722886
57440,45726.0967954208678299505095078483946
57441,45727.1778659447290676406433370986909
57442,45727.7589246936234290391466447646353
57443,45728.4725881008652516229902385910880
57444,45728.8960174101980592903630719730854
57445,45729.6325617573771531501557704289768
57446,45730.0976995109150782864869808519968
57447,45731.3521513915452017304622097351489
57448,45732.6143219295005575898718502018280
57449,45732.8258138631950637155321530554171
57450,45733.4690935399087385996907236536812
57451,45733.9377571939215639934348348304769
57452,45734.8404672452999400468995982292366
57453,45735.7675179322014686236009446670989
57454,45736.0374698532606461495517198201001
57455,45736.8253871615904879266937438566615
57456,45737.7361442450954922068678499959211
57457,45738.2598475807909628431784018261239
57458,45738.9570489338323101489930528373153
57459,45739.5395699796927915201421785048688
57460,45740.3880708940927974739486147174339
57461,45741.2274049154056456948755362062469
57462,45741.7822795372178947464314640713097
57463,45743.0693015670747990775067320595069
57464,45743.4705998710802042484252984365989
57465,45744.0366155954563320766127251973156
57466,45744.9719869723703234532171638280339
57467,45745.2890602071749401126377728193099
57468,45746.0454544939548074047862189310337
57469,45746.2596622548676033935180765373581
57470,45747.5476059833971031770837840224795
57471,45748.1941084929296448094124789356280
57472,45748.8785980620225429733287096723267
57473,45749.6102709022969981327365222418621
57474,45750.4719669018198638212446393030449
57475,45751.4446874987843502465895499727400
57476,45752.0113690057626214041728217883422
57477,45752.2370971955302543572647637903574
57478,45753.0249578357080954903798956346329
57479,45754.0112397246223174252963409372857
57480,45754.6887236040826550343703914132305
57481,45755.5161651675131201227583955938873
57482,45755.9355829795921130731924188444934
57483,45756.4734138737587475846872699157715
57484,45757.1154434309562625415805637987268
57485,45757.8565264177174781962744441043575
57486,45758.7767563934117464889018074615246
57487,45759.9361287475950540511439605370279
57488,45760.4115053352956930257188953079240
57489,45761.2880194287619745004207543396395
57490,45761.6491454074061260749192804549345
57491,45762.4061091846799387120597065721515
57492,45763.1212873342585260534286603420007
57493,45763.5248983550123421101090955574344
57494,45764.5550961422016588470405522500519
57495,45764.9994188711065986896117284295370
57496,45765.5533948503099419505440820313058
57497,45766.7118089388897487440864295662396
57498,45767.5723815885305260235718512438269
57499,45767.8559821002527198038722259156418
57500,45768.7460922602438565920504854644750
57501,45769.5031683587413828023011445668467
57502,45770.0436703716540239161627442442870
57503,45771.2608487328133419446591141100191
57504,45771.6609612832836025382298497692663
57505,45772.4533480085724449822507872362291
57506,45772.6951369484147120698460983955119
57507,45773.5545621308354316955940699458996
57508,45774.4351279742889619605620453844127
57509,45774.9020991480693643445545083173191
57510,45775.3772265888037394987772061921618
57511,45776.2508290426929101058828548677353
57512,45777.6483477724652411595635349782380
57513,45778.1452095728978596301483330491931
57514,45778.6557385256877697742169608126825
57515,45779.7110933258769763970091655161382
57516,45780.1531054665534777187515208455629
57517,45780.3681128245893377350430247830537
57518,45781.3370191284400782656758994720820
57519,45782.0282512928327734630895498117993
57520,45783.0592910977663739431339532501438
57521,45783.5726740689509971630070457003981
57522,45784.1036487789110699030125403957454
57523,45784.8564509752828525785576635728351
57524,45785.3422995128639969895515855067056
57525,45786.5490519978412293794854398327671
57526,45787.3436082300569911965970031429161
57527,45787.8598788955779024344482439803706
57528,45788.5027110889169584520551595562752
57529,45789.4347730883570155398146400246048
57530,45790.2155235450179134607533783145454
57531,45790.6059130356561902320070562492070
57532,45791.3815466861470204582673207461990
57533,45791.6711954512612378615449533116604
57534,45792.3821502832282269061077825130550
57535,45793.2430311338912141624172979792905
57536,45794.2423733510320498710618142153446
57537,45794.8977852263708044373997112435292
57538,45795.7949673642150543319916920319820
57539,45796.6036055400462823558148970544871
57540,45796.8660415592061282942741830124016
57541,45797.7108185419157341711342554136759
57542,45798.5323636707513425752675017591578
57543,45798.9582510688553444231009990217703
57544,45799.9787202513767037527576694646841
57545,45800.4401088156658678521145191923897
57546,45801.2157645063200725771934676731168
57547,45801.8301545488460399080773106960981
57548,45802.4541313365510478600171402522792
57549,45803.3314848610267343699542428865297
57550,45803.7464239220062151771576675774388
57551,45804.6073479958441327176834665652189
57552,45806.1126590569107102345585593958540
57553,45806.3299582705640087327731380126657
57554,45807.1987117618851596636305122122480
57555,45807.5967190004273637412273244484312
57556,45807.9137160540496816447848644059677
57557,45809.1435673931747395424585009640656
57558,45809.6133736319703424865395216011265
57559,45810.0604829603944259525482479186915
57560,45811.0866034852207575097471701000357
57561,45811.8762773236823867135122074274926
57562,45812.1524665887104212193093841647352
57563,45813.6064252236032330050073801341613
57564,45814.2266638363700209405232252562375
57565,45814.4389581231567378115774415297869
57566,45815.3810808220456514382382780550774
57567,45816.1099322350530765480779947694708
57568,45816.8708802247348475680697333620039
57569,45817.5051181565143803997358989114744
57570,45818.4712865917792539112202577109811
57571,45818.8066900940708321186665132890456
57572,45819.4474474109896129315747541924885
57573,45820.1467901172159094502246761001678
57574,45820.4255876681180247250955133103495
57575,45821.6543132533251577438159107747598
57576,45822.6641879838109923091146893385027
57577,45823.3475012299381786107161225668957
57578,45823.9356934734871121545660705672041
57579,45824.7180023339373147575154212149761
57580,45825.3963937727356418130765712142980
57581,45826.0125434698192609963239037206108
57582,45826.6817470764108253865807061898477
57583,45827.0006384151463885069682082427905
57584,45827.8058970880885685508831212175123
57585,45829.0047137302317857571539605588953
57586,45829.4595814203538838279648672185060
57587,45830.1711178209178748440202813788097
57588,45830.5696162225525440866956497451718
57589,45831.7007753551203050103814969986360
57590,45832.2489827867602395785370359655040
57591,45833.2889332505450992022419937349462
57592,45833.7496345593942508961595323396645
57593,45834.6151056351410122462406748176938
57594,45835.3761608607630858073337287846415
57595,45835.8874196665841982350963201016681
57596,45836.2865505967517955568550247583979
57597,45837.2355621136145722328793766478789
57598,45837.7991390012893163286441254577899
57599,45838.5356766342835787458501050854105
57600,45838.8868177709213147145957392218513
57601,45840.1072490357792531776544659447406
57602,45841.1989072960876492499459344575586
57603,45841.7202868972283516257156874280759
57604,45842.4430720588168849103058827952032
57605,45842.8456679161135157572469573544581
57606,45843.5310308090783516005186437119740
57607,45844.0247402133619658772666988521963
57608,45845.3605714276320822412557677656443
57609,45845.8263999616545719993598649601939
57610,45846.3095484978319879089923274564765
57611,45846.8436473672666964170897581637577
57612,45847.8973196862727405772338900402819
57613,45848.3242943093416864168658455078621
57614,45849.2029361276446692867029034954158
57615,45849.8579117435234683318741401456873
57616,45850.9018665008870086571975789827198
57617,45851.5428648138717881530775597062592
57618,45852.3393395011033218125290086607201
57619,45852.9859970309094745608462764483028
57620,45853.6241080371138119721928631643056
57621,45854.0625056705543506139125030125180
57622,45854.7419393934514744532206943026600
57623,45855.3165905086584370411188054225971
57624,45856.2266647605840333385984533398373
57625,45856.7603772592402485879057202780080
57626,45858.0450663177817187169886900165515
57627,45858.4820031005458054573208414872646
57628,45859.0298452358752599094784370878888
57629,45860.0356045480561309123310991032932
57630,45860.7197915374455251827449466052953
57631,45861.4949688503660811004940698559723
57632,45861.7233967838806270583026868987129
57633,45862.7784623813755169122309140080325
57634,45863.3026473973597082509881972262451
57635,45864.3453724732547895684607452097339
57636,45864.7494402729633765924216305418507
57637,45865.4193332192311120085109019858760
57638,45865.8695456615886444805854498486607
57639,45866.4559100629201978958435747395777
57640,45867.6703296070712576656074223292740
57641,45868.6554040378800429080503026497641
57642,45869.5987108843303123458599999440225
57643,45869.6531488456810705812621717530295
57644,45870.4741544950376456373974245904561
57645,45871.2910717670374923384318263580328
57646,45871.8664728832857158635016509222860
57647,45872.2869195486693534119499179394561
57648,45873.1909770101812659633896354766682
57649,45873.9241705583729516720604430408973
57650,45874.6023931670900528824682329938752
57651,45875.2816268460816275886522569059591
57652,45875.9812285956115051942191711090549
57653,45877.0508960596355249576749002706506
57654,45877.7135977554537176527216092105078
57655,45878.1028122064217164541934907887092
57656,45878.6979556005348567007567261903262
57657,45880.0689328991267135265564447037021
57658,45880.6715402094991302587951195788864
57659,45880.9037937817248791284731178242854
57660,45881.8147748152142266308631087159146
57661,45882.4607089974287043818045330041194
57662,45882.6630067782543090950581189516300
57663,45883.7222615168489655186189231864753
57664,45884.5565692991495091029945120089129
57665,45884.9910418275239534822170597042568
57666,45886.1197144821700235659401780022491
57667,45887.0430431967617641359591712068259
57668,45887.7968217024541236318500673841383
57669,45888.1744952337468639054966032817932
57670,45888.6196055030507700114194801362324
57671,45889.6985024633281819555507540092341
57672,45889.9611343240643199320361798708007
57673,45890.7782090296448483556231995499585
57674,45891.8061965598819292611871221230952
57675,45892.2697512117343923002686368351750
57676,45893.2112900193222896313875745867139
57677,45893.4057818706578015362944227666929
57678,45894.1919325613422552022921163790713
57679,45895.2383840960228282211385211983976
57680,45895.9409512657042258657328010203693
57681,45896.9003763179293571853261149753121
57682,45897.5461303700806353856394043405895
57683,45898.0254088673270567934068253600657
57684,45898.5998258221617044893581096431440
57685,45899.6469360320116653168648725260190
57686,45900.1124834401173491127989071465272
57687,45900.6638421732759643956610289363130
57688,45901.1364454311559296169647007432805
57689,45901.8160856527352197833251111507748
57690,45903.0325415706534823642778769596159
57691,45903.9066801009115564227991645528598
57692,45904.4561644704365740926446377856222
57693,45905.3216817326087410678211781338903
57694,45905.5962250179261830428910987897689
57695,45906.7377411534806031950874962357521
57696,45906.9646965515719246494063319869035
57697,45907.9808947958938144386646330102666
57698,45908.6171541264181471985355933437609
57699,45909.3537967057140780644202704477113
57700,45910.1360656569730741460057910844352
57701,45910.2744075791046413854573871079740
57702,45911.4234813615271595493261545851998
57703,45911.9208449772551246665516047768183
57704,45912.5184715591766024703696176643932
57705,45913.9205081292882326882948960332107
57706,45914.1461746094543981382253976643392
57707,45915.3477842795674343668595972214223
57708,45915.9307242363446474607071959853781
57709,45916.6345703310167881463716056405315
57710,45916.8686012077962257329629823355246
57711,45917.3926414008967766927638548510110
57712,45918.3512289339924177381655373523433
57713,45919.1035003214787029389723663634230
57714,45920.0557666195184158187931691311187
57715,45920.3006999173813887750445025300854
57716,45921.1618543078234527473218862405308
57717,45922.1270784204989620019370310114484
57718,45922.9011166993310376317769647930909
57719,45923.5330617068974387797608257217843
57720,45924.2226639865135934085727212463508
57721,45924.6889150184607007915000531868013
57722,45925.5575160020394025578478498311578
57723,45926.6748176014073053844065182547073
57724,45926.9829258803482000777804972796167
57725,45927.4945232618435931351444057562861
57726,45928.1786683742115085989298288723886
57727,45929.0582912723187303096281911324539
57728,45929.4156755320906875396600194136037
57729,45930.0047107910199711871080742485911
57730,45931.7105559965844672511106326650252
57731,45932.0966497843419163638320379693529
57732,45932.7664162986346876015968586775916
57733,45933.3880981508473366206580236528291
57734,45934.0313022562022482421058730185539
57735,45934.7643967168547964044694496907979
57736,45935.4534297169157925187372024505195
57737,45936.0238748462373281569054830512087
57738,45936.5848454125656959404392164754129
57739,45937.4865790319169983264005559745755
57740,45938.2741441106305395654673783479122
57741,45938.9515096220200698874610120973762
57742,45939.6301133650292890713591276628414
57743,45940.2773080532497681960574394572682
57744,45940.8937712764898757870336421619253
57745,45942.1500075657160878473681263106293
57746,45942.5760030399733539000310108252852
57747,45943.5198910386701697550112653746456
57748,45943.8786640964730155781979988902772
57749,45944.6788392122108492945936237985136
57750,45945.1934004242497194961270060580747
57751,45945.9465759571773283925193501899673
57752,45946.5719383491594694744139804793918
57753,45947.0024264437563983298972985506741
57754,45948.1469786486660127346186312800782
57755,45948.7038112965719437060159235225567
57756,45949.8191774396867504259551910550085
57757,45950.5164926790216802133561972277222
57758,45951.2915022086897765177713631450112
57759,45951.6178041028403381955018265809955
57760,45952.3282983592454462528804011381701
57761,45952.8233818386818072559209610852806
57762,45953.8501340473703844308882907580606
57763,45954.5459542643688307214227543450002
57764,45955.5545004384764875694822981821840
57765,45955.7551006162524248363654474084573
57766,45956.1880889971684529610628621879368
57767,45956.9793596787176947655399347964635
57768,45958.1249516376189441849446963317178
57769,45958.8936742056770052542855851516569
57770,45959.3179054275785442696385802446141
57771,45960.4706720177942652967466121034311
57772,45961.1344102777063574684674896290769
57773,45961.5721762968857066425836426054246
57774,45962.4955273126008225148824636467686
57775,45962.8045953773212576217780166447795
57776,45963.5549066641421337063271379875307
57777,45964.0841097304650152449683368419111
57778,45964.7705844185995500782512936630736
57779,45965.9477566527029855886877581517207
57780,45966.3530332671524170708158402969805
57781,45967.3179260590151309013711132749368
57782,45968.1557436511907503207658465723794
57783,45968.6263585556164404648485441045341
57784,45969.2731812440813185569160861115011
57785,45970.0636222049549342873641193972186
57786,45970.9144222785566933130114503558984
57787,45971.6717073546402714638569611856730
57788,45971.9757742380445698651566041262400
57789,45972.6807753887877504223226729713612
57790,45973.8193637744455963447487050841376
57791,45974.1994089551922306099142087717110
57792,45974.5168468891654865731983047795014
57793,45975.4865713648277145732741206117140
57794,45976.0638418400706467087026587264957
57795,45977.6294676271170646742975063378271
57796,45978.1910296531481011047370321667303
57797,45978.6228073248357765089660635478812
57798,45979.1498409947981360032804065291606
57799,45980.0887572326742939431101738868781
57800,45980.3593895266284331855769349134500
57801,45981.2996938194531372256985024087188
57802,45981.9170734628739399198999073844634
57803,45982.6552096964947401871708671268203
57804,45983.3732001643681863932395181833630
57805,45984.0281209833275397887031910142917
57806,45984.9434923676622719362413069003047
57807,45985.3708773491685263541247454123621
57808,45986.6779596183379795113313591567393
57809,45986.8973280974724292503378148890061
57810,45987.6368088305554178816921004203829
57811,45988.4597941569349164864275379805614
57812,45989.2906937504359126444835230087497
57813,45990.1623528688641916204716830398863
57814,45990.4666693027143950540179460313846
57815,45991.0586748304097677970190513148413
57816,45991.5629135075082875291668145296572
57817,45992.3415717975708290145256326296753
57818,45993.1344474193075123436843518115451
57819,45994.0548776510116062818830076629247
57820,45995.0045013512455176810595585567681
57821,45995.6065370852906795313484902374847
57822,45996.1787691240140449636200504041842
57823,45997.2155182970268271651994382799271
57824,45997.7730125914913639189504509587292
57825,45998.1000435289414830428050908583632
57826,45998.5628093017123087096451861200185
57827,45999.8163737836547156336736288077977
57828,46000.5707273695191372344224136669844
57829,46000.8309374825273125744621663801077
57830,46002.0293092109740001719646383129782
57831,46002.1210889149399295191025637325209
57832,46003.1394346851499628853810102008063
57833,46003.7164129737365222101522380613178
57834,46004.8050860416104005309454584628461
57835,46005.5808124248160335955791390497092
57836,46006.3819746428170875431017200098432
57837,46006.7960498194701729316845604810607
57838,46007.5306920705721776471217464686156
57839,46008.0880681076886294073584729912495
57840,46008.7020639771145049515402692287813
57841,46009.5828520442320147700196123436003
57842,46010.1118240555745335304603069274192
57843,46010.6354793220686233301924877281081
57844,46011.4129379515717377434828027724913
57845,46012.7261762828082095138094958772728
57846,46013.4568749488527666349629754592101
57847,46013.8680313668922870133267269224904
57848,46014.5621377377670031841799537830245
57849,46015.0219273955314018033093568581066
57850,46016.0083519275889048530088915932003
57851,46016.7257005382820518513069790111573
57852,46017.4141659426654704551928951909111
57853,46018.1566604907953192927338296170280
57854,46018.5981776745766047388500257647387
57855,46019.2585441052714906432432345900922
57856,46020.2041852950358474007134650262090
57857,46020.4354386362162592338226439713725
57858,46021.4669309832758245090906754102023
57859,46022.4368152673123243529575468836808
57860,46023.2152062746473077568971000758587
57861,46023.9016911447901692233725461711024
57862,46024.7408204006960353814534270278470
57863,46025.0576939738124888803898285918852
57864,46025.8748937702588242315364716733239
57865,46026.4770712676022033414061027193068
57866,46026.9068422904764957216555140032950
57867,46027.5233793250788698882610679954583
57868,46028.9376422498491572261690865579676
57869,46029.3267294172297921389387189680554
57870,46029.9022555555309055306461482970505
57871,46030.5320156040747780290023121970272
57872,46031.7699621951926545735551441759942
57873,46032.3313948127692185968886007174983
57874,46032.7605795620352419398583791462491
57875,46033.8896458614441736203767610887981
57876,46034.0933708546232757329632640832631
57877,46035.1030197457086276326633405248534
57878,46035.8925553704980033307112244033165
57879,46036.3691192374971757989349500993106
57880,46037.0580501990261625455898610483692
57881,46037.5228431637323158235143972381323
57882,46038.0763833509774708940935630209754
57883,46039.0253634123676808690234844059150
57884,46040.2632803899284093078156129107148
57885,46040.7119714596610480764870154316748
57886,46041.8858379367660227074688191916547
57887,46042.2298551574545512041576806185615
57888,46042.5206729904429449823786082728538
57889,46043.3229308064517104074850111049370
57890,46044.3231124686587233736945369168742
57891,46044.7486265001799543420006089656227
57892,46045.4722515174925005471251029678799
57893,46046.2814074442295022738239579561293
57894,46046.8762886809293723204359453890907
57895,46047.4838381993743204429978927367111
57896,46048.5693045087319738371858850096456
57897,46049.0908147042891291393402407033591
57898,46049.7203212909794993346721084498463
57899,46050.4629868100454655674270463388887
57900,46051.5129960639563535137770146094835
57901,46052.4759273347714773897498461460514
57902,46052.6250564956311225463793650061631
57903,46053.2290414718851092447083103219190
57904,46054.0024343132360258725722261248566
57905,46054.5062660865170190429455414288269
57906,46055.4208044167030295481018071899991
57907,46055.9079730187181791780959935424231
57908,46056.5789123654433650439785797781529
57909,46057.7293081477734657684874995977899
57910,46058.4556714372415258655764557038504
57911,46059.1953239505035419576632365063838
57912,46059.8934288474644110963346663105925
57913,46060.5086578891671000973250362168352
57914,46061.0223527167014178847032564453498
57915,46061.9033929172621340024079751311727
57916,46062.1692774908908735458642045406543
57917,46063.5752626876329955769835193795624
57918,46063.8723543849354556442443538940681
57919,46064.6320864144781701720948192562101
57920,46065.2252745520575199444719019515575
57921,46065.7489490515853562360728503539494
57922,46066.3865417365779193890690480685803
57923,46067.6517445317171526353031301644803
57924,46068.6227910279353140309106168901009
57925,46069.0687520375286926562460696513639
57926,46069.4077084908380800648707345679939
57927,46070.6324167273350849589360268973585
57928,46071.0293273126538163016584732606187
57929,46071.8434907781444476404231750832867
57930,46072.0860376834302041576849182713008
57931,46072.7995300549909599367174490421245
57932,46073.6816921756905392986298644304105
57933,46074.3789652676735436384025599270701
57934,46075.2585153462788365342229313462304
57935,46076.2173133356363255271310550408830
57936,46076.6149505655095029699239907503173
57937,46077.3494035449002903898188276916730
57938,46078.3706165579994516102465147502953
57939,46078.5323309330006584114911934679264
57940,46079.4881725665532770547297289031227
57941,46080.5243009046871665928294765474715
57942,46080.8942846490610660358530412697100
57943,46081.5081567200143799512157101285126
57944,46082.1541394205785256703751045740230
57945,46082.7342242966761789558332699923440
57946,46083.7061472336881587934701287490197
57947,46084.2164314026527907026452596834705
57948,46084.7587030194300707143494342466457
57949,46086.1211180867475244230365563902727
57950,46086.9442678728209610879096592774660
57951,46087.5188592570325694230547329287547
57952,46088.0079720520405292066971207232557
57953,46088.6382997432093330800979633599258
57954,46089.2089756871235601516280535611663
57955,46089.7352511757049575071336835742012
57956,46090.8796009343578650118611301009717
57957,46091.5263839578371868869921500870827
57958,46091.9205276154852912923217744279234
57959,46092.8900190879396930688428802403254
57960,46093.3577201106494281269089375798280
57961,46094.4022875299424598369603206158186
57962,46095.1259821199298252142270896909957
57963,46095.7166070705582658582147657747111
57964,46096.4201503725981022009002098705293
57965,46097.3272020569031999838865820503753
57966,46098.0412508382645666632899044956763
57967,46098.4557561551328668607616063168674
57968,46099.3250288748374258611728334987938
57969,46100.0640333166533122788777782504656
57970,46100.5327661717276573633945771814818
57971,46100.6843989615262019993959711316855
57972,46101.7803937778428393758486686440568
57973,46102.8472386521967311089382913652326
57974,46103.7869503634213264825896468027309
57975,46104.4696546686082769796055311369296
57976,46104.8150426800180015881701593239144
57977,46105.6578306456472690952074438073673
57978,46106.4902598096927021827765164975405
57979,46106.9183026007561353617151064112683
57980,46107.6891138271778438756629159460574
57981,46108.2878903365454300646526935676081
57982,46108.9185193013585960634680117996175
57983,46110.0669802033805123643052691744308
57984,46110.6034951139713815923500642142765
57985,46110.8978430643525421290055825235745
57986,46111.6166164927933224382622383207892
57987,46112.7978997805206974505840345249125
57988,46113.2693737625983502916706835858075
57989,46114.3090847563469978053982878308441
57990,46115.1259131263909066251035838555402
57991,46115.6749718137291660797987905947146
57992,46116.1743693823057255327277386241658
57993,46116.7346809183992291709305665004523
57994,46117.6019790793321696202898448913867
57995,46118.0451698598982073212934436905103
57996,46118.7969226068513520518003939043647
57997,46119.5480038338528033338124216435966
57998,46120.4559859122495020924931418075804
57999,46120.8640208573221584349791336220584
58000,46122.2158136482391198987493776735525
58001,46122.8775878526309905698427500254244
58002,46123.2136580173161923109638779565518
58003,46124.0400117888837103771795128540609
58004,46124.2177393417073672586024303751015
58005,46125.5407856783069458836266152651133
58006,46126.3142472618612487990717901891931
58007,46126.8230350556883355808058146404427
58008,46127.3679997049133423145082167189137
58009,46127.9328488183110493551874600431864
58010,46128.6848321423933279313990431196155
58011,46129.3483518711877533043797395448505
58012,46130.1997717291992530736147855697774
58013,46131.0908814904748680354608095300227
58014,46132.0540839825893957516273648263153
58015,46132.5488040363422963577170556300090
58016,46133.3385697227922804188970052350174
58017,46133.9339756614412964399952338063717
58018,46134.4972497277569672029896548884482
58019,46135.1503462137463999860843606607638
58020,46135.7190342023178967304652739405553
58021,46136.4547988540995956405048743670265
58022,46137.1648162758796711674982782645323
58023,46138.2980417598720813687918080429217
58024,46138.5861118692984921040594397445497
58025,46139.6123353429238992248628101880194
58026,46140.1252167745888307372813008091210
58027,46140.7176287470677480801017648491276
58028,46142.0459779781005840468325288055652
58029,46142.3637290240033944462226912732291
58030,46142.9010929844432157581436823345166
58031,46143.8978104953102234644458244010835
58032,46144.3511742061483313338183692120963
58033,46145.2041442663510475455230742938946
58034,46145.6308547480576614331879786956534
58035,46146.4803116274231800049543631666980
58036,46147.0032942769621020744500181070406
58037,46147.3142448878837915154170548505535
58038,46149.0189253784442667270920923287871
58039,46149.7284758565744326326381414166854
58040,46150.2028048962098898418876214242593
58041,46150.8350097925112383812801079140617
58042,46151.6404852303932319837576231238988
58043,46152.0228490396151779049002440505791
58044,46152.8773285865281604598482217077765
58045,46153.2979206662672233902067702205428
58046,46154.4951009659451999995536075974061
58047,46155.0223060778813013303979294328495
58048,46155.5891980201033129657818276363125
58049,46156.0170119651754920342870805615053
58050,46157.2535287148249382696672532967195
58051,46157.7143683158762686116023553949322
58052,46158.7524411068707377231063956022377
58053,46159.0915212696695029469236952683413
58054,46160.1359825705517666090535072754106
58055,46160.7620493311703851693338434288231
58056,46161.7729710761660056009246142471121
58057,46162.2012206882303137919259313706756
58058,46162.6187449164305555812604276393882
58059,46162.9796694767926558961755566891088
58060,46164.1220406377721851235976550893587
58061,46164.5576558355473252638318649929523
58062,46165.5766348403099230519686724267197
58063,46166.2872842423975858350835223367108
58064,46167.0316772410173177216094141277168
58065,46168.1752416539163859562110650924734
58066,46168.3859555145577360394252914166932
58067,46169.2638022474644843836402232890309
58068,46169.7009112379443667486582095409653
58069,46170.5092166423008271618488433704110
58070,46171.2081345973950028013142212142250
58071,46171.9274288562262017573418101890576
58072,46172.7292907504042210394188130143026
58073,46173.3287399039645317842780109928367
58074,46173.9209403316191493088610622450779
58075,46174.6233994465670676958259617577412
58076,46175.0397987261722255438498093717899
58077,46176.1527585546191700480704042562472
58078,46177.2423233269651094092535124574221
58079,46177.9316986747229458017432213748467
58080,46178.4983126551957825331915906571462
58081,46179.1030741516073451637230493456264
58082,46179.3839104975173003057518565231786
58083,46180.5988671211296537769767244767374
58084,46181.1940087878125461236275954050347
58085,46181.4494198925916027672156878195036
58086,46182.2566974959806405855092932488032
58087,46182.9961631991997311447467202352689
58088,46184.2255066480728313752786555089887
58089,46184.5273948420051184239435052707671
58090,46185.5680410117741791185155241462803
58091,46186.1225196497869935462213362628600
58092,46186.8543755834698511535872323004522
58093,46187.1970536418511001616649212691342
58094,46188.5380451894477119641774827114076
58095,46188.9339929867129111940155398011003
58096,46189.6198995859011199592958879298266
58097,46190.2514508181476830720423988768909
58098,46191.0835099866423376655789257323000
58099,46191.3606336184105231673975468156974
58100,46192.1302346310925113966093590613222
58101,46192.8174451478655826383718641754230
58102,46194.0527095598842427008574283460736
58103,46194.4514848195860081092431952935926
58104,46195.5258478910245798548959000289270
58105,46196.2224194681114182102726566967033
58106,46196.8290707832183931233779957566089
58107,46197.5462474830286521554822085469190
58108,46197.7758397094407258632046088233184
58109,46198.4828374124345366486095774643006
58110,46199.2738702958243278292924951804643
58111,46200.3620464324352034770734025060107
58112,46200.8806521532594146624808056264732
58113,46201.4499498574956918512873410015552
58114,46202.1060017268180369735877777860144
58115,46202.8038066494711908031085878629765
58116,46204.0795224147271546572836851279257
58117,46204.4551641334175229791103994337980
58118,46204.9866218430920085066957381314119
58119,46206.0641145513281332744476742261927
58120,46206.7346255469164977724422396693696
58121,46207.1721393193848022603784459553348
58122,46208.1448844742893376184132537487767
58123,46208.4477909090470491805393802461495
58124,46209.1829414174239823439727555617798
58125,46209.7499791758640854916044764788419
58126,46210.5104589420765281683571629099978
58127,46211.1716080389282952788797861368516
58128,46212.7244757929836935989855010438347
58129,46213.2218384487378822330576705608146
58130,46213.4776866537221841247415905670639
58131,46214.3589534131773211025800630752904
58132,46214.9232884985536447279316444310936
58133,46215.7742124526161851872119804748154
58134,46216.2880488713791817916226987211495
58135,46217.2888983371540754141324740079589
58136,46217.6889285304136913343366380008080
58137,46218.3419781916605472393340330079559
58138,46219.1219380492365410172814962572552
58139,46220.0447205511250329983295124316271
58140,46220.4600917687204639479190908077642
58141,46221.0613304764796881329981311671089
58142,46222.0591988023775911693136498483524
58143,46223.1517765597281239825382699977314
58144,46223.7795888395116172559622194824617
58145,46224.1954126364231491038280771889090
58146,46224.9881531231558583531907370345331
58147,46225.5794935659500917526210260070102
58148,46226.2150205672825949186713982473853
58149,46226.6014187149740773093640628947645
58150,46227.5355342852230345649042423362408
58151,46228.4351991202673692601838492795198
58152,46228.8253689561882314654408255550911
58153,46229.9163606032238496691112536848427
58154,46230.6567977435433522933928174062275
58155,46231.3102746938132167224744571127161
58156,46232.1509513636871518665944496821485
58157,46232.7201104602744965025398149530080
58158,46233.3384838620040272754533302904788
58159,46233.7292486845740336818004497793743
58160,46234.9584263743320019617467962583188
58161,46235.7644261711386002175906801269671
58162,46236.0850050036161003738129117382863
58163,46236.7745525277496067746110346796449
58164,46237.1573568981490410311094070946926
58165,46237.9353192631162813062775610532413
58166,46238.9159457448829715918808444426896
58167,46239.8936823236349364258337002061381
58168,46240.7881481085898442534056248834054
58169,46241.0950269978804725052155097745394
58170,46241.9798835408692169981097691176007
58171,46242.8184384852216032202423446403589
58172,46243.0443705056999322083143588584536
58173,46243.8394592965035472450571798485367
58174,46244.5642419918712212934293111790177
58175,46244.9601862216107848786104800294241
58176,46246.0542743639302488011494065040495
58177,46246.7842575273513088648681685501920
58178,46247.2520654363290166675132320055564
58179,46248.3279877993431628579287325235522
58180,46248.9180074424132929039484873584528
58181,46249.5719228448550421820655132314801
58182,46250.1471520643309656103851759598893
58183,46251.1836406379073893804978366783393
58184,46252.0849962466722353674007198498491
58185,46252.4324616793567558244615201849832
58186,46253.0400049280722148852050002411537
58187,46253.5583583946901233861371837779327
58188,46254.5348806323950180793968834924911
58189,46255.1612758102532986544423928419488
58190,46255.6344858361860926445286139376694
58191,46256.1834656331320787666613588738088
58192,46257.4471720501477970550329924560776
58193,46258.2856266430895835409174917031389
58194,46259.2532729864072407603720689556762
58195,46259.5994126245981872695098102552503
58196,46260.1339801783218995900516613791928
58197,46260.5877932434926919877011692960551
58198,46261.5547238428070565410035520015790
58199,46262.3168005507658063348467235657260
58200,46262.8495126425690141892234135479237
58201,46263.6630792998384207064201543802326
58202,46264.5175039677955467942513375908245
58203,46264.9228179852780646379307012754599
58204,46265.4015455790274089625666165233617
58205,46266.6156124421949989998879022662600
58206,46267.2420085623493265938207429097810
58207,46268.1000931228849421221437972920917
58208,46268.7472238981254621875366019619759
58209,46269.3470028932125886896315686703348
58210,46270.3709795331017747646995609930167
58211,46270.8983525887002629880018676478997
58212,46271.2162099972598286953076429201990
58213,46272.2378581819527150110501815442512
58214,46272.6092973108584788043048390523879
58215,46272.8748945395088215634137576313072
58216,46274.3756574869986538639398222305586
58217,46275.1399207081024974161388938380584
58218,46275.7348891702470826737819501352501
58219,46276.4067876266800574237410659579751
58220,46277.3767261323893775859406332684477
58221,46277.8153623207789547868650303775303
58222,46278.5383715968607365444070861137111
58223,46279.2214406608058287898996799724067
58224,46279.7236281383620039914912635655611
58225,46280.8440577795452590894321184831048
58226,46281.2129796013529078906187235357114
58227,46282.1237010159523989754415738809808
58228,46282.4710484095314722177527818755433
58229,46283.2759709076257558922820997509341
58230,46283.9431691546974529177035181470086
58231,46284.6406654992104386164431517428523
58232,46285.8870987822305123443231638583664
58233,46286.5564040874539511198139945563414
58234,46287.3345775925108877806312616930526
58235,46287.6665176211160725242927059530652
58236,46288.4122823636065351361707638579274
58237,46288.9598285255991813207008346429427
58238,46289.4941236510614983621996134024520
58239,46290.6458910966554323539758545882249
58240,46290.9592998986388943489929054192431
58241,46291.8553091402652605903245820496296
58242,46292.2587383813867529118037572429252
58243,46293.4809981580255747389225293299587
58244,46294.4976884788032480963146194747026
58245,46294.6428653100155941719184716913787
58246,46295.2977196372109640106697412392924
58247,46296.1934590946095409590593573998981
58248,46296.8377522509168515474400267740062
58249,46297.8068530056688713172280155330258
58250,46298.4155318379653542721512449650593
58251,46298.9811875965950516396714507325755
58252,46299.5121827314843887924988477863059
58253,46300.0881524010509489176062169799403
58254,46300.9209133713623159042105173988660
58255,46301.5217828035736563096933807888899
58256,46302.3173860043071500090384795926000
58257,46303.5950433624356315379940565677375
58258,46304.2335438740601977071930400685340
58259,46304.6198814831300671511933954407957
58260,46305.3209069497939666826288314202696
58261,46306.3777480606588754027985020256688
58262,46306.7117174530069022416844434140001
58263,46307.1438476805491332612940380570179
58264,46307.7926612526437099148379183989699
58265,46308.9113167001044061920763692712650
58266,46309.5651718118452354439781582733781
58267,46310.2665516070269773341231195328422
58268,46310.9634810158707284655716955576718
58269,46311.3010530889416230723667223208598
58270,46312.3965321019984997351624357427879
58271,46313.2623959639504101877986843828414
58272,46313.9346063485496978849071443811538
58273,46314.7040671559968295968230334364283
58274,46315.2238862327478072647200620027471
58275,46315.9026018298720993319190059386568
58276,46316.7112456559867281307066691940394
58277,46317.3640185302181746869610831797180
58278,46317.8054339481203481285100450193209
58279,46318.2998562885734357427776971747410
58280,46319.2642583004251109466753959628251
58281,46319.8759675197299650293637793925540
58282,46321.1713533063603242396579100661706
58283,46321.7098328808380266100315460502420
58284,46322.6087661271723286274249090549524
58285,46322.9861163348386361124629926562139
58286,46323.5915266908301303246332224402905
58287,46324.1987674466785993839737068450739
58288,46324.9954140106148590324593183398634
58289,46326.0649637523368605946283005722444
58290,46326.5239240622644595219030332090936
58291,46326.9130512433388928962690592210033
58292,46327.8094057407560623582802736613498
58293,46328.4302877173495298343212185870336
58294,46329.0911799588235584515881701516611
58295,46330.1542923322271692394863768417821
58296,46330.7039636179180410093209844511297
58297,46331.3011382692572983498754035396565
58298,46332.7087778570493772267290989045220
58299,46333.2110526397701114728627648295705
58300,46333.3588727438401929532105913192045
58301,46334.2581407694576404209758218448328
58302,46334.7600002661083939929497249959961
58303,46335.4257290675091579098679519847037
58304,46336.2512521603166875924677073392235
58305,46336.7766811098988825772218973324866
58306,46337.8772989668019102407628102892125
58307,46338.3943467063301632667959301087842
58308,46339.3173026279793065880939904971677
58309,46339.9341126395204609587691266812335
58310,46340.8943804553350226316109026841741
58311,46341.2644478223262291743853707057309
58312,46341.8818275570510392148099610144765
58313,46342.8638453601998012553240724846329
58314,46343.4636106509455107201574781357066
58315,46343.9891218721252627886635178445749
58316,46344.9574682620458428455369939437827
58317,46345.6920295774775926804036286751644
58318,46345.8932783797488726739338522313479
58319,46346.5852685783320598245781715340508
58320,46347.1631138093098005598245668433778
58321,46348.8996658291650090068976968000691
58322,46349.2135733139736707507124951952349
58323,46349.9347806406037913057905002839588
58324,46350.7810678908842791052130402234795
58325,46350.9396413595155179498428591051256
58326,46352.0139463856607840539954550545988
58327,46352.5508310143117915822640911955545
58328,46353.2280076587997887369369068612421
58329,46353.6151660373453926023104744234491
58330,46354.7438544402390044990169363385145
58331,46355.2318273698818401731805057978674
58332,46356.2360208261924318926635382646991
58333,46356.6609597961317315637258795990293
58334,46357.7042582248327206997353661078015
58335,46358.2141800886947274689883648439737
58336,46358.9148321680946953235764109492741
58337,46359.7068037584743585498682920132715
58338,46360.5571002359909051227279069038283
58339,46361.2237396925460738858673429862884
58340,46361.9653406183405828430277249328399
58341,46362.4301971136072284798022619155439
58342,46362.6992518760972997478500920543579
58343,46363.6976776088762187180929363464552
58344,46364.5027395358013647693127143256896
58345,46365.0292589470567051445446903728428
58346,46365.9137386255278153459359744194500
58347,46366.9223923176686230310186844372449
58348,46367.7080094872460283353511794902074
58349,46368.3950760408455872850483867274164
58350,46368.8942109620446041103708170409252
58351,46369.4620794718035173777582936159099
58352,46369.9914942544099869191762395109423
58353,46370.7473240280232130852194211020804
58354,46371.6938469045444241166821011414811
58355,46372.6941718845740495232306907020013
58356,46372.9238153542310491953694379783149
58357,46373.2554969679179287615465235173556
58358,46374.4037973887927125106817651016894
58359,46375.2511544275477640243918349897112
58360,46375.5977768557009284702650767500400
58361,46376.9045693981011084980320702110525
58362,46377.4872940102597475359273163543622
58363,46378.0987196669721452688125126444327
58364,46378.7237913156152333162706553024385
58365,46379.5104024308360523067681603986833
58366,46380.1607556143999745829458241252964
58367,46380.6500047807892872232685760208836
58368,46381.3211362061359134533622648405852
58369,46381.8869364348876126824004193022760
58370,46382.5726789644896693773170928941906
58371,46383.7824677768548169673264560192538
58372,46384.6132962408252999345356853196449
58373,46385.2802735638026938712158067651402
58374,46385.7196924817323044108371889167291
58375,46386.2817721228307614707006795723072
58376,46387.3749283385128317629463007178487
58377,46387.8627066619180410673482219510528
58378,46388.7003074260256141199659691242058
58379,46389.0271625489541526573416858747853
58380,46390.2294075659358618082403642311416
58381,46390.4294389616295345293677586263442
58382,46391.4002227969911559424557823762468
58383,46391.8234074205895273131032709353722
58384,46392.5839543663546081561205187199984
58385,46393.2720448548222617361914316921390
58386,46394.5465877669953198766356515914245
58387,46395.1230685115316387152896675401391
58388,46395.8746541547106544382742553397576
58389,46396.5517248958672697248997616680655
58390,46397.0560520424052894640511384008992
58391,46397.6104503851248982672378964340945
58392,46398.1608503707444792081106115196721
58393,46399.0896973297177024533897569084684
58394,46399.6018258294132716038316865562877
58395,46400.7102924794490749724357667429669
58396,46401.2216868815632069330222502337383
58397,46401.6182975796434457276130744332064
58398,46402.8328241430805683620492924457751
58399,46403.6882019366537735695584841343243
58400,46404.2936502122293010695366602090121
58401,46404.5629771240006681892181695314872
58402,46405.3290623168686745521786776895563
58403,46406.5498157689722654073079131448936
58404,46407.0561035880643979729365574490411
58405,46407.6744211449936037195633445077263
58406,46408.1262822087487660486386201769530
58407,46408.9848901750638962740753747475468
58408,46409.3077192481206736019913233027887
58409,46410.0478804324047978460038992253640
58410,46411.2200073943564544376605008110545
58411,46411.9808433099978678118529373688689
58412,46412.9276115952757329982824448583850
58413,46413.2908802119857502867549966533310
58414,46414.1969852465013824664055624433194
58415,46414.7657303380443098565654788955872
58416,46415.1070676802491170980420123887439
58417,46416.0995742809553267397884253611482
58418,46416.7336282916698253886627315095993
58419,46417.2801344080213077444519991188284
58420,46418.0459486408599465121971269243658
58421,46418.9854656429278343153444718373056
58422,46419.7885203651690796105206290492655
58423,46419.9242485246486302694401376937255
58424,46420.9944225569372971308290445775677
58425,46421.6988317511983717314667266127924
58426,46422.5493192924578147886649670375286
58427,46423.5603557966817751083973660108928
58428,46423.9822306457299289170225644476280
58429,46424.5940122960060564144085569578899
58430,46424.9692369766903276455532070686632
58431,46426.0708254353687322764931252182710
58432,46426.5036896927797398598926619072115
58433,46427.2818013563470591453017190479706
58434,46427.5822679115957160574748988850542
58435,46428.5678836648427745108681047153280
58436,46429.6444345350513970266988056906018
58437,46430.5759404917902167202281435179154
58438,46431.1160243577501572397236329588972
58439,46431.4858131688772381846446814203259
58440,46432.5052365970238648723810851835896
58441,46432.9718709914667412451872269487021
58442,46433.3393568573183003953424174264380
58443,46434.6578577073056207673609961008621
58444,46435.1390229362847250347562764460045
58445,46435.8945676228855911933915745351684
58446,46436.3500958661610488366285434106436
58447,46437.0641214141512951246539813422964
58448,46437.5136562688822299004223652045292
58449,46438.8378271982580941356277975360624
58450,46439.3240879718856679342455158635272
58451,46440.2371895607580799456031586003064
58452,46440.9703235145565800011475515480406
58453,46441.5397696315525800071886047607961
58454,46442.4333795189530041089267618461703
58455,46443.1000911512352462220316465729696
58456,46443.4225805723517944815881198356564
58457,46443.9511604108662441337430504461249
58458,46444.5346406383319456899465579765175
58459,46445.9427217838077635559550096951484
58460,46446.2135830052727278826413928629016
58461,46446.9933893837286346826962824200907
58462,46448.0530135809339686952660557701300
58463,46448.5683446247027230430685546554741
58464,46449.2572411489396085074561446332190
58465,46450.1192289989288266350184295101704
58466,46450.5177409740394544134680652034953
58467,46451.6018507353276403187127234074504
58468,46451.8562348089324131494198118141842
58469,46453.0284150265748817912022530840166
58470,46453.3404034974102960298644348322361
58471,46453.9834434387909000794157162176906
58472,46454.8506149775679747343414359380182
58473,46455.3022478327262980644219716699853
58474,46455.9517403650741241829413625448662
58475,46456.8146388622079640930011825147918
58476,46458.3073509472995933035463602606435
58477,46458.7581192996430065088052993362431
58478,46459.2072787965164592945803910702920
58479,46459.6708024957275543316699741785106
58480,46460.4449817469539535881471468971210
58481,46461.2370439727617894550882603301168
58482,46461.7881758307671833919211140756895
58483,46462.5526849879817677388128237591071
58484,46463.2862153174533201149418786160396
58485,46463.8044571138164233836578358929122
58486,46464.6992107532629488125600673218663
58487,46465.4366946312547151427440268897847
58488,46466.3956473077110142503599480990645
58489,46466.7533910864676001617918931047231
58490,46467.5123457375692707374353600235581
58491,46468.4070006599062350405690371322261
58492,46469.1313957570568375658465414240167
58493,46469.9081948026396924436676097826093
58494,46470.4334023409218191455739923405282
58495,46471.0951290492609933642501450775351
58496,46471.6738097302615692878847334648030
58497,46472.2001964911305866893973286505392
58498,46472.9153611922097222554787954705499
58499,46473.6116078120241852664308939086031
58500,46474.8915289790512307307640258567030
58501,46475.5173326640942199610859145063307
58502,46475.9348186423842246639291042855820
58503,46477.1872888265861275249133632540070
58504,46477.5095628303496781012518074356896
58505,46478.1808615508953046083685983035456
58506,46478.7040633141644778701675461295137
58507,46479.3997609925539149752859621681414
58508,46480.0739969740703077060252680749276
58509,46481.2257392007194007937801344981601
58510,46481.6715315984566210050999440692387
58511,46482.2521679035532316634941353653599
58512,46482.8863524218991187296386273346000
58513,46483.3918190130927524387391501691940
58514,46484.6977441641765746871759258996794
58515,46485.3462060302896524378912678522662
58516,46486.0431252211885829756373320539438
58517,46486.7631220136059987207734755266309
58518,46487.5649397873765796938651804019645
58519,46488.1721523829430842669482360003052
58520,46488.4223367893241898318819935786614
58521,46489.4156047738928180919395426829270
58522,46490.0027526314519409806525804213585
58523,46490.7305249907168578338131580674244
58524,46491.0167153753323411292153512418279
58525,46492.3153064130023982212354730808726
58526,46493.1269146237212462017800136851462
58527,46493.8293304702710234223578434838856
58528,46494.7351824778758549074038301502012
58529,46495.1247597873765227560085034956891
58530,46495.3578791214794841756386083650033
58531,46496.5289304532545169143925154515225
58532,46497.5253043520623305271443207860384
58533,46497.8518815682059594503409524876952
58534,46498.6882412482742547557037113469532
58535,46498.9954899757415147838050071125944
58536,46499.8356698710723294065262329149259
58537,46500.7553538426876687042058719165767
58538,46501.1702029728112905825004435660418
58539,46501.8218933377353908105531913065948
58540,46503.0366285789517889247756836859457
58541,46503.8079256074060339109214988472626
58542,46504.5084020927761246911337186070692
58543,46505.1457968083545955803431543233729
58544,46505.8473175229663450449210971876649
58545,46506.0268006872533325064607979795037
58546,46507.1412787307572264970153802853233
58547,46507.3680633448673317387787979220624
58548,46508.3114785370522921575936798140483
58549,46509.2144633963520633640416258008893
58550,46509.8841964162300437285620279754702
58551,46510.4583169828467748589583762239676
58552,46511.2765479159790671900432408984868
58553,46512.0854112338311325001961253573398
58554,46512.8095843834685828905941458157860
58555,46513.5807487632328685105823178532445
58556,46514.1284705788236083669696016883199
58557,46514.8002168136241758720096989965758
58558,46515.5023308328578115377237095635775
58559,46516.5663909586912837568199648556933
58560,46516.9417992987040704792656314251713
58561,46517.5145270009534214057740905806991
58562,46517.8240198510108550443675117995082
58563,46518.7702656996072108129379390349994
58564,46519.5203872551922503877824127799238
58565,46520.8687454327742873014525775824220
58566,46521.4489587231222399312670053710994
58567,46521.9540603659186988277531937665355
58568,46522.7084165345958042923712446507987
58569,46523.2003514500054494712258201208554
58570,46524.2082110715015208234268606020032
58571,46524.5763839239000473924263634811817
58572,46525.0266528904514203655778390647823
58573,46526.2822844908415386795164692106383
58574,46526.6968447306327505203485714279903
58575,46527.4081540857673393110333822916596
58576,46528.0097058725171921404020246958009
58577,46528.9523343890921952343887964657825
58578,46529.7969052863936559095679544586607
58579,46530.1116552065127137001402770574492
58580,46530.9934378828953939762513518823776
58581,46532.2146324640626637898049280025109
58582,46532.6014199847966320867675993480625
58583,46533.3705591409438986806845507526936
58584,46533.7379743729740482452019076190998
58585,46534.3852992036030531936924477995683
58586,46535.1648684330206946684944771785265
58587,46535.6289318426065004046598027491050
58588,46536.7858216213956926953828605674136
58589,46537.0566555295666482532717194206717
58590,46537.8993771244385418155295446041222
58591,46539.2643711659303573055756200505442
58592,46539.7930143629597428056448710333366
58593,46540.1564635929678517984412048151716
58594,46541.0983291227882507001172307185929
58595,46541.4499104234133041019849193588574
58596,46542.0975202878338790673861921295909
58597,46543.2538043169720846138867779828973
58598,46543.6898476081241104427624321446547
58599,46544.4308507100037757297090384673728
58600,46545.1802035957487356105229459514840
58601,46545.6277388923262306852748895540560
58602,46546.2516595282734039318007396030521
58603,46546.9597024074260889823302883135921
58604,46548.2305747204476396404391187222676
58605,46548.8193840610046173435444292499070
58606,46549.6643311754587943969534274794802
58607,46550.1647884531026993879895340584697
58608,46550.8066689701876069010435756008366
58609,46551.5637359431887373351018556991058
58610,46552.4263792883836191566063706978627
58611,46552.5617890829925648261927197484174
58612,46553.3823239010033762900448110088073
58613,46553.8635689772288269259831187204837
58614,46555.0459195689777729296391797686730
58615,46555.8858221595641332645933089923174
58616,46556.5882699471023617442136973236373
58617,46556.9267288054571169416614616915480
58618,46558.0052810817444939154410248104946
58619,46558.5922250730457705680378011570995
58620,46559.3973271880375726566594579974966
58621,46559.7647852964704897515874328389055
58622,46561.0287478259735622966937631442148
58623,46561.4411120485348103323208145804941
58624,46561.7094141101457364927289585022965
58625,46562.8738456834893305181881731514822
58626,46563.4299474085148566601971621508517
58627,46563.7562147175058983154045737965025
58628,46564.5926782027509502406435778990522
58629,46565.5603985226978806942947072526922
58630,46566.5432966327528908812173111663045
58631,46567.2610890843859747554895614538397
58632,46568.0317196431026168251603072242120
58633,46568.6328774748285199425759126290361
58634,46569.0611652102194443097027029788951
58635,46569.4880012145232599569851281712279
58636,46570.2955985916199966830224870150403
58637,46571.4643837443550991284449222435147
58638,46571.7896471830030122234963480959178
58639,46572.5628348061901428074192921956361
58640,46573.1965018752131637290405424942428
58641,46573.8162468060048097824036422125951
58642,46575.0497387383703547465377087470903
58643,46575.4303258600660859550330562447939
58644,46576.3638100682490211083485141100390
58645,46576.6487699268722318866743301939341
58646,46577.7614641468700439227839083277400
58647,46578.6016195449835480287637750120379
58648,46579.0663167741597124490044574237536
58649,46579.7118666337130338416464453466813
58650,46580.1705456486095792848469890625185
58651,46580.9193209374643243518732140893271
58652,46581.6076088086176070557969120339828
58653,46582.0695822439524977460858540641152
58654,46583.2716838156743373551807652555254
58655,46584.2257574608144119695391830594852
58656,46584.8567131505600218790819977932305
58657,46585.4610578643322842038133812755966
58658,46585.9684456624269384660978001111104
58659,46586.8604871969490655408937982766233
58660,46587.5484682972083666562422693398875
58661,46588.0181708653900738736729160876252
58662,46588.6882731716300137043050830656947
58663,46589.4619863119916257124934804869941
58664,46590.5289776535210626067968347939425
58665,46590.8125802223526311612329549271891
58666,46591.4828208607811074610515238577954
58667,46592.2962111809351893588794659582685
58668,46592.7796786006023832842338513984024
58669,46593.9008552800527192721879640521894
58670,46595.1091310595106355441510589301729
58671,46595.3667212935676926728885348662509
58672,46595.7616130921181709148220792554172
58673,46596.7371708804632028781675259835170
58674,46597.3567296879334111395932190954677
58675,46597.9118819389221270068831675305325
58676,46598.5611877588468092217513699419650
58677,46599.1551508050079258972220684038232
58678,46599.9198942834132763531143748387448
58679,46600.9117302819811311374913738301157
58680,46601.3732509618719469079056488335847
58681,46602.6324451850015368302410154374954
58682,46603.1852917540349978361394055678625
58683,46603.8088726090415373449028730401413
58684,46604.0725901995086760033952264568531
58685,46605.2022111022952639303849436500386
58686,46605.6248981748613439261933772913334
58687,46606.6819896048178364766377817754118
58688,46607.4996667642571768382429226626145
58689,46607.7394252156898707663396781625993
58690,46608.4382000258285552605528294168608
58691,46608.7450116527114258392315321594113
58692,46610.1491633311655040071767567409923
58693,46610.4423180300628145060508584762218
58694,46611.5423582646335637610780068761954
58695,46612.2779978107941325982222628284740
58696,46613.0848547726592794729490392570894
58697,46613.8384141527731354731954873440317
58698,46614.3360768800210895885537683111259
58699,46614.9111569953928992124056659575847
58700,46615.4454447921240330899434802276538
58701,46616.1454999240932281492090483896443
58702,46616.8424268011318598381550551176985
58703,46617.8075995227101199816459403120628
58704,46618.4547369777175503634490656134462
58705,46619.0684296744380939926117229612673
58706,46619.8861163006269686049317015080806
58707,46620.6274326480959657400459203834566
58708,46621.4253478342152553996124006194794
58709,46621.9095063001091240397697332652915
58710,46622.9204879911936702430129502414657
58711,46623.6829267154736801216568191355224
58712,46623.9514269347925066060072854172624
58713,46624.8812317321387869848354338944245
58714,46625.4637031264165790524947782532844
58715,46626.1582784857060475391215399747770
58716,46627.0008178291422607890906488555258
58717,46627.2470763829597226014114459027660
58718,46627.6887592137370280343996931648790
58719,46629.4485754829579558042816519564918
58720,46630.0695517701736945523383990198865
58721,46630.7334354037368726935561206759817
58722,46631.1397143632099453109757399728670
58723,46631.9565765712769912273241355403458
58724,46632.4360862142626568733286773924006
58725,46633.2317168724537160527450190891918
58726,46633.9569483567383782443484162445379
58727,46634.7423019485613675778530612871078
58728,46635.1440902122358798010056116710205
58729,46636.0828284042830526920617797798283
58730,46636.7410267913408985739727706602422
58731,46637.4099004487961926332240701095906
58732,46638.0164390471301533278273953846872
58733,46639.1451378532573424632515546223450
58734,46639.7047160737527641789827704456043
58735,46640.2284492745144963870720718621840
58736,46641.4384210545939569987740999378901
58737,46641.9672522247642020031360852601315
58738,46642.4346403714329887052571125646446
58739,46643.1715044471252650396826540052209
58740,46643.5038716241780782866710735631058
58741,46644.2515361862298817315106269845047
58742,46645.0770131673424109963802799247949
58743,46645.9132411776011780792208186426388
58744,46646.6463903642650603717435739929347
58745,46647.5953272306231432400326836464342
58746,46648.0179526604542327555860532222123
58747,46649.2232968690712503423371979590723
58748,46649.6266291864662879340339240647501
58749,46650.1352680250736599416124971493250
58750,46650.6151729138452049271277016919812
58751,46651.5540065403488157327839658145654
58752,46652.5580217570934405651037452247610
58753,46653.0997804472679968890547812577135
58754,46653.5010683916681163738674070340165
58755,46654.3998052244056712805273432445719
58756,46654.8555557208970796269660801767477
58757,46655.4692431293757773601894903692946
58758,46656.6434366169511819523965104892165
58759,46657.3728097118460048910623748216623
58760,46658.3791251970640597185639618100156
58761,46658.9216923385291549359870993249394
58762,46659.2719046960479157947941168646439
58763,46660.0330381738692771930306971349968
58764,46660.7897832556918052590519331870044
58765,46661.5303213293657925391547297739978
58766,46661.8261409908939880213443881937151
58767,46662.7075738689567050262424263438501
58768,46663.4581193942230621966877505143698
58769,46664.0814047615883929686533234885708
58770,46665.4366538629710572208904735354631
58771,46665.7840068522392557886476254010661
58772,46666.3746494324511647259007635445237
58773,46667.0093846550351388499235566946959
58774,46667.8109589107993867226386738433513
58775,46668.7791453899942922896262919375395
58776,46669.4192917777729160424823644358184
58777,46669.9027646380373248470349718058162
58778,46670.5156478129609442600981624522704
58779,46671.4588080344587336990914242547489
58780,46671.7938556845841987953005007230243
58781,46672.4656168182377066408174107721839
58782,46673.2856705481939941293740889142469
58783,46673.9709530986675983631805254864761
58784,46675.0256788899346617363883646812867
58785,46676.0754618595939922416693680369020
58786,46676.3930656651152703470445415492049
58787,46677.0922620736663504911540836089228
58788,46677.6942325790108918152316997143091
58789,46678.4937076445405100113548581897382
58790,46678.8896239888455738963864986215452
58791,46679.3767601986124454983394411205516
58792,46680.6397110031362135391604122000185
58793,46681.4674038443504477202219253588051
58794,46681.7542064295692391637745373342416
58795,46682.2375991844632726906954184411496
58796,46683.2598158627307241116018797424006
58797,46684.2306638457061831773819531539446
58798,46684.8930382753294401297267456018070
58799,46685.4304284517046411196975350089971
58800,46686.2635645927437295839347231861979
58801,46686.9165885540793593431818876565318
58802,46687.7472378978745398538460170455703
58803,46688.3646508980950656350364105531922
58804,46689.0369843010755244113189500116566
58805,46689.3146367538971898651369013250530
58806,46690.0332972779654821748187604597976
58807,46690.7463989406831812281009298140824
58808,46691.7953141427632006209062626343402
58809,46692.6287460431539840742522931970137
58810,46693.5912223922344728361576025381687
58811,46693.9484405610441409595123582948252
58812,46694.7452009741899622691852010708813
58813,46695.3236879605232243152297070229912
58814,46695.8309728079926521158939105856163
58815,46696.8677378025290316261624422124959
58816,46697.3197180171301853927301210389351
58817,46698.2951250676556684434922636427804
58818,46698.5396745994107509970228572921841
58819,46699.4574097709282781537050058774024
58820,46700.3363155917514034895481406935928
58821,46700.6573340135760994656831711057781
58822,46701.7070076497855778128311646109585
58823,46702.0322111736822703532802205925224
58824,46703.6422887504367441998850157162925
58825,46703.8058618519417610102731396925493
58826,46704.8419370194974042710446410228253
58827,46705.3066751222753341021269026885436
58828,46705.7475785130113843457646119606013
58829,46706.2117379415795015554550962979323
58830,46707.4468207048011400873827296284094
58831,46707.8384309846016635719874754475832
58832,46708.3418784259894614422889298436323
58833,46709.2581600422858608116454457549911
58834,46710.2483512341355113506556979711937
58835,46710.8823083596804596368089943972354
58836,46711.7598110609225774319261703896259
58837,46712.3096859180521120345270746242649
58838,46713.1078656989803460716807856160581
58839,46713.4254024684403473362925847084041
58840,46714.2847793111875993626679453193772
58841,46715.1985343887777845872200027230382
58842,46715.9143755596902745440160017047683
58843,46716.4460666584242380487391751169507
58844,46717.1021337939298732485360965898904
58845,46717.5674357578998142675248598399845
58846,46718.3015723185140989241928451992135
58847,46718.8865960233298453700713312839977
58848,46720.4131245280612441983063682518131
58849,46721.0276323380562176905832154608877
58850,46721.2885968707586078747898875474263
58851,46722.1931634932917939694468557277795
58852,46723.1631013339534291300150634971099
58853,46723.5763859887066901185176168608272
58854,46724.0162763511029193705014521815108
58855,46724.6884830190448269114120445867353
58856,46725.4239386045963936834386473444354
58857,46726.1436389942129117516053209760416
58858,46727.1818624652702128317070178625831
58859,46727.8294375699264128571035562739349
58860,46728.1098519727762162312954486424707
58861,46729.3992395086371353694000605251231
58862,46729.7745360860224873644657679107308
58863,46730.5501379386389441883532941746194
58864,46731.4789389420108966017086123331992
58865,46732.0221601488204144340780383264528
58866,46732.8660601826064983543441876902187
58867,46733.4793640242670646273684801188309
58868,46733.9335886250832038676186515018674
58869,46734.5883822838559500205458116203473
58870,46735.4909670383765695645472919200551
58871,46735.8580045260810293507731379637737
58872,46736.7246815451658381344735749287153
58873,46737.3168482217508171420310502777440
58874,46738.7300545748202412167885511657607
58875,46739.3949798795966391869002068366409
58876,46739.9911343698867498633029828165809
58877,46740.3791878328078166044219379793653
58878,46740.9421184984876464287722469012729
58879,46741.6904096188103800179187209914108
58880,46742.6031505972533518997030827721474
58881,46743.1609463679500121073120422509586
58882,46744.1938251425618136137000465234684
58883,46744.3710504327602192707631396245917
58884,46745.1662776021854854388400186656217
58885,46745.8840556317895227080075650766284
58886,46746.8142917775609299447177499320844
58887,46747.7074496703908107362943738403964
58888,46747.8585135965099235403410611048784
58889,46749.2660951029815141656137161130450
58890,46749.7240480690476621623001346259735
58891,46750.5211330998170244197296755408147
58892,46750.8605143368780167192366019786153
58893,46752.0100279344755199879203540007188
58894,46752.2436222077074015858936026187737
58895,46752.7164602542904786009511720890828
58896,46753.4098788540015713143436493673120
58897,46754.3987091096755501287754071132315
58898,46755.4410901559814855073522334024533
58899,46755.8824645727106673214164317827296
58900,46756.9884369925833119820828423629514
58901,46757.2620013436820876666770817074165
58902,46758.0832597004629451678185600528748
58903,46758.9810275182540376762814971173729
58904,46759.4556218935590861085113653156104
58905,46759.9773434805117527886664151994103
58906,46760.7994851614303484998155638347068
58907,46761.6523058119250166521249695526448
58908,46762.3513366603062276037411271312673
58909,46763.0278746896558482541820324761967
58910,46763.3310373641269216247264008775858
58911,46763.9429131589013466280749370434338
58912,46765.0666960430192797443351546871893
58913,46765.9942035866346952079779152165607
58914,46766.7952237657320883210469671692453
58915,46767.5106316460431171182415399668172
58916,46768.0640629565288799475396413866533
58917,46768.4865085888655001747390709182053
58918,46769.3583861541374972027205191395882
58919,46769.9616856420509628039253339698719
58920,46770.4008602735572680952011794630587
58921,46771.4013258917944120173831724909362
58922,46772.1304887873301548276851179576562
58923,46772.4992190219951673593875630441208
58924,46773.6099359865827777817690492282269
58925,46774.4305339339826793846464359090938
58926,46775.1677227286896396437061667242421
58927,46775.6878892096581580561211844855123
58928,46776.3480644252469930958233660606898
58929,46776.8080948240161599220325729719287
58930,46778.2887546049606038380007762675139
58931,46778.6489281064607402254449356957508
58932,46779.1473575622953340490303243810419
58933,46779.6625341706719664571252043694192
58934,46780.3576890723808715985153396608106
58935,46781.2089936928901273542429809632662
58936,46781.7675640210840769101302427254535
58937,46782.4380268528844842050610565827279
58938,46783.6694703963293532094116918649866
58939,46784.2868051615493892824316849301727
58940,46785.1128606886441806740677474680221
58941,46785.7085887516492469873886590001911
58942,46786.3121215303199051741893397762721
58943,46786.9305070858194405527499508727572
58944,46787.4356480210074582673000868856434
58945,46788.1146197303440120558005746286679
58946,46789.1224898511116697690854814096314
58947,46789.6717140301338684215782471831937
58948,46790.3640122012762426141654776098335
58949,46791.3725359827249481595682595048401
58950,46791.6398918252059389588013410983046
58951,46792.2656187995746774936977657782407
58952,46793.5583110329137526168676570984813
58953,46794.1863638516779273176970839754924
58954,46794.7643868790458114441922710144125
58955,46795.6410005251815224207732461053515
58956,46795.9622853265595022769625051852102
58957,46797.0303842696133112196383274760123
58958,46797.3650479301903613250568596701668
58959,46798.3165673390566620640392945554691
58960,46798.5759742020639450077769031903370
58961,46799.2267231219568550287535985353554
58962,46799.9718601043120365133473517094220
58963,46801.5345604514125500253838510382918
58964,46801.8062696793123150206116078104977
58965,46802.7453976098719840330124031210307
58966,46803.0525841217105152864447163311455
58967,46804.0377181242417356669696646193821
58968,46804.4262822761525949010620785220403
58969,46805.1872402552727324610435115718822
58970,46805.9920241199757742074601542041915
58971,46806.7034510886647175029035403251622
58972,46807.4357224822395426336995303164851
58973,46807.9852529391214865682753804022991
58974,46808.4483519450439275692426277137509
58975,46809.3930350167803246577675163980732
58976,46810.2141547772968851418059672816878
58977,46810.7854670217941368131029164081271
58978,46811.7327348021108429471053030800014
58979,46812.4567308224361045594118106647566
58980,46813.4859936487377899993184699123172
58981,46813.9184779630848248189699945500650
58982,46814.2774537541058138437492211457796
58983,46815.1638950655018317306573784588002
58984,46815.4363636179712147832179724432415
58985,46816.2694234770571775702580528490883
58986,46817.2697046952465726298066693260484
58987,46817.8767313380116662762952893906406
58988,46818.5667236045241351481444555876817
58989,46819.2224541388529852824099541985566
58990,46820.4957628192846210713480307368366
58991,46821.0043077947586235865635202613752
58992,46821.3016435406577685987825456234455
58993,46822.0851492841604718560740583124856
58994,46823.0215627843750134307482472375519
58995,46823.6181282879067527331293585428748
58996,46824.2201646539640269013470910613538
58997,46825.3003663747283837725882424428883
58998,46825.6052416103487706502560030231974
58999,46826.0742628777809490458739858817658
59000,46826.9307114626188680712400921143629
59001,46827.4030616976945663939765434123932
59002,46828.4563822150139937306071660186527
59003,46829.7328336454785722144638743608563
59004,46830.1607193571591010218251847059572
59005,46830.9080412387849380346914089015453
59006,46831.1149991145124542498051637341100
59007,46832.1375598092915676501171432710553
59008,46832.6816593940111721613832447374542
59009,46833.5728629752755349259682227060257
59010,46834.0718818972135724299156187361066
59011,46834.2539983539248892712670034210398
59012,46835.8351246071195677338239033162733
59013,46836.1124703264933359991449455038127
59014,46836.9238072929920761248973058937300
59015,46837.8068394630069326842581659010665
59016,46838.3289982748202748841286962831853
59017,46839.0267197419952930750212286430524
59018,46839.8944704933429742746059840536529
59019,46840.9059612652316598078321741316512
59020,46841.1508344047483255858119172733411
59021,46842.0067888230708977659093828576255
59022,46842.6146984994890025894734015368462
59023,46843.2008584528442078835645200601526
59024,46843.7959971569212162747868947621557
59025,46844.5056667887338344163648168990959
59026,46845.1663116959849362000030174821381
59027,46846.0028718649745076990385444776564
59028,46847.1572575861938800753436319466163
59029,46847.5798745266443319489975210474464
59030,46848.6410380471754528117414769447898
59031,46849.1325527696864407859548409275808
59032,46849.7116845112048226190437175283367
59033,46850.1864387942957162812218680736330
59034,46850.6864138812473582841010908550539
59035,46851.8928972729311994196742160081846
59036,46852.7419849259873662450248172779158
59037,46852.9852416177979669789123763672955
59038,46853.9490027360375680385344949734691
59039,46854.1009387266054194638299665345592
59040,46855.1868099874988453089849087026068
59041,46856.0966771603640260816579696922029
59042,46856.8193493092883161464098969427574
59043,46857.5477030594985839077845451903911
59044,46858.1664954989627214897025851780506
59045,46859.0388909981824051795380905096039
59046,46859.7762002105503540093182157279005
59047,46860.3432601457640081469755683206179
59048,46860.5285789863699047338635197640150
59049,46861.5769797097340166210371563831298
59050,46862.1004259352163990731283865726684
59051,46862.6968119863959367980785805859417
59052,46863.6360301417581578311544237298295
59053,46864.7255137977577946154148395103762
59054,46865.5028720169314583868011953679111
59055,46865.8243324418861490313419240994240
59056,46866.4707054637792441256882409000156
59057,46867.5331279433159111872004146385511
59058,46867.8468427922037092486575566108852
59059,46868.6760540402878481182647521363462
59060,46869.7032101047996447818058614003996
59061,46869.8977530704203101252722471758058
59062,46870.5699980474536715264958500544182
59063,46871.5461707605779528633823865459597
59064,46872.2703782377189632916672082868445
59065,46872.6215987907066224947887532947808
59066,46873.1526240493880587124725638309370
59067,46874.4009847725274904432280446742170
59068,46875.4930887911696521226127031763928
59069,46876.0909277954944138840596106640747
59070,46876.4316344402767592057205693392217
59071,46877.1762971675291693026251139752514
59072,46877.9058780890048820073869826675697
59073,46878.3109524701995282590127886275120
59074,46879.1927189548623783920535918109706
59075,46879.6741891515194305626085528065808
59076,46880.7073365803076961891280024664756
59077,46881.2341621227782748176489810472101
59078,46881.9308337005311516647807836908503
59079,46882.8582093771023391533919252185977
59080,46883.5958072598629847401421383176405
59081,46884.3214028090651077463983454994661
59082,46885.1253678003737150409352753300366
59083,46885.2943712808763674010273799303492
59084,46886.3575118151369269636891419009814
59085,46887.2131049526084424494904242167260
59086,46887.9239310736492187087614869283013
59087,46888.3960917327526016860474511411403
59088,46888.9205818306002999376803891617345
59089,46889.6864810512339342037651652205639
59090,46889.8588669995434322735109342117731
59091,46891.3131527777427284055332695920491
59092,46892.0347177167117584343410291309585
59093,46892.6997204375749819082830125527398
59094,46893.7175766642922440153378055147180
59095,46894.2171920039932286263528943323937
59096,46894.7133136493887563057673792947898
59097,46895.6356702238304332224698442293472
59098,46896.1025634258146150901237215250989
59099,46896.5200535865490035433260792928561
59100,46897.4697645538324800362776903641191
59101,46898.3198020195864369635922002361422
59102,46899.0083733329367653176602488045286
59103,46899.5741813347731095699069898405171
59104,46900.1937650290226995265071205673657
59105,46901.1010632778769837769643221998297
59106,46901.9119838966608626204324872965738
59107,46902.3084174812123409365969096477094
59108,46903.5868781638691608661451635845319
59109,46904.2313305838980689555230395750849
59110,46904.7748301627724327570728995062692
59111,46905.0718694694169586388408034266019
59112,46905.9347962292240657482557868561124
59113,46906.8005944050459501721830624475726
59114,46907.4297964422680103683857821127693
59115,46907.6191141131173918416294013751689
59116,46908.6525337084820209904881328908262
59117,46909.3449971260217225973868957051811
59118,46910.7107142378131382435760278603811
59119,46911.1939215005565391149287021799323
59120,46911.9222472919579468708464624371964
59121,46912.2941094367231255410469544807184
59122,46912.8032740457651560402799244545326
59123,46913.9032296423071767689194775131782
59124,46914.4576265679599714428900167329717
59125,46915.2203574615874212854713802193295
59126,46915.9334240477648695752354080261880
59127,46916.5015878629574777443282561104057
59128,46917.1287526954066808396942364610612
59129,46917.8292019588165396120258596818527
59130,46918.4517712724710209365368628578467
59131,46919.4483613690645188774641250700686
59132,46920.3485615163789842817537066162232
59133,46920.8847143469655962915660239082383
59134,46921.8491302841907141984962775477660
59135,46922.2343764715906550684360236658496
59136,46923.2811313391732448792748371859590
59137,46923.6452364147010648326527119870875
59138,46923.9817211857303941532874544943725
59139,46924.7931207214051324045591755560935
59140,46925.4522776057503564807615591860236
59141,46926.4570196414189313656903683418229
59142,46927.2932478686456283751113473823763
59143,46927.8440063437045662022454952762724
59144,46928.4766348249285338871218542484235
59145,46929.4414341971319817348461540132337
59146,46930.2123597652950106510997396204419
59147,46930.7244827430293305116831010626953
59148,46931.3231559741104757761773711667166
59149,46932.0138392214257816743326674157111
59150,46932.9773158735060255951739697838407
59151,46933.5951956732793729577371505900212
59152,46934.2985941293582235035035300066723
59153,46934.5053494479107097016029463961000
59154,46935.5416602902300002469367246692651
59155,46936.0746539664972090184667753730037
59156,46936.5769396181395621217244644163926
59157,46938.2002053877824506610818848208249
59158,46938.8300026808912541918069976277022
59159,46939.0844834449277454270221583855058
59160,46940.1981011458460070554608212194626
59161,46940.5920137333274872708154419015668
59162,46940.9067393950715845199326355236771
59163,46941.9211908078977162827859326779939
59164,46942.5797547322466788990536753244544
59165,46943.4522368092287262039333816273379
59166,46943.8518029731278406141309882857654
59167,46944.4776287965297802860902967072763
59168,46945.5659302111902932647408310955089
59169,46946.3058939794756729770506823853450
59170,46946.9361156832362498102693879042464
59171,46947.5577911403931640669122634984839
59172,46948.1424683815388762366042324889481
59173,46949.4031877453108143839251997487994
59174,46949.7602095754214365093572647410367
59175,46950.6908526547856230264212938452260
59176,46951.0715105369548906576722373386336
59177,46951.6540431255210970626449148807926
59178,46952.2724319234991604926359784316459
59179,46953.0617240131412610895502207494998
59180,46953.8351136682274204397635930205592
59181,46954.2015185970535979268855299829899
59182,46955.6853387177629128792597685303003
59183,46956.2249966723926380937827155738469
59184,46956.8232313894706902776826041241764
59185,46957.8108688139653811770459970236819
59186,46958.0969663253208386099140354359046
59187,46958.8717943166856201116214457886588
59188,46959.5015210815150000786994046096818
59189,46960.0104707756398396210690790389779
59190,46960.9331537881556261492891102249481
59191,46961.9131222122068750677195379838071
59192,46962.4285873577331456643511175028775
59193,46962.8952105099961315343146684081712
59194,46963.3492632741398110953184036718639
59195,46964.4220916405069483966450443145557
59196,46965.3576758419555989440885084793279
59197,46966.2042150958844891505209357572300
59198,46966.6872875600889520230513104853218
59199,46967.5976253259736890003089264829269
59200,46967.9097434604086387457979710533765
59201,46968.8223982165421364452297543403135
59202,46969.6284034157228189508412829761121
59203,46969.8729677321389913006982951335357
59204,46970.5425971337196339402634112588615
59205,46971.1139978659935381732592435186434
59206,46972.3510609285509872211140890176847
59207,46972.8637404529761226176927504105207
59208,46973.8444955681424608733137634811162
59209,46974.6656517292990343131695223735732
59210,46975.1121504747309044628947778662417
59211,46975.8271098615558794122909330628915
59212,46976.1964788410173860537559802395349
59213,46977.3402383824988405827197478256487
59214,46978.0738577804674252795844485698808
59215,46978.5980125998099331856480936974859
59216,46979.1692497522174162661678086789190
59217,46979.9270378206428610407816521544029
59218,46980.5041679002163919622913053278564
59219,46981.1727402326243881564127059603376
59220,46982.0636863721668120308680269816469
59221,46982.6845449375148943448488019415463
59222,46983.5401251432079982951848101459924
59223,46984.7000644274606641641546447052984
59224,46985.3377017370314601421592097945069
59225,46985.7407753151667274085404531748589
59226,46986.1053797875190042189537653079296
59227,46986.9035538067870146598595161816085
59228,46987.7436457881365734067315351103008
59229,46988.0838627731195007611024707022648
59230,46989.3260432335130404013386992577817
59231,46989.6335608628925641346141648494470
59232,46990.4917955625943948792696991673510
59233,46991.1949836261269461632224807796970
59234,46992.0978848228790266373574382832479
59235,46992.8103112616274367587472080076901
59236,46993.3760911207209769930133100220895
59237,46994.2596588094468314094395305598607
59238,46994.6702032872758963044469487336069
59239,46995.7010737248982432798328741648354
59240,46996.3173483130179118702041231806705
59241,46996.7872590770537731926255365106298
59242,46997.8236618119766564243649604349051
59243,46998.0580076919684593955486599797010
59244,46998.6682365171739281151945522634648
59245,46999.1654059294416299326806807392532
59246,47000.5546385036930392032167896004858
59247,47001.5497343639903947190505744955685
59248,47002.1751167483277708583079366049740
59249,47002.4185677563330568709067638377833
59250,47003.2175017928851941298127452763400
59251,47004.2774426714073683902484529577240
59252,47004.6213630051336719370756402448504
59253,47005.0716224480990649320766631749264
59254,47005.9214718365789458411102869918036
59255,47006.7849281299523888258341721012798
59256,47007.3672714226568739308067243362148
59257,47008.1530426035200933684509285255601
59258,47008.8099074173885202194450763828814
59259,47009.5381256215868094961230539059443
59260,47010.0662459642697477708598547042340
59261,47011.1912982639503645164885927101637
59262,47011.8241632157704804913443585445067
59263,47012.5028172645126520788143677934274
59264,47013.4773883934728815422955038671864
59265,47013.8869757237058424977862408241265
59266,47014.4212952347210290093277758920336
59267,47015.0649976601269789619802430507386
59268,47015.5590126305044269138515952755563
59269,47016.7464479292389608898581891494691
59270,47016.9734297018721860368889572637173
59271,47017.8667410597010499469967740103443
59272,47018.7116870539087650587205685351984
59273,47019.9823649209328783933517581754670
59274,47020.2136740006593567038739639765871
59275,47021.0155845337455203844911875296242
59276,47021.5344509659243462579810035980845
59277,47022.1631246575300372284080575306861
59278,47022.6430132018921113694398601908862
59279,47024.0778222844434280733918469128851
59280,47024.5282815484923851828538572165515
59281,47024.8127880316453826162837358077748
59282,47025.6295673011160178032238210718538
59283,47026.2648387313013934104993037482716
59284,47026.9835111004877691351686433866915
59285,47027.8522533007636909689150751662479
59286,47028.6012196369957439625965957621662
59287,47029.7350162248248915041637781252435
59288,47030.1205260431949456277073324214808
59289,47030.7851090565724571525863448657917
59290,47031.6443291759843416955637452480912
59291,47032.0352165361927441679815112239399
59292,47032.8424213309713351033981914909831
59293,47033.2983756333456002645966494738576
59294,47034.0052137505145321949629597987212
59295,47034.5562225759807092429479371773880
59296,47035.8644675418610436060205769462312
59297,47036.3087396045420405839559903862389
59298,47037.1869226598798285633195477255923
59299,47037.7916332014407269626287677494039
59300,47038.4346715484647365912779637740925
59301,47039.1899686703591521785607542579302
59302,47040.0326420261098260526502353236095
59303,47040.8407706677452052797784704664384
59304,47041.0993577954563375140110012712124
59305,47041.8974630728092079448865844598852
59306,47042.8214874536943451022352276482825
59307,47043.3739170419529577003286010460094
59308,47043.8765068022407297855304151831169
59309,47044.4896027547636851997589585411484
59310,47045.1029299471213635018554470498361
59311,47046.3841433653321845609062187048391
59312,47047.1955987516916612473972602560148
59313,47047.9558062711738741713825221023411
59314,47048.4851799243531567991020388565651
59315,47049.1371287598391602207907179201233
59316,47049.5634570972878487003599396607117
59317,47050.2837900297366472363802670880309
59318,47051.0820113850523473246551093255927
59319,47051.7076534716281702126766843020877
59320,47052.5129036669950167772084867601839
59321,47053.3897922760318158759275501176144
59322,47053.7259330921311748821721362602913
59323,47054.2932051680044767781064902004391
59324,47055.8337353719845184942190572516219
59325,47056.2524829059589554471917412531034
59326,47056.4633789862200878907902026737274
59327,47057.4487028864158688625714393958103
59328,47058.4975714882837591082486380956443
59329,47059.0655833974871047458677026792415
59330,47059.7412464237648099583354182024213
59331,47060.2539681501032491156857162257152
59332,47060.8117412707313776398971754745982
59333,47061.2730954298332663734378607224160
59334,47062.3217004456818511995643695141246
59335,47062.7672117452101834044121312789138
59336,47064.0810101850596845119262382492051
59337,47064.5005218633879219750045471838336
59338,47065.5310252473056892735585101462535
59339,47066.0776150916258974508490084843218
59340,47066.8023067457651874482676408236152
59341,47067.2249411437266470229113023627158
59342,47067.9315471601674811825889476234862
59343,47068.8085924072622538610848083284975
59344,47069.2854203205561886344334193971817
59345,47070.1319224979997781172762073354720
59346,47070.9128940874685084076694707692879
59347,47071.4765224805285054632720856812752
59348,47072.1417414399675627453346599830165
59349,47072.7502133554359120282940616072353
59350,47073.4459840320912397425497722762635
59351,47074.6485712135267666055356053683172
59352,47075.5150476933238931147928958821475
59353,47076.0038504377401960641968924448583
59354,47076.4016966761602116147618807444003
59355,47077.2433374760388806299880732651081
59356,47077.8309146340937964196979514778403
59357,47078.6347612445603262550188622904315
59358,47079.0667846688739326343998161801560
59359,47079.8998554617956876232008802886412
59360,47080.3007106152695774035779604322053
59361,47081.3237534100420229428224945067959
59362,47082.6244231814950986528409928798499
59363,47082.8546791685624166295237899742554
59364,47083.5252080360426594241175942281702
59365,47084.4250448004974663197264627611395
59366,47084.8289841660977962888041806704166
59367,47085.6326589039118131199399204795805
59368,47086.3400674820651803159864525638500
59369,47087.2412478990153197594798990927842
59370,47087.9517539448783002105321928061295
59371,47088.4119655635923323870093179593297
59372,47088.6588945273706279918123275556673
59373,47089.9523872877838312087194269698411
59374,47090.1268044156265099151882253151148
59375,47091.2620036907572420937877165812846
59376,47092.1721108821542118299013260665801
59377,47092.8937077827928619659693617837710
59378,47093.5088597905433494839576391709548
59379,47094.4198238981705612523181334634314
59380,47094.9255028251485405427039418791615
59381,47095.5647773630357448312423244504953
59382,47095.9746660219323603314773041795250
59383,47096.3792119487344809541629666027683
59384,47097.7266982773280338774545789302228
59385,47098.4375201392642478927786458451808
59386,47098.8450821111792232275591055545477
59387,47099.5479663559628288262308577074802
59388,47100.5949466533415011320920087055308
59389,47101.0633220162555963533765472396752
59390,47102.0617857123411150425239270836770
59391,47102.6382264428817549802525375985970
59392,47103.1666410623099530570791176063302
59393,47104.1436448481164507710899832695077
59394,47104.9330613281418559301474717569591
59395,47105.1421350963319850122591257024969
59396,47106.1504598777246228830727997616604
59397,47106.6862940057319565735713297623138
59398,47107.1627671447936144003344198027124
59399,47107.9550608879112600117504667103220
59400,47108.4642600664062463217047550583984
59401,47109.8646292733318823217838032599428
59402,47110.7385546112822197090809086314750
59403,47111.2665277116690525865524985212385
59404,47111.7909746941547449733535766188280
59405,47112.1630782222727957239713415778561
59406,47113.0921886443570774040713104201345
59407,47113.9157584958910292469062704419713
59408,47114.4782492533494184091816043768916
59409,47115.0372682055078317648747975560356
59410,47116.0152755835392400602840372542475
59411,47116.3111507797888657196863756541496
59412,47117.4796275570002068508267129020951
59413,47117.9082026509484698109713545010146
59414,47118.5677755677014856812388009928144
59415,47119.7677686747680612948201983206676
59416,47119.8647231400588377114482137115526
59417,47121.2598737849680906387309238263705
59418,47121.8090630206722545981006556744945
59419,47122.4433992267830931913967273447257
59420,47122.7994368915369476986879468831628
59421,47123.6053721839674941894218002257859
59422,47124.4639633842318258378890233181968
59423,47124.6433118202225192458677295650480
59424,47125.3722415337491064907644388673380
59425,47126.8054926068404143576279702518099
59426,47126.9654526330454681233968688818209
59427,47127.9941622020080047020791891502956
59428,47128.7861970500359894285044853744088
59429,47129.5840140990584288586225640504784
59430,47130.1681713343005589673899482319599
59431,47130.5960017490092857482180214033400
59432,47131.2252233783952740264306034732093
59433,47132.0851933145855656271569896545405
59434,47132.9507626240428623545332202011490
59435,47133.6454383372776592785071568161841
59436,47134.2682779511821901622822008519902
59437,47134.8614932824373154385409333341855
59438,47135.0219488837940717303347976130869
59439,47136.1717479788389491743493650941254
59440,47137.3253912762592670710458299272294
59441,47137.8584418761159797345027857954794
59442,47138.6967489815967166283704456757258
59443,47139.3091290972714316556353610329614
59444,47140.1322772020602900048458998843721
59445,47140.4819245489980849404143435393987
59446,47141.2052054853192069693316789145326
59447,47141.9592755424951463962325209313354
59448,47142.3919042838752776626749502076582
59449,47143.1817575841780889771788022474494
59450,47143.9751883999798694394158789334742
59451,47144.7790381161690091721475095398575
59452,47145.6105320724993735893902426433490
59453,47146.4629385989874181330661352566452
59454,47146.9375040968604872774264495846068
59455,47147.4715807150097071541606360592163
59456,47148.2986801466550476035187900107377
59457,47149.2567923616001259774374766319150
59458,47149.9551878844369095114576923721897
59459,47150.4175481418856361515004686769534
59460,47151.1555972411609249069694704330350
59461,47151.4894180561704638671110258028721
59462,47152.5820112688876929866194161468046
59463,47153.0385661043800363683788670277628
59464,47153.8596137077390171448699752022923
59465,47154.1580368275876333502939596733391
59466,47155.8060675329582131835757297909060
59467,47156.4973744528195551715740428645098
59468,47156.7854174736755587384774702055417
59469,47157.6686434880670613066270990504383
59470,47158.1615441930049539564932660847587
59471,47158.8578227615038218060287424956355
59472,47159.2257855723806159054778319042508
59473,47160.3057305362092329146805352541580
59474,47160.9481384369857317974328477090771
59475,47161.7110639980404099755392910371684
59476,47162.3442104198179317507417005911132
59477,47162.8589090875553440285828483536231
59478,47163.7798764853362291202927772226495
59479,47164.6393631940701483826092305266652
59480,47165.2159752905302207894866660788906
59481,47166.2179081186307908067453737217036
59482,47166.7754086958049116366234374707303
59483,47167.0692522302966492935148806862066
59484,47168.5948425549853031671803338219950
59485,47168.7050040700766883249640953448569
59486,47169.3657603177183490793550413694695
59487,47169.8050925739758494894490124874931
59488,47170.5162650767088028173670269886286
59489,47171.2409645903609906060676387515906
59490,47172.2384814446898117853701617664119
59491,47173.3945828262913914432833845387520
59492,47173.7537355486234299472090926629837
59493,47174.3881877528933181712438753826100
59494,47175.2151760330223404428557032519940
59495,47175.9324477679123516682299424609149
59496,47176.4558160739927909828916486535555
59497,47176.9796025070158972405023715182349
59498,47177.9390754922411000497058063734553
59499,47178.5251344054324563050676615678951
59500,47179.4483184711106194104573357179683
59501,47179.7900533673140968516695504823663
59502,47180.5551223729570970796998136538874
59503,47181.2573831184867313482642900279538
59504,47182.1244882926929170530183265753328
59505,47182.6311565372288358843359688571106
59506,47183.7991115056527274521772226455660
59507,47184.7234191701937250319963158817939
59508,47185.0313244961245051369619618966866
59509,47185.6922339828767792667819784846345
59510,47186.3497916039434614043315636680292
59511,47186.6893578870484266362184749488181
59512,47187.7135580934918340164920150904565
59513,47188.3847569342448960257040507918757
59514,47188.9180370978799338549148613353444
59515,47189.6610711870583533599229697222920
59516,47190.5564792858697556926425172964068
59517,47191.4139430772809671638868260176197
59518,47192.4689935194737136902735230606330
59519,47192.7916156895597352219967360318374
59520,47193.0555810559375836837278839641965
59521,47194.0336523692752009208486814437898
59522,47194.8572918784991142033329409670038
59523,47195.7764142865945749692192339331100
59524,47196.2118049398720990274004797199704
59525,47196.7181115193651448692739442320288
59526,47197.6895922734625249609286135493072
59527,47198.2144774700077217549576179300748
59528,47198.4002413814765960203802238874865
59529,47199.5839611618828184291106632424238
59530,47200.6400705374420262752677666887742
59531,47201.3810648997188867567340615895710
59532,47201.9500942820506152140253320346506
59533,47202.7854004042848943370274248538379
59534,47203.2855306225020566954522104081477
59535,47203.9470399753024247898803002105566
59536,47204.7264043295562990411015708859578
59537,47205.2226053966130683337816925660058
59538,47205.5908551864619279288903093109273
59539,47206.6190086839870261829658392481047
59540,47207.7717764694746517084147202156285
59541,47208.0658058959625442427712386685090
59542,47208.7721700532801657887740939686802
59543,47209.4189313086549271528804226291777
59544,47210.4369842274598920740007830418753
59545,47211.2362589690488642351081635109813
59546,47211.5592975982887580083503156072431
59547,47212.6831404585586256068501753496785
59548,47213.1341587828013986875471933986929
59549,47213.7910633377625225058554963008663
59550,47214.5100880521829694293026520951981
59551,47215.1458246327632279864572071062154
59552,47215.8026061572983628785894285546998
59553,47216.2574124880903665211953799148893
59554,47216.9444852667646320601044046856465
59555,47218.1085964462721146533872391746032
59556,47218.9034069960233621178618318958358
59557,47219.8607755493929469934028309009294
59558,47220.4309236128578400429785228160429
59559,47220.7436651386244993097419447859162
59560,47221.4695639016989802302849816879690
59561,47222.1489447404805482548967681565167
59562,47222.7318471404228627470699530139064
59563,47223.9272727977451944671532757338715
59564,47224.4477512128291494482760397498563
59565,47224.7981076117731802396915253640553
59566,47225.4499317248975852729251010559431
59567,47226.4686419190856218726765656180513
59568,47227.2131066154974424184955045841361
59569,47227.8435310590020907737155166641819
59570,47228.6274394794144614556951364575870
59571,47229.3172258711235248570585685671254
59572,47230.3490388480689933063520646504365
59573,47230.9029099717180381403470562111233
59574,47231.5675386701455712363908179110782
59575,47231.9149163715027817169039935456571
59576,47232.7643717833529751113510100904122
59577,47233.1435562794448143969695099800725
59578,47233.9521256788143514214614508413785
59579,47235.0025134577360471552803670871978
59580,47235.2859721632986437351246621998434
59581,47236.8100629320082734908814392567397
59582,47237.0005615781688636963342316795286
59583,47237.9301236085881974922361892411459
59584,47238.3022359756361634966514081876451
59585,47239.4730994315686618194185588419177
59586,47239.8132306791471496713332189846088
59587,47240.3453580194601118604227224482476
59588,47241.2002415270405122697138182149361
59589,47242.1659548864138540346614418578311
59590,47242.5967448675018570788759826049462
59591,47243.3392396686750990533490744622736
59592,47243.8449576312399214754821998182503
59593,47244.5368133572823035196936146378118
59594,47245.0609918599256348019316952420588
59595,47246.7587726717714723740232748910276
59596,47247.0622661326079091710323156528094
59597,47247.8441426960586147917082687498228
59598,47248.2898870958032980531387702734602
59599,47248.9347325937942584827597675705636
59600,47249.9199481371522151469524477937503
59601,47250.3115692681051120346747201255112
59602,47250.8091931685664916899029525843136
59603,47251.5940567440024600366047259848124
59604,47252.4916390023948940072746365618454
59605,47253.0818197259465593837466942120849
59606,47253.9027550161986283712334258043551
59607,47254.8446596768805802548320032935691
59608,47255.4203436460147361904334337633185
59609,47256.1330632613343532589170287124862
59610,47256.6757103845370995895997588394451
59611,47257.3345583988666510622488398867672
59612,47258.5415529054872373268620430202520
59613,47258.8671286775216061415937002884594
59614,47259.7389301355380405675819334992915
59615,47260.1947847443063705089134557552778
59616,47260.5753007282819306149013581310463
59617,47261.4370146032235319567294950656254
59618,47262.2569550733976853584565454634043
59619,47262.8944992438974377526352811608597
59620,47263.8687199819682508397245915872083
59621,47264.6406650492833591952276466040157
59622,47265.4800074855512184707437265018908
59623,47266.3253872016774211871243810541709
59624,47266.6086001963079228420332412350958
59625,47267.1965381006764317164713085100850
59626,47267.6518034763538994199047282412419
59627,47268.7847469017882011966697761035679
59628,47269.2215087697394385277543301817191
59629,47270.1764341427336595226628500295733
59630,47270.8500137106330737793875483081624
59631,47271.4293449559541926053569062620526
59632,47271.8985441692551309642406061081262
59633,47273.0987064407735114794860140551961
59634,47273.6389878629349552390914213908976
59635,47274.4519172575113835670451069370183
59636,47275.1557917267079656923903990093132
59637,47276.1726649658708631118518967010668
59638,47276.3671730945342975858479079393602
59639,47277.0311405216880096943410799458083
59640,47278.0379324581834928325121107569747
59641,47278.4210439423847731590550662406524
59642,47279.3068939570839641859240354731781
59643,47279.3789344832646590227440600514005
59644,47280.2420476352768575115290481355806
59645,47281.8091131685292606425583929022568
59646,47282.3864675536051868833333014979816
59647,47282.7770726552186805504263697866744
59648,47283.6716318640225117867578351972497
59649,47284.2402172170560989341086902535765
59650,47284.7063656654721419568658359359203
59651,47285.7418728449258688581308915848067
59652,47286.3598193220905241215929957186591
59653,47286.9264142347882462295000466741004
59654,47287.5490033186251525130797642528572
59655,47288.5493928172710917544216191856011
59656,47289.0234197431832487691893602573408
59657,47289.5252171089984359928288784350956
59658,47290.3894297559925933894943678028128
59659,47291.2550988749350585752589345322277
59660,47291.9911817929358537847976980755525
59661,47293.0819774775739379760581664879455
59662,47293.3883034664582067341777981300273
59663,47294.3230286094295544733082698410817
59664,47294.9102136269673948470487607347430
59665,47295.3162006138708075997442303735368
59666,47295.7647509577589654872565835626556
59667,47296.7450806979623825358360926157157
59668,47297.3816006098374502580384147931137
59669,47298.3547290548450526599029298854399
59670,47298.8604928994472189053627720744703
59671,47299.5361869405934355017498682018263
59672,47300.7009989274819024301084597280422
59673,47301.2390760487524756908856112115362
59674,47301.9340290616514365424573366227309
59675,47302.5828110642111190138011574667201
59676,47302.8474927085857763001009582464538
59677,47304.0569321159113997516247448937417
59678,47304.7740019705791137986738106963759
59679,47305.5100675079049046143647802234270
59680,47305.9441241930161448430563682911292
59681,47306.3334355623061844254682011324801
59682,47307.1722008507594519056603573783226
59683,47307.9422869376491873184781215360697
59684,47308.6503764584771738335583136845637
59685,47309.8831707246510642522504142300938
59686,47310.6119378731239991560877304040458
59687,47311.1223286538715633861804086459590
59688,47311.5634697616282864055127813857538
59689,47312.4290756447678153040902795958696
59690,47313.2379851259390332451527416971265
59691,47313.4825660667223263241237413725730
59692,47314.2893001596178253133387973199733
59693,47315.0488284662030112833003362102597
59694,47315.7808307213759120868772583844775
59695,47316.4386649973549599467687141383127
59696,47317.4148882852726870507527138943601
59697,47318.0850359325152767244845419239116
59698,47318.6759357365035494446372396138881
59699,47319.1034270660869045641885639449842
59700,47320.4117122070093903022219334648776
59701,47321.0310934516081916534846850316720
59702,47321.6214008796065884038564321747497
59703,47322.1933840952952388888147290237436
59704,47322.9698002735311788220405958577847
59705,47323.4021366959416701396916267058747
59706,47324.3140583059054288447306508142503
59707,47324.8690721387377393218776587689421
59708,47325.2685821191625985848634688828786
59709,47326.3010868114198351429803298746336
59710,47327.2002266790245205987767725521924
59711,47328.4162982820812466857066342855071
59712,47328.6801957129262947293466763705798
59713,47329.1783707144012846768478372503486
59714,47330.2253040219078988526180228118648
59715,47330.4392933668952790087042108745338
59716,47331.2158213835556830968605198587579
59717,47331.8426357140179921344240425065599
59718,47333.0922205517281309392368051707549
59719,47333.4938296629705783463146182267009
59720,47333.8929126188184004707816563911074
59721,47334.8863524335698864562667864234630
59722,47335.0764271782237791709807301798344
59723,47336.4616353066781938612927655525221
59724,47337.1567193335813409641583237894134
59725,47337.7804844787336933520428724352640
59726,47338.3531943700170905833020267616380
59727,47339.4447495254101613108105838573264
59728,47339.9527715688843410440643881281782
59729,47340.6298560087963673318092298020245
59730,47341.0096680608075067596578500983911
59731,47341.9017627846622938280953382067959
59732,47342.1216620596253747081019690463743
59733,47343.0126716024302702149146320473856
59734,47344.1976980120736903461312138747507
59735,47344.6966636317894468150681481573321
59736,47345.5258673618551945634391528869479
59737,47346.3832682225547119956749987682536
59738,47346.9225477117968646414251613574609
59739,47347.5685789534926565351994992290621
59740,47348.2064100267595450717512842511564
59741,47348.8982719142244584757537941791633
59742,47349.9409820905331284581104332265178
59743,47350.2696814953257066319221588434016
59744,47350.8836539284189570300558815002796
59745,47351.7163371717741206685383004633817
59746,47352.5397638259258427135434971782618
59747,47353.0930539993557543777669908261244
59748,47353.2568172443742821181074137878736
59749,47354.6644161073911659253104720602121
59750,47355.4940967546934175096445494584109
59751,47356.4575103191099409992452127853861
59752,47357.0079787802369564259279702088834
59753,47357.3887781252379328324718857590782
59754,47357.8729773944984818985462228849620
59755,47358.6805274638826110662681037274299
59756,47359.5391366405177248492671654495857
59757,47360.1583960711669579638400522086792
59758,47360.6196817647598585546752785035793
59759,47361.4867174125776586516899292636604
59760,47362.3028390989342886389675203771055
59761,47363.0882865354625862819682977442217
59762,47363.8355265628571240324696289796600
59763,47364.6081612884979612100631260007998
59764,47365.1177967139676093650136227316214
59765,47365.7658397073562546873436474985012
59766,47366.6540399999115994974233539957848
59767,47367.4196684085552414814704132057905
59768,47368.0961497180045192086906029612357
59769,47368.7149687272363591102011020595703
59770,47369.1870667576417576807984515896748
59771,47369.9170375987323957434763212866525
59772,47370.3167782702893705318386796475111
59773,47371.2247454984750380176954874244956
59774,47372.2798726512443251995567790375111
59775,47373.3382863996765335426302717161469
59776,47373.5463103848804657764584550502087
59777,47374.3458792736383738707125717685188
59778,47375.4077185192490630987273035709221
59779,47375.6832846003921599578491016297299
59780,47376.3002452763673911739073843128061
59781,47377.0224101775140571196149803679209
59782,47377.3497864892587519974052014222993
59783,47378.7637057971882970885229725429970
59784,47379.2570839777374905932290190070996
59785,47379.7452990291893615187379154945925
59786,47380.4865143848443310225147380170408
59787,47381.1371441728478481432166614118934
59788,47382.2240217378224217599535287810751
59789,47382.6214070442719153317464828885315
59790,47383.7317207371605657657493105793088
59791,47384.3955964440211939752967113145196
59792,47384.8468627755720751443037555909462
59793,47385.5863246831777361419492673259859
59794,47386.3648724170731413314572998802053
59795,47386.9639594051042630313433309512301
59796,47387.1663888052474341877018344668237
59797,47388.4256409551170026458058713361749
59798,47388.7709887445452052823784010175985
59799,47389.3820856463158246492196649221401
59800,47390.7805141436066870027953382377445
59801,47391.6293119956854412482420318467127
59802,47392.0696613930298674001436563592191
59803,47392.5206413550748261941914061541643
59804,47393.1904410367952681625107013249451
59805,47393.8450295840178681545838253712112
59806,47394.8774943444683792346066931497900
59807,47395.4146467473545788469486711356267
59808,47396.1535421143533166188077869212089
59809,47396.7240725823217004224309761471533
59810,47397.3410418456971928106869028514508
59811,47397.9094134028557065348983151595953
59812,47399.1199781646140547886419380509063
59813,47399.3473234697027171163196491698413
59814,47400.2067619887131497928465494031278
59815,47401.5605957398837800112266624678693
59816,47401.7951230296459519531714037902313
59817,47402.6670644219385116305832308143548
59818,47403.1939572734426615112608250871626
59819,47403.9027141832358073201615078265411
59820,47404.4430239427153052974710838850658
59821,47405.0061025464077665312962277253107
59822,47405.5833236417944567184675249526378
59823,47406.6714219796551507512588510266105
59824,47407.2863171451368464743493221283287
59825,47408.2488509600295437836464294718364
59826,47408.6772450184380200683332849500515
59827,47409.4700764554565448418185903584407
59828,47410.6086584967662008806752368174371
59829,47410.7827568073494330013124685509414
59830,47411.5743083243027462812723681836296
59831,47412.3784067062959654122550091211532
59832,47412.8703206786391568532273336106667
59833,47413.8437236743475420244008665867571
59834,47414.4949617634252805392759893638043
59835,47415.1438623194219768444292011241061
59836,47415.4942205878047539500602851816257
59837,47416.0700943856260042285218431784836
59838,47416.8933013826412873451135105892768
59839,47418.2898706242704597157563393211468
59840,47418.8965323792751251907932442961905
59841,47419.4345454757626719506525738358658
59842,47420.2569234536785497550706050630242
59843,47420.8406288734343705561867385843512
59844,47421.3553210515526014986723928556757
59845,47421.9716558527913261417518125240859
59846,47422.8310727256638819903830132853042
59847,47423.4267249417000667596673529414393
59848,47424.1302194282908050555458134312323
59849,47424.8571942179771280312101693866915
59850,47425.5959451954994727793574874908421
59851,47426.3439909752350323332244421285088
59852,47427.1671194890724311057244822399261
59853,47427.9116509105538763881542417768681
59854,47428.3616686233730123030094607687080
59855,47429.0893106136384550456128883997073
59856,47430.2934165257577801159935915906208
59857,47431.0362816509337936037386275257709
59858,47431.2635251769202761741589947785766
59859,47431.5602064011147178716890633428711
59860,47432.6005352268900464862348138118216
59861,47433.3002149489621893694037949523726
59862,47433.8799017255435603881993603487981
59863,47434.5198810753554435293824167854434
59864,47435.4912805151111843972631230458031
59865,47436.4362714577761013492863861923819
59866,47437.1769079644604586170286669504623
59867,47437.9642331188592274241239655304008
59868,47438.3277025321895279596993857163462
59869,47438.9594300436925023394150282717837
59870,47439.6488498818830521756496035539376
59871,47440.2160593303592236711340856599632
59872,47441.3709985844807594920886995877993
59873,47441.6731961504105901993279835369046
59874,47442.7057442824849110070934535840288
59875,47443.0026917567358959590990956835706
59876,47443.9457385290637850228733138025993
59877,47444.2175153317515270099860643981158
59878,47445.3941827600692197189865901085113
59879,47446.4237979674521112166586258914687
59880,47446.9614524031815414829823084209924
59881,47447.5129663808202770324623051226174
59882,47448.3508371953093148190516867190258
59883,47448.8259228734475277012493039792690
59884,47449.7361576226565272221102305451428
59885,47450.3068780219347092578561852387132
59886,47450.7736558817410347699974520389818
59887,47451.1313264524175021759863078095005
59888,47452.2474006677987066513909286493964
59889,47453.2285969934975976659411362012535
59890,47453.8840817711700095827876516545375
59891,47454.9178460475783663270443842951640
59892,47455.1377808525814482162364013022439
59893,47455.7840634046155692611919371462583
59894,47456.8396919163838951060783886801799
59895,47457.3943312198979172397874248706099
59896,47457.8298140253863900991045472428772
59897,47458.9339487182149573357610398060491
59898,47459.5146603542762997175711924232602
59899,47459.9828769481086249525150517261133
59900,47460.6662187540814481802144495049683
59901,47461.3658982696622231844871016932138
59902,47462.0499046785785829162165947241861
59903,47462.8876112609625583485573836522668
59904,47463.5808067675697756598126961240219
59905,47464.7525697813792438524339423963905
59906,47465.5153403145385661353026114989195
59907,47465.7893111790242489660748210683929
59908,47466.5668414297171648924458629969981
59909,47467.1232763713921951026372392824512
59910,47467.5872955531956372403040278283920
59911,47468.3439849402325770541726289310242
59912,47469.2925306405348949570141548873257
59913,47470.0988739907551025944539644304640
59914,47470.6532237777111968072880874232084
59915,47470.8902327882841084652285741781468
59916,47472.6263932710078404288718859243769
59917,47472.7073028227008590794854774864009
59918,47473.6990033556068787975571384630125
59919,47473.9830350698119465737379246300374
59920,47475.1048361266739578430128258379306
59921,47475.6069400723297800360131587424678
59922,47476.6237903804769426543104049084107
59923,47476.9968306416536382336363478420916
59924,47477.7174685494797708204426115592668
59925,47478.3325139759117512899367371108739
59926,47478.7681021232971678294610630105096
59927,47479.5715902044577372712697314092523
59928,47480.2319394601620270995277189204228
59929,47481.6535291913562549164733764060381
59930,47482.1541552493937110459662536973533
59931,47482.9543012492860306919020417087985
59932,47483.3066795115713668776573329785604
59933,47484.0328352742857838607439550653842
59934,47484.9179080418875592081929498392086
59935,47485.5211875407610412977099583205497
59936,47485.8450323162895805528908940070554
59937,47486.9612805004650021957876492360709
59938,47487.2054845228284001563886685154352
59939,47488.6242199708262984741416229085773
59940,47488.8944842007378519206515664618360
59941,47489.3989325567193239348487159670608
59942,47490.3016191786081502023022066568962
59943,47491.0881144577501462997693334791841
59944,47491.9476267433045090738226041345242
59945,47492.8653440698816723286022672023048
59946,47493.3078120801776701016901146857596
59947,47493.9981922603155124769967171855370
59948,47494.6771715764956985757940607928285
59949,47495.1932346357425148204165432136373
59950,47495.8297189187896497218483263440611
59951,47496.7811126787093781719309054312584
59952,47496.9743858234188452864225881986334
59953,47497.8773851860576123361621923179753
59954,47498.9877608077690680628660841503425
59955,47499.6694889718785350989370050530132
59956,47500.3866993903072405857458038512606
59957,47501.3562030410137370720545455490916
59958,47501.7417169265142749508426394579887
59959,47502.2211685281880847237206404714222
59960,47502.6297313469989670084520409555804
59961,47504.0943491102500096506136267492834
59962,47504.5205164159004790203790164586975
59963,47505.1625456201131805109503933044160
59964,47505.9370292914568943315493384189400
59965,47506.1213638347803776542041957938970
59966,47507.0843274533910513705644131713162
59967,47507.8052294490778934886740292685520
59968,47508.9472159402875497842821794682226
59969,47509.3488149666730950166734019011287
59970,47510.2954580293555666115180530070054
59971,47511.0062264608847132569184297105182
59972,47511.7561073516573788985982418850922
59973,47512.3354942201725844989837272299139
59974,47512.8014296711403163093940553587950
59975,47513.2678529726862345371789350698516
59976,47514.2039952715398848081028259502936
59977,47514.8434091611839251224104096923871
59978,47515.4938136027168918845780904682546
59979,47516.5892148186663947607256201729151
59980,47517.1751371789510817159704490115999
59981,47517.8655323608744348701117008323768
59982,47518.6017068139224622625214702346942
59983,47519.3471935296593761019517673299001
59984,47519.8425284684294923900588064272816
59985,47520.9751761761006835450098051531221
59986,47521.3339405738360841077203386107117
59987,47522.0222525020894794688282047863663
59988,47522.6696499165414848769291971408572
59989,47523.5826882122199863731922336777809
59990,47524.0086943038912871684405723766778
59991,47524.7099927577586490891699124328621
59992,47525.2151456131305354969313081471204
59993,47525.8908485698750617596799180702282
59994,47527.5339231189480911623580279600493
59995,47527.9863994351513536966813861972633
59996,47528.5887393409184896477675103745095
59997,47529.1043430546699038296243999108646
59998,47529.6480660112731917890021358794918
59999,47530.6992893439309271212043717682298
60000,47530.9505206200868374386382494860260
60001,47531.7651472809297911077286100305206
