n,gamma
20001,18047.1345303362033692950427631423529
20002,18047.9999909273006116518135772341143
20003,18049.0183456566556538701000404942743
20004,18050.0775108784133076899188413240054
20005,18050.5377580753225094508975423139616
20006,18051.4354648247958390485338644394375
20007,18052.2051311690021923876285028221163
20008,18052.7795313457556426515046965362247
20009,18053.5680633731710709282627962108757
20010,18054.3162282359303335710606677019761
20011,18054.6918037812934943024784369853091
20012,18055.7941492729068337240516544093619
20013,18057.4022478686907521285617026294584
20014,18057.7197545410534271900860737004675
20015,18058.2344953050582169817481511893104
20016,18059.2332846545244318295083698085708
20017,18060.1878576324386499831271378946404
20018,18060.5629593752584802566382347060261
20019,18061.6908738196637732813882926087513
20020,18062.3306972584416046872343018702170
20021,18062.9385879288106699301437588047445
20022,18063.9675825150377519263579045412563
20023,18064.4902865592520260668205179422468
20024,18065.1437761490158731351797504421673
20025,18066.1395744946525209213782322581382
20026,18067.3467690049180563206787053852354
20027,18068.1622487969290618716467711155077
20028,18068.9190022866493204646052226247012
20029,18069.4922359067976679595400026618311
20030,18070.2967324940967484546713559028486
20031,18070.7746914239409516955296497528685
20032,18071.3799324238331310779613268382961
20033,18072.6872860510197576672817281062111
20034,18073.2844916370453398019654708820107
20035,18074.0495601060973819235033264955499
20036,18074.7523273672169461139673450616749
20037,18076.2628352329111194306225678224436
20038,18076.4565571565818125442066139250531
20039,18077.5954568568466738818893123744182
20040,18077.6907569096634161959206799630548
20041,18079.1592896722216408451576718876820
20042,18079.9321889541251391113535187474108
20043,18080.4167078091976080485521679864112
20044,18081.2260429686111041856512673497337
20045,18081.8633771446431740880827007645620
20046,18082.2193652205547028405666163135764
20047,18083.6497219273388651213060360789111
20048,18084.4075021904844439402305431329068
20049,18085.7107265282721319519054874631382
20050,18086.2275588983857765461551294028529
20051,18086.7292002318189648545519566981408
20052,18087.6380632232782005704134145118898
20053,18088.2949455443235008322252126886848
20054,18089.2346080892577627746057966789549
20055,18089.5547675276575891559162724262956
20056,18090.6852093662342867082120760988756
20057,18091.4971004929391134001685188772321
20058,18092.3845226366252369391091612495203
20059,18092.8490880783897603585445276091279
20060,18094.0092100688036153086342400504315
20061,18094.4578606786648683988857679653345
20062,18095.8715365291904557553966469178129
20063,18096.6179921356911606540010994169956
20064,18097.0933864581767091523090861664048
20065,18097.5470582606303532237292402300558
20066,18098.7745262217585656823513007208150
20067,18099.2215389785684951358847744075504
20068,18100.0224594583919586493869626107457
20069,18100.4722520077251524742382267979569
20070,18101.7739963259230236211974667277336
20071,18102.7561846990620680085052545525381
20072,18103.7635356715643487534161906720446
20073,18104.2879489396286576389391522451563
20074,18104.8436181887394734739908905244428
20075,18105.7863191631677434405409130120588
20076,18106.2122925511508860946962700958053
20077,18107.4085053282706900415842256946033
20078,18108.2716271544905328622787707919794
20079,18108.7315906866839010625004909045688
20080,18109.6862209834357547561375937611661
20081,18109.8320415162758088446973597012194
20082,18111.2415401219366153559311829311615
20083,18112.1448170666209025713624021875108
20084,18113.0834561128611700473602509213225
20085,18113.5668931561429270801001075975081
20086,18114.7524342313899552182641129552581
20087,18115.4012989186475373778442656877509
20088,18116.0331985695238256305083107926291
20089,18116.3286020912412095748009525390139
20090,18117.2581460114637911451014191415590
20091,18118.1414712556957805332890227092586
20092,18119.1223940496569212119807971198183
20093,18119.9504117285861635591490860375684
20094,18120.7501377009159266230050090971414
20095,18121.6828127087630529763936467814123
20096,18122.2951623656355875337185031910448
20097,18123.1734751104747950742002178310031
20098,18123.8121658955782007172447533541089
20099,18124.7492345013405131512647374254937
20100,18125.5266804711490975743995031250114
20101,18126.2709181664894122685565690348921
20102,18126.6497761228427856341891268411980
20103,18127.9044852452661538350160901417291
20104,18128.3999173770145696938619530294112
20105,18128.7033678185558074591142919847082
20106,18130.7675654368631543267561758996636
20107,18131.2193814380289052408012436684763
20108,18131.9602135950292899084123759524017
20109,18132.5824107990978229374936428302123
20110,18133.1811961898208062758483646093227
20111,18133.9718369182515756870760437339234
20112,18134.8985465683784817995791489503507
20113,18135.5849019514356176926694425779614
20114,18136.2879809334754670236056901870873
20115,18137.1026632435023564881924319298882
20116,18138.1041991682982706288976130329884
20117,18138.9764276422105342433061437193400
20118,18139.5784296393674343039967443508292
20119,18140.4294325941985550851667771409378
20120,18141.3696675384196783499964571603580
20121,18142.1078725807106684259168543657887
20122,18142.9770499735884409899835188698864
20123,18143.7500131517869628835503937606110
20124,18144.1707907677358021065632817604153
20125,18144.7699824453493858138531939282292
20126,18145.6830527616934855146125960295662
20127,18146.4034164633567315829842229966191
20128,18147.9149098656899797864620093897454
20129,18148.2733890102416749053187370564533
20130,18149.3010362140144093669205319057355
20131,18150.1082128127590316343522834963901
20132,18150.8607626145739321297837449824755
20133,18151.2828671115170218142726920240366
20134,18152.0837706392845684662266480248229
20135,18152.7886220204788150672527510553986
20136,18154.1542843892222360641477502114339
20137,18154.5899846312057855258390904427291
20138,18155.1532141146003484118475072889694
20139,18155.8120547550201770495391209675500
20140,18157.0080243353077913988099345544074
20141,18157.8959027974858102330798634639549
20142,18158.7063772287169071919785502274679
20143,18159.6944850656437131085505305610301
20144,18160.3465934232490027686434859903479
20145,18160.6880858400267825050998422683700
20146,18161.7884638933377649151144611463182
20147,18162.4213325378373858824318137728158
20148,18162.8983926414961734758824844862606
20149,18163.8541843049064909515220636885134
20150,18164.6502823140442380223569363010627
20151,18165.8252592079022438020065827581926
20152,18166.8154480318155893478916271202375
20153,18167.4971512566525558381817900568127
20154,18167.8466894376297222870730095241759
20155,18168.5210181020869795592903214941068
20156,18169.8874311243708143081108477424771
20157,18170.5627912934793012613662823529113
20158,18171.0300306206458494292537520225360
20159,18171.8274114660414954359475971285276
20160,18172.6432259801059182545743091686497
20161,18173.3384523371026756285533593100986
20162,18174.0590131145051556898259226688773
20163,18175.0802151240169058857837349058561
20164,18176.0055266342726676076287702656147
20165,18177.2983720636647295882684396414995
20166,18177.5571141822510073153839416796768
20167,18178.2659314113488683547876594121431
20168,18179.0846006618773931238068900887568
20169,18179.6661838136396284553906634468001
20170,18180.3384726078510033404581403657551
20171,18181.1928557735710414930827817211782
20172,18182.5104955757582226558011893957298
20173,18182.6670302933968606643147394463359
20174,18183.8981930994380006906629546149317
20175,18184.4006672828029026593765807927963
20176,18185.7098118045760278528685727672656
20177,18186.3042343863186122381080601432412
20178,18186.7352258617632969334755901442180
20179,18187.9159129292092641848162681985533
20180,18188.4834975895461022764682492792922
20181,18189.5949854382283916063594261212294
20182,18189.9160497239202185053723903200628
20183,18190.6810598093827571117635050955323
20184,18191.0834400966474235860617924164546
20185,18192.2295099161704078515827469236008
20186,18193.6769613927974879935024074127405
20187,18194.3275141740975312682313465252791
20188,18194.8774126440181673979738659631924
20189,18195.6646442303077982260677464644754
20190,18196.6126003269241311429342046501994
20191,18196.9931832605096827918221455390586
20192,18197.6957634778054962139804245939354
20193,18198.9230322589238438023832120135253
20194,18199.4747498478475827099307445475862
20195,18199.9939902075234766090326737095271
20196,18201.2258906280706612718083940586142
20197,18201.8274947196203473622093152404625
20198,18202.7175301885914043582504466116174
20199,18203.3902576855895539503830923197026
20200,18204.5104974119102193595569801280027
20201,18205.3661719509517538213051698011921
20202,18206.1556338227942928462016144240227
20203,18206.6278226672406455706305988628346
20204,18207.0418276589756801320067523748775
20205,18208.0364042711134254929221863406729
20206,18208.8926488217531559382506233220992
20207,18209.6270847254181619946625183620638
20208,18210.2651693563696630520612635558102
20209,18211.7374505235250650644167421141370
20210,18212.5555684904853084248925221576585
20211,18212.8869753694838021394889308065821
20212,18213.9310094504195952804348434053206
20213,18214.3583009682947195608851258067419
20214,18215.1061959552823586403116921966942
20215,18216.3133071323360408163026287743462
20216,18216.8404673567892869389361066677579
20217,18217.7967672689538080877111979398295
20218,18218.1413638185097456513909353088767
20219,18219.0406468713781147536101917186441
20220,18219.7036502416414718209363169680111
20221,18221.0434420544784407010231284031246
20222,18222.0085261445411894000083926371418
20223,18222.5670562514308813271008944283188
20224,18223.1412000302331056410956629242983
20225,18224.2106693352578456442007134717604
20226,18224.7601997039435577992040869392450
20227,18225.4978268630749989309960504561170
20228,18226.0380937770063754740395398083111
20229,18226.6148664548915184391204375096448
20230,18228.2281071519516168305271036278993
20231,18228.6027241667857284975824959577111
20232,18229.5985893052748093046298711924597
20233,18230.3845581673899818518896630220036
20234,18231.1304894144922810660619583130246
20235,18231.8013340034537927001097822926929
20236,18232.9633758564720195853582247865417
20237,18233.3113887397225605555331090780289
20238,18234.4113561357699629984191639036207
20239,18234.8466084368956862198566073804424
20240,18235.7970109547541928994422779710996
20241,18236.2879746697260753505237429673946
20242,18237.0440731763158367866836381914810
20243,18238.0599161054009770342964064930699
20244,18239.0903489972770459592058632781671
20245,18240.1068326758466671665934435187532
20246,18241.0201861858699363586602259600082
20247,18241.3893591962042127010111015638433
20248,18241.8359402859793983457908140529905
20249,18242.6256284938372259958447282827644
20250,18243.7299029981357385830677822087725
20251,18244.3318267388004672552157508825601
20252,18245.2902439569607639105545995365630
20253,18245.9935188958078635104474542471636
20254,18246.4039321923239463632634431260439
20255,18248.0287780070177831017093731467621
20256,18248.5568077450002322442363168754018
20257,18248.8991211867465600851840486813361
20258,18250.1953467854515605578513744273767
20259,18250.9419225237292989167476066836095
20260,18251.8408810450442697085203591278729
20261,18252.2862771712801591682217469831594
20262,18252.9409988008973804445876033285437
20263,18253.9268141320030095705546831053493
20264,18254.1616740303585623402088745133902
20265,18255.1793659307380541654396962457930
20266,18256.5981167737357763512251926762195
20267,18257.3766359201185538839222247840762
20268,18257.9129427638447937400287775716689
20269,18258.8238557074716176939114164034890
20270,18259.3860934545329933543529548804926
20271,18260.3508586481425402468984039802266
20272,18260.9104664265500103438346013850881
20273,18261.5893092304357609168150392159709
20274,18262.5815481539662446606991236959010
20275,18263.4634941510437911126425370780032
20276,18264.0686743734552479652648882285712
20277,18264.7715612702203806196638617009507
20278,18265.3961588449953070267175606600434
20279,18266.7258458897094030259160441155043
20280,18267.7828272042674158730410114432674
20281,18268.2629745155494432559675967894043
20282,18268.8478734696080446023113409043147
20283,18269.9494373005396555131403608138363
20284,18270.2652331202358243790592501709999
20285,18271.0258382740813706547547583639831
20286,18271.8774811753063727787028947163758
20287,18272.6139656160784238355947938275549
20288,18273.4186996485048873938474376210026
20289,18274.5661048286318231318672846969810
20290,18275.4748080127524472488585234337692
20291,18276.1651039525269787045071171152845
20292,18276.7717409857780817377331473262349
20293,18277.6221679215988959155363847830049
20294,18278.0078098502671656293974526378279
20295,18279.5307378933918003249539794997130
20296,18280.1036191774059950843463748294208
20297,18280.5883189950240908417134608583411
20298,18281.0769364912055910481575432856347
20299,18282.0370449161487125825108576085989
20300,18282.9973917811889965995284889122202
20301,18283.7699564794770020560661110896275
20302,18284.9429123615908911320978120435069
20303,18285.6262837595909753693086148554445
20304,18286.5133202696189715654494296456127
20305,18287.1564861046364685117872349868652
20306,18287.7632852650534599206021113508660
20307,18288.4766162185298634462459048369527
20308,18288.8827862200281089109338216772000
20309,18290.3411083649513769850157425243208
20310,18290.7261440450569426689289599695527
20311,18291.6523622233116478672309564151162
20312,18292.8864718308546111027826288489407
20313,18292.9813370424011763418600705923584
20314,18294.3204045408486983533011109224204
20315,18294.8376757495032520716746031051018
20316,18295.9849497382399979418112735797436
20317,18296.5391952630493494510303566715130
20318,18297.2028633270901791373189927033637
20319,18297.9719468986121707272377880521603
20320,18298.9761077760488483698308048410586
20321,18299.4445261857879664512778330141088
20322,18299.9204470865492032453116589086802
20323,18300.7818302322967780843032298136990
20324,18302.3412738191416566535132124375837
20325,18303.3132004789050564295085940013941
20326,18303.6104097071904450317178899388901
20327,18304.3735711926410901238495160590310
20328,18304.9640826760201620228764530619863
20329,18306.1463815508282207519471525929038
20330,18306.3885401542495825736830425242628
20331,18307.5522486620073627145234080875834
20332,18308.1025978253193508744189807465944
20333,18309.1199912760166140503285066364633
20334,18309.6341220194408605630653798916707
20335,18310.4774009413191376128865382914733
20336,18311.6485294811066541988327976742608
20337,18312.2656555689670369495118705165091
20338,18312.9096409829871520298338342286826
20339,18314.4083565841578794986010560701308
20340,18314.6414826410055149939667971274829
20341,18315.2638176601095331774682917555082
20342,18316.2748243606537921415879146469171
20343,18316.5362824560238801193899401518205
20344,18317.2793633569024914645316471759488
20345,18318.5105715788209368345841520103787
20346,18319.3794334676711258208321159139724
20347,18320.0318825904421397403361830285415
20348,18321.1165843244591257539598702494845
20349,18322.0888251064498721438844931076368
20350,18322.4823649819974130705678657509159
20351,18323.0159128227824459335332822885077
20352,18323.9166478287853629130255867490876
20353,18324.9749663224568027013980831842507
20354,18325.5682165059214317741634335469897
20355,18326.5934911749620747716870288322643
20356,18326.8378536673387346970128062330209
20357,18327.7322028392939101438354374393346
20358,18328.4355805547552562336618891886261
20359,18329.6982014384593496700203007631329
20360,18330.6374333339305960320702961654779
20361,18331.4667913203685663804052507096669
20362,18332.0402177698624489044425057682095
20363,18332.6336618507866716514724222334420
20364,18333.3523423587537175120579744574870
20365,18334.4512761722720726182610505022148
20366,18334.6904238505198156009270834447755
20367,18335.6045596331222611146903894362661
20368,18336.3665906482087023548162557458249
20369,18337.6148084868894838567088429782673
20370,18338.4417581591853228114970535858643
20371,18339.1118237818086085180704756778151
20372,18339.5899806474538293393860978044400
20373,18340.6006878572934616781661485257366
20374,18341.6207813377187409814990680350736
20375,18342.1796974349944169749867605355482
20376,18343.0779151838090584387277269553411
20377,18343.5925720974015512057436236116384
20378,18344.3083303520919480072453380783123
20379,18345.1227086388678400034451298514732
20380,18345.8855792700307419869363693771751
20381,18346.5100940915756860250687318802693
20382,18348.1308758271277045698469605437652
20383,18348.6472150738364610552111730372443
20384,18349.3213824805093209237475574702534
20385,18350.4406197787833788362415449854351
20386,18350.6811378817647679642487333762477
20387,18351.4330218499199000436465470983003
20388,18351.9709204619534707183748004982385
20389,18353.2271959662199751628404860905853
20390,18354.1369051296343228706630456608841
20391,18354.6733357330083298700564245817804
20392,18355.0681816694579745473235530617328
20393,18356.5184612584780124153467475566761
20394,18357.0601625615709320562995534159848
20395,18358.2425031571673184094116903844990
20396,18358.6387211075656731193773365184914
20397,18359.4700859765958304494785890615856
20398,18360.4997326298220410195102664457100
20399,18361.3087975281000055937771924081475
20400,18361.6992512073898248084291314767576
20401,18362.0965752184035236034178560785951
20402,18363.3392585313305259417379560132588
20403,18363.6962214515368301967961523411637
20404,18365.1810282003785768492423350880964
20405,18366.1027338543429834115084614318667
20406,18366.7752352501751394238177722531367
20407,18367.4020134410362261238061022849898
20408,18368.0698257658273616864934418977591
20409,18368.8878814220508555686179021007866
20410,18369.6941846974001301449581114888172
20411,18370.5599366488646775092690897164319
20412,18371.1306311429127065593178976335924
20413,18371.9571116945546237399684796881664
20414,18372.7729875516797476422870516194869
20415,18373.5158813290551270678864097293024
20416,18374.4006446125121183000555923875205
20417,18374.9539803183675322507102683746905
20418,18376.5276651860344954915596668280498
20419,18377.0715244441273808504972341109106
20420,18377.7233802085867076183287089684059
20421,18378.4215243954735116181849830092119
20422,18378.7954916320014925288097019553538
20423,18379.9496037249350227204722552265049
20424,18380.5772273981715120732102672185848
20425,18381.1082582794220193520180545766385
20426,18382.3462387590606731458653302543094
20427,18383.0296702773701328068774356440042
20428,18384.1418846156645610437550658525742
20429,18384.8378607998441100018839463993627
20430,18385.6165036678904765109852247394322
20431,18386.0455241389652310792920530845752
20432,18386.9755811324564384437843804781205
20433,18388.0116412200490206299604452778117
20434,18388.5577451816995835867754095820912
20435,18389.5589536066395491615663502105902
20436,18390.0448351559290251025622134435351
20437,18390.5844793241035449410376199327983
20438,18391.1944808618567806427930865843840
20439,18392.9653078375901683310511407603388
20440,18393.3817635077541713437822219993219
20441,18394.3200271547395474540670068689032
20442,18395.0658651194114563188406799103528
20443,18395.8141785312056843289354739304531
20444,18396.5830729825906309219008216904320
20445,18397.0882107594489537576218138691607
20446,18397.7328978809932549360198574291794
20447,18398.6007683967927406254619434838313
20448,18399.6523160043621978560187728800421
20449,18400.5623790148708751184280449372018
20450,18400.9314335748524783794422466145134
20451,18402.0848317877825336164396954398410
20452,18402.8813160030378042909171452752042
20453,18403.5265372450479874083040198516311
20454,18404.4211538958370153449530333039488
20455,18405.5855094441997245825389042057443
20456,18405.8838621852683656514316443954342
20457,18406.5138097203234214458210647480151
20458,18407.3750833357692561193202256809516
20459,18408.2191746499752122847985841035777
20460,18408.7534148137073511044362040092117
20461,18409.5217320088326049730738672415174
20462,18410.6148849264391176599900477865953
20463,18412.1744490900637506338811487895504
20464,18412.3381355740872137860119166188106
20465,18413.0147754773077499970972601468429
20466,18413.7357906976110966121256728218171
20467,18414.3853204886631196204856602856222
20468,18415.2338016428917301890352435481168
20469,18416.4276299834703869908616566973548
20470,18416.8364867792171239705312011283958
20471,18417.3961269417809603056669244622923
20472,18418.4358758615661536028618711364266
20473,18419.2329452646953570282477679333505
20474,18420.0447045736997763950252037230660
20475,18420.9688439293618147182369606047390
20476,18421.8200368320687733845838552792491
20477,18422.7440445961104012018246653828043
20478,18423.2222270257316869447342907002014
20479,18424.2534701348541796397720489136678
20480,18424.7691185548347607337031944056237
20481,18425.3437141300983893558076285610391
20482,18425.8781017535167567158465886501312
20483,18427.0024246601315245247568155759136
20484,18427.9637032050760233539109104198953
20485,18429.0307251287950307906581269325972
20486,18429.7552818392479855789453813689659
20487,18430.1105158608291500299578248596363
20488,18431.4381803421675381303460892421698
20489,18431.9488988256894012390351192921148
20490,18432.5417107444705971171104687608537
20491,18433.2443310553737137662928131791158
20492,18434.5784659435416212651619324374558
20493,18434.9488220268923376081802440488830
20494,18435.6245726513193817815336779190186
20495,18436.4999586185608154917558526640433
20496,18436.9229814746191575887694631666565
20497,18438.2426728566108432552762203247950
20498,18439.3531552078111988110590007298253
20499,18440.1049399120712851324802530767091
20500,18440.6140169548125025873939863769847
20501,18441.3941142865138833753491441874794
20502,18442.0847555657062696802284200976387
20503,18442.7033693755643748918896058210204
20504,18443.4747629707466689634617521329960
20505,18444.4468548489092002949942191028162
20506,18445.1170284485826374908670720823637
20507,18445.8202330605263228407599205456649
20508,18447.1015230351280007630228951433953
20509,18447.8990594828385030982751763184382
20510,18448.5304787042412016023440544272317
20511,18448.8651216718417667337871425139561
20512,18450.0495271505702986528540937075477
20513,18451.3240978148991008790127559129705
20514,18451.4586177363371369434262533743745
20515,18452.3011903819687292526855428601778
20516,18452.9111023764991410372500648782023
20517,18453.6105596677492961942319614592057
20518,18454.6045733239585964497059506823397
20519,18455.1625425884221839711254791005257
20520,18456.6709119728030536874612981930529
20521,18457.1357786151736548941824108797552
20522,18458.2431280290911128979403301376546
20523,18458.8923415319346784770410116352276
20524,18459.2166711265898956186605862561754
20525,18460.0920630111544997307597663859561
20526,18461.1106212177417733486914804445842
20527,18461.3173478832274111962408182915268
20528,18462.6949496527687614492397464803251
20529,18463.3946069728181842884318312142384
20530,18464.1367085923398965884624424327000
20531,18464.5464607349511277102103089573589
20532,18465.8785020455667846563383182991429
20533,18466.6408735641670188910038730826191
20534,18467.5019202965441330412649398827323
20535,18468.3711119018712670197107702424313
20536,18468.7022143848755324249927114730818
20537,18469.8011314885312438168047976684720
20538,18470.3830185843106196837559952138617
20539,18471.1907954345875611744547799630561
20540,18471.7558980171500652551356843654799
20541,18472.1258341543920034985639882173606
20542,18473.8754046744643523745734420733865
20543,18474.7056769626093513367327088635298
20544,18475.2059942132331933392708449523249
20545,18476.2459546278613128858467708121030
20546,18476.7707300943296877351585941363096
20547,18477.2231254347593854104439135448718
20548,18478.4381612467388692648553107013167
20549,18479.0932164443910495740343088774837
20550,18479.8659932529041702247260984073401
20551,18480.7642896267154509293851114832461
20552,18481.0410403741347062862219926118637
20553,18482.0925096107338774229056943123994
20554,18483.0765739539869849981220648558502
20555,18483.7328729605480902643839871259415
20556,18484.7761828715061906663518991271732
20557,18485.6332013608037798941871472615125
20558,18486.6361988188272263225996517154319
20559,18487.0738073675057799495987843025004
20560,18487.4849072610191579656521087261242
20561,18488.2742164342643854492643442647338
20562,18489.0247602435493332791265011859035
20563,18490.2318690219590783606974125356198
20564,18490.6379647421480716267094569122570
20565,18491.6304794050965796212783880970693
20566,18492.6531372734471486865149783556344
20567,18493.5589548483109215554689227833165
20568,18494.0352040783944805374299681475837
20569,18494.8217822153330141865480284691639
20570,18495.6285949242484648732232627187554
20571,18496.3820909082251183270447403289862
20572,18497.4170381645900570760805044588326
20573,18497.9251208910259533442064569655218
20574,18498.7170482477408302635218530648411
20575,18499.2273535014787202432398729651391
20576,18500.0475343021785981099697942069944
20577,18500.8109292384068871719172389042552
20578,18502.5281604580100665670847533360913
20579,18503.0109530924459055964441961003311
20580,18503.5709454242834994370810231076073
20581,18504.0725499644973259163619507437347
20582,18505.3736738955728200903226454009788
20583,18505.7112384051826950046015601833580
20584,18506.4496177516309742891813652985552
20585,18507.1040964115357317553495205490629
20586,18508.2169902313548372604768228778101
20587,18508.8458894654591051875025057245399
20588,18509.9326985193628215574837485030162
20589,18510.6029324480881844184809640981123
20590,18511.2189632527130557303066569211413
20591,18512.1995986798712986598672206464364
20592,18513.1987786451774458948962868157188
20593,18513.7734293360016766461306996594969
20594,18514.7354021823739993311822971389409
20595,18515.2047111498855869661376876415466
20596,18515.9672212679650305731089262174598
20597,18516.6666528028169610463596943720402
20598,18517.2252640610264758631899338519974
20599,18518.3638667238118722702377313049334
20600,18519.1146479772169052143903088574580
20601,18520.2809528065976209449799847624233
20602,18521.1966509668447216430687326364435
20603,18521.6678286315060572494470294966232
20604,18522.5133208131026023438214949253605
20605,18523.0196506886265378368508966818176
20606,18523.5001859990949595738754515268375
20607,18524.8995637161999477027944851538712
20608,18525.7595066413431666272605114537449
20609,18526.0067156873213217897858321795214
20610,18526.9512394171337612289370128011302
20611,18527.4904613109832854399928030961249
20612,18528.8063296702742895325261384583626
20613,18529.6481280795975288841313346946333
20614,18530.1590502404386396851354723439491
20615,18531.2974210499716510835056457840649
20616,18532.1414250304099154023343580111807
20617,18532.4848118243989842955889070938874
20618,18533.3263778883127760067953435879560
20619,18534.0726599541881571202172933713582
20620,18534.7126411237834868681589948929569
20621,18535.2345827858334968935641730308560
20622,18536.5042892785725444198634665215939
20623,18537.6002136209195113040697744580603
20624,18538.2295645831661670990996498658259
20625,18539.1407161106243692505954159435633
20626,18539.4366524278639783432698183934026
20627,18540.5946479603323497018238091878368
20628,18541.1685269357639761270433480557706
20629,18542.3534243555491043986354329369235
20630,18542.6231461652970271819723065583817
20631,18543.2913957515038178153296842021009
20632,18544.7187790252799639251996709023859
20633,18545.0086515038937787262490228828210
20634,18545.3536881355762177605262783317157
20635,18546.6384778234426963206010187304675
20636,18547.8930024877052810092240502298998
20637,18548.6262985673833152526669495605441
20638,18549.4055520257965704353013219688027
20639,18549.8908383323541141302600950860166
20640,18550.5706550587397560158428622695181
20641,18551.2955812237632271735833605518401
20642,18552.1553739086669465711450077957687
20643,18552.7724721365172726516222237696080
20644,18553.8024464107988112327620741888308
20645,18554.5516340938824907997925911615217
20646,18555.2839249391759725116065530027712
20647,18556.3659729161375075863735081370136
20648,18557.2281512697715623477291483364454
20649,18557.7420979956308872466538229272397
20650,18558.3785321415914778262535859685477
20651,18559.4223289412534665200012549848656
20652,18560.4213503099088956924918272260118
20653,18561.0158059151613530047588433944095
20654,18561.5557120988774888375264465449884
20655,18562.0076002673962952414435950195604
20656,18562.9375051287416295507050137826135
20657,18563.8434302456887817568123944854933
20658,18565.1768374327525512550196834362646
20659,18565.6876146834874563650886734934519
20660,18566.7147688822267489384664089707806
20661,18567.2625528291433091569428935155504
20662,18568.0951591206704650866427552368731
20663,18568.8422864850074701156999462799168
20664,18569.0895447217803708417456218004509
20665,18570.2995478347518245626500096284920
20666,18571.0646021131844976528109177435953
20667,18572.0428692499964679953680108882634
20668,18572.3342377642206687156167815227100
20669,18573.5636680842186182271292078960500
20670,18574.2591155347241781556722237777692
20671,18574.8262707821712192305776342768679
20672,18576.3243155676750108803300919782732
20673,18576.9277569132435609181924771597222
20674,18577.2836489289890775913012658394513
20675,18578.2836231754675538046000007662933
20676,18578.8479548072139327325610020889152
20677,18579.6291529224101034588321456443072
20678,18580.3994733234203833966428032404325
20679,18581.0956259140336535462947155522863
20680,18581.6963075587610609747165068746063
20681,18583.4622838271654973615094824714870
20682,18583.8870020462308317243516348317234
20683,18584.8516704928298264542678681636279
20684,18584.9788150670692153836356568017557
20685,18585.9577233106145408246339695117315
20686,18586.9743338203109905977996632187267
20687,18587.4968391621609111872918917344630
20688,18588.5078324619823625303699873327723
20689,18589.3799483275749733056225579976809
20690,18589.5821218425539570523816032252565
20691,18590.4950397172601773911053377464963
20692,18591.4951765113233494723492248606425
20693,18592.2981009638841432855295890867834
20694,18593.4647519999076406748549258648729
20695,18594.0172334032661726299725467958375
20696,18594.9028462231939394903592692180807
20697,18595.6501875532393426956320214007934
20698,18596.5070785134880826971885831740863
20699,18596.7801467943532441545938010501614
20700,18597.3925815990467779699199357387947
20701,18598.3766717596767554342218582325437
20702,18599.4894746411229745066695570121684
20703,18600.3798420487569556226878046945087
20704,18600.7762862632827237328700940823616
20705,18601.9333249187651540839436018643303
20706,18602.8163340390329123870064708166965
20707,18603.4263155075414884047353330715991
20708,18603.9563568632476458542335097873801
20709,18605.1182006340175067271043315249538
20710,18605.6565980483161918120254246438581
20711,18606.6409090491963018995987408008805
20712,18607.1601251264537277421393447846553
20713,18607.8613208607100912903784528979631
20714,18608.5816688309663329697207549035888
20715,18609.2145088401901199634443012139004
20716,18610.7842173927111346553934138651502
20717,18611.4454445527124224923305845424129
20718,18612.4443637032493130504994086680911
20719,18612.8137348466325291924992522551947
20720,18613.5107072060808162054789263418792
20721,18614.0457950438666621700292685902349
20722,18615.2768998643005074468539505727235
20723,18615.8067729221672966886624806257270
20724,18616.5249809287471431440391936809482
20725,18617.2689017421212724909995412903722
20726,18618.3481182603245535731159934513495
20727,18619.1955932844853116574870325868173
20728,18619.8230203155332104679438145772509
20729,18620.7776820779548816952578509337623
20730,18621.2202335033526930048362240139727
20731,18622.7162959699213861707659583940906
20732,18623.2510558495367851190907735321921
20733,18623.6152375833026327852837842237995
20734,18624.4028829030484319409435966543583
20735,18625.2867123617316126499744145679486
20736,18625.8643495454859885254280922145546
20737,18626.5339967981836787257855322775441
20738,18627.7136519317899153035952960318406
20739,18629.0241374752242563301210838246430
20740,18629.1788400508243539678022432913063
20741,18630.4314790599084230787283517747040
20742,18630.8440232637649890963976037061688
20743,18631.8687880360528073139171721282702
20744,18632.0584277700146139231895992294544
20745,18633.0028796673287913717701081976160
20746,18634.1905852387419547270857147518276
20747,18634.7869966473000804515320104216899
20748,18635.5483330995461684064037443734772
20749,18636.0651884235318686632438460283863
20750,18636.7882149849755439487932290042248
20751,18638.2572086249902677584255003993600
20752,18638.8846562493861420715609381306558
20753,18639.7162911768432057459571714946594
20754,18640.3634995968199381825828871582223
20755,18641.1562258592135862897275742985135
20756,18641.9421062024519162295768203236369
20757,18642.7051598540425172409292645925803
20758,18642.9597203851067221769127848730743
20759,18643.8577192162385448191025738079604
20760,18645.0251842314386424289402903024716
20761,18645.6350910360081390625926979853009
20762,18647.1911113286892114194378369884693
20763,18647.4009496166190165983739579541639
20764,18648.0015781352821948886690438783255
20765,18649.0686444611160782895899237977323
20766,18649.5293893817290665211502530700671
20767,18650.7578421221028246879240980772791
20768,18651.3318141295406780666023125739373
20769,18652.1366680262265927699886975843339
20770,18652.5312820649796256206020652183650
20771,18653.4158825462365952914949399024795
20772,18654.4274105615742513810665748407994
20773,18655.0074133714487255588925331436469
20774,18655.9078056201155555710492036756552
20775,18657.3497439912421157645160890596343
20776,18657.8728495151143528835094157748747
20777,18658.5345219982116128027055388818468
20778,18658.9396198631915310620025248075227
20779,18660.0374544659500567410790339132652
20780,18660.2850820891098370874600505154916
20781,18661.3625310201409360391291670604877
20782,18662.4370686681768304625033308311004
20783,18662.8287158311174607633879988521025
20784,18663.7588895851367587673963238232520
20785,18664.8525772704523311030555885692403
20786,18665.5235796550952240285266194296643
20787,18666.1918852047880234423606597635304
20788,18667.2217117874216375844997107221340
20789,18667.7767701150478167595960820237592
20790,18668.6130175052354505129942246604223
20791,18669.5258086309522709482485682706983
20792,18670.1794793232768624289182461618969
20793,18670.7962920035227830111709264147778
20794,18671.4042832072388796278998697378355
20795,18671.8871829760819406373996663423670
20796,18673.5288269532933804062270958141562
20797,18674.5299750645621134218296689234556
20798,18675.0499302304950293141788573316464
20799,18675.5310654334219540477314665996444
20800,18676.8387162065748983538098442956159
20801,18676.9717784791259101117801164448511
20802,18678.0174478775536917209179336709854
20803,18678.5696130422189142465142622522413
20804,18679.4460536637771169874393053587471
20805,18680.3782216198357749855435076276528
20806,18681.2631599857768880276305846516270
20807,18681.5792915039217497678899514587321
20808,18682.7506633307776551488427047322461
20809,18683.5360735216813078198944800526463
20810,18684.3378816673947335586889600675908
20811,18685.3644742583724867597574660046621
20812,18686.1022299373377132933354374941181
20813,18686.9134075005334028608710259824752
20814,18687.2352251364697562146778287980722
20815,18687.8141132764176344731859136348285
20816,18689.0576094732330974050171122590865
20817,18689.4893936653996304353550706351607
20818,18690.2880480652645805148147181529337
20819,18691.4966626627067246895878696363473
20820,18692.2709437716405013048305141336787
20821,18693.4346860746166190870114706724632
20822,18693.8615871107085882968209889511841
20823,18694.3890071881278022740708303288828
20824,18694.9011264951073763788233125932769
20825,18696.2584214684428305879192861699290
20826,18697.1522129648714702172768469742988
20827,18697.4219536142548363785337764410689
20828,18698.3361948712308236384046662721387
20829,18698.9984235283932732879650369042784
20830,18699.7122996082789187127426462120985
20831,18700.7435702645821395490483052093586
20832,18701.7675421553702326448620777416221
20833,18702.8049684379916090238322399782015
20834,18703.0936242403709567909536370452821
20835,18704.1763722290712215887257580061382
20836,18704.7663825851007606036011201653258
20837,18705.3917600351117422093573054425918
20838,18706.1057814086401326756162456831290
20839,18706.8680387354380339236682893889956
20840,18707.4221599063652932535601580335908
20841,18708.9417608972702341707923888679976
20842,18709.4594300931362057724451288373253
20843,18710.2757484978272077236687019588715
20844,18711.0052512749375339023068056352630
20845,18711.7998011923968268744652847285238
20846,18712.7854431006851717898690743952520
20847,18713.4735787230406120018851962227756
20848,18714.0375584679881581362488525114901
20849,18714.9582867060875563437357983838035
20850,18715.8097060580445575031004746919741
20851,18716.2691647444812176569652382097876
20852,18717.1086159665929872486091649074252
20853,18717.6113153669309199737842543007301
20854,18718.8125263902025608124830842289600
20855,18720.1695369115575018761382081714066
20856,18720.6707349701289912559432731951387
20857,18721.3172602540426172546404449923597
20858,18722.1398450084703370111904293681590
20859,18722.5838626635010841038113236516380
20860,18723.4870522656971216690111703172290
20861,18724.0357954468306323058317619160143
20862,18725.4225744440219007400161047411302
20863,18725.8606035164153368031657486372529
20864,18726.2801627138937085428601617944606
20865,18727.4331212364937348025686207684582
20866,18728.7567097324590539750659348359082
20867,18728.9555918466157677051073680012781
20868,18729.6983759138694597408724746809426
20869,18730.8319967022894512999825987382567
20870,18731.6733689056808569350867649630046
20871,18732.3615963959238469511227436067535
20872,18733.0379605893361199254817268903146
20873,18733.6306377934986831210807311272005
20874,18734.0205481169060706242873326182873
20875,18735.1625776856706282103760147597800
20876,18736.0451414134086835978516478461411
20877,18736.9855388731308656828349711215747
20878,18738.0657133010032051327955875983586
20879,18738.7956247905767046448740632866173
20880,18739.1658265504110664375658402966330
20881,18740.0939107226719776030444969342880
20882,18741.0408188647802550234699775727121
20883,18741.2471384219081334937440227215279
20884,18742.4884929970663309019733923865364
20885,18743.0973160146480875000839937270117
20886,18744.0574656375975790097343462710604
20887,18744.6240532446109385242180699959980
20888,18745.3579400941505947217353305375499
20889,18746.0733671694956659882725274856779
20890,18747.4184190294740207362371756447695
20891,18748.2772721883223800151149866384906
20892,18748.9421541876123893696295623041268
20893,18749.6077035145080934348710189121726
20894,18749.9476644147711011086037950745129
20895,18751.2852399178168555451220290639573
20896,18751.6972516730484471040915772303907
20897,18752.2116820836866355499784414944175
20898,18753.1544579544797506732240203994155
20899,18754.0910436428551237099600056458989
20900,18755.4229918746078954673883452024955
20901,18755.7905525395742484483748304892082
20902,18756.6498591489342836603297031348885
20903,18757.5628629004492573025749238106274
20904,18757.8219990054739853421404091699994
20905,18758.9301734421576276609787181162826
20906,18759.9617493105026737375234354261586
20907,18760.6132560513335428259038882589568
20908,18760.9809198062281330632308225300463
20909,18761.8874277850444223062365289374484
20910,18762.5907098200301494040943298168466
20911,18763.2754143085409834858625267940121
20912,18764.8522319261456050834937087934237
20913,18765.0982768479439055816259034070464
20914,18766.1585885286950931625281140675205
20915,18767.2101999234330726121062314350646
20916,18767.7307655066588767605635479030749
20917,18768.1297691748592804706414466131802
20918,18768.8380310657082621083522450080131
20919,18769.5877789117295402490464741887447
20920,18770.7952362836230996697731749499594
20921,18771.3829217913809966967054380083200
20922,18772.1810635239577551916657100175723
20923,18772.9897358323171628565709844259364
20924,18773.8718697824448176555291273035137
20925,18774.8351656479635083086422328514822
20926,18775.4587061461214821865194595792084
20927,18776.1043489557969411359932179979669
20928,18777.3384056250112173331302435184557
20929,18777.7553274468938123171563361940651
20930,18778.3662632197398459646300095168196
20931,18779.4292205106627311195617758776891
20932,18779.7836781559724210444600915131744
20933,18780.7064508990971012083164121158565
20934,18781.1134589589035236258139534114307
20935,18783.0081433877106972864787526928703
20936,18783.5491466520746204396369320624519
20937,18784.2353989580600000144407532347286
20938,18784.7940042274094507743984469076358
20939,18785.4581356929884100192651410125485
20940,18786.4183000396519595895411269256219
20941,18787.1918278110518773717838128514561
20942,18787.8372058752654776235611424382071
20943,18788.6060379311560571236353500471236
20944,18789.4785604266347045045641663628813
20945,18790.1770013195493353021467441355855
20946,18791.1638676229752010847279994763248
20947,18791.7767194060470808971886177558617
20948,18792.6241765533476930217649515676176
20949,18793.8706580791565387070279370014065
20950,18794.3815946821294494395928531276980
20951,18795.1775791036160411863712755697298
20952,18795.8076096312228149749375371969585
20953,18796.7490272264745224061804379391597
20954,18796.8575310634872734711517357388654
20955,18797.8360986368276738960113727769546
20956,18798.8525703935718133976163089297512
20957,18799.7731858655424804496167629751482
20958,18800.5579621481768981875593015271427
20959,18801.5311197095473095683715531554089
20960,18802.4082092389464978026885286621233
20961,18802.8714222508982766700863814162966
20962,18803.6501251861473191430921214369478
20963,18804.2551896314891040736064092395620
20964,18805.1489400935367087190606659657003
20965,18806.2947587252871919516377343386423
20966,18806.9715199625204124193386161949675
20967,18807.3073750907213101357640701444158
20968,18807.7586072858802990116887590338616
20969,18809.1895691305689780803497372804507
20970,18809.9183267751168081545122172345457
20971,18811.0909550809385346712855199309383
20972,18811.8159158959607599623426407564737
20973,18812.3012233432178461255000965914106
20974,18813.1777400746360865551133898836724
20975,18814.0131335967498074754800804441718
20976,18814.2806017728276478365693421576396
20977,18815.4688714737497857942729245747865
20978,18815.7385522114931554721700206688993
20979,18817.0164278836671155086769699889669
20980,18817.6995019694871440483240242574312
20981,18818.8489252845430164249183658932402
20982,18819.5933960982464465727093555617139
20983,18820.0013267800152510532982243179960
20984,18820.7606199341267158438189979058136
20985,18822.0565161555263411968358868935356
20986,18822.6879706528405400221321761300359
20987,18823.2902198986486762082260486224390
20988,18823.8601202927674213563384261055608
20989,18824.7944585671592841696455750081411
20990,18825.4323385967987623854449771250066
20991,18826.4231053955122641704822978256503
20992,18826.6337866746627642899611346831330
20993,18828.2821444642991525297480760299770
20994,18829.2097091621748365391368537460251
20995,18829.7415099592527442340259377111978
20996,18830.5163377453859376482706540270300
20997,18831.0844938036506942525200164266518
20998,18831.7307586470064231937590566296616
20999,18832.4649106604093708584737006247935
21000,18833.6476331414306291333882600882923
21001,18834.0139068151577162415296636081960
21002,18835.2555357410111857596450178798634
21003,18835.5536013680945680390713461682209
21004,18836.4324436947659976487781230722267
21005,18837.6622357340201172516221927270308
21006,18838.3300465101714586297394203212632
21007,18839.1179673079300903408687256004716
21008,18839.6601649340162874329857581821048
21009,18840.8778893792192807524025462862993
21010,18841.5916154785069937333352486818400
21011,18841.8245979998643210195687527063714
21012,18842.8854235094722046283486276918454
21013,18843.1699437539792461307642521856125
21014,18844.0631483371654122221246739951594
21015,18845.5769629759254013035883308032907
21016,18846.2472515621078139789352050800942
21017,18846.9695840892310054072721656759504
21018,18847.6566162722315489254178186274248
21019,18848.6615650924580423175089342801707
21020,18849.1579784334695731449140680594700
21021,18849.6486212767971700200255060909869
21022,18850.9610781041633046090240314348408
21023,18851.4466464066746703437471213824015
21024,18852.2230540287636893567104397585107
21025,18852.9373981495367326187283159676433
21026,18854.0830311180746379121064173798643
21027,18854.1752268854684251206329774917271
21028,18855.5434489773714226931183598324957
21029,18856.3473960259257392989313023876063
21030,18857.5859760648186051787932704646485
21031,18858.0193303876786913168800376411405
21032,18858.5354743002620767002297816092986
21033,18859.2459310608326248615079408812766
21034,18859.9292582294168906107356909023850
21035,18860.9313087282717787545868377932475
21036,18861.5144961837899925097498843152787
21037,18862.3554504322050152053018335550625
21038,18863.1340520062617113032949639960521
21039,18864.6398454055543993872657061100895
21040,18864.9672124279900884534400858184220
21041,18865.6816404505073828127438944028211
21042,18866.3215710407226636318990683932052
21043,18867.2682338186495932812764926257769
21044,18868.0478928300045275221157029461578
21045,18869.1695010135615517036451168456320
21046,18869.3705995662503919377451386795685
21047,18870.2728852086189004762129399096546
21048,18871.0571171769155088167169122027766
21049,18871.3577251067843366513052368861104
21050,18872.7156334050230056411302325608556
21051,18873.8070141303573136047900809395735
21052,18874.5071201389184370949465480432472
21053,18875.4851698468455821444906116822065
21054,18875.6604396232703345844827293492968
21055,18876.8177706439326849748321793794292
21056,18877.6331015643960279251546026586716
21057,18877.8722107858346484485753182405282
21058,18878.4447833462253125056328953626079
21059,18880.0544575126821039819547944136884
21060,18880.5251972762973364144654528645724
21061,18881.2250886087461371523807068492461
21062,18882.1323470235659067810443532408786
21063,18882.9738428667872492808663574952526
21064,18883.8052832785474879994938244722936
21065,18884.6217430506594157329801501023907
21066,18885.5365768455905300882795127653232
21067,18886.0042846255326960603527604228635
21068,18886.8730683206896127165609657373897
21069,18887.7408608938414650201149977285302
21070,18888.1535097763611313350188798037327
21071,18888.8877337302868461833634630359781
21072,18889.6703008934329691690028280660980
21073,18890.7106944840447460697483363550778
21074,18891.8555917671248335285447524315212
21075,18892.8050224720704680099814143652365
21076,18893.3330658050323863951927541806168
21077,18893.8294547940733815536489782546630
21078,18894.4589082136073308906234327192643
21079,18895.3832804910547598193291798917443
21080,18896.3581574775859173451877786074913
21081,18897.0697328979126121753982697248774
21082,18897.8747057485135046987020168626198
21083,18898.1248884815135666836309617855851
21084,18899.4093936072307536121144532943305
21085,18900.2184793082021494229698337481292
21086,18901.0541873935201124141518826136859
21087,18901.6564193562031670762500741451225
21088,18902.9139435060398921771419085916811
21089,18903.5439680784517951142736981514657
21090,18904.2746169476759956743716678371030
21091,18904.8359375582667000549386022717292
21092,18905.3643999862201005825301081631342
21093,18906.2957121382822917751839973313574
21094,18906.9508615897342268349888562003386
21095,18907.8055669785378779325104624210833
21096,18909.1417031021598368322547542159987
21097,18909.7587452257383973056103990699598
21098,18910.3309487738245768707422088534969
21099,18911.4618791317981035746342576969378
21100,18911.9740407244169574974097209713158
21101,18912.6332460600882984652464421104711
21102,18913.5514198607774178045479471125176
21103,18914.2107307078084785300085279040429
21104,18915.1633065574725961534946816161283
21105,18915.9300543042195778730524453460400
21106,18916.4877182686097081449443133607645
21107,18917.0907875302998731910497947185957
21108,18917.8387248795996773728817572201395
21109,18919.6207436532431086461733435300636
21110,18920.2072045171897304947065919717071
21111,18920.3684475492271972961308937058726
21112,18921.7077423836917665007894287346086
21113,18922.0483390657281389653456363698545
21114,18922.8792669257076009771382682081377
21115,18923.4956857733194051242034657027044
21116,18924.3745214538506767686073061335252
21117,18925.0682342024259933358873709024649
21118,18925.9514803783552933702411379365435
21119,18927.0406519058036873986870894372697
21120,18927.6455187918167604370844136536368
21121,18928.6983003196217505629788716951893
21122,18929.2375313098173792357193826327290
21123,18929.7367023400141391461604361049737
21124,18931.0497584421754352230858052727528
21125,18931.7352357306974401723047034119612
21126,18932.6040505121862662655029944195442
21127,18932.8779279045466315742618394602418
21128,18933.5072416776057991268535483550067
21129,18934.5203877851463591943632665059066
21130,18935.3580084344140295693095444141494
21131,18936.1229326082171213714608730749518
21132,18937.3442648745725038352484973992191
21133,18938.1082363471263738942645356050809
21134,18938.9030680029437822778382921927733
21135,18939.6298187659933351116092814707320
21136,18939.9452188321069709814932826394589
21137,18940.7229070284004718748836296164169
21138,18941.6644042767537858790773411319450
21139,18942.5110403612602446966023480594791
21140,18943.4613113403660998527368865438403
21141,18943.9146868707372816006011927873082
21142,18944.6496733528091261125713479365100
21143,18945.8713656465064340097004745593827
21144,18946.3468661842881529302106789410474
21145,18947.4438966395767158288221114593957
21146,18948.3078215672552174187344880499847
21147,18949.0440989987601061968437031772012
21148,18949.3751497131267686649750284449688
21149,18950.4908390687575061233988509575061
21150,18951.3134267405714001338376113690461
21151,18951.6865356148411086219118721952640
21152,18952.1537211268355725745613719631731
21153,18953.2789383337334480082010198140387
21154,18954.6211879248850112019288175516173
21155,18955.4433747421770231813029819935146
21156,18956.1337798198199816451991305870127
21157,18956.4765984468334466791279390014664
21158,18957.3978205284638530060921254619318
21159,18958.4145375306057589983157461257597
21160,18958.9305636880614863379771000863587
21161,18959.6731079804046725976962010851381
21162,18960.6564183824160878132397548090543
21163,18961.2355936018961902349751317037137
21164,18962.1153109202772611639607186789200
21165,18962.5204886867153992708274053105081
21166,18963.8615402596795727043698816529491
21167,18964.4166817498596637941891349631759
21168,18965.5585065602295907165380192045934
21169,18966.4551162942377041159859205115882
21170,18966.9816528830284288059396027654205
21171,18967.7704776617613491271221934079758
21172,18968.1196166054378122217413440774014
21173,18969.0870948106717124368151860263354
21174,18969.5516433043834485492692977167368
21175,18970.9282499833789919183023280871412
21176,18971.4695102537108725127311831540788
21177,18972.1236685565660425051727068061340
21178,18973.4466998467644511343163478986933
21179,18974.1722068067551798423754319476392
21180,18974.7045631802455530598474651378179
21181,18975.5182335311340540176377687177964
21182,18975.9676967460298039460162415998090
21183,18977.4500193628627550256512774802344
21184,18977.9368426466329268101989854437867
21185,18978.4291972759980172937139237829033
21186,18979.2315152400596111015577744150628
21187,18980.0407489671937431370501878531650
21188,18980.4363020950009629365706742175648
21189,18981.8492904131241693957060714914304
21190,18982.9930069349132536242178867948247
21191,18983.4630531316003651620621339050721
21192,18984.3672323731831901076859227464159
21193,18984.7877825860158666899935561569686
21194,18985.7387499410218596793897628405441
21195,18986.3655778414489401094515634314557
21196,18987.0186248091161060267222521780069
21197,18987.9966282332871369386545873219556
21198,18988.4654612217586534270766093534788
21199,18989.7241262792374699852259109490759
21200,18990.5150748855244173015512334543803
21201,18991.1458892225029623268072585723307
21202,18991.6997519378547499459295917844599
21203,18993.0797749472860956166847593167945
21204,18993.5365515220030250451111685355294
21205,18994.6436136205522782357067511724696
21206,18995.0383118333468047960471274976725
21207,18995.8606615800050857682329750782002
21208,18996.3571875369873098565921383719182
21209,18997.5637577416792297231894958738634
21210,18997.8113095068153132837329820223192
21211,18998.5532023564454921108539988272455
21212,19000.0534513295379044970622218851762
21213,19000.8708005483927317591992460347074
21214,19001.5953460901968699514177566999729
21215,19002.2296292438643582897774260302868
21216,19003.0538994725278992042118818970343
21217,19003.5636841479827574576542746126863
21218,19004.1101534485636925163335573924788
21219,19005.4942866718948829734416978499758
21220,19006.2056632225257749336840177447571
21221,19006.6060761230674240218034874786430
21222,19007.4510628910176665053671661803048
21223,19008.0539693951173740221420115756444
21224,19009.5069027048905452539874528769222
21225,19009.9486700664742381937579428177069
21226,19010.9888353612625213234517706775827
21227,19011.5583703961041818474667352481177
21228,19012.6317077460210368578773939059767
21229,19013.3311175213434310593838953300898
21230,19013.7423383725506924136958426364583
21231,19014.4708717042258472398928978075863
21232,19015.0158757072691221607790533380037
21233,19016.0730485022829839348704667919622
21234,19017.0566314733928706826239902473117
21235,19017.9444870578645862620782826420581
21236,19018.7802951835018361777676435014945
21237,19019.6401687317723458064256781155874
21238,19020.0994375398363418780688260570233
21239,19020.8515158739035462524161129757185
21240,19021.9291861804888471910071570468349
21241,19022.5728252430489160787926868394842
21242,19023.1169652702548888462571278144178
21243,19024.1682557512157782662487722354089
21244,19024.7669954257680473794873614478684
21245,19025.4199834042006031185272686420680
21246,19026.2675553513483807596905232220370
21247,19026.9397651024356571648827543478926
21248,19028.3213869113670364621953476757413
21249,19029.5321983502028754641608717938242
21250,19029.6479045202373684934725901036078
21251,19030.1494446514873777861617699306879
21252,19031.0548041447731249247376974293668
21253,19031.8844824548110866320023179195466
21254,19032.6095353856756087762160448176372
21255,19033.2826425297474923141945597553412
21256,19034.0721715135032854666609421902222
21257,19035.1867867890735041605168678622477
21258,19035.6555381989441671941006795473856
21259,19037.0966616039929037874096188583067
21260,19037.3730513250137144306638582794182
21261,19038.0711411895978679181038245812648
21262,19039.0110574196149999145972114663338
21263,19040.1566326020794407705808356265852
21264,19040.3836051544687265300692506615412
21265,19041.5500583679868895767544297792177
21266,19042.2121189134794858930716640672837
21267,19042.3511863835633390585277736508124
21268,19043.2527471740444734876163898123945
21269,19044.3417718847892558027845353827182
21270,19045.5390917441645377628203288013123
21271,19046.3129888183539440663139185207398
21272,19046.7749254144064457387669123577035
21273,19048.0105464380456744340705756617667
21274,19048.4573937310971051011498167001122
21275,19049.0425411354808491492515454014598
21276,19049.7208034355854399302374550233133
21277,19050.4949900286853421487051812119383
21278,19051.6881680829846302498480295694715
21279,19052.2959688418007495264394493354319
21280,19052.9334760749677795703591054364516
21281,19053.6734893403460134073786890837779
21282,19054.6474516513649982514616402731994
21283,19055.6056395949338245401387534230468
21284,19056.3159905540306697390562539503419
21285,19057.3125669242930026346919617924442
21286,19057.9046672734925384039076028635944
21287,19058.5957023523487008867608254477553
21288,19059.3109217688237516869704329526891
21289,19059.8688524423989849927906755612568
21290,19060.8722870483191486010258090856848
21291,19061.4558504733530071620095577921036
21292,19062.0421206071149016010836057195760
21293,19063.7141751499230217459153829169494
21294,19064.4538927405474461333453746108510
21295,19064.8938617473982306608920475070746
21296,19065.6494129361419830159678575882551
21297,19066.2958927147572206439625083251042
21298,19067.0331945762832277061176983697307
21299,19068.3306611754512876113486748728594
21300,19068.6930807623875817171441269501890
21301,19069.4918222518399588714293556661507
21302,19069.9385324121205841920964535606173
21303,19071.2112163460297582655725737048326
21304,19071.6535688261195043568019522940003
21305,19072.4970444818142911901262653191891
21306,19073.8560458889933846098962021706974
21307,19074.3446918047953331785030554836196
21308,19075.3323116290383339749396541548334
21309,19075.9329333249762959443477424011932
21310,19076.6554798140947109226170165850849
21311,19077.2183080276612478897279620051619
21312,19077.8670713236861573500379767407739
21313,19078.5998595674299160620468133565545
21314,19079.8422022801914050806705550254764
21315,19080.4087422342318345492490634225912
21316,19081.4823247623593122728668708134604
21317,19082.0426178159222296663807114455125
21318,19082.9477729219708091154447402176110
21319,19084.0653149499410746733408549793144
21320,19084.2829536123952961791179992971686
21321,19085.0607693628666949476470153867227
21322,19086.1691823786275710321897229411132
21323,19086.8252035295718037249458969960888
21324,19087.7295368944033861732912279411120
21325,19088.0518555305654836589633602328581
21326,19088.7364675371099795633539088184915
21327,19089.5182693646518506709855314180392
21328,19091.0814065549773312941319906309715
21329,19091.6584362816835106536536011881720
21330,19092.6965694572276028036143689394741
21331,19093.0858597022417258391128948421978
21332,19093.7912135708976072010799224336082
21333,19094.5387160091136971714198150873638
21334,19095.4407579806061108612996728944572
21335,19095.8533805836198440313179359349558
21336,19096.9888025803993606704933109478270
21337,19097.7143914775789666602369807825673
21338,19098.2312228896859433153239056822668
21339,19099.5408506387582365087557148904643
21340,19100.2313275263495531962502215469027
21341,19100.8624201777099187457456823842436
21342,19101.4607423194672694269561372581056
21343,19102.9272939756580097158199813499852
21344,19103.4894198205847276381367491783607
21345,19104.0873532091508308654917880359272
21346,19104.5032420816278343552257452407438
21347,19105.4415887200105560026242967611387
21348,19106.3349591843607154724858330238088
21349,19106.6437633139895194843255438638652
21350,19107.9978321134412829887560269478848
21351,19108.6413275793717873967555229570448
21352,19110.0539232103174803336167169522694
21353,19110.4578081884402261092922816369306
21354,19111.1618263904000625607603230489360
21355,19111.7277388353514400631251823161350
21356,19112.5608327585592217273353089003988
21357,19113.3422311950610468007971193021682
21358,19114.1258007098088793242746395018015
21359,19115.1026528690284019015449710854396
21360,19115.8378818441652672371629744688841
21361,19116.2269599906569584187520890789729
21362,19117.0123516748155213048684792882558
21363,19118.1987439313702968220179990423323
21364,19119.1903296334802658037040355167738
21365,19119.9375994858662186072933370642938
21366,19120.5720423744739813736145652492676
21367,19121.2691776642049287898782716067734
21368,19122.1661651274509728992122410669596
21369,19122.8466554417251543739125627341509
21370,19123.4849447676922540262402107457775
21371,19123.8609327358226748818167401032737
21372,19124.8690334394226203935473699383424
21373,19126.1847518926789745444803258166458
21374,19126.9418362619766852341764451503184
21375,19127.5794911120069766403987401594888
21376,19128.4711521946310273677295036988030
21377,19129.0294620748263662183112300854340
21378,19129.9775023800652916579713122813663
21379,19130.5448367413584134845110611184658
21380,19131.6613534254270187443725332031757
21381,19132.2592310491782738608400238086139
21382,19132.7949166049241460804446232154221
21383,19133.6229865795527991203667480282905
21384,19134.3850481396485861566888928863383
21385,19135.1912178878419717235605579539879
21386,19136.0179027466687693889564632289121
21387,19137.2676554309859870568343649967948
21388,19138.1271281536266093957896632918082
21389,19138.5356209945381707957572707148747
21390,19139.6643857498801533303208904474593
21391,19139.9732691361274528133062816340037
21392,19140.1309905961789552710899976743802
21393,19141.7439167886501463268787553771193
21394,19142.3511605224809234995082020524998
21395,19143.0573332812078202437186010824641
21396,19143.7286141948511959750264759790940
21397,19144.9269130040270102317253461870278
21398,19145.6596340344624829856766603012618
21399,19146.5514367911316896578531013004592
21400,19146.9032282721123585321945707741235
21401,19148.0562606305772141388223512310972
21402,19148.7119727463555848107532601144629
21403,19149.6983278049834533166800515852887
21404,19150.3180977199566742535831163168860
21405,19150.7250847307422297704615826591794
21406,19151.5874863547032717868463333931791
21407,19152.2826641338061136432664104826023
21408,19153.0008915759473062927340005411506
21409,19154.7528415980197625827162515192381
21410,19155.2162030698183151935985713221994
21411,19155.6783089440569877846696416570617
21412,19156.5238747723389572323606513067302
21413,19157.4768440716496956246935143338152
21414,19158.0360114789902361466594614167970
21415,19158.6551699229738037351177991237767
21416,19159.4925313590954305331699557358602
21417,19160.2928192548676075587521763524360
21418,19161.3394138530941008833948461503902
21419,19161.9682466472154471088688505123148
21420,19162.4495459553974320623081069584316
21421,19163.6214987293410710960805810223147
21422,19164.2907254151418928253410073256633
21423,19165.6052816593922561941900335756304
21424,19166.0031712593965433855919739626463
21425,19166.7723790749861249934462069842713
21426,19167.4480660317456679158404999177633
21427,19168.2442704452649435273836136429862
21428,19168.7947956512390270104310284748070
21429,19169.5463254063777317999041642533176
21430,19170.3421557281549053016379085406497
21431,19171.3696976409870064005570790070158
21432,19172.2481462957058930372332383169596
21433,19173.2902135887145547688720788053853
21434,19174.1176987439637626205451448681646
21435,19174.5203932183265235095634363123918
21436,19174.9639553317600159045312953687462
21437,19176.0058382465411581929084380820026
21438,19177.0355456006468563447929362210202
21439,19177.8477944505066517227170769300666
21440,19178.2545184541417313905695882410152
21441,19179.1786198656763397177919801193346
21442,19179.4282916251864862018112016046922
21443,19180.7723465697596040833133605075803
21444,19181.8082746427372182736303871473365
21445,19182.2587467829042887459599008028409
21446,19183.4560456784798316723195277304806
21447,19184.2842509767353549202564228347494
21448,19184.7404056202877111131174448606299
21449,19185.3000816149076315235825367452936
21450,19186.3513183722379463780966248516222
21451,19186.6695774414222405547635051105601
21452,19187.4680941992680066651347704159561
21453,19188.7065588019731019242190910283144
21454,19189.3248197184907749147721331555671
21455,19190.3961593053781414789196783048752
21456,19190.9553618687551898712018037180790
21457,19191.8497737050123734499123048360067
21458,19192.4629398757898173824192787462384
21459,19193.5331909954248666017876541781110
21460,19194.2204888798406186825986952370870
21461,19194.8072938272505065534306796733255
21462,19195.5510486244370176035760350845189
21463,19196.4964885386833858434347491426656
21464,19197.1921509726817003715117797646862
21465,19197.6742582480261640272549542041266
21466,19198.2240963709731390553349964497758
21467,19199.9790957155869484544942461042384
21468,19200.7190622046515880719053581795154
21469,19201.3966721367057734646301453740965
21470,19202.0434695271414469380897555528749
21471,19202.4800002602753755354141555446878
21472,19203.6993179200877125907479955236952
21473,19203.9170199733448504046246523028962
21474,19204.9400465837494070668030871881241
21475,19205.9429809785213324936909797456270
21476,19206.4128373888808457489628804601170
21477,19207.2071236997885252678265077449159
21478,19208.3814841202541307696465698507441
21479,19208.8830911727270263225613954851840
21480,19209.9668180717576572016771741922683
21481,19210.5328806459198348604590719596479
21482,19211.2935103307911377434987920776118
21483,19212.5693266677418280560532982905349
21484,19213.1227218026565935073967570943609
21485,19213.3395568721493094794897585646932
21486,19214.3116631636079598840211600333314
21487,19214.6882061948348752208575774034958
21488,19215.9863625387161097254735342006826
21489,19216.6510914873301037521395102296898
21490,19217.8873009933764361806273386167275
21491,19218.4752383255668838753981381783105
21492,19219.3586682008118039874038961643096
21493,19220.1489343277855539899283593937122
21494,19220.6779834703430763819277306477905
21495,19221.3098431562440394647439967837667
21496,19222.0400212048090409926384229516714
21497,19223.4855491022072554943041610424534
21498,19223.6546450978631464044353413162973
21499,19224.3694931541621581756153286920668
21500,19225.3715585554495741421479279747178
21501,19225.9955931868331761876840396996218
21502,19226.7901861866094300833621935723926
21503,19228.1811467547347666570569132724470
21504,19228.7911730373932221020683854258789
21505,19229.5596015330402502649516762503923
21506,19230.0543810875330859260526799732193
21507,19230.8081534281318268672544692858491
21508,19231.7024278279289962261182904229850
21509,19232.2363147665196444780219627756995
21510,19233.1167255958337475865328733789357
21511,19233.5457395931799014305296223020623
21512,19234.8355366111158353054678791456318
21513,19236.0271175964680248586233627910980
21514,19236.5916070961793564062404165176294
21515,19237.0081973479950162024580161267387
21516,19237.9117585183976886621913911217050
21517,19238.6891412387280106095832421848573
21518,19239.7234981605221550055197926795452
21519,19240.3928145762299609643895717909238
21520,19240.8672447842897248506245487344796
21521,19242.0939370835892938941299296213742
21522,19242.1694996958274230584584609781589
21523,19243.1456052037517653318084250712013
21524,19244.0114130408627905982245866932183
21525,19245.1073863581637696220710146285172
21526,19246.0618282030831306557799540153624
21527,19246.7032748681610867685399639772802
21528,19247.6620820168825733296560094287658
21529,19248.1950474266970013964127189203471
21530,19248.7462961084097323615175241547342
21531,19249.4659844852617710217107199240203
21532,19250.1138313459958723944000488383773
21533,19251.2274775377004721241917500026586
21534,19252.2991747530527108334348065364108
21535,19252.5967682201711586110657238654484
21536,19253.2752054545447787786002323297293
21537,19254.7488400377435746296059457651100
21538,19255.4352218802052147575734036692488
21539,19255.6623065398873991163957023633176
21540,19256.8676128962713371655075768465791
21541,19257.6806824547692655186252442530328
21542,19258.2813072738620090386514868169468
21543,19259.1909138738555954637287278237620
21544,19259.7249056948606793135068740457399
21545,19260.3356533239616635901811731421281
21546,19260.9375898521279765588842825708865
21547,19262.0854669632509423161839370042402
21548,19263.3667227798894530074013996496047
21549,19264.0314370435109742838798019138091
21550,19264.7863101035156426924901963829692
21551,19265.3940730195784991615611079811839
21552,19265.9277476368110032878919544530258
21553,19266.8060791177823398556595041674561
21554,19267.7823266577327058810987035381336
21555,19268.5296825754317846573047943499258
21556,19268.7981431234413261383450270626226
21557,19270.1907741731063181140300091849376
21558,19270.5655088618128191070733252273642
21559,19271.6334465329987160411223590860433
21560,19272.3770297591557458482836390631450
21561,19272.9659143700960014146585401411469
21562,19274.4625982174456357472606356317688
21563,19274.9116632550266383514069814987856
21564,19275.6560582537459393274045244347970
21565,19276.1508297120607202269984656090231
21566,19277.0149837466236182337387913137320
21567,19277.5118229069645154238067396624572
21568,19278.6870526306275941685515577510366
21569,19278.9180243370158688779711166769275
21570,19280.2383621428863992727320455655960
21571,19281.1731338854914520436098125055874
21572,19282.1333011242649902771209664022915
21573,19282.4536113220111885978300889409932
21574,19283.7108812939955551733434792220596
21575,19283.9157123258267836736503522281611
21576,19284.6515827136660816371755686080197
21577,19285.7161120996988858009946242674990
21578,19286.7401418120136355431431002348369
21579,19287.2071119310954765800602612929711
21580,19287.7827866426868551110832053778014
21581,19288.4448459630212349263652106726291
21582,19289.3075751117993527767581849926649
21583,19290.6283165519692827943590725149082
21584,19291.5238165348913979168648566241426
21585,19292.0727921819284639567607274387053
21586,19292.6766965442995042546181710545139
21587,19293.7940568221794551423423258671444
21588,19294.3943830311413636712138492165762
21589,19294.8515082369481099344104788445634
21590,19295.3696086776833238825763781699630
21591,19296.5867996812834506894138935729218
21592,19297.2850775618536250526145511315817
21593,19298.2086489558454788924230259897138
21594,19299.1200032430228370454644216261666
21595,19300.1360829691354917106945451887145
21596,19300.2154416712551699022326606598543
21597,19301.4423651140673397432912288903436
21598,19302.2020977968517237423491529817250
21599,19302.9836088373293938265430500123365
21600,19304.0373208904596104680389818438412
21601,19304.2146600957775781675688667575470
21602,19304.9031133527912513826142271549828
21603,19306.0563593544381153690454671916209
21604,19306.5506505913364488886194193125312
21605,19307.2410007743645478575879651239769
21606,19308.4208040338589378904543519845642
21607,19309.7896000949095923476292072811440
21608,19310.1395605310591215697004419357673
21609,19310.8885657159772397217667702680180
21610,19311.2630255205100543361169464291809
21611,19312.1539714913338001327598138203930
21612,19312.9469459461049626142851181867485
21613,19313.7973610946775314994030439927884
21614,19314.7265512593604839422371085961449
21615,19315.1752517147330525496959466741994
21616,19316.0126485629031601803459167389099
21617,19317.0661709801835772648336785875297
21618,19317.7421551108141029601543196666641
21619,19318.7547520418758276653629869022222
21620,19319.2737101222842093870513230172875
21621,19320.3470492023354708474294694110183
21622,19321.0530431189806359609352493583665
21623,19321.6536488663996090032934220086797
21624,19322.5695987305544726775182579716529
21625,19323.0036045613676080192084406669231
21626,19323.7697480372965721076220751489117
21627,19324.1385964917199755093008444311531
21628,19326.0686674747945418362659873690894
21629,19326.3788469891080319829494006307993
21630,19327.2631597539201032797551947451993
21631,19328.1728267759496079589846834369582
21632,19328.6759200038597340276262119446184
21633,19329.6240465209419942697544406249710
21634,19330.1881236330885482100656668623460
21635,19330.8929253809043140562349823731649
21636,19331.8027707382443871952918380898955
21637,19332.7043951686096145689183339469919
21638,19333.3847948022413061473477248981197
21639,19333.9723118298612446859581172890505
21640,19334.5910590046088436811306548462615
21641,19335.9192186792336928665084485144707
21642,19336.6536090931010732594284481537620
21643,19337.5904766433524529763107489884871
21644,19338.4954430534928981393255693164580
21645,19338.9761556366519364528524860214522
21646,19339.3775263702918701964025423854447
21647,19340.3090080432714655733613156648494
21648,19341.1870377652214969741638113892771
21649,19341.6831823595511811552659699447535
21650,19342.7450456638448788051856534211644
21651,19343.3513091330029306597871613430415
21652,19344.5838067292978822355254161770831
21653,19345.5164621105959866619893518098760
21654,19346.0383215269988824503772026920894
21655,19346.6075593891956181137919817815633
21656,19347.1810784053924471053898013805988
21657,19348.7525890590943168069327028170889
21658,19348.9791117095123501760835307742451
21659,19350.0421953117668583536556938053324
21660,19350.2700909220850238696802562552687
21661,19351.1081392938208889835028408711042
21662,19352.0465057737433556332568932244835
21663,19352.6854665095271360460156795207633
21664,19353.8655038725625294670670458184233
21665,19355.0267601141821535023050370903413
21666,19355.3473405353983424175256173609947
21667,19356.2436048428051506260213377409208
21668,19357.0388032230424520597648657669988
21669,19357.5302559634240459250913470300566
21670,19358.3454095460755214074243670468966
21671,19358.7982615448435691781363106637268
21672,19360.0082300826042333612765165158626
21673,19360.7392097696893353509152349973925
21674,19361.6237885744076651495691270740183
21675,19362.3343006302415686362017634999858
21676,19362.9898511688007360098642049010367
21677,19364.0403731545775937901843254975626
21678,19364.9217815399130918988910599031925
21679,19365.7692220590079913316634464937796
21680,19366.0491443498350373942508307023389
21681,19367.0895236684967627104632988029174
21682,19368.0546694577402617589956405915056
21683,19368.4494667011588764154255603148754
21684,19368.9480475267264344993159562582801
21685,19369.9781837669799864261930111680037
21686,19370.5602934314075910023394624640885
21687,19372.3119896437670046929879921119167
21688,19372.7978322281820183771545195441680
21689,19373.3064160530278011243324172191457
21690,19374.1614402256311325995294213807888
21691,19375.0503689940328584383095308027655
21692,19375.2429630157255851285674077770806
21693,19376.3914114000788639231766241873183
21694,19377.3466079624824320612898857976699
21695,19377.9390424928954217689471405098021
21696,19378.6008177319786234751687129644175
21697,19379.1969518249159894137460483532946
21698,19380.5515193516051615358944693945220
21699,19381.1255521308647861607817004338588
21700,19381.7996556358923508484451260308561
21701,19382.8677198831063935711824959350481
21702,19383.8681764429935989404273039511701
21703,19384.3542698411091370154106729325517
21704,19385.2120022447080990428462660787323
21705,19385.4884567956723362483030166811151
21706,19386.2372726284207702911394550945107
21707,19387.1412377936957873644102805842314
21708,19388.1782114904180494530788358452412
21709,19388.7155789820360756868078888517358
21710,19390.0516173280473835149741064702274
21711,19390.5416874286417564841094699774670
21712,19391.6165559551582377558494543027106
21713,19392.0874843228348382915747896156159
21714,19392.6359024054996817722899880399801
21715,19393.7346954505565181167231034201854
21716,19394.3959201142764180341725858716757
21717,19395.1642323996137182981817737207078
21718,19395.9959011299624010090491645838696
21719,19396.8126640610535988357552436870070
21720,19397.1782496900261661751073651907695
21721,19397.8471529429477040884894291932737
21722,19399.2828245876305511584338653587720
21723,19400.3179808043650788653376496339260
21724,19401.0044167910267764493724570664754
21725,19401.4108130106162232941254182582300
21726,19402.2658563789430233784198118257283
21727,19402.9084668996609673998062861919255
21728,19403.8653708033941023796064486660367
21729,19404.5978828757657147977808414005597
21730,19404.7108065640209026415177390303950
21731,19406.0954857997100529633824310800512
21732,19407.1422189051402470104090762817255
21733,19407.6225806078953501164187778894929
21734,19408.7313912949701800902013753752642
21735,19409.2040155968334670181506699192773
21736,19410.1007209716117941964506899799575
21737,19410.7872907900592020537924156363308
21738,19412.0035224075383252009683082500157
21739,19412.4823702050383021628085006994757
21740,19412.9850425996512748656500534505850
21741,19413.8603827604212624607014749350100
21742,19414.5768766390998547072152509153112
21743,19415.0911267178009918417090076531169
21744,19416.2129400013483183335488098785674
21745,19417.3854026480389290815668691507504
21746,19417.8490990244231534336763997327141
21747,19419.1984608845338129930787958728603
21748,19419.6194509356454966180648651562089
21749,19420.1196154134925665715618475535713
21750,19420.8775444237523354606312771907491
21751,19421.3870858601352251667482046791979
21752,19422.6194374536383895290352150246957
21753,19423.6003011964888217664629478606710
21754,19423.8647804442641974578737539597273
21755,19424.6571074323423370830651157495576
21756,19425.5999188192857411575957344468221
21757,19426.6923232245682014284583921295559
21758,19427.2332289924952186495675653816223
21759,19428.2321935077352251376250431583625
21760,19428.9063002231404723141385729461574
21761,19429.7633641306566962312798888915844
21762,19430.6266481057492109429219905992230
21763,19430.8730318349848429609923854207838
21764,19431.8594441337937343236488519241785
21765,19432.5864032071111153166132687636945
21766,19432.9153756602854533296183874162666
21767,19434.2585435214490554645980254393550
21768,19435.4557135135566448505577068616062
21769,19436.3434830429560811590724573168233
21770,19436.5613222795003886219188951982158
21771,19437.1670902187636595623513670854956
21772,19438.4112649640904106993676171562142
21773,19439.0386817972002668503551362125527
21774,19439.5421450118771372217045017483967
21775,19440.7696702668297221266844887889647
21776,19441.0226092049224496955400659999690
21777,19442.0448716269245353574650807389955
21778,19442.8116017829390051140493798445083
21779,19443.5479663668815507870208772869514
21780,19444.1517836200311147738613807956186
21781,19445.5939866461321184923831298967152
21782,19446.4261436983904762809538762771326
21783,19446.9028074215788931500449467105528
21784,19447.6049041125961614476133221394868
21785,19448.4535742099086805844728701982489
21786,19448.9584671181580543542438478731220
21787,19449.5810703198271112462085493673166
21788,19450.5036514087518475470186737376004
21789,19451.5922929011361499267209915228017
21790,19452.0447683807832563836906548418305
21791,19453.0971965150447450721236121747668
21792,19454.1503364985297842891045493633287
21793,19454.7577554052311607866022177224882
21794,19455.3706995008042864397099377339890
21795,19456.2214241597274561910239166080969
21796,19456.7241903790571244520392868956012
21797,19458.1080137024337322002120808997904
21798,19458.6249744157049008810624118599416
21799,19459.2727426308471870030729720305865
21800,19459.6655662068063108607665347016629
21801,19460.4684863699627249765048637283930
21802,19461.5014124678822944955032404045386
21803,19462.7068511774556604385274830234352
21804,19463.4037544674634138929665234486232
21805,19464.2209233020292995490698017493011
21806,19464.9864206358876440609449564539838
21807,19465.5420713929536589356203005618215
21808,19466.4558135082183779953773203343474
21809,19466.7514814071613911967363338676017
21810,19467.8139152334409597270032012218374
21811,19468.5101109740549925166967522709797
21812,19469.3763493260026386422578212125545
21813,19470.4105910202690890658193611054419
21814,19470.8474621452963482227920070476196
21815,19472.0277984049659950683871148172427
21816,19472.4518506125795402703831452902296
21817,19473.3741028164016653224534075330100
21818,19474.6649845621777300129750531086308
21819,19475.0442672264960226923121052588359
21820,19475.6482774102888047479298855295972
21821,19476.2458762778857608115948230146057
21822,19477.3452885041499872075599747442798
21823,19477.9198162318379766891370813269346
21824,19478.5101913182557083937413413370562
21825,19479.1986976466099291109647791813428
21826,19480.8748132186460105458338254776090
21827,19481.4054848232604117379226746873214
21828,19482.2494214629078900999676339877914
21829,19482.8266266761625577240870826092497
21830,19483.4934888635584571921567434021252
21831,19483.9743566480468181524672624931643
21832,19485.3623440361197137580124471971893
21833,19485.6980335685625924831063262942549
21834,19486.6233677660612611413927975905432
21835,19487.4700752894833120704535489810303
21836,19487.9775170962708062349675421266371
21837,19488.6876625337943158422750163270014
21838,19490.0221490958816540742491120174406
21839,19490.7717784636146124843416389549538
21840,19491.2860948091760873383440758433415
21841,19492.4972318660711540829888677278326
21842,19492.9186022669978874778909992134513
21843,19494.0211167137031231898916472842509
21844,19494.3505499409543502266090860668475
21845,19494.8520705588753153500170981052015
21846,19495.6456376446716825311633041213278
21847,19496.6669183891839382195760531263842
21848,19497.7484018684889002525511923417424
21849,19498.5687389215020153582082269970169
21850,19499.1123116113623564190339855876826
21851,19500.1750078179867454389560054079265
21852,19500.9346432609651725177077689834300
21853,19501.3641995322509414747810157182698
21854,19502.2198477987957028216692170799538
21855,19503.1721629946773823658956246072954
21856,19503.8638807426560151874426356691187
21857,19504.6072291404199025829985258955789
21858,19505.3668631117613737703651365959515
21859,19505.7952210693293546575166013572628
21860,19506.9091318884786269698259795903294
21861,19507.4786805734289604298448895582134
21862,19509.1312213519515393200032109549778
21863,19509.5277337950128249573687120643786
21864,19510.5118471205483843380569548344221
21865,19510.6355312642303452181104180173974
21866,19511.5699359905925702298233384509154
21867,19512.3637572458172486724381759921624
21868,19513.0455582056403333598041465782455
21869,19513.9738426719085804080824863258204
21870,19514.6715873502701122851509270950825
21871,19515.2286053664592686126452966207486
21872,19516.8265988389040339756295114683377
21873,19517.2212987483673137446545622083855
21874,19517.8244084690200950747837011578894
21875,19518.6154549135887475957266040965678
21876,19519.6123598948795571940881180961261
21877,19520.5793169704031681489433703712497
21878,19520.9766580518388457550041678429102
21879,19521.9932186387459286147691777699957
21880,19522.4366548222608554713898257105225
21881,19522.9812901873341889869656826279076
21882,19523.9679406799671994834120933880415
21883,19524.6697947424038319993565439808665
21884,19525.9971803244405395447747693111530
21885,19526.7780866593073285547538426490056
21886,19527.5602713048014373289989494866716
21887,19528.0309514244519521806779329094050
21888,19529.1171239355127121629145307673165
21889,19529.5952389063623265100914853056077
21890,19530.1651620518459315256592368818221
21891,19530.8368024249404028970462498577464
21892,19532.2492929270738653611410299149237
21893,19532.9372605821255449210094387458651
21894,19533.1170506957911475314435656777388
21895,19534.2113335077408333633245246694400
21896,19535.0100851235476486138589178765330
21897,19536.1365946361123993209446817587285
21898,19536.9278891004092761311394023753633
21899,19537.4540858824292325801782166994376
21900,19538.4355570883339096652671177597350
21901,19539.0643174218737813367927693792363
21902,19539.7180898456803899713563549517797
21903,19540.5158499282682572454670652796696
21904,19541.1136022687610116334829075644737
21905,19541.6434793179403294769514517117770
21906,19542.8985195425816440127257131710497
21907,19543.8634213165078265832502397992846
21908,19544.8896335126290929916923339461276
21909,19545.4150940116148254286824243183897
21910,19546.1797150695378808273224911720785
21911,19546.5058704283812437401821010864191
21912,19547.5600324402156722143377045979556
21913,19548.6058247605244148152223606956630
21914,19549.2996102329139909803913118925543
21915,19549.7153420980179955663266617325347
21916,19550.4611296700816684996619734212547
21917,19551.4974458447958596207270863189488
21918,19552.1106260650867108075629301169435
21919,19553.0004902441428631135714374732753
21920,19553.9979685457369005741258311324582
21921,19554.8053163046791562630752610023963
21922,19555.9547944988440349821161472793374
21923,19556.4097810728744358192981351627412
21924,19556.7234116061522060970187588813939
21925,19557.4908245477150949291970189076887
21926,19558.5366351505470580238269410608563
21927,19559.0083107042378292661830664126770
21928,19559.9250733605241036859029621617591
21929,19561.0552959374775881666414701910490
21930,19561.5754603842263957128102468709072
21931,19562.6391624213684323672218817951700
21932,19563.2728646372419531956577540753285
21933,19564.3184830126652062903786147868883
21934,19564.5946408777073121100455202524015
21935,19565.6515566680265955485479007466089
21936,19566.3453673566841452982671030290999
21937,19567.3256189931152188223773759726898
21938,19567.7851888649019745631869195699054
21939,19568.7606130075574368623638240695740
21940,19569.1339393767641915262329588470981
21941,19569.5897498937353705197946774752011
21942,19571.4314850918386527170667027609300
21943,19572.1896547433150563534285611406601
21944,19572.8100113813153304369774901897484
21945,19573.3264428020665279114606452696446
21946,19574.3223084403598510158154989737513
21947,19575.0157995044497866499194940652085
21948,19575.4886625350105983826168075948218
21949,19576.3737704804419438709572447961503
21950,19577.0963220833361417293011960699931
21951,19578.1225765582504993819210474794808
21952,19578.7249528380510013865057534187830
21953,19579.5958744203504597634800855913824
21954,19580.5994320109810991394254390282232
21955,19581.1527127365927879269693782185630
21956,19581.9081008752862902884874829441582
21957,19583.0607070446664097490411385729073
21958,19583.7515739978984071936547710172505
21959,19584.4334367996841608631035164415689
21960,19585.0821529726173806519520691139595
21961,19585.6366575486085579670786170744913
21962,19586.2593988163104355210564442486424
21963,19587.4948832172909761454191165779107
21964,19587.9265864720766344154627237283633
21965,19588.9315520296799488040788918279271
21966,19590.2938657323892312524168675216148
21967,19590.8078566382646152960878478179315
21968,19591.5058850282630173504362574483185
21969,19592.0235027697853222793482510743866
21970,19592.7877963849959139096927003517110
21971,19593.4720165325890821670148260145788
21972,19594.6680392336366992814570587356265
21973,19595.3561215479564714816094398871604
21974,19595.8008882035686861141792499437802
21975,19596.6661273874411735943578658036607
21976,19597.2762357820829093741337257829074
21977,19598.7596831633479527241336543828801
21978,19598.8455333008251507479142937791733
21979,19600.5017695572091965054861886175640
21980,19600.9602932905154963855727280701768
21981,19601.2460347955134003194715147741470
21982,19602.4913172649243140018503782068949
21983,19603.1749323407820740941650205359101
21984,19603.5979267203556869896532432203675
21985,19604.2544022249935229997358334012641
21986,19605.0477589570197107074733409948798
21987,19606.1963050694829131320242013131772
21988,19607.3453489116584276476693158804021
21989,19607.8778902327506142926372785087285
21990,19608.4744903322313475894135126063784
21991,19609.3435189598133300592466541691466
21992,19610.1903551845304471459942958608274
21993,19610.9206286624909465838346283137740
21994,19611.7604734971955153100653647692372
21995,19612.2421907695798433356368485304555
21996,19613.3645295596086467597005076005049
21997,19613.8223980481226130874560631793739
21998,19614.6455270068678062557228211122117
21999,19615.1254032036783283330830825256006
22000,19616.3050767077204432206942354048798
22001,19617.3819635940526352184595702515165
22002,19618.2482642615111040421715594778696
22003,19618.9019706727359465942034830133645
22004,19619.7029985349150740343887961437559
22005,19620.0494167941879858462604040880957
22006,19620.8537961761516543771655656068949
22007,19621.4744748310645030144537223416342
22008,19622.8943063289989689915581115714719
22009,19622.9918267940472638561579949899275
22010,19624.1468357497320271916135215961548
22011,19624.7201665160029323069385251136096
22012,19625.9247040627077440034311681153517
22013,19626.8418018680305359395673414930000
22014,19627.2408828765348174017455667457758
22015,19627.7602464706679194722515166866377
22016,19629.1045914501473710823284432772811
22017,19629.9894908844028646419272954702846
22018,19630.3584875112882803398744947232926
22019,19630.9117769400279602657758261317846
22020,19631.7733161550658642647794331484723
22021,19632.4789558122559517669110224152199
22022,19633.0974677896781959657156881544816
22023,19634.5869050901152897943312898138179
22024,19635.3796726897611978671750300125059
22025,19635.9639926635417746554914459379884
22026,19636.8664349972604434561532120419164
22027,19637.5142566799353195851720270854155
22028,19637.9967128301216878225365223914261
22029,19639.0529784871503591703370436385271
22030,19639.5367987265353663269961717458791
22031,19640.4681375588044815509961520642435
22032,19641.2322100069382176264140211700596
22033,19642.1821450683677671472572958534180
22034,19642.9020688402231179027963123668145
22035,19643.3148838393824886189848699066402
22036,19644.4689503512499131854296866244668
22037,19645.6408209138856915141853781066815
22038,19646.1696988123126119183195613323938
22039,19646.9632509367277914648438060118882
22040,19647.6414562974225686653998715880322
22041,19648.0767703283474800657776268530770
22042,19649.3319485598220216327078302561412
22043,19649.6026944798568040834514761847994
22044,19650.3025303448014171662254614944937
22045,19651.2285851700450695134672061128411
22046,19652.4700650212411328358991735505858
22047,19653.3357294088992225007773661826410
22048,19654.0350165876188715106553758913616
22049,19654.6937156278516988942634846209180
22050,19655.2412650571304296657310021492714
22051,19656.1642511665139651549492618648079
22052,19656.7850843254874082053259707993081
22053,19657.9625812869550350691458491919428
22054,19658.6071166189787043847836616834844
22055,19659.2271058649187103952735599411067
22056,19659.4571641387081633067683360462842
22057,19660.7784244392548514283926674218085
22058,19661.5844313827410681553779110932828
22059,19662.6439344891441824036187108321349
22060,19663.2402321151527039584744530574024
22061,19664.2435434925423454019116750343591
22062,19665.0530057701503537777892739563035
22063,19665.5114524859682800464077667138627
22064,19666.2981219736481358228544642933449
22065,19666.7773354546122334472075628121794
22066,19667.4042737152744863457095439055410
22067,19668.8196885374978022183433339411581
22068,19669.4320467800964392432106075449318
22069,19669.9567800900527309771677851447510
22070,19671.4157116658713712030705969852474
22071,19671.7654204543890279922129774246631
22072,19672.4665985648477478278142459111286
22073,19673.5054534466059476503965544099574
22074,19674.1645186709212713138584049578037
22075,19675.0030819628017184911492800949504
22076,19675.5908651612789006115254289556900
22077,19676.5466208634159655245311348486665
22078,19677.0793979265400161969108899063213
22079,19677.8007991058913089499209687440925
22080,19678.4563330602137990770313512197123
22081,19679.2969541789247724426950343350476
22082,19680.9931669381047538478644814730686
22083,19681.4590212980958846625968723834248
22084,19682.0185306871871204833207099441054
22085,19682.7073785822934643797239380012555
22086,19683.2179017125565092874768289922093
22087,19684.5270967245237692944619453085133
22088,19684.7570985878204269731420479408360
22089,19685.6792085513070477883946849896216
22090,19686.5451739452710183194579254456571
22091,19687.2209673907384460291068503071487
22092,19688.2127736825213698723812585413311
22093,19688.9605952027154334688647492631302
22094,19689.8076881831134166914984502795081
22095,19690.4544729131955284870996957925398
22096,19691.4510740621326934253862008382824
22097,19692.3192771541501750044274294859184
22098,19693.0035326805127528417282012975851
22099,19693.6403741870020534058057508984636
22100,19694.3043143748095365779998532632609
22101,19694.8667274780954823454415886737334
22102,19695.6181655138140895239076859471682
22103,19696.5520131095957171522350185641136
22104,19697.7780125964164104008392959524193
22105,19698.4486471901928842735257325352192
22106,19699.1528217669284561066092420601088
22107,19700.2106368864073585792578274041698
22108,19700.8594987343191191916698653092604
22109,19701.3754310674573275970467330202459
22110,19701.6913516138641535845187699507266
22111,19703.3570262661089017419646722618230
22112,19703.5517207499381508929521585952207
22113,19704.6789260912145857034305577783986
22114,19705.2957751026180208561425604453532
22115,19705.5946245360167023940536119083367
22116,19706.7921928040602893340648372688311
22117,19707.9369836005139150990917011280557
22118,19708.6096598845092694420471183525788
22119,19709.4844328398993861950949132729641
22120,19710.1532252975483865228902521419244
22121,19710.9757140957812286330248752379379
22122,19711.3805815680956608967826883405696
22123,19712.2374417307512605120510617696982
22124,19712.9590014876500315010611640951269
22125,19713.7984704921748931647421533985279
22126,19714.2335769331861245601970813582460
22127,19715.7640644589433210480495861150927
22128,19716.6483597217791436870373819376851
22129,19716.9744637792360995841315444217625
22130,19718.0670460929244331618321892431104
22131,19718.2773871802054985532147046082711
22132,19719.4369253849339414731296491262547
22133,19720.5098523914210696624709436967162
22134,19721.0642500781533474196736232184709
22135,19721.3463516556208575782446283860219
22136,19722.4339652403888054664613795399920
22137,19723.1835737743753269761961986958231
22138,19723.8236946122924087022325965429786
22139,19724.5935169420197147478799327005508
22140,19725.7547013401297124744217408218440
22141,19726.9111750516896213343924997823138
22142,19727.4164655109295993613197633039039
22143,19727.9503842449286570465313272988068
22144,19728.9003054258976977166482905254946
22145,19729.4349367078586811419992049795673
22146,19729.9075731314867442936363449762175
22147,19730.9640975160118645672940324581176
22148,19731.8510606235463271294958393505311
22149,19732.7742062383789402655995699348740
22150,19733.1714160121267590864952447720439
22151,19734.1651432670974746428079066645306
22152,19735.2582031020429001413008483956075
22153,19735.8039436682231968110734689449892
22154,19736.6548713879868152942113006057319
22155,19737.3998286451280033213879959457507
22156,19738.0539167576246128663190669785452
22157,19739.1811940033730915865245629260563
22158,19739.7360597794338341955738227816933
22159,19740.3117152006924945500381551892739
22160,19740.6720215725267103709833962639052
22161,19741.6232634713558755324756268005354
22162,19742.9598568721949809991920819760670
22163,19743.7865023726397781911944443020907
22164,19744.7448236370200522332666172288300
22165,19745.2295970860445720689720595612347
22166,19745.8380067192757241079638613879201
22167,19746.7662650796141867454784256769288
22168,19747.4540154071883984778760188873704
22169,19748.0044270681865099465243933254676
22170,19749.0679358546726709715683509227645
22171,19749.8135784379312902812053247404412
22172,19750.4060041552238513824331411782356
22173,19751.1955566696180233090580012494860
22174,19752.4626011014689182099293320949083
22175,19752.6515951646211688547671652698352
22176,19753.6653838793028179253268787578508
22177,19754.9423267070150617182839602228573
22178,19755.7592823186608457016908441573569
22179,19755.8932905927709888280604225116108
22180,19756.7916143511635667533811012077667
22181,19757.3478669369270298068850154450422
22182,19758.2993747906585993601773237563958
22183,19758.9943008644565882197748884481023
22184,19759.6811636968875403258135984984912
22185,19760.6817084662671167486182748080575
22186,19761.7162890186323305850372688592647
22187,19762.7951061217956258384915229662799
22188,19763.2035728247362101496582595386993
22189,19763.5888711738323887834834740914108
22190,19764.7296439931398642394256570483974
22191,19765.2470020091884612931298264264353
22192,19766.3479577619036447691993697452014
22193,19767.0872515937668606052269768115492
22194,19767.6482823395202111599537862793442
22195,19768.3371869758186754828019064773310
22196,19769.1247385966417253533883039622035
22197,19769.6718094614618001455352110142332
22198,19771.3368869979583423295714228169896
22199,19771.8577725336970822032781096500583
22200,19772.5328969108146618436847455966476
22201,19773.3038644073314367260979185906070
22202,19774.3275983632279286138030831738826
22203,19774.6335047633205201125829566526229
22204,19775.4330097573646336387713163267190
22205,19776.1275044117469433573121153203820
22206,19776.6441162827611060756442708431794
22207,19778.1592140005783992354516000538129
22208,19778.5884579978037284087636557380499
22209,19779.7710131733828689176696391054431
22210,19779.9448331478450364479280105928216
22211,19781.3168823363617085468319872915250
22212,19781.7938312111950698388846025990293
22213,19782.5936438036055260517579631865369
22214,19783.4832928272652023360289831481801
22215,19784.3184483748781970917127168509313
22216,19784.8688938542626017415801605695231
22217,19785.4012537070149517563502097050449
22218,19786.4434024641888650262469577607217
22219,19787.0458032456517891458443382920848
22220,19787.5776595423412922188780399016693
22221,19789.2247796523570801829547720261531
22222,19789.7551164021661249997232506107185
22223,19790.8502228096520405864945879678144
22224,19791.2824213666940909355129985595149
22225,19791.8772285857990849084818777693409
22226,19792.3615691810078051745312289314179
22227,19793.3933090277611239820275699236200
22228,19794.4628541848536216923841807778066
22229,19795.0197965067772916368854601724571
22230,19795.5309143723931013232510485078718
22231,19796.4647676684979381752371501298619
22232,19797.5162029247995733956360639107815
22233,19798.3506002593883373474435796754900
22234,19798.8607594271766313501897438153318
22235,19799.8170881798567714108504033867566
22236,19800.7270687625860095671027467985138
22237,19801.6961321318509471685067109154395
22238,19801.9289871767340433465498799967691
22239,19802.8919111430202017556086519449386
22240,19803.3996073600398762909169261301334
22241,19804.0679945401334196833052253732876
22242,19804.8761835887783214722020471600458
22243,19805.9733336433341451870746782818874
22244,19807.1339962343902715366282481585415
22245,19807.8424562373273772721190303063583
22246,19808.1715926982173667890256502522309
22247,19809.3412163725156804031202558601058
22248,19809.8159375912114081235494342557163
22249,19810.7473155512107582187413346960705
22250,19811.2461384209774425728901117513215
22251,19812.0294476805851101282516920846754
22252,19813.3115595964183489559958172656747
22253,19813.6878973432102198533679005930348
22254,19814.2645779631678623136508394695417
22255,19815.0348065697817548461982721645153
22256,19816.1152040336003059745095571621170
22257,19817.1425318769812920861638404627134
22258,19818.1682952582854662837692831804006
22259,19818.6302912325868163511510455207626
22260,19819.0331500322593717496788599552155
22261,19820.1414402130996384413501251960701
22262,19820.7853494112600470819380237091451
22263,19821.3152588206214399981112891278317
22264,19821.9681335314061953400200227707310
22265,19823.2872725512888350650669323486474
22266,19823.5896600142505743749170805509424
22267,19824.9079370586714136602328958440300
22268,19825.7969005132565004171934439375017
22269,19826.3749184115781321854860379945975
22270,19827.0975966545656580945412147481036
22271,19827.4436607020564331495752562192532
22272,19828.9118639381971507793171865608303
22273,19829.4915957883699193447352071670207
22274,19830.2179845327200246006377855199396
22275,19830.8131297687075909685940840890014
22276,19831.4495547212916455712096443131672
22277,19832.0630429429742683699287432173509
22278,19833.4560208544151186617282579830365
22279,19833.8596164459889890163783235954243
22280,19835.1030175177364052308324582125925
22281,19835.9689869410637060435974052397300
22282,19836.5899064827854155343051772284562
22283,19837.2896848422518140805359574233855
22284,19837.8621751831365792814170976232221
22285,19838.4530155650941839698542488636789
22286,19839.3213093757190167014901421639976
22287,19840.2653383977582432477124343555980
22288,19841.0127014180436469437639561157678
22289,19841.8426524619187880375154337037192
22290,19842.6092998467950739807497006316935
22291,19843.3857962644054664010620895524798
22292,19844.2831293750801695069645652286920
22293,19845.1250548475269888727794233636480
22294,19845.8877320577938621017304029739632
22295,19846.6929104664525028644185939576271
22296,19847.2895743476817228284776020402521
22297,19848.0123010757927884373736883898896
22298,19848.9679588854856840161522982888107
22299,19849.5015650828085152329057127623407
22300,19849.9843526258853933324855721428096
22301,19850.7335134481034905428676904396793
22302,19852.5580048755317516524714740907677
22303,19853.2072471344430822416164588241640
22304,19853.4320828720864076652494590427042
22305,19854.4179109801445143747386828144095
22306,19855.1848198303319485046896419605417
22307,19855.7367146102939685146708557883185
22308,19856.6065837679179425631883480155736
22309,19857.4558772264750962813327124423378
22310,19858.2788082128890378813238064533962
22311,19858.6925016888092782492495728750987
22312,19859.8850668733407392733136164072935
22313,19860.2951643679324105390199923506001
22314,19861.3767027372468806451701335028180
22315,19862.2205990987525484889349053622307
22316,19863.0662007978087792546604710209568
22317,19863.7888400244177606512408267003575
22318,19864.9989723315724916746973306611687
22319,19865.2213443926957848563112413667952
22320,19865.9486235481489374046539794497779
22321,19866.2658620602011785080434754792045
22322,19867.5077343473744697498416547156004
22323,19868.0948313697558342568905148596985
22324,19869.2655458555973270337013815552974
22325,19869.8075011465821075431263490050776
22326,19870.9399848180756724712764002417042
22327,19871.8578879261748260561536440690676
22328,19872.2160865823274829722756140261982
22329,19873.2430772393971790017076100699573
22330,19873.4046644010331762644071175363655
22331,19874.6787784129530033956303303870783
22332,19875.6374756884782170588113522091230
22333,19876.1235415197037383583403981426802
22334,19876.6861606071517426623096769488942
22335,19877.5645175316337550335261395003794
22336,19878.1509710716730174270421019017840
22337,19879.1817076809258266283494127260660
22338,19880.5003869120016029385625835749568
22339,19881.0863092984301487840702509790705
22340,19881.8372589794191389344198631279520
22341,19882.4193762677888171093521896418632
22342,19883.0071072287199073731233284470761
22343,19884.1020278989213816790806500090246
22344,19884.6298994715256277317433113099440
22345,19885.0794025495005830834590969762661
22346,19886.1255349321423501727558670269287
22347,19887.1153673411628037093351735365739
22348,19887.9464319625732255408359330552387
22349,19888.8680731047118802716773726890452
22350,19889.5377776167453126589460931557565
22351,19889.7984822570193099374212235834067
22352,19891.4129857823946567549914925830939
22353,19891.8657012910897077150707163605077
22354,19892.4595655049587197264821643819569
22355,19893.4675612244034493502193760363951
22356,19893.8316188266385519202187658840300
22357,19894.9024588645304140925466518478845
22358,19895.2458842717399744792673580483906
22359,19896.0870230183832576341197513274054
22360,19897.3498016526575988778346576004935
22361,19898.1527110688930298703773324764415
22362,19899.1721313326310453611620691051045
22363,19899.8322127446037642805855429373317
22364,19900.2286571414832190422555203129761
22365,19901.0931152281455564936057808800552
22366,19901.6969421263414377984237252049308
22367,19902.3650998356554524112198541233030
22368,19903.6362957879253382860312772993268
22369,19904.3060581266708471181630676055336
22370,19904.8906042321193206199950514894633
22371,19905.2746612347635455863269773658836
22372,19906.8657684861038306168993650855206
22373,19907.4334140815986781288946729449620
22374,19908.1703255279493730257135829582410
22375,19908.9449884281703821211475027579393
22376,19909.9615735566942286675236659598341
22377,19910.5093130416721454196524174933921
22378,19911.4739145327755234375120220749782
22379,19911.7461916243420915870808002553361
22380,19912.4633950470278196667304590789098
22381,19913.2440937235455908249466352653212
22382,19914.1379742748425411482750685662624
22383,19915.4378427445056842191729141224924
22384,19916.0842600479715778829475535210826
22385,19917.0785989104228550894011482985711
22386,19917.3224909185454508339568982747323
22387,19918.3631673525517136170375758373554
22388,19918.8610910606162033046845286456812
22389,19919.9314159619262150774571045639585
22390,19920.6042480744343113552581924965240
22391,19921.2829305910365948417356354569581
22392,19921.9085074021821156522229756691637
22393,19923.1094260513464787252497581049653
22394,19923.4590920176027819490871030037207
22395,19924.2086908545749601438838543330003
22396,19925.2606182701199302447755709699628
22397,19926.6553141245108353586247759407728
22398,19926.9545949417232801811844630357300
22399,19927.8628351703282428499372106663174
22400,19928.2162064106545041085152911993301
22401,19929.1150843296986632438409445219397
22402,19929.6922713468968697093421390455025
22403,19930.6147992878713396723928301323154
22404,19931.4710820485451656672633677803688
22405,19931.8529773208433632899194263681513
22406,19933.3804226194169326609061970951559
22407,19933.9047255885862621850219799782495
22408,19934.6993322622419173614995717593831
22409,19935.6150863345828799597290920684318
22410,19936.2261529725978164226256897101473
22411,19936.6777179247849991255384167317275
22412,19937.9565109171742361796236671154353
22413,19938.7291063804325917148835467816499
22414,19939.2298781143259681768689399361150
22415,19940.0433943603906020074157108144798
22416,19940.3970096381129674862638902741151
22417,19941.2520748265146738239760292401705
22418,19942.4342241338227073419841994106064
22419,19943.7372488120821004417499339426406
22420,19943.9752909451834224884936662466537
22421,19944.8245452828094202058086479327883
22422,19945.7565004100705236487251950483736
22423,19946.6007021056331586910007266370886
22424,19946.8432899945638515191717318704437
22425,19947.4515673683748886895440124340790
22426,19948.5285216632107638315667448704297
22427,19949.5233882505687211323451810685004
22428,19950.0880608109997092709774029666050
22429,19950.9555540934876694012236451775818
22430,19951.7426671696900845344130732340836
22431,19952.5871230871689324217001555169357
22432,19953.4442727739314688368178196376335
22433,19954.0839288103759581760176401433584
22434,19955.4538238559801290818232785823423
22435,19955.5901804611999173867292212993052
22436,19956.2365350960277846083150217296350
22437,19957.3832679948689286131700518158186
22438,19957.6403355012762888720070994070774
22439,19958.6660329018661193817780939039291
22440,19959.2023579948691566277643208165260
22441,19960.1252844250226181237271644973959
22442,19961.5219939641249870893355526276246
22443,19962.4186904159389136452809073867450
22444,19962.8083205209757683143185764373231
22445,19963.2864623783177238368239488180779
22446,19964.0310476458406866870003943815542
22447,19965.0166902549764633373567227270604
22448,19965.9262294702511699312789308054586
22449,19966.4261501057636907606534769307711
22450,19967.3401742409309443754410153747149
22451,19967.9915103742514549554218770514733
22452,19968.6027065824764607296585505323275
22453,19969.8106315272412042997351127412473
22454,19970.4264756430113708707372187902315
22455,19971.3130549996649092684683520160465
22456,19972.3558131067935267569018333196787
22457,19972.9623552872393634246086098269069
22458,19973.7716436535001514852341536502343
22459,19974.2201983460098401549878995192033
22460,19975.2126385737282715384340318613559
22461,19975.7621308912672353064086171925090
22462,19975.9616641222516237804403199695226
22463,19977.6178859736534745363083191638110
22464,19978.3718697320220479159382096601859
22465,19979.0517683002124073613280560022748
22466,19979.9738211990253085147977371112715
22467,19980.7089537693396007526950954242540
22468,19981.5563688808801978703604251829033
22469,19982.0442833721241296540399332823786
22470,19982.9723855613640050605533110569790
22471,19983.5383587818952721042353575865224
22472,19984.7006530055568504675549942715520
22473,19985.4120220963933487183679567143296
22474,19985.6531706675814597841993032073809
22475,19986.5867945833647035155387022026361
22476,19987.2211678498399955360954891957572
22477,19988.6796638311024768230883885129825
22478,19989.4813669691061863602227017581973
22479,19990.1410591124798031803789369474049
22480,19990.9759485359366581266374457158818
22481,19991.4832012026132563612527972897199
22482,19992.0988772731775741266942003104876
22483,19992.9076352816717742736664666195107
22484,19993.8117604231347052024543335224421
22485,19994.3773650548522344958817814247833
22486,19995.3585008002059412494279358579345
22487,19995.9395402173534457546041669635861
22488,19997.3005504290910041854087205084903
22489,19998.0263911550995687654493030902294
22490,19998.2496350237518010066636227406040
22491,19999.2756210784538937873317233525673
22492,20000.1281653357427857195867611335587
22493,20001.1941274167543294465589185202243
22494,20001.9676120785400528640610868568181
22495,20002.1131266619843764579383821685448
22496,20002.7964892669489234886214598885683
22497,20003.8714107532597692266386225105477
22498,20004.6452815516876923378403526314504
22499,20005.0820376193148506540818167463131
22500,20006.6984264871706477168692551583388
22501,20007.2982116188707767879468081873134
22502,20008.0584297869367083345881976900365
22503,20008.7803389444645524579728353263021
22504,20009.5543001467004936433445986880455
22505,20009.9742960845356526564879601568059
22506,20010.7396241295810175253984377806471
22507,20011.6869602730819544673577716952864
22508,20012.6214250221313296102896990051451
22509,20013.2558545955368036364176593976790
22510,20013.9758769648943200057002965637764
22511,20014.7365562302473368024351935076550
22512,20015.4857844031420351969361593618459
22513,20016.7850596811008860408885183922703
22514,20017.4605963307558098096082024772436
22515,20018.0475596484395001972514096981108
22516,20018.6870614197077651513592483161607
22517,20019.9191832263803214615292175804763
22518,20020.1567536712011549313684348041495
22519,20020.9224387467640185408457823843275
22520,20021.7285317644757542658653152923779
22521,20022.0565389392250804791569082552914
22522,20023.4839383792315154581002556826588
22523,20024.6599488294420429636340809150451
22524,20025.0852417184399712196352427588166
22525,20025.9454172155549537247193575073205
22526,20026.5298583966164443880072522422626
22527,20027.3365480629951995270839259647811
22528,20028.0131647968881592049309248774733
22529,20028.9458877713637743491696271969228
22530,20029.8465288456744647458095070005430
22531,20030.2589767282094587458341628417461
22532,20031.0678580837047337558141662019769
22533,20031.7863791591034255963017846269188
22534,20032.6414863062439020253131354725982
22535,20033.8315383052277794108826184027957
22536,20034.0570830976445282665999842335636
22537,20035.6627021649806750225181430310647
22538,20036.1825121248740419083623104407769
22539,20036.7688598780608051696126568007595
22540,20037.4247200154126431590503314024274
22541,20037.9532634695065005827528769660776
22542,20038.7651558863566755972418169422043
22543,20039.6743479999657998456541107210000
22544,20040.5805003240772486510561342146719
22545,20041.2037605426060408385638415901728
22546,20042.0879675365378185404255848047511
22547,20043.2238919501371144923983068106768
22548,20043.9783089066645441937433841572348
22549,20044.2978395444347542152124778113751
22550,20045.1464519109821436070887484070030
22551,20046.2483032161629549783589447542606
22552,20046.9021565185760508151194467543719
22553,20047.4416852622797745612966349440528
22554,20048.5600568108853336445781049978830
22555,20049.0614004383310156932205345470453
22556,20049.3610227367967092904400504716920
22557,20050.3005388585279493330488721822808
22558,20051.7425589825755507902797862374162
22559,20052.5968336300821015397972876876053
22560,20053.4215803767724221640268907460755
22561,20053.7730980885555975508653115364425
22562,20054.4585134054031054865798222177909
22563,20055.6755213393682116162664158730747
22564,20055.9617357658480137676529223929310
22565,20056.6763243033399163988366479410078
22566,20057.4910965610586695768704741271597
22567,20058.4284158135142931676222578313570
22568,20059.4731957818452387687026261032311
22569,20059.8916646571661514940337513005252
22570,20060.7025020120578363855572933332904
22571,20061.9562841686516876950603443673144
22572,20062.1097909344177269447435926565334
22573,20063.6693601969023087136406107182324
22574,20063.9110322908132425405571460285085
22575,20064.8268672044585985071543221161133
22576,20065.4967790373589350564537203232029
22577,20066.0256763593112521680547732218567
22578,20066.8994599473097468064760268920562
22579,20067.4788884844663536402798718427804
22580,20068.4894590968622521183754755180179
22581,20069.3692567253299678705793120984007
22582,20070.6246408056543546192310143106225
22583,20071.0409425278678394871788191397652
22584,20072.0899544651100556187478895245555
22585,20072.4835110332876841061777264833079
22586,20072.9873810622476275505221225815874
22587,20073.7843798376365655915876994483739
22588,20075.3009846425582250145202176870158
22589,20075.5314119445072735313831331641786
22590,20076.2415269047697438371669599005059
22591,20076.8050513766769513597445048305377
22592,20077.8792789291808277165082073996703
22593,20078.7047364493563894640358295034852
22594,20079.6585823150286934781987307063594
22595,20080.4845078096132073330491629683075
22596,20081.1889158481878062207923338287339
22597,20082.1121620288972462027415604672171
22598,20082.6860512502959371250096222529116
22599,20083.4488494444551224124044882026121
22600,20083.8424736631285657919490947284489
22601,20084.7050449715774035473936569779495
22602,20085.5317520049193464536721915502583
22603,20086.2879074425744615659319079491234
22604,20087.7273455971948388545461143793772
22605,20088.2080974274866005974604816031774
22606,20088.8742404146908586857068432925960
22607,20089.5479672093000910119425276852818
22608,20090.5576645345274150758945277308455
22609,20091.3462476591169005204352397693427
22610,20091.8334566465484048619156631884231
22611,20092.8633486514926030685612932199721
22612,20093.3667883641922295918960401166313
22613,20094.2811695340350787071157038253371
22614,20094.9628896325363292269704833014599
22615,20095.6687132735050193945718893336200
22616,20096.1555018751827342441171623370913
22617,20097.9629521837839283686263744321023
22618,20098.4799537002574408131974532511727
22619,20099.1283145098726315823684786795185
22620,20099.8796999021233098310711350746583
22621,20100.4847813851034253826478322092638
22622,20101.1067335489432405624878758865706
22623,20102.1175461915171564924948019158709
22624,20102.4728604715554170601134225459416
22625,20103.7806643115691956468576625351483
22626,20104.3020544484540693275584898193943
22627,20104.9739312209814665269957351203730
22628,20106.2232966368055234388621736988138
22629,20106.9663636855284768174514319587323
22630,20107.5377860440097774652185736038489
22631,20108.2217875144599846610338284995754
22632,20109.1677458782660449308240956748177
22633,20110.1929154877148858246493423454852
22634,20110.7661815272051204679579039324791
22635,20111.3685311979402365569529171392566
22636,20111.9269743894484496855127544691402
22637,20112.5355661364726200087264503635958
22638,20113.5290523759058751674769493819809
22639,20114.7483580623083274125403898264155
22640,20115.4762449594177835627940361331671
22641,20116.2188032955554410740967621776441
22642,20117.3215777024119813976860726018396
22643,20117.8030343950850456669340950529949
22644,20118.1003550390236198184063518839456
22645,20119.2753221351676912192374599417653
22646,20119.7969695325919608438952853443815
22647,20120.6086009754088257515701445678985
22648,20121.7408482799529257904592823964996
22649,20122.2282997027864691309456690756908
22650,20122.8379656588045284499680573896203
22651,20123.9313611838214237005383308009325
22652,20124.5656216271469824590229605425937
22653,20125.5538033294892299934304303147227
22654,20126.6565568940563457856376516338383
22655,20127.1785605318170260240884579788178
22656,20127.9192439561216853132506216875389
22657,20128.1786445254660225027333531202891
22658,20129.4271929664451969884551042665759
22659,20130.0828140451911348824075097847343
22660,20130.5392047370770083441214387173020
22661,20131.2033219293576821644683050394776
22662,20132.5532779342020446999983705937836
22663,20133.6568208627315261229845179986073
22664,20134.1897947329735682379364726382626
22665,20134.9402937804405300853317679185269
22666,20135.3616079547520998492071217385165
22667,20136.2932224581610568272057997516552
22668,20137.1619388087549045104625746881338
22669,20138.0679140338721125012296650482664
22670,20138.5646217945862159322203648592783
22671,20139.3920451738643268960661187847488
22672,20140.1675836038057466090462916376045
22673,20140.5659162198611728733034027843873
22674,20141.7626955413970085000556551747374
22675,20142.6062408435433869746996987575478
22676,20143.8150139702317425770055121189865
22677,20144.0298319127969128343302210406017
22678,20145.2399586548384744534299805544540
22679,20145.8329883709075093998033927099808
22680,20146.4678124400911677616004617258382
22681,20147.0252353033759582817715271228068
22682,20147.4653296028072355175083615964162
22683,20148.8141328607986105922574784135094
22684,20149.6279291130835716427560769898170
22685,20150.2184137555684278927672345730054
22686,20151.2494612234082768604443210251687
22687,20151.8848394800880254118493586482296
22688,20152.9622434652350454974468242275889
22689,20153.5983990086457534620843783005685
22690,20154.0620103888442264154109705059106
22691,20155.0622012204786996848097101672862
22692,20156.0603975797968123185172879124613
22693,20156.5158108444012145041180938759638
22694,20157.3286372759503808205037596177448
22695,20157.7552766210396068154275067556940
22696,20158.7811216770149624918273324282340
22697,20159.2496685149167596582100024273878
22698,20160.6983745214338020155598716999519
22699,20161.9422395480729941422411184408317
22700,20162.1778023984520162407367924543756
22701,20162.5812379472343716569789628441282
22702,20163.7344498620123237680732662872057
22703,20164.2291385280760490327463935695922
22704,20164.9012181115181746287505942219531
22705,20166.1188473676531824725998040190373
22706,20166.4911696592724114176217025545257
22707,20167.1269357461930797834196508512137
22708,20168.3404978277054159735557025859860
22709,20169.1454368691733810900400316741259
22710,20169.8459190561223953743658218799744
22711,20170.3932999721501011832577076460343
22712,20171.5155748845607757272508291726415
22713,20172.4851923219053953365601402435493
22714,20173.1302395604282616231712264375719
22715,20173.6347594170220822718516796597435
22716,20174.3802691926754574568556447708724
22717,20175.1422799465994588906323663877370
22718,20175.6714709514902117901351756827356
22719,20176.5722086221205026129543425937703
22720,20177.4629245297505822864558865035903
22721,20178.6402823227296646422513832441626
22722,20179.3621892277827215409216979502694
22723,20180.0782074433832376364730124276645
22724,20180.8594716392952172849260045393611
22725,20181.5121913027040219975916490812693
22726,20182.1444445223932503898994802166180
22727,20182.7377059982118752597463220956519
22728,20183.9859622509754507042819396811353
22729,20184.6121997566539546254634029014449
22730,20185.4549317713174303094322329983568
22731,20185.8807530569844788079718778275074
22732,20186.3831709419101689402055566912557
22733,20188.0361920889117575402275235407800
22734,20188.5939320882046801295241286508567
22735,20189.4277633620423681675301539442231
22736,20190.2886697251199587874714034399413
22737,20190.8540310037739726312539924672631
22738,20191.6224175057256362644769850149584
22739,20192.5078786083775527064535118101917
22740,20192.7805921393347337039148502526044
22741,20193.6543553374249612519943801736719
22742,20194.3534275703253924123186883721439
22743,20195.8351112586071469251664631338056
22744,20196.0733848704587073214911364525294
22745,20197.4904635567066697010972812899591
22746,20197.8423584455948969880743799135476
22747,20198.5896287240960780774201965286569
22748,20199.1376502501730961103004558354234
22749,20200.4608747773370359448180862733114
22750,20201.1008431027794339763524638380907
22751,20201.5884428166707144396680424410671
22752,20202.3448527252074086175269049609419
22753,20203.0488445391605370414899317327967
22754,20204.1490060748821135021691443543229
22755,20204.3352001878585534162691443245484
22756,20205.5581652757902934496646496128402
22757,20206.5595647710107719351424513891089
22758,20207.6128339010809086498774281143308
22759,20208.3355344009953606070936259584480
22760,20208.6481177104904824183348024224971
22761,20209.2709941932277876763069908434822
22762,20210.0698034448172255141759930323539
22763,20211.0317077823081536197125331599703
22764,20211.6073906693374518645698578271694
22765,20212.6329924797126486853386805666471
22766,20213.2524150879544354170957502322831
22767,20214.0697944853615862004106357555830
22768,20215.0961668913139544432378190796244
22769,20215.8141902033594217769855824661680
22770,20216.4945306294753321553508107463383
22771,20217.5043612611752834156042850059292
22772,20217.9485348056165931332220095123097
22773,20218.9857166248576634561700727334038
22774,20219.7638526444151274598227901303818
22775,20220.4219588004868231453770685510213
22776,20220.7067455264138984969063705423094
22777,20221.7325017768658978180959038670394
22778,20222.1643481508043620409412248012029
22779,20224.0370776404512286169993393121648
22780,20224.4932305679537665535611136452898
22781,20225.0717291843948688514414460590434
22782,20225.9224563126602172212946595748918
22783,20226.7006188698116366585746072677724
22784,20227.5137205692316718825257756116718
22785,20227.9526321549414799663367837482578
22786,20228.6525113881779754925853160143479
22787,20229.8927384936909086733239392395178
22788,20230.4345288929218323868818639744527
22789,20231.0471683908364100524179313610907
22790,20232.0114508352852988076102866117700
22791,20232.8063711630966905364375411682920
22792,20233.4598510637369645452586644975640
22793,20234.7167493864607711030530062662387
22794,20235.4085941265179950814040485391199
22795,20236.0388828009065176236413893407786
22796,20237.0113963060898350300280046958429
22797,20237.3182933515172362641677532689426
22798,20237.9118545221007579911990994164986
22799,20238.8835403967409306679033583424719
22800,20239.8102315703583163935845491677256
22801,20240.2948217949024093162844069596554
22802,20241.2761086198840075173014756829961
22803,20242.7390166810817320410533676028235
22804,20243.0660976270075044521004895101776
22805,20243.8056991489991587299317732854346
22806,20244.4694187513842626670548107943204
22807,20244.9724353540781225664058076203100
22808,20246.2436645475479186744941919833047
22809,20246.8982845950503976058766682855055
22810,20247.8125894491611947528533035608210
22811,20248.0830578953039069222638287765424
22812,20248.8153558191439078731183869856554
22813,20249.8590169160452362741174289552207
22814,20250.5023199984496126282110739092179
22815,20251.7234650237722453885322083085845
22816,20252.5843373436431618798644716685801
22817,20253.2314611587094796585969266044221
22818,20253.9600759132479141580955234399707
22819,20254.6106397818911049175208924772596
22820,20255.4396800068249904441062909660952
22821,20256.0648731540186918891054556596108
22822,20256.4741934587679179692104173136846
22823,20257.4921496833002749432572738688185
22824,20258.6324192818039446453375061064242
22825,20259.3797886449684083205114672478824
22826,20260.0569076662227181576474553358733
22827,20260.7771548814505242153821795148981
22828,20261.7898954230239427112965267722464
22829,20262.4291305112583073584931772226295
22830,20263.2644430488943163994061193666767
22831,20264.2132185447235240006066930991924
22832,20264.4407670225209460132813601780824
22833,20265.5235988300772143423879586335854
22834,20266.3997765921833453213985164325133
22835,20266.8803562938029193835292510853160
22836,20267.1277048191531904976100039169687
22837,20268.5818153935302514489031182529653
22838,20269.6611141076079149400079537925465
22839,20270.5643258560901586834070708509881
22840,20271.0727427850656153773882408656977
22841,20271.9831536972163654756278479218061
22842,20272.3196605186705478243798930631446
22843,20272.9754494317640622602331779340426
22844,20274.0815264381826923401507747127934
22845,20274.7440176922195604942962668985039
22846,20275.6969490489330228392448803132863
22847,20276.1180944119287801763798878772503
22848,20276.9933603690605347541089641989620
22849,20277.9440082863367544562149020399269
22850,20279.1612449712423723054538342184605
22851,20279.3546432880234156695233644759793
22852,20280.0614586741596276755537179451148
22853,20281.5978135706943088128141496509395
22854,20282.0038054922212084471904853557244
22855,20282.5937529403102128492066326286159
22856,20283.1416974672983552677711353938555
22857,20284.1264289388424654491695384305565
22858,20284.4017096140805023084306331524867
22859,20285.6122165982247014670768923023431
22860,20286.4278125637606022467006197602697
22861,20287.5568491912067751083066099239341
22862,20288.2708313419811557907151704619424
22863,20288.9626408370972558661954740797976
22864,20289.6321354829253868007875049998868
22865,20290.5784916882932342816481889532724
22866,20290.8036308523481797429579157799109
22867,20292.0451552434435851742432253985215
22868,20292.5954789061580777924138955784263
22869,20293.4887545632989875140933823787026
22870,20294.2888848086945115628829081307930
22871,20294.9013695692352573772345058047457
22872,20295.4454462519325719175066222305866
22873,20296.5130619187288998491301436155235
22874,20297.8673156468604909576456855065041
22875,20298.5075762355060320209906463448039
22876,20298.9909987281289631042241601810208
22877,20299.5847109756717883878271679354763
22878,20300.6351752130682040441559203060296
22879,20301.1754247532339729172836794122462
22880,20301.8958465441023433127676984982546
22881,20302.4477378369602739628386089619933
22882,20303.4424667062141531025066605300707
22883,20304.2951434104246800319624084054774
22884,20305.5809471587418226276149814234396
22885,20306.0373818930798780826720385526701
22886,20306.6719104306534509926995034031808
22887,20307.5063232203344148235768041087959
22888,20308.3166534820410709146872817465484
22889,20308.9826977978617684848542775551924
22890,20310.0353039463436293218702768838576
22891,20310.8508209361126194025400027420937
22892,20311.1108964604835892854379724053666
22893,20311.7683718137373014259639676772795
22894,20312.7017821325965544064715722566366
22895,20313.6399921978770240534332292624519
22896,20314.4557809348009492424943765434085
22897,20315.5888724683071828980566126321620
22898,20316.2205577067293665903075969775412
22899,20317.0736494047985453993123202043762
22900,20317.9709811785168131769322021472362
22901,20318.0617757445934093947479574502101
22902,20318.8948075532005486863381529144299
22903,20319.5731786413713056849603434949350
22904,20320.9608827055262756968658378462087
22905,20321.4046929722079526477346993663304
22906,20322.0487445948924332556371222510810
22907,20322.9206501487690072202198407426306
22908,20324.1478480756484654336913141643542
22909,20324.5135236522014637338570725247712
22910,20325.3888600483163173199917532640090
22911,20326.5081387416376475371525908322068
22912,20326.8139988006288499142863443708345
22913,20327.8785140219704215402537366611994
22914,20328.5158442275341287057459602687813
22915,20329.0271309887578028455781857720022
22916,20330.0566651902544465848394332613001
22917,20330.3940346022284324262121823130464
22918,20331.0859520486081756339563523549084
22919,20332.8941395995246057622862672802721
22920,20333.3208259333943143391881122909343
22921,20334.2977624402858785733047629657986
22922,20334.6703288068854629284004261718817
22923,20335.2434744062279489379599345488685
22924,20336.3592397152997831625430923288145
22925,20337.0119181898569030787476140598953
22926,20337.9112418856970589313765625689667
22927,20338.1722076487517171766636104735744
22928,20339.5282627748801395441846424567432
22929,20339.9550008451206292671227192012861
22930,20340.8096654371975028754004363523990
22931,20341.6142774788345126547346504902255
22932,20342.5136116776806291936268215715284
22933,20343.4356867682302641884075783991193
22934,20344.3455944310174313739891935805567
22935,20344.9939297834074946491581646942125
22936,20345.7468899883870804529011364815454
22937,20346.0767440629396865965438487354602
22938,20346.9853309400076919888115553974392
22939,20347.7112274248400725382530481102329
22940,20348.3307091709336685228495695509843
22941,20349.5185295418873795122329613162529
22942,20350.5160757280990179013556167681180
22943,20350.7990655944979302123819885555964
22944,20352.3611647490535550847061685577317
22945,20352.7369672789297361937701663840176
22946,20353.1461073149486720248749649552487
22947,20353.9787449962302607639139093776860
22948,20354.8707719130880895279612049446833
22949,20355.9553841331953281856924693793877
22950,20356.5915049585555028899940967037187
22951,20356.9357806949086447599889597790557
22952,20357.9700071941424274472953325289646
22953,20358.1894798774633091493435504898323
22954,20359.6678522085263865108571707378887
22955,20360.6766168364580950977990109564549
22956,20361.2269696667246571542380662164765
22957,20362.3076024999386015263583075987180
22958,20362.6151128914988728040589903287091
22959,20363.6837614761334854673001240004559
22960,20363.9635590487384986738429083152890
22961,20364.9047885372678969369959650790634
22962,20365.5547806799246653916376248050329
22963,20366.4055482715538407707083823060537
22964,20367.2222994117695429876378144876530
22965,20368.3081331983532674979187978283885
22966,20369.0824673151384657176439008447573
22967,20369.7110807233384013654178393552990
22968,20370.2777444779046402378242813258603
22969,20371.3665729800487682581882304027892
22970,20372.2760764679942378770583011262061
22971,20373.0481687982759442574878171759197
22972,20373.3125224593215417462211873475372
22973,20374.2889991408002272786606500010003
22974,20374.9704135082608872090293746621875
22975,20375.7364792254050994110787782152696
22976,20376.4556171426263202174032206312237
22977,20377.0900040467035340928803202579117
22978,20378.7092856722324578630391431270018
22979,20379.3953396577748516613580261239583
22980,20379.9625780101530422559671990232422
22981,20380.4376406499250907041802747479389
22982,20381.4237379289843398990769687668332
22983,20382.0631547148864097061287738279041
22984,20382.4540284692450595558415132493271
22985,20383.9507371299263428929342592454097
22986,20384.3503529866520733462850068491007
22987,20385.0652646980383108645100171216754
22988,20385.7788792574505016740473461496560
22989,20386.7726029675035667731806896645183
22990,20387.6799907290749644137743768423460
22991,20388.5256231048692129234921764086738
22992,20389.1360083292895539111820225790938
22993,20390.0390153715008532253861936505925
22994,20390.7257896748232055144618762359001
22995,20391.7727296381315710529403576896315
22996,20392.1297659414599490090939866975818
22997,20392.7002337738446006823068586749659
22998,20393.1369195598604506997905666764986
22999,20394.5563033571998713364791349207192
23000,20395.3178645019255063507073725163931
23001,20396.4717462283847781872855535713486
23002,20396.9804959877105958544588337455831
23003,20397.7288946013337743666873422537958
23004,20398.5212641591242129897045988269265
23005,20399.4055616626991601181999255035105
23006,20399.6170885460220058802241163700108
23007,20400.9319619728202348896573196689150
23008,20401.4570872703006975258616245980198
23009,20402.2889799243798238524173150570662
23010,20402.9754181859738778666419833909311
23011,20403.6963720665174524191061111086749
23012,20404.4822103472733415802332098585575
23013,20405.3517446249991668350341714613362
23014,20406.4167142758478992571228466580641
23015,20407.4871971641680124415090349439065
23016,20408.0115589662817216879302746563951
23017,20408.5166904214482092918172127758414
23018,20409.0334297037053244993046167622674
23019,20409.9835847654048339459762070070576
23020,20410.8919450224716054650136952835941
23021,20411.3317601789755566535855560907066
23022,20412.2691270809130657706727696453011
23023,20413.0369994253977837990310938156141
23024,20414.3873583590426581252003077774831
23025,20414.8196422567492845103119292932169
23026,20415.7033149179168839418769050955065
23027,20416.2491859674771351444598516909330
23028,20416.8579538600156589086159597996374
23029,20418.2632923387600036083487672207355
23030,20418.6863965603943762512580902960558
23031,20419.3174075318393635270295937879189
23032,20420.1270715589387791655064792495122
23033,20420.9103101216028237072977759915599
23034,20421.2466327528895809938980424258551
23035,20422.2321743057041590767739050875529
23036,20423.8434032080203232715435077344204
23037,20424.1395588399342276846282422673269
23038,20424.9273112886332991635616676034402
23039,20425.9207065415071857198222002867623
23040,20426.5415449087846127851220254440907
23041,20427.0760706822739912623549787502206
23042,20427.8327779566875944501981816103295
23043,20428.4124131035456937922825778493236
23044,20429.3494389615168201693539373480654
23045,20430.5498213583562969806654163582172
23046,20431.0903494799662773221838442498046
23047,20431.4910552922815886767566553223695
23048,20432.7364685875713447005461007285816
23049,20433.4505140536440022145394437069979
23050,20434.5201637713876716215614052114653
23051,20434.8433545461038219044951474584449
23052,20435.9889413931974237236909656727975
23053,20436.5325447717981789957219594317087
23054,20437.2867098029255582281792536594801
23055,20437.8730580268202007137623470545408
23056,20438.7264293703980847226127910323865
23057,20439.2436113513168232037038241046655
23058,20440.0828243311716228058683933513502
23059,20441.4077874776336056960803697523754
23060,20442.3623094385104744355068280763499
23061,20442.9417076906421814737212557896096
23062,20443.6424964388084346813064963478363
23063,20444.1710217244725196723887618434197
23064,20444.7396352845469251057071076750888
23065,20446.0547137102124940246178364680747
23066,20446.5030878301238605595628046218108
23067,20447.6213653877718873067336322969178
23068,20447.7946630367054167145760927581102
23069,20448.5894839465607690487306497903140
23070,20449.9641698102961598910526857378500
23071,20450.4000695593400688488102982918737
23072,20451.1205088656209638104993095698463
23073,20452.3376167154476083821587144126363
23074,20453.2392125155547632454938247074577
23075,20453.5596816031839302072259893872109
23076,20454.6596173542136025187769658817650
23077,20454.9797630845252009826511548514225
23078,20455.5726333652899160428802942067502
23079,20456.5220487360673849947051715301629
23080,20457.2035627611100898641341848404966
23081,20458.3040006695048928038830146429040
23082,20459.0838514729802152735769636783580
23083,20460.1085439886210136508945013098954
23084,20460.6669301585993221461438509765166
23085,20461.3441980067099763848754628262866
23086,20462.2946338530677984760828254151569
23087,20463.1373531908005582110519798985538
23088,20463.2999600418992135613020692089913
23089,20464.5498956466040036478380834810922
23090,20465.5173240047679050957791457796784
23091,20465.8855343818378311814429826649576
23092,20466.5262506731186601233593784399891
23093,20467.1553082482951909371567701897826
23094,20468.2225808435366546024553407195589
23095,20469.6223513824533864002273756468752
23096,20470.3245686284880532333049713174369
23097,20470.6460623360218060427457397200362
23098,20471.5077736102567302615872695433848
23099,20472.2966099739057730039231081502661
23100,20473.0891248985584165227938000713765
23101,20473.4718574329118842142381675137631
23102,20474.3420641101882681124608769231451
23103,20475.2961324232794097737325341125018
23104,20476.0429708520966055176764759788496
23105,20476.8691489162180017827738214743566
23106,20477.8949399423464087865764169838633
23107,20478.6334891060492145158102714359388
23108,20479.1428513146692969265820691625473
23109,20479.8897360289064420555870293436384
23110,20481.0701532550981651627037441855163
23111,20481.9113390149516629064091775095216
23112,20482.2437370785465877621713501403945
23113,20483.0687218309679379603650482379846
23114,20483.4461657590981727714393197711844
23115,20484.6821356144769597542174974823410
23116,20485.0306828274119646428211130379513
23117,20486.2828378757850997801813496110808
23118,20487.0768614663183846344079761191765
23119,20488.1937940293773746497411641732359
23120,20488.8484916053209603728087118052199
23121,20489.4108460306546378576576635974358
23122,20490.0385301378724507615780554851674
23123,20490.5302282345111628468052982001094
23124,20491.6138777865836602123611748607562
23125,20492.6244994159295618786108454174763
23126,20492.9792547443459701092387815010822
23127,20493.9426199544055298828294852172165
23128,20494.8510360591229532734222524143005
23129,20495.0993199471602646610593478780558
23130,20496.6796789921898378772326595813789
23131,20497.0856854158826480207689637079320
23132,20498.0683984292983954069283804936852
23133,20498.8952955349531583961622144320984
23134,20499.4422108523203416632080292581265
23135,20500.1386393980422731970798119156683
23136,20501.0697519531866907629768545296306
23137,20501.6232189349966845169186329570607
23138,20502.1818675157954312924427195854092
23139,20502.7464676202489702911543525147639
23140,20504.4391554697093327078571915015995
23141,20505.1732379925744673999871506757041
23142,20505.8308914943643979658755833356969
23143,20506.2641853826172439755336697283349
23144,20507.4329021765872452675796049334739
23145,20507.8407030619716489707588594244003
23146,20508.7495888335011115865625354817827
23147,20509.5433014760558331385285852663894
23148,20510.3815865349724843649545647104647
23149,20510.7975994997253905048384808525951
23150,20512.0427841619508000088460064762483
23151,20512.2399240169272391103327039486930
23152,20513.1504238694487112013916805768823
23153,20514.3389770299406733188244792800592
23154,20515.0559433837604936665428771881307
23155,20516.0969946689755375858577950034778
23156,20516.8093980556397904452199795086549
23157,20517.3612954444000533638560747119801
23158,20517.9339524585118930824034533238093
23159,20518.7637907399523407540770182798086
23160,20519.1057660606331839960816762574683
23161,20520.5000168239716958501251423570660
23162,20521.1963758117330152774941383240702
23163,20521.6024129833683129192582591798974
23164,20522.8556580572494725461648908722634
23165,20523.7803336259076073601798355245030
23166,20524.6077557650029752188112667411112
23167,20524.7963147475916311848757910357467
23168,20525.7875119924762227792298739714329
23169,20526.6524661697808263599468529598659
23170,20527.6193990449682700669473313423784
23171,20528.3370731643699112320664792088597
23172,20528.7054152763771910136980555202343
23173,20529.4182431697429788217147795756992
23174,20530.1559748484747398464656743875236
23175,20531.0792960834939053378253891898010
23176,20532.1550614222370210155978868143591
23177,20533.3519720731059399291793518440960
23178,20533.8187031731912558459167174926112
23179,20534.2936173307609390949052774940661
23180,20535.1770149322629442738555674104352
23181,20535.9609641998417599651889556100117
23182,20536.7870680240627001989285032904201
23183,20537.0231055211874040761368382382505
23184,20538.1277457312228115246147727456957
23185,20539.1245037454566359707668871607919
23186,20539.6471621345729460925150945175470
23187,20540.7418351370144906519229251565494
23188,20541.3578338473378614080447263243398
23189,20541.8910647447884082213585381064809
23190,20543.2082120464458311888157062457679
23191,20544.0737057211934458197548372763990
23192,20544.4954492146634131247420196845028
23193,20545.1337785985725096199186343084578
23194,20546.0559025810582842499444827612317
23195,20546.7706406326735663254788087599901
23196,20547.2335384916659220346982920455337
23197,20548.1295526748375398980544172160457
23198,20548.7792506614165309547214392224699
23199,20550.2008873892692906365422215790628
23200,20550.9239549871796478682774105739707
23201,20551.6954015825895670032032462836067
23202,20552.4813586125407049750240098595423
23203,20552.8663016899441807258997985676784
23204,20553.5820121683701688530517181924060
23205,20554.4812323836376887886364774905569
23206,20555.3717986870114184586320206811636
23207,20556.3954863151146084784301817338473
23208,20556.6923330788373391021695553652309
23209,20557.2861704084731497770217443042978
23210,20558.1905353556108234312249481765081
23211,20559.5385238623667454275362798738646
23212,20559.9161601233749939662387428670086
23213,20561.1203339453525170135325791915481
23214,20561.4116648918684550781875561148766
23215,20562.9226614145080952225034577546685
23216,20563.1556050060724657313078962199161
23217,20563.5715404513568786600526932515036
23218,20564.4505868926844096824274729826868
23219,20565.1747781694546562759755419481073
23220,20565.8941821152445633826867819250620
23221,20567.0375581364002674371739522356894
23222,20567.9335944813253194060524530962111
23223,20568.5985620349135465739877280732579
23224,20569.4444799013088462493321526439971
23225,20570.3475103400312973841042874806971
23226,20570.6308306896908178380057533830086
23227,20571.6817912565400824701176818793169
23228,20572.6365271064693900028711792214686
23229,20573.1484043762704423903905929535400
23230,20573.7399641178735266485290130463751
23231,20574.8652875793342771007356581468559
23232,20575.2936699488299768815657343024493
23233,20576.1650556054142333461350578749336
23234,20576.5424629497058844459612905600296
23235,20578.4250768583657609631878050631610
23236,20578.8909027452746331182002733627698
23237,20579.5836625208841836016425185089749
23238,20580.3815057950289385376003482075654
23239,20580.7232789663728534643102614140306
23240,20581.5593650211757541876911202118828
23241,20582.5511162552636107196858465950674
23242,20583.1498973531113959706334404785938
23243,20583.7635259733018341090617793495918
23244,20584.8244208199246542074166398073818
23245,20585.5892326340951841551250022318121
23246,20586.5801595990979819527858800826681
23247,20587.1725640076910085238000230729174
23248,20588.0595155392551263246110436934523
23249,20588.6464757243658434074224285113089
23250,20589.6074757523670913076607597755985
23251,20590.5137365942495234265855432972128
23252,20591.1555350806324877932549989296120
23253,20591.7432400730236804310511889151865
23254,20592.4406410696717065538880081876994
23255,20592.8684127283967006852631052389891
23256,20593.8929249649126826939992398842560
23257,20595.0849149869031107211060421598046
23258,20595.8869999544691235189827558240140
23259,20596.6979099575008521563450857127731
23260,20597.3789032627148994571605907516011
23261,20598.2606311586832547973895468428675
23262,20598.8680081016825216518472582288320
23263,20599.4377860496713504668261310388549
23264,20599.9186267440766018397944145999602
23265,20601.3130568236753423435832979686478
23266,20601.9517557648067712905650199701726
23267,20602.7018876368165561381037339518150
23268,20603.0525714879859261982922588734522
23269,20604.2216870005858073087376227338016
23270,20605.1203370652308082797805507925379
23271,20605.7726183257206427312961356102562
23272,20607.1294464975317475862753781740015
23273,20607.2906295006005228258025273500203
23274,20608.3692998760233642591483187368570
23275,20608.6168168068103428792507629082375
23276,20609.8333142665927143760927621583393
23277,20610.2148802520422875186978525034342
23278,20610.8131575925258936395546700970234
23279,20611.9185839177468721563280655613739
23280,20612.4913971390401528398168715896500
23281,20614.0463189539812553969225050729868
23282,20614.8205696627817901957138995463214
23283,20615.0374751556418886841293734102009
23284,20615.6034327957712033667455610321045
23285,20616.6971423645534402083179786871317
23286,20617.4772256575263225004190361681401
23287,20618.3812304970544121751866247429694
23288,20618.9373808923679094765640053623879
23289,20619.5853134566869208053632065691378
23290,20620.3943678453485259743936650260236
23291,20621.1814779692920749579447981927762
23292,20621.8620008331591707522575869720048
23293,20622.9304779129726739809102347514532
23294,20623.7421170869235398506240796871904
23295,20624.9204923489568481339709970447132
23296,20625.3913660642925647350191038185379
23297,20625.8491465675353887104786922741510
23298,20626.9943732714825105216534987548771
23299,20627.2793982221229450628329875053638
23300,20627.8764409501363848963410806484769
23301,20628.8881799227858553780621962966344
23302,20629.9113738721558286644824525755782
23303,20630.6836044551130830618802992851388
23304,20631.3004183641859151331167361419377
23305,20632.2684969742343519505198540698637
23306,20633.1127382573420838422180494702799
23307,20634.0810717175194879864416266109305
23308,20634.2752067562960373072164678171351
23309,20635.2163301624044867710771569586997
23310,20636.3128215351499290015198291590210
23311,20636.8441069986863772255762335822342
23312,20637.5879833981443001149275080289219
23313,20638.3055729718923779108511599976264
23314,20638.6571785846263501352648689040279
23315,20639.5355766841877544295727834460492
23316,20641.1490278609018486152253961368134
23317,20641.7440988735590606808321942580641
23318,20642.3723441407407584833490979146092
23319,20643.3999299338848073510079629259598
23320,20643.6750327337496946917299756508445
23321,20644.5937225778152736481083547351622
23322,20645.1069069993198242035966726736177
23323,20646.1799780925849515969046829984568
23324,20646.9041785677557155253216687845230
23325,20647.3845288646220769874637977077586
23326,20648.4563679964813740315266535112648
23327,20649.3789143231688637168432828225399
23328,20649.9531311452457542693604153759635
23329,20650.9763653282703059823963258811206
23330,20651.3553573726013491134430415415355
23331,20652.7290690758197869823474960866847
23332,20653.4417769757770015301322682752981
23333,20653.9675579697525997095104269043062
23334,20654.6773703103618537175369262647844
23335,20654.9430353319940761293339973233984
23336,20656.2625698757230012304221614780340
23337,20656.8870856805837768638607674696520
23338,20657.2824050295421478295213648452657
23339,20658.8158845833957880415760850901282
23340,20659.5718348260387109395236448597597
23341,20660.3658718725612368715743031980440
23342,20661.1252282537786088736020936028363
23343,20661.5467007092253977719401084698629
23344,20662.3317170189934395831121996296691
23345,20663.0826307144694777632551535223369
23346,20664.0519406186690136833810398130246
23347,20664.7798225214074224178894996563025
23348,20665.7598606982916894868904594891643
23349,20665.8957871368384970211546880003542
23350,20666.8328082059226862284594289092566
23351,20667.7321193357435625533761073801076
23352,20668.9243202021740481415057919970289
23353,20669.7836139541307002886856038028323
23354,20670.2829308504612837396047015216047
23355,20670.9405434637272975613000881383766
23356,20671.9483654068133936828142418052074
23357,20672.6560547541984408786398064439291
23358,20673.1000271009512893396940237986729
23359,20673.6905912979124475075889069183702
23360,20674.4670286976733493192124358173151
23361,20675.7289663120376547710979757472002
23362,20676.5724283564287488558616131584772
23363,20677.2254182020648110617792719554874
23364,20678.2528375224885118293881530278714
23365,20678.6409442550876902899668890985209
23366,20679.4545430615576197033921901131025
23367,20680.4793930614952951168386084598477
23368,20681.0797806799323111569206061410675
23369,20681.7865415635228794130427842173441
23370,20682.7571167611531546444101452411782
23371,20683.2994411476264867732819343700298
23372,20683.6734301880164307131043031602340
23373,20684.9879089180564410270919341875556
23374,20685.4187804652976564777879382397997
23375,20686.5362766644446104929187838482314
23376,20687.7294081276532450010367055692562
23377,20688.4255096255715849964482418877246
23378,20688.9453217501937745511544058111739
23379,20689.4639972038368735321343163976757
23380,20690.1451946794298121532110372816771
23381,20690.9819984997607475265450875006605
23382,20691.8438773238623979746715643803103
23383,20692.7307686146769057913330955705223
23384,20693.4270835154783801725828509497907
23385,20693.8728578449998496395703330977379
23386,20695.3404826834979020623009701787815
23387,20695.9651963004053709968685288083846
23388,20696.5340929659413093909343251722376
23389,20697.2333815359007285836858287680066
23390,20698.5845463378837483350097435594333
23391,20698.7848717344397452564376408712199
23392,20699.8964022776419644244755505712237
23393,20700.3476840799125583426485412499296
23394,20701.1114263612283535703755361765576
23395,20701.7536865118750931912479224085515
23396,20702.2405823464680510830819430324194
23397,20703.5641430845022355136904249677293
23398,20704.8349061038130010503303699109525
23399,20705.3232472387011956398379695390785
23400,20705.8296328156366060443885623278941
23401,20706.7695950706082284192677854516526
23402,20707.5872862441040305559898850285296
23403,20708.0668165350670175210636114212404
23404,20708.9225912130787845320890870032241
23405,20709.5120106623090340149861221471891
23406,20710.5804680502863234023105804432746
23407,20711.3438527541579860945668531088117
23408,20712.0719854540831947765055986171467
23409,20712.5649355575709084246263367140183
23410,20713.5024585940885078233494506522429
23411,20714.8875889047552276220190401827651
23412,20715.1850533872746552944125870385379
23413,20716.2443822219833197386513134722605
23414,20716.9501582752221404746399359866100
23415,20717.3829818241467808745608222899786
23416,20718.2092555017748873542873964623741
23417,20718.8937747104614392972013711910109
23418,20719.6062735983055336619999197977757
23419,20720.3953272066230086697122810024097
23420,20721.2548618193588579281786382113113
23421,20722.4154969369961910414600917057280
23422,20723.2505421650218614424128423190234
23423,20723.8330023403080261788954490143977
23424,20724.7391523374994356584387583162461
23425,20725.0865215135882275375499238488011
23426,20725.6873447341783245293710366276570
23427,20727.3558499132194848911266908997879
23428,20727.7686788295290358391813679495488
23429,20727.9835588564834743653309300958828
23430,20728.9412971616769073048329591938214
23431,20729.7301460506987796551476071082114
23432,20730.4842288276600025805414188528408
23433,20731.6099212371963765340837294578110
23434,20732.3670908984527021261233806581428
23435,20733.2955864339061286668435089326503
23436,20734.0205821156594361091065725077832
23437,20734.8321861218242623116413696854245
23438,20735.3318521012597911874556939287020
23439,20735.8431643434595766251943635888408
23440,20736.8164023420327192389243678481275
23441,20737.2955040874169512635290799407426
23442,20738.6031956087927675635166821424526
23443,20739.0029042345046267291788791472286
23444,20740.3195716493462506578549180178393
23445,20740.7684933555171210639736431205656
23446,20741.4618921707982885617785229196413
23447,20742.5534562042922473036681476335406
23448,20743.1558355696158538390519576631268
23449,20744.0786262652633478225250448117730
23450,20744.6437768136110470071315982872861
23451,20745.3232392805881455857308247816179
23452,20746.3285206206102300876334904440861
23453,20746.8958769352126471412610176926344
23454,20747.5913647201216671953702071877125
23455,20747.8882915589692766860994620202055
23456,20749.3926259717055733215623365642214
23457,20750.7141435997282234357485824714284
23458,20751.0351801207511825809604501165586
23459,20751.8371198945432652541807601134891
23460,20752.1962196024080444894171706517457
23461,20753.2490910770420788646981371356203
23462,20753.9777683167394392939612216267663
23463,20754.4379593086222716323281376240377
23464,20755.5412651106984887086083240639100
23465,20756.2920706920965632350307991004955
23466,20756.9430428496552583398921578783909
23467,20757.5719564833227007043232255448615
23468,20758.9735598956927289129328747154246
23469,20759.3936725544327880924566248389887
23470,20760.0354935114171936005046787347727
23471,20761.1634416884373473324333322938189
23472,20761.9684171031699348032271628251984
23473,20762.6868842437940375988510263015660
23474,20763.3117426192931951142259542776719
23475,20763.9136852423731932348302980853596
23476,20764.3874593706944177406333705909689
23477,20765.2563638670976924065278177065280
23478,20766.4390165441030142960512415366373
23479,20767.1558970662299132097784987604559
23480,20767.9844781275740381503632671275645
23481,20769.1181497711420122553875657381494
23482,20769.6417476139758233040952360397919
23483,20770.2909979562493220445404922160992
23484,20770.8209428048565488052014998934012
23485,20771.7947221594020319458303300269506
23486,20772.4533759924919747775149563372785
23487,20773.5925404073981414192006126018842
23488,20773.9789658519617683504434787117266
23489,20774.8793342411790855419936473902631
23490,20775.2685646969711924590063292118324
23491,20776.3897838771277840709210078124549
23492,20777.1834962511254350937159057910913
23493,20778.4796674169246986216287525620512
23494,20779.0604365209790398015668049079480
23495,20779.6075838283342410045741859608118
23496,20780.3019981193815606836551182114164
23497,20781.0798060932264067565978341261947
23498,20781.7765350394163428070332719480678
23499,20782.6578807542094892260087481270525
23500,20783.0377034883822334841351247510244
23501,20783.8381429548167972548395137089764
23502,20785.3368071844343365016165515701767
23503,20785.9108954511390360428490530638754
23504,20786.6451439357072080503406552749845
23505,20787.3806821832729617616020923183296
23506,20787.9067428612237705863740790206440
23507,20789.0127196794257508263125214433842
23508,20789.7920367617552036058137685530604
23509,20790.4041440319853272317696555261213
23510,20791.4023774129275384991372148861050
23511,20791.5543835449500913459757968076343
23512,20792.5917717892022247714629780705687
23513,20793.4197368797381741043901465406093
23514,20793.8399272310640811641012336722774
23515,20795.3981234179175502768969231179479
23516,20796.0981650887630211511294040139241
23517,20796.6940437986599040601985365427829
23518,20797.7047249736289611648239351047149
23519,20798.4131736593740772242564987930646
23520,20798.7799498914560706937511874512398
23521,20799.1968210077579725727546101693898
23522,20800.3920673462383627979034575745193
23523,20801.4390016207731002573260674904787
23524,20801.8603643632253461532390245794183
23525,20802.8725096076510025484759389060880
23526,20803.2654096766132829063844810145017
23527,20804.6512412335361232248836264027838
23528,20805.2422328367236891811189115274328
23529,20806.0514145945762057376925817840701
23530,20806.5871153711964376351567609671553
23531,20807.6409257053434207029833079314226
23532,20808.5022525112890162052497134262952
23533,20808.9897912524883207329503943173965
23534,20809.5907672434653872091938408083168
23535,20810.2544867643190089580579538171680
23536,20811.1015454220774202727859342487427
23537,20811.7627084546420957851535507815976
23538,20813.3802775516313689643634124825279
23539,20813.9027109254177595941542110976493
23540,20814.5932441755429460440145026496090
23541,20815.4128924410595064430159470887250
23542,20815.7189672288680079405187193182164
23543,20816.8670881656298380240389153919713
23544,20817.4526963083026462009858802072269
23545,20818.3097092681423681368495077140258
23546,20819.0475490632746473590871987239632
23547,20819.5861973588896753928975853158848
23548,20820.8192885739112564608599882934721
23549,20821.1910549959175184092723311134361
23550,20822.2156291986726160100385587155830
23551,20822.7933426471627025664680019859038
23552,20824.0913792533288716314636809388347
23553,20825.0242271126484998563244125644598
23554,20825.4001148923928903890208452013756
23555,20825.8083186292878430834197189946155
23556,20826.8809821108238056400661652196979
23557,20827.4724447221267991525011968443698
23558,20828.1040752000008669006620381523009
23559,20828.8952491196423055067483534962899
23560,20829.9932590460860519576104196511228
23561,20830.6504931742918775758342876932934
23562,20831.8886086825904840971703599469614
23563,20832.4380122860053848930014556809821
23564,20833.0406530133915158120378491946577
23565,20833.9632466042029218970508562023622
23566,20834.3333626930923661693535493135790
23567,20835.4296025198716247484375113477199
23568,20836.1758559944977225118753759560950
23569,20837.2161850853271221533000209209115
23570,20837.5381725665749242859742156821044
23571,20838.1016323746935292716547505137338
23572,20838.7388368887123165693028015694318
23573,20840.2574408117522794299823127087319
23574,20841.0341892629032417753831425939448
23575,20841.6641285782134288996042558247831
23576,20842.6711951767264360349283688778379
23577,20843.1782009279168344924616900664304
23578,20843.8999267117283851892090394476034
23579,20844.7949931675590039582285554048480
23580,20845.2384964958609575265233708377711
23581,20845.6601088765526144242973968158673
23582,20847.1927849257923509898827494699230
23583,20847.6018937160764575085933719801801
23584,20848.5583656111977285598802975929742
23585,20849.4870829692609670279583135828065
23586,20850.1647455886424424789283143547832
23587,20850.8497191105985141653644685923786
23588,20851.6546353581491301329148629646798
23589,20852.6192435272055798263877872084662
23590,20853.5605811273890080869107308939161
23591,20853.8304841642533468432196701317978
23592,20854.4624175902024446190908561823877
23593,20855.5801843892037225162712144440235
23594,20856.0423605019011908350093780887675
23595,20856.8279301550711996358408598404350
23596,20857.5330587489814449881263388247264
23597,20858.9782209468284616017256946380107
23598,20859.8663652016030348329248947313700
23599,20860.4481781101044956118389416183471
23600,20860.8372870468266223846658226998614
23601,20861.7018835531861112785294661622309
23602,20862.2008757761172884082538692812914
23603,20863.2876030445252300421321938062759
23604,20864.1423222166808956757230151241692
23605,20864.6681216723194795575197991473863
23606,20865.4083078693664220235671004633584
23607,20866.2914435776894648453453735525248
23608,20867.2120671597693381982529470041279
23609,20867.8238632044918564828279392418587
23610,20868.9917319246381563503349927551596
23611,20869.5260352869078056689338956582215
23612,20870.2799900129640362642906405120111
23613,20871.4175408919652488360950603084426
23614,20871.7288326682956863869136576203657
23615,20872.6659585059925801497467391804854
23616,20872.9205221794053120695473957488272
23617,20873.8369906809966564257132564831999
23618,20874.4958746251180747345178481127883
23619,20875.8930692157971104989209509594094
23620,20876.8348138306214111018798098301155
23621,20877.2101132995403994523940707833160
23622,20877.9429302853387202366239258721393
23623,20879.2730313308524067241595961952404
23624,20879.4270257813689982257052028251784
23625,20880.0583159741367680686328837338432
23626,20881.0672497403821046948802222538795
23627,20881.8858597036107133991767851428133
23628,20882.7956853079373565965267127752771
23629,20883.2105151314013083570766544939366
23630,20883.9732705600575697799871886858927
23631,20884.7624612256714145640669195167643
23632,20885.6313978976788257062990646760734
23633,20886.9410286739790808807851903684136
23634,20887.5136704035904978219446697163075
23635,20888.2800020535964515043019611906016
23636,20888.9178425879655541840327655474407
23637,20889.7464716556882440368926028468073
23638,20889.9461126318362992067917770478508
23639,20891.1009074750250922471431147712188
23640,20891.8396100129998167145654852944101
23641,20892.4817877177602738593534172832790
23642,20893.3520999206381904725753137182013
23643,20894.3804867016060098454615855017767
23644,20895.5405497885451326473903651015476
23645,20895.9612862316289277263920714910156
23646,20896.2792154783116789783037651590947
23647,20897.2489511931726514705816620093323
23648,20898.4692702850882297510290943525371
23649,20899.0372789497713846317179775592966
23650,20899.6920342927564092009595007723930
23651,20900.3449847434954190752399665897780
23652,20901.0116770341226908661140006678552
23653,20901.6793427419254621992744380213855
23654,20902.6747214890911606969049398880673
23655,20903.5121263566706107269867528869113
23656,20904.7394075144679113251098140344404
23657,20905.3248440834884249860506448660038
23658,20906.0891664277359317060990649437193
23659,20906.7223358860170293088028630023251
23660,20907.4076831153164935935464642508529
23661,20908.0750648750740905588572743145732
23662,20908.8739429580911816460821035069780
23663,20909.3493265711957929722263387911356
23664,20910.9416358173013901118814736652071
23665,20911.1771721491887624969831875531486
23666,20911.8516286838665225480572765973390
23667,20912.8236782231539269339944989685097
23668,20913.8719590725635229978961863934001
23669,20914.3595807741537295309213925271739
23670,20915.6007747694234912231573122250160
23671,20915.9987612100663544221149878177116
23672,20916.5621231297049478865965958364086
23673,20917.6922554012750499172976960183507
23674,20918.3306256582140896574411764120807
23675,20918.8252430687918765214292290662585
23676,20919.4071912485725725281251206441561
23677,20920.2018022466727089489200776698589
23678,20921.7579531190482143945971674323161
23679,20922.2888115815562843030531749518122
23680,20923.3778225716907002236228324648589
23681,20923.7206036544381672128176226951123
23682,20924.4193717472528300856242668691638
23683,20925.1939746440907791534546726768375
23684,20925.8726873232348878467441400876102
23685,20926.9808095966087938575002566266321
23686,20927.5220004477643585000729805667341
23687,20928.2687543984118098806968284482508
23688,20928.8714391264223468057026767827749
23689,20929.7583667414787257429797727811109
23690,20930.8038994239578918733807181540006
23691,20931.4600850654697848780975155936379
23692,20932.1815224329378982221540766956403
23693,20933.3575102487404300114636042291710
23694,20934.1263948147319777273952296955206
23695,20934.6547895933920678229868168037085
23696,20935.2875066944438626575029120482139
23697,20935.6908735763488854105074557472052
23698,20936.6496067916514166554276669613757
23699,20937.5568279337517005619865213979409
23700,20938.2921573206291706516526490431653
23701,20939.1122974815148734813156634377816
23702,20940.4382954453064193923127940942893
23703,20940.6726082600981022000733643834885
23704,20941.7662851689578506732030299318672
23705,20942.2755732861002770860279902066759
23706,20943.0580767319806103885017483145311
23707,20943.7126267909059924052879076160843
23708,20944.8015500353627092039607683664217
23709,20945.5346708985949175684605468888415
23710,20945.8885074179927652913608350634424
23711,20946.9362654574724048819704371599107
23712,20947.6266280959895541163638642569640
23713,20947.8031076539462744754380821883538
23714,20949.7226804128708216597859201115783
23715,20950.3913241082432014610965750262626
23716,20951.1425177886884772546077502630595
23717,20951.3946474877090062739224498475746
23718,20952.4397732443106467562944597699844
23719,20953.2553103441493722005461105500373
23720,20953.8572658431659246290624956307566
23721,20954.2524427531403680454376217754553
23722,20955.4295766057357922265569796213014
23723,20956.0076614748230829129134158958359
23724,20957.1223710929627715958925676285426
23725,20958.1808367609873046832181852011232
23726,20958.2641162218719653619633240764023
23727,20959.4265603563247736869187736321393
23728,20960.1893997804218160172069259906343
23729,20960.9438904066909437333906769334046
23730,20961.8457117198557369624027631248460
23731,20962.6736127531743943789029026844939
23732,20963.0993367481965365199025184259067
23733,20963.7190670256403288150597105069766
23734,20964.5772166853866565995046905250002
23735,20965.2262233969181769863586577900780
23736,20966.1894991116676659402348715903612
23737,20967.2145217732508057033146200448586
23738,20968.0267701359623688111731148882547
23739,20969.2256027674020639615136948589491
23740,20969.4198689013107919944130487182708
23741,20970.1463955080897579967835490959633
23742,20970.8762317257257217541637451729825
23743,20971.3256736704226770620198837571139
23744,20972.6111194062757996585730006875429
23745,20973.4205126729724647494562712532596
23746,20974.0350680476787055588476761007686
23747,20974.3972361875342578884082786131770
23748,20975.5221746069351874364377505474193
23749,20976.5162231738185137366760322407402
23750,20977.3311596305998893388043996112519
23751,20977.8302733890389400518589963471080
23752,20979.1215926233018480831365141870778
23753,20979.5488523310346243128091377660189
23754,20980.2537414256272066591374144071309
23755,20980.9643648543131243769685898175338
23756,20981.8688073707351785459821108378914
23757,20982.2369093658160711923423063330376
23758,20982.8117722547895030209034854882440
23759,20984.0695547108287777345649791336358
23760,20985.2207561375919193889614743835460
23761,20985.9498524922508013548049908150464
23762,20986.5170714737791908771487356938360
23763,20987.3368110317152201956765684631323
23764,20987.7196815180541205893865316969106
23765,20989.0851187909425649532686467405313
23766,20989.5335729872741226850813796009553
23767,20990.1077980959048736694075114705875
23768,20991.0115285571144441078813393971179
23769,20991.9420926410484757146222264914045
23770,20992.5948418398507977415535779952744
23771,20992.9923830981573648231748666135705
23772,20994.0855892385854518505262349636946
23773,20995.0418219475773128282967004366590
23774,20996.3029417985900006321705718328864
23775,20996.5920917081417175026319332391899
23776,20997.4854508482708310902946816646647
23777,20998.0358196011556008082856005061731
23778,20998.6303113937124003312651941322472
23779,20999.5127159292936537925904325793264
23780,21000.1006760715013975782635640095162
23781,21001.0097218826562169747355173745892
23782,21002.0736197874937399405588721084345
23783,21002.4743126871593689309662275925492
23784,21003.6237824929676224116231415528436
23785,21004.5771486990665048157699170897109
23786,21005.1724258832893208980095317132153
23787,21005.6440163841075467297278202415219
23788,21006.4287468603155041261862512319529
23789,21007.6442959834621135467286467839724
23790,21008.2327992824503629611290523666069
23791,21009.0359164203695710371032008568069
23792,21009.4769692592815470464101011382648
23793,21009.8621506772056591718453897031015
23794,21011.0991920077461815606913176565025
23795,21011.8497131286319123371926083000907
23796,21013.2618229641935083297050274875123
23797,21013.6810719863053514262837701158080
23798,21014.3519774773279541308323182649116
23799,21015.5500978533569059692479326803765
23800,21015.7167984331452725391895006838566
23801,21016.5154271416689766548594339182652
23802,21017.1319662282309265786492269549091
23803,21018.2285255054436733100491197022131
23804,21018.7688702364301048234286792848547
23805,21019.7210173339196211608522702315731
23806,21020.4850319565575570874883613721473
23807,21021.4117836882045970067485805528405
23808,21021.9371537323465978922991459991863
23809,21022.7485789403942862305206536682536
23810,21024.1359987468511323100714187099529
23811,21024.4309411915170388399890403549468
23812,21025.2106035125072222413839268241488
23813,21026.0266103119920581924036727136575
23814,21026.4686335346294651387923310368838
23815,21027.3809389966879056210192889898483
23816,21028.2280983611782353277489865673101
23817,21028.6082523499425290382697383310982
23818,21029.4562232824369621390790508188319
23819,21031.2409784710069250290538732274673
23820,21031.6118167576947054491347716094288
23821,21032.0765233939526986227128307114671
23822,21033.0307390550635238560948233834579
23823,21033.6073030738736667299057265888678
23824,21034.2710608722142160487181010554593
23825,21035.2184300678427438358381798892690
23826,21036.1576756953058840989404175085422
23827,21036.6402164511260405233206594655764
23828,21037.6128359500531145973820176108287
23829,21037.8327083086374233620933078988000
23830,21039.0509971373476053562074753052125
23831,21039.9179930291885753617274307511848
23832,21040.8463184947267349143530257719715
23833,21041.5553759109416396452850334674160
23834,21042.3043976979230130312292597267858
23835,21043.2530437077395823839022564453205
23836,21043.8642704586903836773578935283111
23837,21044.3654940767860831928654209946523
23838,21045.0367584674892142732762292641051
23839,21045.5317948902568929940676752546145
23840,21046.8552825646929431532370877429399
23841,21047.7752481842882743062190713991805
23842,21048.2866763890364308647979363852526
23843,21049.3273053431352625390001002171409
23844,21050.1414851946799919311283526377441
23845,21050.7707036446396270341249054573542
23846,21051.4745539083563153497855369277016
23847,21052.1579276147590526285987470213064
23848,21053.1985209574005177896856500581856
23849,21053.7782318648185213665798686430485
23850,21054.5089857844845986854682325174854
23851,21055.3803587792586359773162785853270
23852,21055.8432891144164242339441043243266
23853,21056.4614441886310314155009396521769
23854,21057.7104544235885215846949354138459
23855,21058.6622791841635931027138403091215
23856,21059.7250489594081234284807725080880
23857,21060.2967529157420297629054613558761
23858,21060.7474290064580772807903209900475
23859,21061.1554866896773002305572499255909
23860,21062.4851874252529725261301509284144
23861,21062.8934693262512245331027128662116
23862,21063.7559043992334071919322034081727
23863,21064.4019464968797713955646823350661
23864,21065.3388405652349212020152763719630
23865,21066.2168697925348535627716309890530
23866,21067.3178953204426204904760289347735
23867,21067.6735790599318138231090595113243
23868,21068.3932113004210158394961703775655
23869,21069.3128461585863919640064865261328
23870,21070.4017676038145740672717999033109
23871,21071.1563600960690423942490870456958
23872,21071.3211046919200686076266404420481
23873,21072.2867825138700568963831646877215
23874,21073.1182119782812788525180407702869
23875,21073.5158163298712462717428126450410
23876,21074.3109765155261740127056831320826
23877,21075.8108365246045369547241081104036
23878,21076.3024834082039465856215254665711
23879,21077.3533870448701348314998720555062
23880,21077.8814630102341917340404133436521
23881,21078.7649405754932470328334248273611
23882,21079.3095946360122984258915522647984
23883,21080.0843897437927338738209709193872
23884,21080.4137147876422643217637302890566
23885,21081.8552615541557021267694229894247
23886,21082.5550152729048845664552820401416
23887,21083.0140177783058970911502413419592
23888,21083.8688701159638652298561040827745
23889,21084.4501708990428011851462116308066
23890,21085.7844510517717884611250955162890
23891,21086.5466087176347975566296440839136
23892,21087.1787341047960815934414337416493
23893,21088.0167883654574114506840084910532
23894,21088.6650559523594229156795391799735
23895,21089.6349327248718037365594112594117
23896,21090.0047363337156453181825678270755
23897,21090.6006144750855203419457755584873
23898,21091.5973415713477571274582643895766
23899,21092.1186789216570542318585810068104
23900,21093.3026746239716718022136996906667
23901,21094.4988621547522169038221797035819
23902,21094.9957833287865382241480855862300
23903,21095.7629999326029510080674188188002
23904,21096.1430433103968133825989912730321
23905,21097.2255291555258046833153670223862
23906,21097.7788085699722800185713324115605
23907,21099.0527695501331441308107799507376
23908,21099.4374997029039144255575458839252
23909,21099.9640521263013127537319490136487
23910,21100.7281011580683172816267712169993
23911,21101.8303921776012489993288224645850
23912,21102.4830751536432399942656376696255
23913,21103.0546972099244826471962297864971
23914,21104.4868656558694984591137788833462
23915,21105.2318757397945949263761566473909
23916,21105.8342279865045146851306384666203
23917,21106.5798103195494229081755956699201
23918,21107.0429404188269618000496906374901
23919,21107.8597895791366380681280757399131
23920,21108.3592453513286492983756427420918
23921,21109.6652941854625992380274511352672
23922,21109.9980098347397988305837905602528
23923,21111.1095163448502631622581522974341
23924,21111.9076626572403286024210660354946
23925,21112.7227389540917625146258043534068
23926,21113.5357251559973665664520208754429
23927,21114.2406409168277805212310498238485
23928,21114.9414018315434742716249104311268
23929,21115.8860611161151251494359036234794
23930,21116.3001391917154688983771792795169
23931,21117.6597776935769594339570330073618
23932,21117.9892465624658166685612921561505
23933,21118.4426061205743700784437182118445
23934,21119.2887992421110940963565792592093
23935,21119.8754130040371688162266164916812
23936,21121.6499547602972797937014819880948
23937,21122.1008163888655963274590910803700
23938,21122.9493664511010843926761554368879
23939,21123.3558500289069257657649273825077
23940,21124.5916808697429948442416105699687
23941,21124.7462052063675546840913258172442
23942,21125.7214634034658205742936668369644
23943,21126.3931881267175813967647955509702
23944,21127.0916130973286381152584162691871
23945,21128.2091978633495939607913171159417
23946,21128.8413270680172114809926557311305
23947,21129.4093875333276916291693604783046
23948,21130.5991789609967665191285441308287
23949,21131.3368540750858549727192644594282
23950,21131.7229469807400424917627523604323
23951,21133.0916242040498229925786278773786
23952,21133.9079752042475395599791647755194
23953,21134.2876509871138006422158104697207
23954,21134.8659709698531762950407052578383
23955,21135.7177107465812679930944400076408
23956,21136.3255416621379609651894287819290
23957,21137.2848224410391861978534890145051
23958,21137.8525698692662701970618000351228
23959,21138.9831965664300372322896591070488
23960,21139.9277071810612903125137582238275
23961,21140.8918923856255949222161543690421
23962,21141.4888298860005242977779778878799
23963,21142.1111585326312421887627591083579
23964,21142.2340849776273501995510215786735
23965,21143.7011323506394959297926098839704
23966,21144.4330074873578380565884044370652
23967,21145.0525393424355477011861615774100
23968,21145.8899235249011368053934982299137
23969,21146.5142321926434485415071146398593
23970,21147.0745725131922715054907811546107
23971,21148.2007368447106215768772347806164
23972,21149.1084931525025268948575938094617
23973,21150.0443362669334642691271117692694
23974,21150.7023284146645765220576539169591
23975,21151.5046804883742792029970972093955
23976,21152.0290467064470392185941736477207
23977,21153.0263337096878674943720889009142
23978,21153.4121851004091800887008759363497
23979,21154.3406607952601864435627647287886
23980,21154.5300292714099839302237517759621
23981,21155.9632012283218958499432969301249
23982,21156.9477802578789397801703001421082
23983,21157.7318018979538236496504640020935
23984,21158.2189589978398282256802452801467
23985,21158.9981144247546747836940974738883
23986,21160.1142692752917217130347982746717
23987,21160.5100212823847987191972779494752
23988,21161.4147606563324611180806701839552
23989,21162.1347912989932723716678677292474
23990,21162.9658714847895659929063695600020
23991,21163.5696268140773531731071759851863
23992,21164.3448129735204028695930212177605
23993,21164.9327958213619540934019566984176
23994,21165.7077654341407890658242468223014
23995,21166.9266431074780336904867082573727
23996,21168.0789202825358879422266956584640
23997,21168.4684507617518433696975861049887
23998,21169.2364757804237267036790297195082
23999,21169.9945482497787231458164032420395
24000,21170.4932805456269396578563399112250
24001,21171.0767988598853841424850238745432
24002,21172.0891959020991295730105619993596
24003,21173.1660354759615951358420043679043
24004,21173.7480875010740830492851370888940
24005,21173.9338189865295083600430202255789
24006,21175.7133252804987302188836407688283
24007,21176.0822941445770335616517571121938
24008,21176.8442007231411944520622822758395
24009,21177.7024087859080761408783998012963
24010,21178.2656550808451386925727204703315
24011,21179.5233694511507882392681068347765
24012,21180.1647598803411291331158683550440
24013,21180.6023584224981115972645244450514
24014,21181.2211460416193751161985266302541
24015,21181.9434291836365462171587596801847
24016,21182.7451484732048351101598653615058
24017,21183.6565807714499578743269312075896
24018,21184.7761695395541480050504864658544
24019,21185.7343028016846710308282671369892
24020,21186.3445254411504822648761805477713
24021,21186.7895326873568649143991170691691
24022,21187.7650120316102634611365888374936
24023,21188.5321200594734054169173851555772
24024,21188.9458444751293749967966121499136
24025,21189.8473550943998585177942100380381
24026,21190.8306738475873440651870263677490
24027,21191.3976790549343822334996305330870
24028,21192.4577861582591239371021149248419
24029,21192.7832987315299827590566614187094
24030,21193.6743433877137794247350624188570
24031,21194.6990793294141565689001608466435
24032,21195.9418942555159110350467219388619
24033,21196.2538489430711454525604332758179
24034,21197.0481718722568568532007521424956
24035,21197.7069194117401853196902138645694
24036,21198.3164612555243792608679104670940
24037,21199.4953794335557857462435012316785
24038,21199.7277620218717799580926251291705
24039,21200.2537705165354247096578804134961
24040,21201.5842703393711601020718120060435
24041,21202.4812598905648192614517138456963
24042,21203.4653824719810904036536755442280
24043,21204.0421606303264716962759944619607
24044,21204.8715117866985609935140981650635
24045,21205.2793319746742761007393846942374
24046,21206.0604239875269557273933999757676
24047,21207.1788965871023263971819132006577
24048,21207.9231563421377869856768447442603
24049,21208.4792361195095385401266465538482
24050,21209.2343943500077350319812846902398
24051,21209.7735901898519787442929120308355
24052,21210.5381361420726906051770548609593
24053,21211.7786443540823510093170527888487
24054,21212.6696820003050614346895556723674
24055,21213.0872496860648020968838208006549
24056,21214.4322306311606829926657770883438
24057,21214.9465038656222570654702280638079
24058,21215.5857756926834102572848614728171
24059,21216.0838686373762186989545474696323
24060,21216.7150597113209125974773556692558
24061,21217.6809706805121683748293983402489
24062,21218.4524427954096365978514782586648
24063,21219.5182637427056051089370312673522
24064,21220.0470300271112322061355028507794
24065,21220.8820411930956484421926929710663
24066,21222.0023435419961767451361461615515
24067,21222.5331629061281038162538235475853
24068,21223.0929130066381808391979999557412
24069,21224.3100347219443610758255492043293
24070,21224.8011808454225190118417899517537
24071,21225.5914409525952798522631382404883
24072,21226.2553101580636145053247621827518
24073,21227.0714978351258685824672417157629
24074,21227.8158995153940282562375087042576
24075,21228.1666204749439037709037911946506
24076,21229.0746129522391579274769691882765
24077,21230.8011475684750658873081620122626
24078,21231.3145096443339392412606730303282
24079,21231.8599276245133382250574271952592
24080,21232.4807304847849993835586020362653
24081,21233.2498500336209655157430642502248
24082,21233.9958128621612387029431133202952
24083,21234.8641720692562023594647897942435
24084,21235.4487397301604251345758410164431
24085,21236.3040870623584759544584878486503
24086,21236.9860196046329960789212712219764
24087,21238.0293300886936796621134621871866
24088,21238.5694467141552124789623148955733
24089,21239.7653803143169788790215257701754
24090,21239.9698274767073901468534625805053
24091,21241.3107877338199352790303292541862
24092,21242.0721781293340107331303102460590
24093,21242.5399144252165734883504921175717
24094,21243.6421892418451795440214633329030
24095,21244.1367855615279711651663473005643
24096,21244.4228981005394190720285090283585
24097,21245.2699076116112197185698943817683
24098,21246.4712928803260674127538216472305
24099,21246.9709578908890583282209259985187
24100,21248.4393017717124255962514069328710
24101,21248.6610378370810084863026835821064
24102,21249.9004658533562974437938050719614
24103,21250.3652544530209830159631751554527
24104,21251.2768561835948318904335916692422
24105,21251.5196732866553953842736201671466
24106,21252.3828814983097646747517046570075
24107,21253.6943024920522923219132268107639
24108,21254.2798370141520975276515567735520
24109,21254.8132031340797040085475841479211
24110,21255.2673549075001415173433747886434
24111,21256.3595940977953729169787032462222
24112,21257.2563099962344705210092543194523
24113,21258.2192399928565259843455588529832
24114,21259.1717502345914778417307160180466
24115,21259.8069627105814951125953434058704
24116,21260.2913342152936403080605418129537
24117,21261.2383488834264884283469699216055
24118,21261.9210619487376368842887589709751
24119,21262.3376831091650359604775059494565
24120,21263.3154136494389990011168089404788
24121,21263.9469708452943734341527501038513
24122,21264.8379610074290877937788432550364
24123,21266.0640165958231827821447039099701
24124,21266.8463059855171815013172138413320
24125,21267.3464435854613129625191491383388
24126,21267.9377307920161490910723353622514
24127,21268.8025472043496705294447999110389
24128,21269.9650458371481897574202847279947
24129,21270.4820727303541313832730376015481
24130,21271.1985435119725313728890149896978
24131,21271.6838838170897495440871008725620
24132,21272.7024547345338510475466253449935
24133,21273.3955640513765365700311542305861
24134,21273.9031178924384576632784570149614
24135,21274.8688218267073180782890679616753
24136,21276.2511301524105630745886319230114
24137,21276.7288413688260496937971823693310
24138,21277.8397582383994875117008147486264
24139,21278.1953210804403026920133660293486
24140,21278.6759799817967091111356944486914
24141,21279.7059256469464700717847867210742
24142,21280.1631168687389504957109198955889
24143,21281.0522742103907084552740258696238
24144,21282.1667410908365760162317659416045
24145,21282.6546502431963771294549148137693
24146,21283.4708404201996967269135129968748
24147,21284.1456251435072949638166077213302
24148,21285.4189022906349311573189689552659
24149,21286.1158195151312903740443809099258
24150,21286.4680412481264156036960715057547
24151,21287.4503786210747496059772317163860
24152,21288.5083150027495247788755500908864
24153,21289.0042848668516269497086985689741
24154,21289.6446786878396565656561918426525
24155,21290.5168744523682808856751901465935
24156,21290.8123332937270840638278031521277
24157,21291.5102218486911486585845446752051
24158,21293.2102214033418802185794595169590
24159,21293.7262983093391549094728651199478
24160,21294.5371486543046251382580328119084
24161,21295.4577810987472758590863388436432
24162,21295.8499680371560411043579736841496
24163,21296.7625982802016929400602552616125
24164,21297.2430733745086885755875832587584
24165,21298.2562615751709040967293434252837
24166,21299.0139671283116743158295287071953
24167,21299.6284965090338264308743153763753
24168,21300.5022251474669951571518557946035
24169,21301.1826641471976332163997067532978
24170,21302.2228357873252641295142990834337
24171,21302.5799352000720376882911860820227
24172,21303.8192045020298779024455107639483
24173,21304.6417084980644026734264804704604
24174,21305.7483049440140454121549427772157
24175,21306.0176816709904251738491781646056
24176,21306.4973735327646879308541734467296
24177,21307.2790669060966806857590837638529
24178,21308.3684297735190981689226413953799
24179,21308.6812719947150041904117116416085
24180,21309.7531504044012330572857907362292
24181,21310.3173645888903120235163940868829
24182,21311.6491968287882620244989253721952
24183,21312.6782188648994156473494162128964
24184,21312.8543207990092361724336106808171
24185,21313.6131542018239681927700288989764
24186,21314.5529626796366985564487010656618
24187,21315.0734959783553755100196789401202
24188,21316.1290901263491430468442217632725
24189,21316.9405311713980512441304914305226
24190,21317.5585863302830867545042095016601
24191,21318.1158024916445697490035456591346
24192,21318.7681951985554004732709953506627
24193,21319.6212174171769752826557643228856
24194,21320.7029108278284806781085533001233
24195,21321.8632586405433820783210234490661
24196,21322.4628755240909534081022557872854
24197,21322.8786183896569560614697448563528
24198,21323.8814170023298398204995170069216
24199,21324.9439789430592787693695941374656
24200,21324.9956232369587688012307406517935
24201,21325.6835967466800236820992281644434
24202,21326.4611780006114250807049087717935
24203,21327.8025134308771645506836887234858
24204,21328.3461313594682410957474571794850
24205,21329.0605025785571648799700823480408
24206,21330.2338471535078654427905590156431
24207,21330.4943620160027991400389095017139
24208,21331.6545773212920227622610620458351
24209,21332.3182879238830321323861092648062
24210,21333.1809941970658548990333697683700
24211,21333.7559900021398889875843656890117
24212,21334.7231597866476055794484684309074
24213,21335.2235246018197125714437168594173
24214,21335.9141442221685742540129487097545
24215,21336.5737454697895046118328318703685
24216,21337.4964183702382329709681517679778
24217,21338.1939131722229359649741892325167
24218,21339.6742065090040170415768668534803
24219,21340.3438483467662553788435183933763
24220,21340.8958782190614086360465193710558
24221,21341.6036321124409613573456850873825
24222,21342.0743081035216642788964079416720
24223,21342.7938818469101024049286385630843
24224,21344.0185244799415972696391791370123
24225,21344.5983746688273273740884376605861
24226,21345.1875763505767555770693642881614
24227,21346.0492933978297673335441030289221
24228,21346.6984743899834634923587399022686
24229,21347.9755765728110882348501379018051
24230,21348.5008671659143843549704948842142
24231,21349.1150969350601854641555169863778
24232,21350.2232035430843504450294181637457
24233,21351.1761244832838432834191080124299
24234,21351.6177203940278918137402170199044
24235,21352.3118323494206182064578126874328
24236,21353.0899353440206271428790880288072
24237,21353.5021878329743430912282270366320
24238,21354.5228562919868109257886526969881
24239,21354.9481187902335257378594485632784
24240,21356.5401711946928011140387148440403
24241,21357.2182775907889163936504301302531
24242,21357.7128086330633755241846578739485
24243,21358.7082239833155725571017914506802
24244,21359.4568235767295654288429103591778
24245,21360.0176448349402488306380928047897
24246,21360.6839142289408966934879902174244
24247,21361.7680577753993031378907098137799
24248,21362.0887608084430108833751347981754
24249,21363.3473329124521348961147539632352
24250,21363.9985308666727269412779089302828
24251,21364.3804446088891632227466494314459
24252,21364.9687537686241529041460149339800
24253,21366.4727903220535091175186138973527
24254,21367.3061601648070552224886644108226
24255,21368.1458189419130001388726229163789
24256,21368.5565202855821212061136221560092
24257,21369.4987204707792991711006829109604
24258,21370.0902747286222962981953172111027
24259,21370.6421194200884788438960763977284
24260,21371.6298521255518959666654887681709
24261,21372.0947159895287679934240852261030
24262,21373.0391641393949331721413419218193
24263,21373.9502498988055265179933239499191
24264,21374.9073867913405402178376419504411
24265,21375.7080902525280804788333410423826
24266,21376.5215136281854475877911942921851
24267,21377.0416599199187505858540010631603
24268,21377.5155075186841336901456063250164
24269,21378.9468944190229491797212715706512
24270,21379.5242819883650474907870971646081
24271,21380.3157117414332549500366497823084
24272,21380.6528630042702903814818374265321
24273,21381.3041440661021896481237696280913
24274,21382.4168508694739806773630769175574
24275,21382.9748365218176459383232679672849
24276,21384.0896560056602205094785440919688
24277,21384.9466766995258923684507702294995
24278,21385.9784370119507929690906358620494
24279,21386.5884630031900478670998087283281
24280,21387.0795876282429045121464986439245
24281,21387.8459206794402480333633116042131
24282,21388.5435965500456114217556869510309
24283,21389.0099716597190040191959697114421
24284,21390.4120249512897406608297723966604
24285,21390.8043591849849879045336994820145
24286,21391.6827377979637306705086756037109
24287,21392.4047072053993332022973914489558
24288,21393.5023074080421541638246942265037
24289,21393.8527497132084505978588534893582
24290,21395.0851861609547009080058198989546
24291,21395.8712971193519131869687596936180
24292,21396.4103243095964019371459538561799
24293,21397.0790425097443018899089802226997
24294,21398.0301086566802271037534346763818
24295,21398.7951607754078652316694949569799
24296,21399.2106265156019415678440558278668
24297,21399.8731617225334329183215256551654
24298,21400.5529176893973949179095971809892
24299,21402.0147459428123202306251612655929
24300,21403.0465724098825926677688257028844
24301,21403.6022292118128079530292327025559
24302,21403.9815634847951836950145763174987
24303,21404.7933241677549736506726434022471
24304,21405.7897609032927780220890305266640
24305,21406.4746784014306519467544124395665
24306,21406.8344680379751469601002888081051
24307,21408.2458128547410988396913740310867
24308,21408.6400594868639690715790090102027
24309,21409.1407090518673832428924718087356
24310,21410.3339634752403710273223248443700
24311,21410.8745812607353866395866874912099
24312,21411.9740308147466361986335126629923
24313,21412.5942634788971460003049888261089
24314,21413.6770969351646419793653136646056
24315,21414.4698765194771078036765257363624
24316,21415.0404612155595522768639301874758
24317,21415.6196091018868354949188471191938
24318,21416.2354156988401253029612164772635
24319,21416.8796345934227833753714907372035
24320,21417.8263160054310970829740033218190
24321,21418.9183345717895784757317334397237
24322,21419.3360924465566525282512845688766
24323,21420.3925322311326373838914727108686
24324,21421.5345076353712015151206903685455
24325,21421.9566295026838189414519135381218
24326,21422.7495456111855376011407527810335
24327,21423.1348146022292051655669790657684
24328,21424.1763991267999995543966527192897
24329,21425.1950374029356469865969452273589
24330,21425.8054433967323973211118189377406
24331,21426.3352662973812577787707659104861
24332,21427.1177777667629415436903716236484
24333,21427.8554889818991960233704126321483
24334,21428.3710212050030276548057939884577
24335,21429.8800725642685000867258624457595
24336,21430.7452230321900546390818733885889
24337,21431.2678654155448357836863652635169
24338,21432.1481636508189752406869808732802
24339,21432.6528374432573382158794668677043
24340,21433.3215336121835822798286352618867
24341,21434.2678712110073434168487429657041
24342,21434.9215330883716262491704691157766
24343,21435.3554004486898417953470856275092
24344,21436.3778893303099472855149195988422
24345,21437.5492104345093805898974278083684
24346,21438.2209311186767982372999898367019
24347,21438.7521403916713957575194074888869
24348,21439.6855973464373965508986548479042
24349,21440.4253952495491106654801646194641
24350,21441.3370294558806018842202216395207
24351,21442.2020229684859763134176055330735
24352,21442.9033521360922595203362300598886
24353,21443.1799758257345706552555492520295
24354,21444.3123004978446222093554678618687
24355,21444.8186461500460082056712970888835
24356,21445.6230149712191704305860985032848
24357,21446.1420182925251146654626206697649
24358,21447.5642494785009760565367323602147
24359,21448.5957609261944492215957278340410
24360,21448.8771778409038909443156150304857
24361,21450.0768954066897625000659006449886
24362,21450.5773670463760608805516179565585
24363,21450.9145810779355513240445044639045
24364,21451.7046215203013206316880459870128
24365,21452.7597349821692187112220362343422
24366,21453.7750535424771693575336236790722
24367,21454.1323090349746594552728156986456
24368,21455.0542930751536501735248894439760
24369,21455.3775116911416584280368782489738
24370,21456.8960958406103720689719483134186
24371,21457.5338109046922074764099697875357
24372,21458.1352581823763276722599294059402
24373,21459.1637581279442445375823943180923
24374,21459.7880446210670424909611354481334
24375,21460.7821995406942399263335890811219
24376,21461.2854290189662113139478798661137
24377,21461.8635240102959522298090839519505
24378,21462.3817002431468963107406865009338
24379,21463.2987729532913535243547971405025
24380,21464.2343888328747405482411941735943
24381,21465.1801888533740700573298092512082
24382,21466.4092600912321649564419587057369
24383,21466.7009886736301172674034098016251
24384,21467.4067045150747216795465666461179
24385,21468.2877815700311985932117412063992
24386,21468.8957334242497235080575941467969
24387,21469.8936532920945449281560434668281
24388,21470.5104479694983615095464803086669
24389,21471.0872607068731687458177188513868
24390,21472.2992974018722251052241141479374
24391,21472.5139235829123318481595468771189
24392,21473.4527917297529426359700718627962
24393,21474.3500289433622444823819584336970
24394,21474.8526889251399043646845792765673
24395,21476.6406913470374754301787510847913
24396,21477.0475353240274503093300362060175
24397,21477.3883628368373713335738729513155
24398,21478.2366277644673077972468707164824
24399,21478.9046935566223911782869004577165
24400,21479.9327972011805244744113772399446
24401,21480.0904507004669061541482877084593
24402,21481.2704617991974974548788085444032
24403,21481.9544382972789871543896672208098
24404,21482.8141688957677697352429321978484
24405,21483.8431730732593041088149489331896
24406,21484.6423550483570679621525056554241
24407,21485.3398476226094639801807794620886
24408,21485.7895109465769209205787589717374
24409,21486.9031296941054122777196427841553
24410,21487.4048226269953771397706723053357
24411,21488.7065161153184606572870712092041
24412,21488.9244442008153906050040274189983
24413,21489.8800775225915808552804261735593
24414,21490.2672172162272697934576394564599
24415,21490.8116713846120652961437748399365
24416,21492.1489510450360178615677944623117
24417,21493.1882595081726743002775469379040
24418,21493.8789157179336105292665952463563
24419,21494.6082583799043741802868812588220
24420,21495.4119211255182932573354676155705
24421,21496.2717698175682337587451148451802
24422,21496.6812793302387767292232931410332
24423,21497.2153538811066405640004849359358
24424,21498.1303871921386545667427114605516
24425,21499.0664647753161249517272825390190
24426,21500.0170840008755744081591382260470
24427,21500.4392441904240774276353638759022
24428,21501.3391664851774729135348466967727
24429,21502.2103930601376611381001164505414
24430,21503.0113910239600351497409151520113
24431,21503.8910251200114058180854723834393
24432,21504.5703338533873202965182138114494
24433,21505.7901854757011833109977265644867
24434,21505.9076308219762151944273999786496
24435,21506.6298463577082249633801910405087
24436,21507.4215638389370001844221869841645
24437,21508.5105762254753026942092926701830
24438,21508.7427089183444267748286971991000
24439,21509.3906189561428722652933502637322
24440,21510.9464563629348254340022054497796
24441,21511.8380402946979505167680429788758
24442,21512.5205464935543088007433070318270
24443,21513.1005241232957550900512902631757
24444,21513.5446752352684472066502323416293
24445,21514.4118217593124354833419953428915
24446,21515.3315497609511480363179705575951
24447,21516.2896115610329720533650918176268
24448,21516.8079940522387114431903356549361
24449,21517.2599290323302162114640043808470
24450,21518.4199774711829987268030219143001
24451,21519.0455874503093549089270869006062
24452,21519.7255539308525420656320865267183
24453,21520.9414957843923603216305297844192
24454,21521.6398186201486558883338646061780
24455,21522.3949660351884992271762276368306
24456,21523.3162688279725358341907144807324
24457,21524.0393700959260037214301896362316
24458,21524.3192318582131241057855188900694
24459,21525.3261171424136229358160922039598
24460,21525.6889981425445507062572433305824
24461,21526.5617792427252893971165666863772
24462,21527.7685062408313857091307489807457
24463,21528.5825110821785678786311310711110
24464,21529.1740195614948903423348575086377
24465,21530.1184031872870661966073151053912
24466,21530.9118565550826204506032389161645
24467,21531.6079157076942100876901667457825
24468,21532.4615790988628617924622384995343
24469,21532.6903398477986208377850602826286
24470,21534.0516488297885041340199912407431
24471,21534.6908517334745864728291785730316
24472,21535.3637176844687972523628316027399
24473,21535.8811661872777032101832346780279
24474,21536.5743843702116250881411768358454
24475,21537.4208194610280294025215745880532
24476,21538.7990852341364788231072547335672
24477,21539.5052205447498137423115191844536
24478,21540.3279519438697413832906439424746
24479,21541.0228504895407760118444230652045
24480,21541.2779002068069063436620151062444
24481,21542.4495096284314541282806626073342
24482,21542.8686471124124007308241104036449
24483,21543.6779099002799503846346553740742
24484,21544.6122381579173319954300573991195
24485,21545.3507325955533617264844608272212
24486,21545.8831399297444845523911161776604
24487,21547.4235662942715157513565327033225
24488,21547.7432813911124637204564599120677
24489,21548.5675509116418783458311738447104
24490,21548.9320622091228105867995631814801
24491,21550.5854433624591284278113610898062
24492,21550.8906059759678586238621825117181
24493,21551.6295349380097849340532947370506
24494,21552.3168776424002362003943131350250
24495,21553.0005307924903175711519504309081
24496,21553.5013712918140081519682918943001
24497,21554.6595287701915361689191073336667
24498,21555.1017229007278307968559238540123
24499,21556.3713575752336092085337929875326
24500,21557.3159355642109075202389689182560
24501,21558.1936202439759116573904600263443
24502,21558.4879593109698641306650840326357
24503,21559.2810364978214927550963328872652
24504,21560.1932758317169532177476270180347
24505,21560.5144281726284721901609377743845
24506,21561.5114910004247110309507188831588
24507,21562.4541847026513616415550807923345
24508,21563.3086078405759165523360948751207
24509,21563.7825595620455899566831460071592
24510,21564.3318123496469812095625996092435
24511,21565.5025138846505918100837035036608
24512,21566.4455369287333749287854227658119
24513,21567.2479166116418842542248250177868
24514,21568.0721671716707757950192181602479
24515,21568.4800328893046523607984867493229
24516,21569.4128675204036613218413541926952
24517,21570.3119383912492637448697221548217
24518,21570.8061776892115039861314241853608
24519,21571.2140559755659136292790916824142
24520,21572.0592525827584685961154775907177
24521,21573.0321894761243545291846758902841
24522,21574.4034667063109815724172229383408
24523,21574.9228077770036998876915102270975
24524,21575.4682423096638741348472823001454
24525,21576.6577844611717624372957265349779
24526,21576.9069833192556770921267955612829
24527,21577.6235120437947582999898611568942
24528,21578.8390717460874731829642266203163
24529,21579.4003526725316019394680375750569
24530,21580.1133679369043181719715307447883
24531,21580.6966374820751942721957910951396
24532,21581.5638471489944663349891068987086
24533,21582.2955974101703475935545503381727
24534,21583.1071777721677920174894077853180
24535,21584.0535361132023513179238453534690
24536,21584.9942138780753586651405386859443
24537,21585.9808802684221239821705746531388
24538,21586.5195150359836711252295158687345
24539,21587.2137389870359801455341491765722
24540,21587.6436087405012025414177899827796
24541,21588.1628990439024828754543780800299
24542,21589.5757598648007685357718624642754
24543,21589.9854086836110345897052853150023
24544,21590.7411737219230925824528791976197
24545,21591.7206792569511134720991720596686
24546,21592.6453129370174515754187260640333
24547,21593.3855637535616912036739770708897
24548,21594.2398877983316931044178344334239
24549,21594.7779115659241783578719565981850
24550,21595.4313489990847167904073364760685
24551,21596.7003496527727738788912314032633
24552,21597.1157111224638957013063212916796
24553,21597.8730840623654859074968818830168
24554,21598.6345264065690593107599558128385
24555,21599.2512299944920533038020134206720
24556,21599.7504909460129919837822530113312
24557,21600.6697356577983788464401306329294
24558,21602.4052199823814163400226088497531
24559,21602.6951095949135897643171102486868
24560,21603.3987837731222130764896251376315
24561,21604.0233848536546163552375019166877
24562,21605.0379133827416525908332946374400
24563,21605.5738137648255089084737866998984
24564,21606.2794088152185529039371010125667
24565,21606.8780961114733314125921255799201
24566,21607.7755519563556009599100983278218
24567,21608.9416700551228942228192788994459
24568,21609.2265281461781838355328508339687
24569,21610.3070720448664829940838999944531
24570,21610.8789130062949014625858896496429
24571,21611.8463026809425768114748521869793
24572,21612.7032363355990166405586233628729
24573,21613.6919058499770727648191660961592
24574,21614.1013036886512242877759899018202
24575,21615.0215515018896126844859982048567
24576,21615.5218013613890361128420999310087
24577,21616.2531409909566272154819633008662
24578,21616.9894864865639771423159475848542
24579,21617.5655954124365589866397795760747
24580,21618.8234913634446938042060029508819
24581,21619.3272469924365240366458293462511
24582,21620.7070852591272858670371020298509
24583,21621.4464102511518599445790966063109
24584,21621.8568079772976249856624278573711
24585,21622.4463431809670036193959072559713
24586,21623.2065160242090975947914562351117
24587,21624.0138903354812469197408104576168
24588,21625.0880647754110637345934382097252
24589,21625.8459363779501091626207539122069
24590,21626.3119166678551038640226675559172
24591,21626.7311706159261895126694730924150
24592,21627.8419787309624709891794589094367
24593,21629.0483760874389812610047534000234
24594,21629.3469019982109124172422004309761
24595,21630.5860245689629519792058236223425
24596,21631.2910568153654800109448724261682
24597,21632.0912318958213274395124111375352
24598,21632.6251854221957078679097540987477
24599,21633.2625488652344915572172305749372
24600,21634.2776931810604411910972797759460
24601,21634.4390052453026605281799602860421
24602,21635.3169998300460888017188518236637
24603,21636.6998697682262228044662192181398
24604,21637.1372265431290893674259436154990
24605,21638.3758905523711390769746764354788
24606,21638.9340756783967580738495256977790
24607,21639.2994105997623299250917156590810
24608,21640.5534608175088640646054441660596
24609,21641.1773286434239388589433689163387
24610,21641.9431399580409666705556614391300
24611,21642.5443733710616180758912932222506
24612,21643.3970703696324289323741701619199
24613,21644.1693686742247350631549846266465
24614,21644.9772121288910938106531714584530
24615,21645.3239501494200216470381356641258
24616,21646.0636224840656316056187269082763
24617,21647.7363928271422135581104993322572
24618,21648.3070429783564405462803963076557
24619,21649.1452992430165192494079988374420
24620,21649.5882581746913092286127592987876
24621,21650.4194676422244111260119338018395
24622,21650.9429261262440286573640632814316
24623,21651.7873882603269202672122990774059
24624,21652.5071754597514163481108841399976
24625,21653.4520313917179996460720517051405
24626,21654.0787450324854091300485394872437
24627,21654.8894041994486899895388066712301
24628,21655.7720676511834877632944697577373
24629,21656.7602138537199472758149628723524
24630,21657.4141442573939735356582988138910
24631,21658.0273987219579006182753340637107
24632,21658.7762981150547223652395876045596
24633,21659.9322987483491299433826923772071
24634,21660.8073880407274341254009557285416
24635,21661.1077224344192869063174839118011
24636,21661.3558513937944786707487745228780
24637,21662.6240199748995843141492705040107
24638,21663.0412226341442078239500600810179
24639,21664.2080208915187609788669390622195
24640,21665.2528830183044361680728562618426
24641,21666.0538438402217512409361471649552
24642,21666.5901608082248493238126290217572
24643,21667.7544477066023025520413456808437
24644,21668.1060277183850660677400818845056
24645,21668.5984955182956674813711264827689
24646,21669.4518568437989932467444478073587
24647,21670.5312155260651942077604507207448
24648,21671.1250918230742288958344314259264
24649,21671.8359797271515728271787018136240
24650,21672.7554641827310380391603775528446
24651,21673.3098142637110176768112157747730
24652,21674.1113349557097957384878098719573
24653,21675.1432927305986192928402712481441
24654,21676.1418152108145245475494362707499
24655,21676.9737974438140007251123053135822
24656,21677.3455649838774059151519991803868
24657,21678.0124457618179511690692481769939
24658,21678.9495787019179206029941450136936
24659,21679.5546454595671386509100685900264
24660,21680.2512088219597448250955269357506
24661,21681.0043870062781073335118035709332
24662,21681.5250872176193280656202652649543
24663,21683.2929406519566336012934070076747
24664,21683.6253038598766957629940159971394
24665,21684.6112042242599773263726227457890
24666,21684.9124252270407588840411928391272
24667,21685.7966794637624419225021511889605
24668,21686.5873030648908908526900930788474
24669,21687.6117591092674598572666674177158
24670,21688.0363959505388770960938894192848
24671,21689.0393202639131457649434362299469
24672,21689.5236506259947924875334671541107
24673,21690.3107413039060801575487755333660
24674,21690.8141973835899909463291108320285
24675,21692.2067492606325093539757955780666
24676,21692.7116589434293563556369037543493
24677,21693.8921280046839332628113826602061
24678,21694.5474137631887732282666589725860
24679,21695.2766607358734078085835558840439
24680,21695.9538542397832686134866518680723
24681,21696.7034309270594356553367083058588
24682,21697.0660772489234004188397015531175
24683,21697.6982631455688547972196659819678
24684,21699.1505512678279095638463414008171
24685,21699.7193556956341130551593507685377
24686,21700.3692895926741963464915973444359
24687,21701.1634443632239243641883134651224
24688,21702.3761731107488234019806196862183
24689,21703.0687812923235328198601612022634
24690,21703.3070296574827540360100937661382
24691,21704.4795058704304071460371273800020
24692,21705.3440797904001424453559000132433
24693,21705.7335105362997917395988224583505
24694,21707.0114543750423647840374065724589
24695,21707.2017660045853826349610605223502
24696,21707.8703930203069236307334907211511
24697,21708.6293939693876422026080786287186
24698,21709.5395147145448434401271573686847
24699,21710.7733753351560921787150025481393
24700,21711.8236174466293703433730059066851
24701,21712.2078947967860392885922126356399
24702,21712.9719073797919662442226407908248
24703,21713.3287632717265361302985285203862
24704,21714.3835854122497598205238593768536
24705,21715.1975976112673155540692121140858
24706,21715.7312648185054841104807822855494
24707,21716.6743170598168062829930789760493
24708,21717.1748696726034625677655218323616
24709,21718.3231004197228467315767758944983
24710,21718.9976289758273430541647416633574
24711,21719.8452012220772103405520293595963
24712,21720.3822961527386739830474095924189
24713,21721.4622739668335948400614639980851
24714,21722.4823671255949554294566538313845
24715,21723.0546236935567910729474768722864
24716,21723.5946655725867971058713123380313
24717,21724.3047942294374604419696520718030
24718,21724.9635807599535075581129527769216
24719,21725.8090432140742629010372256950266
24720,21726.3637642566743572698858521203769
24721,21727.3105073518468816688541914401077
24722,21728.6116729362083426355429555290297
24723,21729.1070150069264913992619797666538
24724,21729.9944144756054261002502340301765
24725,21730.7701277581165678186457895936783
24726,21731.4232225701525107824635246983515
24727,21731.9871876064346611211992840131509
24728,21732.5488106592473979515821884690392
24729,21733.9037054620989713044315923354910
24730,21734.5357188472315929069179205884788
24731,21735.0662524157313773042325254578256
24732,21735.7649140510633404353493783210147
24733,21736.3895467819352561089838994175898
24734,21737.3731471029020523458504600355817
24735,21738.8161758331566292621662238134971
24736,21739.2321791259196958952347243040584
24737,21739.6869912023860922935623231978534
24738,21740.9538862214373535890533598434164
24739,21741.5233797131884785360737349575684
24740,21741.9189354260649787971891954011735
24741,21742.8713584184838340837951764258718
24742,21743.2582666859899839884623432290886
24743,21744.2796627983968806564403691577600
24744,21745.1061966638551738337744908606001
24745,21746.1153718834109149130095986100183
24746,21747.0328970374979186673404412361128
24747,21747.6691453434265037011302499025200
24748,21748.1811103027881518571456060901964
24749,21749.1487915932187912236733436223082
24750,21749.8114514305509964068977676371284
24751,21750.9112179663991181691108993803016
24752,21751.4234757054972703854666847222796
24753,21752.1589695507719610477293015118340
24754,21752.4972110046767678251142841079978
24755,21753.7492974504333563756274446696532
24756,21754.3592172512389310124349242320119
24757,21754.7889654203373037690311102637873
24758,21756.1627236839334454193883408728209
24759,21757.2221632134519559223890210430090
24760,21758.0282115105211422997803440797346
24761,21758.2698083310973995838033882077480
24762,21759.1592812088397007562565665701617
24763,21759.5290618200927182525494582511689
24764,21760.6361504047128238124167533543048
24765,21761.2268506168097959283991513373581
24766,21762.1188568776078588827851719583682
24767,21763.1651906214288071807537676551424
24768,21763.2857277428270218548972286078884
24769,21764.5553502725209195465903683938772
24770,21765.6398938502103597311805525577306
24771,21765.7799320245332265846215198639140
24772,21767.1303575631328345217376396492930
24773,21767.4789610929798082483309338018162
24774,21768.5806543965068452950614745209550
24775,21769.1109748574379008319933044517667
24776,21770.0286244266390946618786344505516
24777,21770.6468648167299399181799766107550
24778,21771.1154471446613475502825862645207
24779,21771.5186913117050465463376236212247
24780,21773.0483522947848393019829944020318
24781,21774.1736292527059508758964648973318
24782,21774.5488837344876010075179823148358
24783,21775.5278424882367685567294328857610
24784,21776.0846935358831505340046070185223
24785,21776.8743824428764564754750332326980
24786,21777.6989018373077322163739531730657
24787,21778.1373967458477113607809401100337
24788,21778.9955662009607727765474333233970
24789,21779.9175510698935178418167232487123
24790,21780.9187401635610066765959039083953
24791,21781.1507306664869575491970096671577
24792,21781.9095280260370782853509512280054
24793,21783.2783702347458553528158033282852
24794,21783.5400662651889465755850486209926
24795,21784.7705317642925495569297839833866
24796,21785.8784519147933089114387440633550
24797,21786.0669600636785415852888571355495
24798,21786.8243303905876576245841687928183
24799,21787.5281031859598519080514039069083
24800,21788.1356234614547341372586037545614
24801,21789.0852787681954966865452999996190
24802,21789.6863675402418859900270274565410
24803,21790.5568252620728007874856069898361
24804,21791.3937356247619288408051361935560
24805,21792.7702099769812051544746098693997
24806,21793.1712235859327558036448971600917
24807,21793.8816006912553186355812327960965
24808,21794.4308895188974571151599241556061
24809,21795.0702070063366275852249953552720
24810,21796.4505701374256245163516619297069
24811,21797.0142803276573520319883221098499
24812,21797.4374980911170249243220909342860
24813,21798.3848809818488905652948077635589
24814,21798.8721522282220566813955602687869
24815,21799.7161271996105288728597920150730
24816,21800.6035555828507957548600944917005
24817,21801.6747947722035074555414142184667
24818,21802.6767772479125749001297262914190
24819,21803.1787517787645290071762058681722
24820,21803.7985805072674861011524111581161
24821,21804.8873605635877630677490468712084
24822,21805.3054986223184444456859898016920
24823,21805.7516554270476746647810215337064
24824,21806.6721425193822721999732862803295
24825,21807.4866517257974342674478027984712
24826,21808.3886866589108098511505293650566
24827,21809.5335613156976872296482387293524
24828,21809.8489764586355577762226907442680
24829,21810.5947030261610858816776554337162
24830,21811.7308603900200646875295369155397
24831,21812.4765602697078395730164803313367
24832,21813.0777064013756975539448831362699
24833,21813.8625373207876105881552018234799
24834,21814.6632550293648025951561733754021
24835,21815.3974335057492200871017022758137
24836,21816.1096213082567943112501214433603
24837,21816.6070072596610234166329620989350
24838,21817.4591362918847284527003385840226
24839,21818.0095427158894521931130346538383
24840,21819.6334914086338918118923113922641
24841,21820.3722899543517074486089184185540
24842,21820.8881264851427360545319892987077
24843,21821.6318621171899722784541440663227
24844,21822.3951031399993206009491422014360
24845,21822.9046224178386730994827496257737
24846,21823.5281425563206184484698931361510
24847,21824.9079570702908328794863721116647
24848,21825.3147905307329504270990639755828
24849,21825.9148702278902438062232218062927
24850,21826.7002595071881400257190580138456
24851,21827.7514304473084946415825323966148
24852,21828.6412672210782390196014395239973
24853,21829.2652141769081758724090168258059
24854,21829.8850659024456718730644742367354
24855,21831.1441392867605265201049805181162
24856,21831.7721839174024501348450136828534
24857,21832.5658484921888379337026332952823
24858,21832.8993442380544175674572458357625
24859,21833.5777855246584256086324755009362
24860,21834.3694451770259873191577881719829
24861,21835.1771802662467987384432139292893
24862,21836.0943043368823437547263237117995
24863,21837.0466752848603263390750794169990
24864,21837.9762926264282990714761440930306
24865,21838.7263631120424720509560178654467
24866,21839.3571906482558233539595160830729
24867,21839.9549598289897946766853867006457
24868,21840.7883021035535026009868913527573
24869,21841.6463934891292209688564363498444
24870,21842.0870592810373457330020487133344
24871,21843.2892611068300073939383240933190
24872,21843.8640029853522192489676171738723
24873,21844.5109134182164144849211647788401
24874,21845.1474985152474744549934440150495
24875,21845.8549494870043494052077810274531
24876,21847.3418402213142215112952979697044
24877,21847.9652193509758809439271485336015
24878,21848.8792610839847040725948447116539
24879,21849.4198816408659949475882478953930
24880,21849.7055949583684036566853011053979
24881,21851.0712289943201995760537490894184
24882,21851.4435449912048247318823246120580
24883,21852.2304613752728056375061074100941
24884,21852.5471802190548801482979424156134
24885,21854.0684559484046039710023421216089
24886,21854.6079573597584811931043535021938
24887,21855.6201875304186982424970947802288
24888,21856.4614498698615656600351323011806
24889,21857.0350822214656057383391330829722
24890,21857.5184363359624907825920061176854
24891,21858.7082247521497670274599813462533
24892,21859.3685876666447850240723198972845
24893,21860.2442130342361841864560061378977
24894,21860.8520165388754356498173756453054
24895,21861.3469531485914900882734370560951
24896,21862.1388635416900594482740007666128
24897,21862.8456875173985619113771900392290
24898,21863.8390095318699825640042099160664
24899,21864.9145291369329524031176670921322
24900,21865.5016768571288211599886155447044
24901,21866.6244649795227888488032969587125
24902,21867.3869085682826465626315954976651
24903,21867.7623516287848231159219976799251
24904,21868.1835783902342620553130831986825
24905,21869.1962856613992026619319367405449
24906,21869.8013024708686453122049064517785
24907,21871.1629586066009507740087456159234
24908,21871.4985409938385119831720277465406
24909,21872.0660182933982703070030808504222
24910,21873.2270089260691002982768048859432
24911,21873.9760022438769204779297726521197
24912,21874.8549601602859273827699466052934
24913,21875.5018649330138245268972257896205
24914,21876.4294720975586645576007750951563
24915,21877.0898857622116912519842034435321
24916,21877.9612182323018832642117624754375
24917,21878.4928347417488699480689499746709
24918,21879.1843629167859123289524620128359
24919,21879.9429805818907981389059635447331
24920,21880.6004011996970561616496933632980
24921,21881.1136806816278294049438276397283
24922,21882.9301479259604972082766288676729
24923,21883.5733236778351919196618686535906
24924,21883.9833632836640555050060032452880
24925,21884.6612778944577580562306889029123
24926,21885.4847006250103774907866872668005
24927,21886.4142835510406039567283925811286
24928,21886.8072153134590456725358620604702
24929,21887.9726074720264309729851659179608
24930,21888.3055335551396055056451539419569
24931,21889.3079922369353842301704147603753
24932,21889.9755873782666023326935518749277
24933,21891.0498186012876741444076956973962
24934,21891.2440595945108535767739456151690
24935,21892.4531470299721190206172001254274
24936,21893.6316113239866465204806524959401
24937,21894.0823349024129053799721846681648
24938,21894.8955409822055365280766893055238
24939,21895.6721628975582285646030678322320
24940,21896.2470077798078177692429847439517
24941,21896.7016563610955385282251976854353
24942,21897.5224121439893731675306356077441
24943,21898.4870555069994767651268581133745
24944,21899.3022848603270377722124726280968
24945,21900.0325781371103140093231430240580
24946,21901.2148131147220381607839307948357
24947,21901.6859161428955641996845457891805
24948,21902.8414793648723881819790049937160
24949,21903.2388085036041348245903752317900
24950,21903.6189862188589812103412838211414
24951,21904.7222006300205266827908779203657
24952,21905.8532093881867278886241915200348
24953,21906.3219988304192357517404351310372
24954,21906.9349470132454579179929504427644
24955,21907.6499409915624367073506218216140
24956,21908.0335355399921877213070776099040
24957,21909.4582148133583500569437370268922
24958,21910.1911344305213962369504419572301
24959,21911.3461648396833954022322586672737
24960,21911.7993380161291711606886039390841
24961,21912.6090615348134462927885247837990
24962,21913.2672722401917335037582207847654
24963,21913.9498383561911962020806562319684
24964,21914.6268469633646986582003556230305
24965,21915.3008749570404014409838549835119
24966,21916.1182256871039648078685169836237
24967,21916.9688221091571162921630179320953
24968,21917.9529386074614827067332184408904
24969,21918.6588737235707496560542225212678
24970,21919.5114199743094267713592073265859
24971,21920.1573477975133854360528643185715
24972,21920.7508172325516075354652950152378
24973,21922.1514009280731232300294221227761
24974,21922.6688708910534830684041805812820
24975,21923.1851393133198149641766176047056
24976,21923.6959283196773216452167927625678
24977,21924.9269396158992887079458490051638
24978,21925.4711484173524522700503908677636
24979,21925.8176075686652124191513054498279
24980,21926.8228228710362240315698305107315
24981,21927.9564238894755648434604582396054
24982,21929.1002325851710527474781029639694
24983,21929.7693896904613269778792614870194
24984,21930.1107105005490500235490517975421
24985,21930.9966524781944824989455454712931
24986,21931.5210272756684487026361797359456
24987,21932.3260488164080414830196824100007
24988,21933.3204959602828074849198999321906
24989,21933.8621371967114783083230416481331
24990,21934.9636651602038470102055157728776
24991,21935.3980959639379561527455533378862
24992,21935.8988604201105649676180977239283
24993,21937.3143721691172671267364224633984
24994,21938.0589838143526887573620310244870
24995,21938.6356373660322976503617167854050
24996,21939.5166449629062801455701257521764
24997,21940.3694170786579993675747926894552
24998,21941.2195249106969323610313693145373
24999,21941.6441217557040090269343710896465
25000,21942.5924301325946844641589829186728
25001,21942.6611012977870528178578208523692
25002,21943.6274338067717963108634381906164
25003,21944.8316585210433792248191057297963
25004,21945.7650102123914459203937837927292
25005,21946.4647470750576452879204425181767
25006,21947.2457786582223175475494584638377
25007,21948.0859634403876496250160660914021
25008,21948.6282805528131322823848127327454
25009,21949.4585872769039893155697869343041
25010,21949.9989203860680335622992213683093
25011,21951.0779064834764386237811238074461
25012,21951.8996332679170216794017644796029
25013,21952.1577018240998885446542962163831
25014,21953.2603643810487661052670139660456
25015,21953.8752365270234512721112935771999
25016,21954.5555536358204405196230881302214
25017,21955.5086978389115517554041020010892
25018,21956.9852357926023767654992847106368
25019,21957.2681822594649286478070751869628
25020,21958.0502894624843515582161812380038
25021,21958.7436193654582867991758886722127
25022,21959.1767171738418834765444920983039
25023,21960.0477198416897008228396525056583
25024,21960.9439044233903411328175533846754
25025,21961.6117224506162826621262543646685
25026,21962.2241156670732150251478352256995
25027,21963.1778927231586726366328268346879
25028,21964.4872083120393140748746874274810
25029,21965.0769430433831981983275288893439
25030,21965.3432659587944366076574644158431
25031,21966.4096822777839190581276649159067
25032,21967.1994872958500142924913395093204
25033,21967.9177401770400119496424846443883
25034,21968.9723459096137248160719378990336
25035,21969.4594836709285248131008988559089
25036,21970.0568304447694919591752777266513
25037,21970.5937279423717945235509008707873
25038,21971.7400168880727507724395558326500
25039,21972.0178682227853172249237887117506
25040,21973.6712903806553804297149279781968
25041,21974.4435953914693806419035762715609
25042,21974.7336821955178585749118682348946
25043,21975.9701312261983080606055402433060
25044,21976.3327172669984546577645143340485
25045,21977.3212377491002656370992983782586
25046,21977.7082070339761435321554772307620
25047,21978.1666456021812365991195209612025
25048,21979.5726821740627750876043946306649
25049,21980.3336220799474588060704842520157
25050,21980.9025789489531278690252570379788
25051,21981.5217001068945292547536701561925
25052,21982.5798455711090322838568756521574
25053,21983.3841392584402101241178223196419
25054,21984.2728875210103548621109163105571
25055,21984.9895821538451830783198680018547
25056,21985.6797644371250468614676016896164
25057,21986.5553511073220202331159987515023
25058,21987.0803315500131725474982349832063
25059,21987.9001657273013246380472946522884
25060,21988.4217511096831093956884937885968
25061,21989.2296235336711086226934500869021
25062,21989.8252937501763012472040272959223
25063,21991.2301191655197639712476513486016
25064,21991.9757876462253855930990753049141
25065,21993.1067760621269594743432781774587
25066,21993.3455239613530218148638137172636
25067,21993.9182428110916805727300624531490
25068,21994.5812843296234115358893749605622
25069,21995.8328159992138889884156800726548
25070,21996.4107032625878312657143625864999
25071,21997.1315967929864918086304294834983
25072,21997.7762700934518089158060626761129
25073,21998.4923849737740556571553518528001
25074,21999.3764855356100927821631407554509
25075,22000.2350385659777008657310812135607
25076,22001.0731644298926226259901225561303
25077,22001.7259575504723440182154359681988
25078,22003.0230962939912130414150430058280
25079,22003.6493139071245920216184854029546
25080,22004.0954382236838728197308302741441
25081,22004.6447724541706358674470264614108
25082,22005.6403564563751574175788057822933
25083,22006.0953686464819129631792413736514
25084,22006.8509610013013078420121055704294
25085,22007.8744853531703019929800108992695
25086,22008.8618666172571651837071497717607
25087,22009.5552611147045573018821311694956
25088,22010.3022371328595227513653896973342
25089,22011.2910042199690479333015601025308
25090,22011.8541144613464684390459165370835
25091,22012.4269396071215103346714497745577
25092,22013.4687331725396430654439073264072
25093,22013.9790660750640317094003782295029
25094,22014.9136115288061133416413522061518
25095,22016.0078623183744777061330917272209
25096,22016.0523141410326578412874216887375
25097,22016.7770314178426521542734425145754
25098,22017.5039570010740175388408093214812
25099,22019.0746382958770099187234099303245
25100,22019.8456875323465604514891862216349
25101,22020.4570759233230433764092211516556
25102,22021.0754216640173357946811096929433
25103,22021.8313446323471849718443095058881
25104,22022.6793394090901659310015960619749
25105,22023.2280869516383339815510028165213
25106,22023.7122693083492582523420233737192
25107,22025.0346890498905067082701221917005
25108,22025.2974851798196211755677825573604
25109,22026.4455110097197472006752226205343
25110,22027.2064712452747932115740865436183
25111,22028.2138113530652630034060525932176
25112,22028.6342820742982963542414694001951
25113,22029.5450278326845495673306817123553
25114,22030.2042701060426613477058373029144
25115,22031.5562149992111811003828814929340
25116,22031.8311243072144035256585795745502
25117,22032.5112383348532919934729399802638
25118,22033.2748612262705007691207190489642
25119,22033.6290800712842856253572397842404
25120,22034.8389996678606462573796822224311
25121,22035.5316435921580908199788747791967
25122,22036.1616323602902212978199417720794
25123,22037.7575534726410723921556458447001
25124,22038.1572717775175172857884107774688
25125,22038.8605519437719415890596663476753
25126,22039.6306699844068372550140660765162
25127,22040.2700636057160783144673380619419
25128,22040.5981415874420799819536584648715
25129,22041.8515083251320585754714792932045
25130,22042.7167735910661760543254037310217
25131,22043.3486400770137586341757705857645
25132,22043.7802080746134609683362072840781
25133,22044.9185715984365454429340171348675
25134,22045.4570196041114376179644978693453
25135,22046.5298989667708978305346834701300
25136,22047.3863366592588157444690759293948
25137,22048.4346476310062061858688682572164
25138,22048.6105636645700723275039307014098
25139,22049.5093236784140891906243744159389
25140,22050.5466801923876421836419452732141
25141,22050.9011377793720991960517422319068
25142,22051.6636544493105815532112945722945
25143,22052.1034530117777820776309996709160
25144,22053.0481658809131969846769612121552
25145,22054.3816222429161587235830556809818
25146,22055.2196279064403954639960834510812
25147,22055.9004627129055809041539570547986
25148,22056.2336163567645678860488057016807
25149,22057.3263608842564944750994042567011
25150,22058.0921479213648255628047219412924
25151,22058.6165150533544689836558477950012
25152,22059.6430526126752211255400081066378
25153,22060.1541389195691729996486176791311
25154,22061.0630551338896387398554831685679
25155,22061.8181537277823076309780346227441
25156,22062.2054288271510108253841365707294
25157,22063.2105224173865246887830941990269
25158,22064.1315487854903044031765106420369
25159,22065.1451663226477027992688029549717
25160,22065.9286534369039086799406240957448
25161,22066.8243427339670043893492690709030
25162,22067.3662345003606559512332939637926
25163,22067.7651756465372452602204914730874
25164,22068.4585782810810424716114467338806
25165,22069.4580586531230405823271549891988
25166,22070.0404369757893726696853625826787
25167,22071.1999329938084265891764551769338
25168,22071.6580609970357711593214079850334
25169,22072.4110849988951850945659991851787
25170,22073.8643238865353088746441470495639
25171,22074.2749591250287796709005996093069
25172,22074.8522871355306300402835172511323
25173,22075.4580888851312669753853739590230
25174,22076.6248523289253135910164187288179
25175,22077.5866963966016194044864191003535
25176,22077.8799429413479463319775987652269
25177,22078.6825710657037226807111775572332
25178,22079.2705464250938404253930760854610
25179,22080.2087644278441208535681203092085
25180,22080.4561703270093849234200756792143
25181,22082.1725177551757070461523082005326
25182,22082.7734804076731874613919484406736
25183,22083.7005725652625332324872403116935
25184,22084.2370988165491669519792182403282
25185,22085.0427514474634492952356363378138
25186,22085.4995261530030274646896437789570
25187,22086.4902408134566597800329886201136
25188,22087.2328234331999034741609683537565
25189,22087.5399277027607231110581403201492
25190,22088.7656749122773087001789122863555
25191,22089.7460841921332584578937641591648
25192,22090.0576711240101979664334989779822
25193,22091.1478571262487319442160058635507
25194,22091.6294314479356241691966724738982
25195,22092.7735850997829910984427112816116
25196,22093.8482867873571347333219748420119
25197,22094.1307446076728688850973088650508
25198,22094.9830787842110869259532150164844
25199,22095.7344535874493518698540783471766
25200,22096.2270515125354523187544189985587
25201,22097.2431355381816390570431421815749
25202,22097.7366582076787637227383571512740
25203,22098.2765443757991693197552903218462
25204,22099.6078910157678913676047035643941
25205,22100.6075993448107998402402212965120
25206,22101.3336172009431778868695598858974
25207,22102.0728492138143772509732681424113
25208,22102.5489398835936913385078831267695
25209,22103.4670346853176100243333725888086
25210,22103.7945002387675925501212343286083
25211,22104.9518805817364285155362853963061
25212,22105.9945201911548663471133299554136
25213,22106.4977936883075611694028430029572
25214,22106.7921883722015367308897807980215
25215,22107.6775088205828915643033652172247
25216,22108.8327578347133672086180951616707
25217,22109.5670934938807674518150144824221
25218,22110.4434816085653255828447664446490
25219,22111.2833987334107707317874165831868
25220,22111.9691100414704166257890124163163
25221,22112.9084898129138809105551874986861
25222,22113.5037923094071880042674258953531
25223,22114.0130653160422124807964335628668
25224,22114.4120280840068526991187395687583
25225,22115.4737399197138038102238386708038
25226,22116.5704686436894813890148308487409
25227,22116.9768164294023946336945021061542
25228,22118.3095862205330489095658336949488
25229,22118.8291210978402546107061731733807
25230,22119.7192180549065851103380108493308
25231,22120.1790567905603239179670125979211
25232,22121.2586769140850069806963665970478
25233,22121.8656541793457489247239297840751
25234,22122.6027080647660560461351106941174
25235,22123.4954760051567587606732158093333
25236,22123.9961760388758054277668400069008
25237,22124.9049841829622467079864007742959
25238,22125.5427017341921725294273788453130
25239,22126.0798913885885773418754071671660
25240,22126.9831082506370388390086073596836
25241,22128.5605047724945711137459669746149
25242,22129.1930496251391601229687400765645
25243,22129.7548671695148975488466667397481
25244,22130.0247613079581806986108791044738
25245,22131.1769567583274736809615817073850
25246,22131.7061710501171641546994523850155
25247,22132.5499080639695631021526708523040
25248,22133.2011454464783130823788186823204
25249,22134.0785489868233506048414885694373
25250,22134.7525604207282449406683968032679
25251,22135.8323070662175890900577574781912
25252,22136.4485270333026234944887985767850
25253,22137.3609644825222392066823372039673
25254,22138.1940916727968985365928963304467
25255,22138.5094070155552067694939730107902
25256,22140.0104720730556702159848506140336
25257,22140.3297785996715333125841705706830
25258,22141.1106692393765835210696464885174
25259,22141.9125255371791258546282969544232
25260,22142.3685262849793474240639221797631
25261,22142.9038453270369020992700655193021
25262,22143.9159934925856941792064242045021
25263,22145.1071734002452243482882747079721
25264,22145.9139960220412806980977853700258
25265,22146.4844884436052192757689382972187
25266,22147.5889216551731676751360251821806
25267,22148.2672269216488416981259296098867
25268,22148.6576661702518193713613480054331
25269,22149.3164120761200158683593866157499
25270,22150.0930424735498638707175175062760
25271,22151.2687974710227491298724700178318
25272,22151.7553459234304812026700804908866
25273,22152.6520126948616303779768127667788
25274,22153.2715263381844559976797977668558
25275,22153.7159333801766937741934212729663
25276,22155.3273068539811257105711889795147
25277,22155.6030571888079217112312895521320
25278,22156.6678550193428903364157458697985
25279,22157.5916620843548280929901723348377
25280,22158.1529143825304276615052389304256
25281,22158.5698848981800618981876925273532
25282,22159.4593771212317323133212270626485
25283,22160.4338005123774703640116139920904
25284,22160.6572000982331862004641600917487
25285,22161.5444465250863869682097736737868
25286,22162.4149082070834168468621037693551
25287,22163.9845257083668322504000200423700
25288,22164.2018085077963983470126001371417
25289,22165.1290060160614491601635417414904
25290,22165.6578093278445411970477251020982
25291,22166.2255592502575909947477905540179
25292,22167.3909630351056129266810537779288
25293,22168.2342651974081190101881611664826
25294,22168.7160423566909270003577666884020
25295,22169.3414981230346923006807490659545
25296,22170.2378651900256532877854909822761
25297,22170.9016575036285835366215171927227
25298,22171.7282815061367328280382151575656
25299,22172.3612900126924267287450900600674
25300,22173.7542017801014292480797282068026
25301,22174.3217727222959414845636208898288
25302,22175.3544254911763726319270430176077
25303,22175.6476383972100166276591672253518
25304,22176.5892550149094511133887422494910
25305,22177.1280295223103334889334123753984
25306,22177.6736310817485775113778972865186
25307,22178.4637366911944596570206709102471
25308,22179.6768435126740722072374516138333
25309,22180.2962098408537520727072006694885
25310,22180.9145953041177719018188093263874
25311,22181.9686119626108431224491035270012
25312,22182.7104480423267707211811841980370
25313,22183.5513433718939337214704356094144
25314,22184.2913691160898034092038658912206
25315,22184.8575300830295631176047801931528
25316,22185.6054758326171968992228245697980
25317,22186.9047544986301593643645958574800
25318,22187.2278778253494011641571454278900
25319,22187.7425184800762411839070245180400
25320,22188.3972308106173324647688473584095
25321,22189.2043426047531600883915971691991
25322,22190.1864503752989034516600859944978
25323,22191.6716134608330176200681191555327
25324,22191.9191228661758373803282653801602
25325,22192.8805380388803515821841650048711
25326,22193.3487786427324291925501261405374
25327,22194.1846454329956636957781690934001
25328,22194.8635038686602261770385202523798
25329,22195.5435456609352358986742344616842
25330,22196.3343369716281957759224028353310
25331,22197.3766173888357328867098165800952
25332,22197.7118397315746677111415809629641
25333,22198.6081008021285778843219727908505
25334,22199.8711346437179317840823058776044
25335,22200.2924922060060529627721703814616
25336,22200.7304421041864435746180255853171
25337,22202.2570484213855708962202626539127
25338,22202.7936187688126014815678013354980
25339,22203.6854247367374768378886611881596
25340,22204.1619139325522927081797453649517
25341,22204.6091636372142563545530863436026
25342,22205.5393243653907780328215469700150
25343,22206.3669049050746161891256087437270
25344,22206.9364611595938502382690621789591
25345,22207.7788514640613875893240115463442
25346,22208.9802955010161706703999405292870
25347,22209.8318539276531966890356842954713
25348,22210.6244925742289486973867060804130
25349,22211.0909674995411416910806065211652
25350,22211.7428366729439247379585712020777
25351,22212.5129983052670339775088215660427
25352,22213.3543778592987700028567055852963
25353,22214.1628809450359907248516183599878
25354,22215.0497490730599521736014283119958
25355,22215.5786506220254392833598347127726
25356,22216.3932969576928686987269909772659
25357,22216.6813515604062608491699769377003
25358,22218.0109534630940954881033605990622
25359,22219.2075604468127065205761054880950
25360,22219.6240914577297947187647549589675
25361,22220.4067662571936168650832276374181
25362,22221.2007754722191151867691682313064
25363,22222.0080733211364547453757669465599
25364,22222.5969419460216119385294762170524
25365,22223.1279948874143988446978005006254
25366,22224.0472086303802633169107070849068
25367,22224.3097749580456959019221202396482
25368,22226.0362643349552554330785419348249
25369,22226.4392795477894264868290733725944
25370,22227.2430168029928005020349561231421
25371,22228.1608642038442451777579410343741
25372,22228.8203178125046020360791926000388
25373,22229.6066011396303622061804922740326
25374,22230.1588248116721185107226219805225
25375,22231.4174896254534304050979347884191
25376,22231.9103044088518947876280308708867
25377,22232.2999923953110414558974496360669
25378,22233.4022341780585050488125609044831
25379,22233.9651066914299312602416143980497
25380,22234.5905734352605755314847913431249
25381,22235.4935860564028821845349347676953
25382,22236.5698220210927381280766059610346
25383,22237.6027970224842412698998620257713
25384,22238.3269014171861578228587076138280
25385,22239.1406436018461375889708940010564
25386,22239.2332932820533871382815204694841
25387,22240.0769735053111175347266218509952
25388,22240.8239994093070905623107510199757
25389,22242.0433841706546352566869149011961
25390,22242.4525086145102612065574916771036
25391,22243.1540365797529253616809650339537
25392,22244.0206598877522000964036605646973
25393,22244.9940793436784331455829798424214
25394,22245.8498333261821564746190592399821
25395,22246.5492898613130985825643598831730
25396,22247.0555514342647967483150944538174
25397,22248.2356321939856668259759726724560
25398,22248.9347010844867430232334348001839
25399,22249.5681978884300252801346681176670
25400,22250.3955324592246863338466079717094
25401,22250.8083833449282927591039707881999
25402,22251.6746252115729120743890410613763
25403,22252.0545259391791375590392678558326
25404,22253.2716318352882716461326610415859
25405,22254.4270763689481719272143380037476
25406,22255.3372439851859932308655959115215
25407,22255.7467366446159975759483310629249
25408,22256.2476025148122040107467236105549
25409,22257.6696418406524287169413856735435
25410,22257.8661157952890467450766949039868
25411,22258.4609787376589386628859912130732
25412,22259.3641062648991686268656316256097
25413,22260.3762789894530485042669104390699
25414,22261.0391494441025387570821949352526
25415,22261.8453697782640094365805963333861
25416,22262.2279129691984246315929550837559
25417,22263.2801116615497735436164509284209
25418,22264.1630382513933447722317777807620
25419,22265.2974565504691951640902887663706
25420,22265.9304233763369772608418589543685
25421,22266.5026458343238313832357931995051
25422,22267.1166264222408993165116960535104
25423,22268.1388578630122572066238183862864
25424,22268.6454343224272004983337276481592
25425,22268.9725879723912478475544014903044
25426,22270.3072926222860992502760204043559
25427,22270.7952782353250697000017450977277
25428,22271.7420283003461030089658982200602
25429,22272.9822675380134128276004976459290
25430,22273.7414295513592079922446969441619
25431,22273.9958768695530726437191023654114
25432,22274.9474695351747266267639623681746
25433,22275.3690655444862423340392648403982
25434,22276.5810552730173897700067337784114
25435,22277.4417585659931644815409261328167
25436,22278.0134896909358325215196404344489
25437,22278.5367759369559783832186822329925
25438,22279.0854701350920741178164831284587
25439,22280.1563476294989554615743567506536
25440,22280.9561785361034513118046349552198
25441,22281.9118087273083536044158997385329
25442,22282.7171604034362111957314892124854
25443,22283.8203616135579453144549139805259
25444,22284.1872607010048585182684218846576
25445,22285.0171115630122286494534158802690
25446,22285.5034827026729988800085115827732
25447,22286.2804773642230956594044180987386
25448,22286.9018186377868597702271663290267
25449,22287.8093863192311654367982352191176
25450,22288.7317207529215682648563028654224
25451,22289.5296580440417296370790825229281
25452,22290.3249151595958910022918585419717
25453,22290.9891771088530526524076055734314
25454,22291.9433707103237512915196310659521
25455,22292.6133262905749768660939192338970
25456,22293.5089908304515156076129408645139
25457,22294.2905193296776241928179139910134
25458,22294.7357939953788534900284061600681
25459,22295.6998746371933204988878694161731
25460,22296.3493172123412356140718259044607
25461,22297.2227578886537040965064806806714
25462,22297.6473770862542495126284985204119
25463,22298.0183861697541932382699474776416
25464,22299.9996312144476008425179593130378
25465,22300.6389146768272808577311600747102
25466,22301.0024520156830090820151204871786
25467,22302.1489679151510573351328359958531
25468,22302.4599100392868798368292395345587
25469,22303.1083706728264768646526751347152
25470,22304.1778473157554251759356563173375
25471,22304.7375641076710572261301997489735
25472,22305.5373304148991281746311555898548
25473,22306.4677129582320050031745896897270
25474,22306.9238593778601578411458801340847
25475,22307.8840696568767351955868477143893
25476,22308.7360962020353070285111378153876
25477,22309.6501478201663168204966705028617
25478,22310.2486975978633878605897737825347
25479,22311.0306687387449520260912543673919
25480,22312.3488862968259342356018130763994
25481,22312.5924279431570268593951066310795
25482,22313.3929851174939533145938485348632
25483,22313.7037342311023902288363820710104
25484,22314.5230875832422275490557956875534
25485,22315.5514668016967760317710465111668
25486,22316.1288221883437238606495718301870
25487,22317.4602655149349830186386848418990
25488,22317.8357430732259088602775344416475
25489,22319.0620294039532573444085619895846
25490,22319.7422434330332787813520883016342
25491,22320.2372629325524848647347322538429
25492,22320.8133898450841471181776599476941
25493,22321.7002170952570437305758764601536
25494,22322.5721474689448623201412680651983
25495,22323.4237201019596217181790751556299
25496,22324.2210039836886354823598043709045
25497,22324.4305625569208141134244791966093
25498,22325.5189228632640132668262435498820
25499,22326.1176338161286305016582571887889
25500,22327.1379609910417923834564544631230
25501,22328.4297672349924404280407725975472
25502,22329.0957561763203480303975006591824
25503,22329.3118087064818575138461969285360
25504,22330.3682439732714410147527460560764
25505,22330.8411665301470116656370973303693
25506,22331.9183858451192497954083173504019
25507,22332.3246328985793417406225767348752
25508,22332.8702444352859482974298530420078
25509,22333.9619954094504361194445440010484
25510,22334.7860995686558162256606331730406
25511,22336.0855135557005008377665034122309
25512,22336.4352507793682537817843143584090
25513,22337.0505875739176646927465431956586
25514,22337.8337130613441440321558499976672
25515,22338.8580051039998180210316515181808
25516,22339.7448871854551811384106924333767
25517,22340.0372942842260926894549969745799
25518,22341.1070657755125022706459847967178
25519,22341.7665149161478452000760214321843
25520,22342.1881967795623308243842462662704
25521,22343.0425558983805218746172740629456
25522,22343.8697654716586371324545597305254
25523,22344.8302795760481936346131537483739
25524,22345.8605992053658844088933541678561
25525,22346.8538999344103570496522021955693
25526,22347.1212512769960775096161647440630
25527,22348.1533635383007738221877859266314
25528,22348.5880797754009350330158146774533
25529,22349.2995380496930618942174021221066
25530,22349.7380968608314267079129810627382
25531,22351.2080877545105383131489536939663
25532,22351.7739053743798764078486869528216
25533,22352.4171675155388052775020599989245
25534,22352.9188021283530623583848820842332
25535,22354.2333212407005078467357284875260
25536,22355.0743622887715797268762769381866
25537,22355.5626379967360541365446143187454
25538,22356.3933855385990012004777384143379
25539,22357.2563173493127246982975180458409
25540,22358.1786798707827482782724305876285
25541,22358.6224552365011088433199306209665
25542,22359.3793356854136198545216901708246
25543,22360.1252012290061925623125933840676
25544,22360.4250021533095969319809464499658
25545,22361.4815947654105550697074164533996
25546,22362.5482643844297346351039085369226
25547,22363.7093294891109563867039525068554
25548,22364.3751458580772347575184096609801
25549,22364.7211565477061480326256820177725
25550,22365.6748299420613128930615622211719
25551,22366.2575510656349295244489636957723
25552,22367.0412146225454694620077085687811
25553,22368.0201794051677040643685799818676
25554,22368.6742668512745912116293729056536
25555,22368.9957094287767314284459600573343
25556,22370.3487359981474003951970093222207
25557,22370.9533332335959290835832371346373
25558,22371.3900341579842872577185864282536
25559,22372.4657907741199258763596336555038
25560,22373.3635295524262557078769466734831
25561,22374.4787994923462143280789303089043
25562,22375.0283468164704656820654579040246
25563,22375.7220446806193480334570707277220
25564,22376.1352606111175981788407790072069
25565,22376.9293548448659568030389037892681
25566,22377.8500697507353802485206363375543
25567,22378.3704809372888384724836629227259
25568,22379.1356299251775828885061968989722
25569,22380.1585618481959258857788076731854
25570,22381.2209995889381362082222170256242
25571,22381.7526491812167934020765032563723
25572,22382.7183708765723743737957322368948
25573,22383.3924129709848142177730277355717
25574,22384.0274006485993313294681769225087
25575,22384.4293942783239273022732266631073
25576,22385.8879896092601964317317957529377
25577,22386.3894905952994796450359922430468
25578,22387.0633628403030827776671729707992
25579,22387.7099558551810880314518278708992
25580,22388.3735725385875293462005523043825
25581,22388.8749378764747341178841962006673
25582,22390.5434392538123224245495589656637
25583,22391.0421861994405670072363628249478
25584,22391.9871334780088410905285782369819
25585,22392.4674630286943029603295065945890
25586,22393.5696492588630528017461043054958
25587,22394.0514965353996980170861463456802
25588,22394.6280449083349652630968063076163
25589,22395.2107237104482817852759622129527
25590,22396.1076949087845375811402581808827
25591,22397.0718503679969760486051894610593
25592,22397.8548959400422507659660253604494
25593,22398.5431353478353331211384460473334
25594,22399.5356130915895594003824026347204
25595,22400.2776273276064517669196649451406
25596,22400.7544786821710481989906061165656
25597,22401.8764115946490824600953532185773
25598,22402.6903476008640624594291736125744
25599,22403.2977849249452168632444187711284
25600,22404.0875092596752083890995420426085
25601,22404.4856274050861782494688215768941
25602,22405.5400497367487175536621932570650
25603,22405.9963861204458009466409695885513
25604,22406.9846585049950511691270958557543
25605,22407.3746415451058984306137561541911
25606,22408.9993055575367739536857266878068
25607,22409.8472244668840317269294069642535
25608,22410.3964151853706006101561439288579
25609,22410.8985745569896989619911648489456
25610,22411.3326987432353788394427735524606
25611,22412.7158419696753938251982854783049
25612,22412.8526727218471786701289063106465
25613,22414.0656435422847232358843333802629
25614,22414.7077041129611919035517008059904
25615,22415.4620937086786992533323905787241
25616,22415.9285934223307908410983266836698
25617,22417.1632266824177424829753506892471
25618,22417.9357482786332649644563079985535
25619,22418.4516583042407557235305352932257
25620,22419.7564049306121564846467549011416
25621,22420.2070090860669603949362434639640
25622,22420.9211062061088213024458550014454
25623,22421.9212724573669712288647845845528
25624,22422.4759819867788397003545326559915
25625,22422.8521415255839596804241826886640
25626,22423.5842499816036999647590616319800
25627,22424.3613890796702596249082459262415
25628,22425.8159795318951512171224305975260
25629,22426.2911289207390377357577409028003
25630,22427.2006295280724683950235083585005
25631,22427.9033897450879626122375752824348
25632,22428.8086530395230769902763127570071
25633,22429.2580875768283688493290623093593
25634,22430.2646674123533995287553042339983
25635,22430.5770043962437436100171042698796
25636,22431.6577768494495680269139351974980
25637,22432.6253334104626532475223073486028
25638,22433.1937440439685538622302716940695
25639,22433.4980247456125242602695549408744
25640,22434.5909456565224403550557159948449
25641,22435.2362712602911647611336638008816
25642,22436.6224147567748559655150762112236
25643,22437.2188452446572571947698330609154
25644,22438.1128348454607140143619877224248
25645,22438.7024713215166602279898505283387
25646,22439.3367678701930224196789001815465
25647,22439.7896532235003379176226140496559
25648,22440.8338349326895666226707131966950
25649,22441.4559053301629922130680902110860
25650,22442.3533557657761626993921717446354
25651,22442.7990019267615209055787022915374
25652,22444.0889348253477045607152287214704
25653,22444.8862573314548275788239399975211
25654,22445.7656625424141632173783084432888
25655,22446.2737114003796208703579188112415
25656,22446.6926601558214300499953371937815
25657,22447.8820288847924573464480565646157
25658,22448.9698768951963609594930136018718
25659,22449.3880745750158088098766082178110
25660,22449.8635815016567302409898694226741
25661,22450.5967124877612418118774642101796
25662,22451.5095592940589045116395097072025
25663,22452.1610832509484487668111259917851
25664,22452.8197601413069613063943960854472
25665,22454.4628621569671476978051484141806
25666,22454.7274039170590694392671766658879
25667,22455.6467753743998570449865944520063
25668,22456.5260400584834465137315039243504
25669,22456.9382962470765792583865319743281
25670,22457.7478054922658898059314959489729
25671,22458.1906870974599018455854703392789
25672,22459.1887169247611430260790373152552
25673,22459.9870937766715734176944157851194
25674,22460.9175402787671900255534856120862
25675,22461.5809184573820493310873905492888
25676,22462.2294426979006143935636585536635
25677,22462.9332561625919928312934964297061
25678,22464.4078387271403516330108468686711
25679,22464.6406678937906664627968534425056
25680,22465.5358404092682463364123536819023
25681,22466.3681698548034699189974971399090
25682,22466.9117868736758080400714291359654
25683,22467.9073559382745157488909974578426
25684,22468.4366947419219771975417288051301
25685,22468.9918999118764618036550590560500
25686,22469.5779661968231074046662428927445
25687,22470.6182843509269272128882916843996
25688,22471.8977797642188848401254589601807
25689,22472.7409233548352369879496983942489
25690,22473.2041364121007705408276206002463
25691,22473.9450585632794564011895751972254
25692,22474.7022808714017579941420154546474
25693,22475.2548611178166842207313246603891
25694,22476.1225241177388394194456388560306
25695,22477.1420240614131129676005719356152
25696,22477.6870754554984401783829429048182
25697,22478.3333579839441212515340311074521
25698,22478.9867369535236205366165000646267
25699,22479.9584499341833445712144500022146
25700,22480.9246703171279099980873993985966
25701,22481.4615675343140240934243398282551
25702,22482.3563657860874913933490017750525
25703,22483.7374593353620984241507723960417
25704,22484.0662984092477131221761587359934
25705,22484.4840923200380469958235356902502
25706,22485.4221271148662141385363119051965
25707,22485.9570531745398450340893107697979
25708,22486.5422254044714493223636882100626
25709,22487.6590932589273056989278249613741
25710,22488.5736544450102566047041865627341
25711,22488.9177231166729549260465367959237
25712,22490.3659833345846238301389377304461
25713,22491.0116456031665570171828137924825
25714,22491.5457259285904763853440353577990
25715,22492.3114407934297774485110707283431
25716,22493.1099301567466471315685822686541
25717,22493.8357512188585489675887884937755
25718,22494.7107706812178156823984071168997
25719,22495.3358413677316093931536561451037
25720,22496.3352798169985791210280101679494
25721,22496.8014043478057849425357412491540
25722,22497.0883269818909831644769539019844
25723,22498.2134340864709867617126342001410
25724,22499.4524967579708876308349922297771
25725,22500.5087166702615612449984557552819
25726,22500.9970561130199093044216220339594
25727,22501.4227600429939459097640556961975
25728,22502.2836492141385163126912641712087
25729,22503.2065072037262719874827043087690
25730,22503.8523144571032259826656137991349
25731,22504.2212836374256017814153806699093
25732,22505.0710213754853480915891192084963
25733,22506.2704733792680796201170600585694
25734,22506.7947734710798025065474756476676
25735,22507.8027600270591131414542986152081
25736,22508.4225741321553350784463011137780
25737,22509.2737083853802244897145704208299
25738,22509.9730221773972049901395874852318
25739,22510.8711712481786556301166400350471
25740,22511.7647967572679117015682824788858
25741,22512.3624420681387073661108509826593
25742,22513.1143034719708070076645470896512
25743,22513.5224061903965475438038705749852
25744,22514.3614585119940156764209294135758
25745,22515.2044047030620019249328492913776
25746,22515.7698880323865902222579339106064
25747,22517.0516673851421104247658787395429
25748,22517.7803285844021494684184165596343
25749,22518.8136596482183739027457939541196
25750,22519.4316921455035628285953869422900
25751,22520.0579973692440703746171953357730
25752,22520.6059093244984469319718454555910
25753,22520.9881127083562950717591990049161
25754,22522.5575434538297876468390877907150
25755,22522.9898838417196314431908565022860
25756,22523.7294932187856632379914521292185
25757,22524.3822020775318343674825403007077
25758,22525.0518953355541198681184619961205
25759,22526.2367241092586533577772004830715
25760,22526.8337156128797880007245490067636
25761,22527.9079379801079435681381097317457
25762,22528.4553540214009734883961249481377
25763,22529.3203297241316595581787522280824
25764,22530.2006431036217356980602239302209
25765,22530.8366183766602249809739329691328
25766,22531.0209872766763377588721828478838
25767,22532.2782644358247927981459804296813
25768,22532.6862373045540719096609556395757
25769,22533.2632577280611492092555378003907
25770,22534.8502215194055202239878271905216
25771,22535.7002666324940762707142971065942
25772,22536.0689378153444182726602356100668
25773,22536.8530565670101420704482816881507
25774,22537.6781546615453109570124812756501
25775,22538.3547617809486780241994147812481
25776,22539.4113475865554173404480002079716
25777,22539.6662884311895177614126816447629
25778,22540.7392878210040696078278653841930
25779,22541.3130420908460486156929765722662
25780,22542.1950989629312795728493102241214
25781,22542.9920646820159052658739147821653
25782,22543.2547219483780766064573292556597
25783,22544.4324610519255873120333214808416
25784,22545.7964938133124298115715814398301
25785,22546.3042079934146368456676194020700
25786,22546.9379268405759690933920998313785
25787,22547.7046938077440706311214280538623
25788,22548.4042432953799844253150582725982
25789,22548.8153791451747904546998963695968
25790,22549.7501529726693518136205869150671
25791,22550.4677967747940229984449115371096
25792,22551.3955876426277586506878645858560
25793,22552.2374294899001125350845890697980
25794,22552.7080583242724972905450101557010
25795,22554.1336225506789966479425178681502
25796,22554.7213352950163627080686547828225
25797,22555.1460843369920369553560119487795
25798,22555.9471700154781157788169197126022
25799,22556.8704790944751835288414802902620
25800,22557.7456191423212817285106599478055
25801,22558.6022864816300391410755609974606
25802,22559.0430223693011109144858745221294
25803,22559.5404420293727954235303168718468
25804,22560.1681937071131011222927233047691
25805,22561.2580137815791010434948543694857
25806,22562.2988498979124386871612036010617
25807,22563.0899422529117462103253019764338
25808,22564.0192300342413823642490998862851
25809,22564.8137585877213875222950904750100
25810,22565.1196549768399108827431532933930
25811,22566.1225844769806495435981237174656
25812,22566.6148203595155344895257967988091
25813,22567.4090057971243058137777050165449
25814,22568.0680353180327395943311417346079
25815,22569.2903816601868295025115772270568
25816,22569.6459912520950142696882203491985
25817,22570.5780692452425531722170294730113
25818,22571.3593156108344121545888395583629
25819,22572.2059502003451048856647275346013
25820,22572.7957793062754608579643984839923
25821,22574.0863039125785653919982375274371
25822,22574.9242492560905993383068332453928
25823,22575.0576673591127566325361778369597
25824,22575.7702003078048741045795434736051
25825,22576.8644815664146903530505419860091
25826,22577.4394213683755835052531095558786
25827,22578.0529788678074621705684201489664
25828,22578.6229680240627601565212921881655
25829,22579.6748333064653131101855508052014
25830,22581.0308289725826267471297984675519
25831,22581.7414609300140955781329508120419
25832,22582.1594634222943391266798528647619
25833,22582.9468828086048295000753135576406
25834,22583.5085740512217104805821115324628
25835,22584.4434485729714428141754238673316
25836,22585.1115833123238204298336398786541
25837,22586.1946980270956700272023015599773
25838,22586.6279353833726749586695360271024
25839,22587.2731304001137309726275820349014
25840,22588.2789538832697690828494314552242
25841,22588.5827130497543530887314777527608
25842,22590.0498612688813220829846049981260
25843,22590.6832257432361369275308356343896
25844,22591.4382225346488224622034662078099
25845,22592.2823371887871342931510722662804
25846,22593.2586997525514821183229174633946
25847,22593.6262669987991814128310202570393
25848,22594.4143519983909749051948256975551
25849,22594.7772383710586010160777237112423
25850,22595.5188668313146692297358512094448
25851,22596.8251341716555957399354095583375
25852,22597.3435282663616264726300142417180
25853,22598.3869462051776542816036454447126
25854,22599.0974290270602005962800444768288
25855,22599.7828441093923903046709784540991
25856,22600.9788571179127461568518736837278
25857,22601.2894415048576338829711811175501
25858,22601.7498256136648632499676039425648
25859,22603.2259405301145649016060401618719
25860,22603.5207835035837017185414509101717
25861,22604.4656694645743701558117266522025
25862,22604.8612375564258956771713042445215
25863,22605.9741767098089378611591930254797
25864,22606.2639672068614951951411178634009
25865,22607.1070936744104370647350482215732
25866,22608.7011644620139778678713198392691
25867,22609.2818690975872880138680855443703
25868,22610.0142334268308522542033673980388
25869,22610.6470261068515485991757195530063
25870,22611.0656613387330660333205150565115
25871,22612.0260473392215711600954987254541
25872,22612.7092523336052600486385548381560
25873,22613.5241626902793617826545922777934
25874,22614.4264652973870216787588507271113
25875,22614.6161072899978889887809229070385
25876,22616.0979104256356760177820614197805
25877,22616.8061961492673803005973344749311
25878,22617.4219674224134848720721185316205
25879,22618.1508977090190353203469612244085
25880,22618.9727320516662414564101980231986
25881,22620.0256926930579076770807348781237
25882,22620.6405386602970716135699653725707
25883,22621.4970023254570953881110335772725
25884,22621.7402578430724490546870624113600
25885,22622.7955187878665166666906176527582
25886,22623.2030175278081450025551219503488
25887,22624.0133281469081379872372352331814
25888,22624.9907553040924086358277691345922
25889,22626.1618200968500527901084636318150
25890,22626.8300354112029108981173847889972
25891,22627.5656244522275490583402214145790
25892,22628.3673927810497175260742904464452
25893,22629.0922265743915930015068565553605
25894,22629.4732678640694834006306464199460
25895,22630.3654683689289012707978619093405
25896,22630.9533590129963898345388526201019
25897,22632.4516820751485412312151440543686
25898,22632.7014322630750231508140560551149
25899,22633.2678233556218298619657876376438
25900,22633.9125533778780443294763267845706
25901,22635.2393108877089877150234859625676
25902,22635.9219877113354367451922918245949
25903,22636.8704224085931344837566390228774
25904,22637.5307189263458779526551510618633
25905,22638.2796931819834465731651067904405
25906,22638.9259931544054075605111713673202
25907,22639.7689746367116469789645178295091
25908,22640.3270231678811981778947454441508
25909,22640.9142550530994805825164225587287
25910,22641.5840891740936131113280502883919
25911,22642.6887176847480423453014691747120
25912,22643.6216898225509274616280705782970
25913,22644.5035238466639313332820570601502
25914,22645.5157633611507505747708958985442
25915,22645.8346647841524238920789996307825
25916,22646.1970012182063475702548507908440
25917,22647.4271740378538751444551679552605
25918,22648.4242985662918601609225306588766
25919,22648.8030394954562019497212870872790
25920,22649.5749164876710667024045770271788
25921,22650.3328769932842512847956174673770
25922,22650.9377424750583144528856783817923
25923,22651.8407458539163191776641596663001
25924,22652.6771292285654380184157949390661
25925,22653.2770525418543925121164699991884
25926,22654.7541737006103132468608967848413
25927,22655.2474596309503244996912838285042
25928,22656.1436827983413103632991227655595
25929,22656.4900363539610926860812929323060
25930,22657.1271075778810686268201801510032
25931,22657.9100236200206104368175057726507
25932,22658.7627846301517323571920186879948
25933,22659.4093265612175732890217658977913
25934,22660.3632373699669486909916717892878
25935,22661.2495184242954431328856761480151
25936,22661.7489049895241934176136227439471
25937,22663.1453947968788261207334569314231
25938,22663.2725117579525607875450422778480
25939,22664.4768567818690819711333307350221
25940,22664.9299301582529950765485873407036
25941,22665.7594393840156961959141056063060
25942,22666.6535302466537975107307090691694
25943,22667.5175964594610070664922685401688
25944,22667.9269926579359707714731151285775
25945,22668.6455481994167447824957907620125
25946,22669.1886272346890038978503094217683
25947,22669.9291551203419276173644030855105
25948,22671.5959592965183005186481275039965
25949,22672.4057525134270278145381061683748
25950,22672.5081868971699489561285528163051
25951,22673.4943503283329107052946733597010
25952,22674.4732553319729611795262215866823
25953,22674.9924640697091522250847544596027
25954,22675.3941035008915745790563627503347
25955,22676.4096818814762670089975033760270
25956,22677.2628758550372623481412386342431
25957,22677.9248129110804249416032257781736
25958,22678.7318899936620574724617806182148
25959,22679.5825266315968758662822186942656
25960,22680.2587310272606453049491964422392
25961,22681.1517623955530564408546763733593
25962,22681.8925508079231470461000466791072
25963,22682.9330747914313437709445642323774
25964,22683.5756047879739370757875113086957
25965,22684.4909735192341591402974033446562
25966,22684.8616650611499543962975455692610
25967,22685.2874827473368784613760968813444
25968,22686.3127235995610231316064517051502
25969,22687.2708157931873894697851286114992
25970,22687.6208176177556272609191275340015
25971,22688.6466960915183221535798782011653
25972,22689.8808846176880716158725412469278
25973,22690.7474283427667660910589533873438
25974,22691.1700848573453860007689752687253
25975,22691.7472405945856295014002950776304
25976,22692.7030716168215747369049642535883
25977,22692.9623069267829245365745539453350
25978,22694.5344633501128989154072581833338
25979,22694.9294366747458843629013354370924
25980,22695.4161426251339950328855170689443
25981,22696.4833447527301342118531062152090
25982,22696.8188599155181007004952039476284
25983,22697.8396867867805287383831853108252
25984,22698.8147212762627751499290159561758
25985,22699.7926763488325100763445768336051
25986,22700.4730065483072990132474970016857
25987,22701.3717268889647353614548006725820
25988,22701.6584593047589982793894770979298
25989,22702.7053658613169250813126671851019
25990,22703.4492887659941401494614191824385
25991,22703.8403844372103591845757091354218
25992,22704.3156009150531468685495113434683
25993,22705.5993173679652898035099241183234
25994,22706.5752462157890776539179752589728
25995,22707.2822842482393371146051555221959
25996,22708.0664959490346916597169078091751
25997,22708.6763025366248991854068923224366
25998,22709.5946218095492183827538375303296
25999,22710.3272716862145390434598244595395
26000,22711.1344280264890117652160004526285
26001,22711.7795667720603944547486845894030
26002,22712.4634932748868237810617044031141
26003,22713.4425417976524218361581336752824
26004,22713.9610499920833485998954439981343
26005,22714.6774262909613870867093663913011
26006,22715.0552326627874364578386522560992
26007,22716.5828793793592334235422595294078
26008,22717.1947250388096564171894329058124
26009,22718.4580891825831862168426252252726
26010,22719.1125512028587666131187545857808
26011,22719.1991198359238042555068659936000
26012,22720.2059225790345674388743817096019
26013,22720.7905004456123919356758753120751
26014,22721.5922654436061952896872714798727
26015,22722.4759935513569221099337878425931
26016,22723.4556602052878700580261157127055
26017,22723.7492826927028100784234484135273
26018,22724.5836990299264037739977467576476
26019,22725.8810798823488584085256324250846
26020,22726.5502605997909520930894759368242
26021,22727.0952261082326445381760364019277
26022,22727.6788904654336309301851906202590
26023,22729.0302994103235162521496950138224
26024,22729.7552868249274972250151008425487
26025,22730.0608551081230473755991518736678
26026,22730.9494343113368803043685519843786
26027,22731.4373737568148281779414124141398
26028,22732.1831263363753395899672647880980
26029,22732.9783164390054391164966583269416
26030,22733.9771433840916871672704574008111
26031,22735.2286610077534920660015360376610
26032,22735.6163198446621368814567606304293
26033,22736.6110204603454644613494564426310
26034,22737.0798073648599124474178417599884
26035,22737.8679582581119921552751439666199
26036,22738.6267270560731632727179869161096
26037,22739.2020865102971882353520193938357
26038,22740.0967657520405768492459806982420
26039,22740.9021477775545897780048540813632
26040,22741.7359110271816986876108692141280
26041,22742.3358159597179566389368380205280
26042,22743.1184064088808045554746389758371
26043,22743.6395459100781746675535897568071
26044,22745.1386270206645495113376457473871
26045,22745.8630193730122863122087546203266
26046,22746.4707309454053556747575150895847
26047,22746.9848165714070214000209763388261
26048,22747.9439839006523032692820455471496
26049,22748.5473669422976756121818320833578
26050,22749.1456595056426459990143463557093
26051,22750.0396203067247922435136710523884
26052,22750.4865780546313993661723790481976
26053,22751.4646797008572188450041750323696
26054,22752.8522628792368185603057971022897
26055,22753.3005002817621945426132963281785
26056,22754.0576772970011921964730817887939
26057,22754.9168026928748488633751180475512
26058,22755.3685449578892533442156270917832
26059,22756.1266521405005584971734813008200
26060,22757.1343948333835935150377413974334
26061,22758.0291215894016892567999358475821
26062,22758.6585952960903240393776231348424
26063,22758.9941660659836785751803500289346
26064,22759.6682296750173532509685671076688
26065,22760.9389330494987251509980575684724
26066,22761.3726514201422846364008381936017
26067,22762.6267237353502224061182804423783
26068,22763.3955008836838004851027109631137
26069,22764.0218599392070497261740157500372
26070,22765.1970670672769909393378414701074
26071,22765.4853422603513643539269742480042
26072,22766.0259284081604539293091784682483
26073,22766.5798804728886124632415890821872
26074,22767.6495766913836901348599556045380
26075,22768.4747209271606539921859770644276
26076,22769.4534512587000102619292202794614
26077,22769.7387989503667050056753199450321
26078,22771.0195566692610161078411413697790
26079,22771.6195979792063543750692124869167
26080,22772.5765502047196165993049375867897
26081,22772.9846005506394358397981167473276
26082,22774.1707815549677059701546270837689
26083,22774.7313655844876397105974374286896
26084,22775.3589723871485958246419609412327
26085,22776.2634756212861462782394122377099
26086,22776.9700962131694530407334805664849
26087,22777.4218912538360442013205985551867
26088,22778.3199826974555247749753316352429
26089,22778.7047919144926137623980420413302
26090,22780.4486453082630745636152006685798
26091,22781.3054814060488863862109256784096
26092,22781.6134904171691100784188561037312
26093,22782.4895050161595393358398376111385
26094,22782.8378186023221206204857725543590
26095,22783.8603932020318163086257167037221
26096,22784.9140436066544293435579886736241
26097,22785.0009583945143246871367326035151
26098,22786.0107269828095702835067334503288
26099,22786.9365512356494124211387999082615
26100,22787.7089865649969183167573864784220
26101,22788.1958679606508459120093358209211
26102,22789.4748130007555924466452355750007
26103,22789.8659216257572321518764112177167
26104,22790.7939449200226513324922526483336
26105,22791.9181030834379853863139717213920
26106,22792.4337113209117575800674394271330
26107,22793.2292249655456781902610150892878
26108,22793.6634394910475122208225478976109
26109,22794.5057680186158942488789702283435
26110,22795.1326502458381749469963038333576
26111,22795.6172152082412766243072883646916
26112,22797.1375492323909924002716738333700
26113,22797.5225891400346809171596662235541
26114,22798.5615675919309912459475418628909
26115,22799.4325769513928565342900100551043
26116,22800.3625399289277732614314357248728
26117,22800.6646208968912735327063329045180
26118,22801.2992434737993145130167449406375
26119,22802.0624428493668267018016523040925
26120,22803.1879226307079851474741572242227
26121,22803.8861388908644580675341754290033
26122,22804.5699944218159122613909451812114
26123,22805.1452707840414819098838806603057
26124,22805.6514977124668402341831055538808
26125,22806.7223664667206569622918667240806
26126,22807.9398692241253944567845534951879
26127,22808.4348144937402646409454924293790
26128,22809.5625413514704519542528324523411
26129,22810.0622773666135835728922843434330
26130,22810.6400474162544355008575510640301
26131,22811.5219674996056613300257028561160
26132,22812.0636057126955784472434428704274
26133,22812.8243031088762696441668061387732
26134,22813.5001550487386588714449710499406
26135,22814.3046597366695329918680800787322
26136,22815.2814137824666909311332360904461
26137,22816.4716084383867332783653643996400
26138,22817.0249523267749803128296571892376
26139,22817.3178050008295175919401390938355
26140,22818.3855477068886519408081772174031
26141,22819.2383275931572773413982147043231
26142,22820.0079884002283154198979556886625
26143,22820.8944695954223512405461687762459
26144,22821.3692487327509946294387067268915
26145,22821.8000521357538002759436843329672
26146,22823.1168306929868826702149332067284
26147,22823.4579405084322176947048615830526
26148,22824.0816788230760839338870866103195
26149,22825.1794286526508026536620363223384
26150,22826.5534412365629316832549987319654
26151,22827.0746007615883844928470968216485
26152,22827.5840243927554337712115029927539
26153,22828.4455220267689224274025532115180
26154,22829.1296169632712242709677348385288
26155,22829.6181361864837572204844395590777
26156,22830.2515458107120334249140633414458
26157,22831.6293303263119077933743125400911
26158,22832.0803971140882055513274583225986
26159,22832.6930402291842527980951857567218
26160,22833.6471474913547438073434395485370
26161,22834.3762944717308570049655849054559
26162,22835.4584520555428245484321227883613
26163,22836.0817035875057293879848503809349
26164,22836.9412504441535371081877350556797
26165,22837.3096161790498885145082783243325
26166,22838.7463701851626623843981813404066
26167,22839.0315800470341184372493432740664
26168,22839.9499697964608547527417695053777
26169,22840.1025237713433426301212156770404
26170,22840.9796789406229132034518063849510
26171,22841.8035204084296376412092281544999
26172,22843.0753653166423552756357437481062
26173,22843.8788762896701142043507323316656
26174,22844.6860501542994477315680001575073
26175,22845.2388578568073108276946289136190
26176,22846.0185657793464902975585654843162
26177,22846.7465745971944509823328217787413
26178,22847.3569379966923998767083343243144
26179,22848.1347163928560835509864992723193
26180,22849.2366366336533558503691051698421
26181,22849.4792084414379528929687194749259
26182,22850.5542220713217056661878141184310
26183,22851.1277623869086248117183828004134
26184,22852.0194178836834128623546559852442
26185,22852.7713001564344087876004378708678
26186,22853.5657008271511748594417905343101
26187,22854.9416007654467236286180116406079
26188,22855.3814926191628142602588614613683
26189,22856.0455736529385827839841681233745
26190,22856.4459500250332181528115186359396
26191,22857.2824633861627295657834323411162
26192,22858.1269038509338927263446069760900
26193,22858.9730767919078926824437011252517
26194,22859.2585899508802052088535622016939
26195,22860.4870599942427788154368697506585
26196,22861.3495467938890351242326789613256
26197,22862.3703677742917660906347660165728
26198,22863.0944634176190616018532430632122
26199,22863.5460864689649683611102615274418
26200,22864.0514332231614855718827620673433
26201,22865.2615679294109254903128007219188
26202,22865.9789507685842869994114938428965
26203,22866.6074583137070077004620280009654
26204,22867.4694392105177705194214809275207
26205,22868.2134189832391955553643491159451
26206,22868.4770716744160215349742434202857
26207,22869.2952184551134647660393037089078
26208,22870.5492560198644554198068907779257
26209,22871.6686720198156420009535945838410
26210,22872.0640214635243895129350151326542
26211,22872.8693873989573763282513010529483
26212,22873.8894811229464910699821909656219
26213,22874.2152911555100060333868589635688
26214,22875.0614820418136940711287769535569
26215,22875.7121448667688666463460320657841
26216,22876.0928325528254040283352014233591
26217,22877.3255955304862243415852369195646
26218,22878.3813788206482804745529633381937
26219,22878.8284057661909670734223999133516
26220,22879.4370646241247102946982275303102
26221,22880.7313820786082284293822036272023
26222,22881.2060772436747321826239371803437
26223,22881.9426930682639346255893071543453
26224,22883.0753884927804976250314699167354
26225,22883.4154618431297898559338627603382
26226,22884.3881232534169522419066584970822
26227,22884.9985433707065937603071629149794
26228,22885.6199546964106906576610879791585
26229,22886.3086884327132517123071051453699
26230,22887.2287798231590216734778943560707
26231,22887.6239877607217299110111861228147
26232,22889.1744647346765098587335913099238
26233,22890.0421443268618693996811021360486
26234,22890.6230199680445656098156591379384
26235,22891.2631899207928497160975516996656
26236,22891.9108289633459056721451806467169
26237,22892.3166947241674143211199344296791
26238,22893.4916761243414767743540664610248
26239,22894.3375623626668597034903178631059
26240,22894.9643174086746014808916006568504
26241,22895.5088861423675061128439686167777
26242,22896.2554120898968286356045037261887
26243,22897.5052218042318145599010392541442
26244,22898.0297266223558638298416219192564
26245,22898.6906685661834099933373633095136
26246,22899.8483826789204130683470883575820
26247,22900.4719137391439081467690389890993
26248,22901.4783142248277712170491430039874
26249,22901.8499640867071538777834208716946
26250,22902.6673034605164524672195848664778
26251,22903.3241156304389699451124960965423
26252,22903.6358386550153103731308776942954
26253,22904.9280041965828529387343371395868
26254,22905.3787616966697899438164518037391
26255,22906.8107180047058996827866645806893
26256,22907.5148542057220144370760486525840
26257,22907.9678011031340873227952298196125
26258,22908.8436860928302677280489582927191
26259,22909.8075355972900298221301493630303
26260,22910.3028349194591369759649818998886
26261,22910.8205825026854226356464248127889
26262,22911.7881216431541308121039743092304
26263,22912.8656907009799477914911224699280
26264,22913.2716855619199425750751280878057
26265,22914.0207720594699514736905413126358
26266,22914.6193193752398245464776990234215
26267,22915.3049701794875759022368631857725
26268,22916.7007682930785385256073347839836
26269,22917.7178397091879641937332094078680
26270,22918.0096398875612590117995844573595
26271,22918.8867323493788167130021727501724
26272,22919.4911314638069148241598299691872
26273,22920.2923598536635264077169939027873
26274,22920.9899757740361685751430430416514
26275,22921.4347063298788809046896511842264
26276,22922.3942243566134496785374222169832
26277,22923.3943993765542693953790503881130
26278,22923.8182753823098134506787436650322
26279,22925.2178978127933515024718438121317
26280,22925.7719091304632234081294889813193
26281,22926.4628005361088537964735164840097
26282,22927.1409419486805287658362404357540
26283,22927.7216152460198216197772286918723
26284,22929.1247938994926579851409008860754
26285,22929.6981853513617996628656725472419
26286,22930.0416167685824607799521210373460
26287,22930.7856652952235709658432473939395
26288,22931.5982357215607061360247145348607
26289,22932.2188727715697679819750799957063
26290,22933.1554209409383390263954654516530
26291,22934.1442558582345621366806777561646
26292,22934.9167588934472499571393977590738
26293,22936.0835739065160526878832893979178
26294,22936.6350653781803030803919308158007
26295,22937.0878426586189245162035559118699
26296,22937.6783616780548807066664449894079
26297,22938.6060836261188896909605743378000
26298,22939.1733279679528889371740954680586
26299,22940.1770498800861086669779017822817
26300,22940.9362750806659670784892282807114
26301,22941.7468543155231319771223551449151
26302,22942.2716791330856228343168496456516
26303,22943.2057061589078173602431959602608
26304,22944.1383004155357987024983226694101
26305,22944.9727112140766060532559723430880
26306,22945.5999071151521802204957086183304
26307,22946.6240705401749556250907544362053
26308,22947.0723623138373307887085866275622
26309,22947.6742466138900233187284206471977
26310,22948.9746739206967310035798353714615
26311,22949.0961397192221923623257438568262
26312,22949.7795536962230082056923439093588
26313,22950.2988739523857264340997907940462
26314,22952.0822724143677761986430315569595
26315,22952.6164332860631515849651653009320
26316,22953.6005459486169899576540143261526
26317,22953.8832466705260601558491489718493
26318,22954.7206334985793641907914043293942
26319,22955.6460902254994878665782387741392
26320,22956.0662868868116385988183668497999
26321,22957.1491637930086312414731788072611
26322,22957.6814529862941553256940962190094
26323,22958.5638073001220278079270429922145
26324,22959.2223158881097645995488035096929
26325,22959.9098678382864616223308496708399
26326,22960.7219084450217677872331857441075
26327,22961.7373337031774130720775018696305
26328,22962.3809681639967911366529854630295
26329,22963.5426003362565355651452277147721
26330,22964.0749676612627257575871255575652
26331,22965.0318590056823057494331264701149
26332,22965.5494254732508444931942540930215
26333,22965.7943562960252289238569595547503
26334,22966.7089421945364138739077599836642
26335,22967.6076422854888108056077793390486
26336,22968.5950956978410935439367363392324
26337,22969.0673558121935277152229029899008
26338,22970.0394133557235959297689664048080
26339,22971.2428867742543032793406791305319
26340,22971.6586158958928221091658105565603
26341,22972.5539071788438331214520758488873
26342,22972.9078813589189762922802220119574
26343,22973.8268772775692050715149508943058
26344,22974.7344212976935011412127149290541
26345,22975.6866274529793100090835225543400
26346,22976.2637124370032937397798870783609
26347,22976.5188827555327417310131435696269
26348,22977.5151336536775134438722713212074
26349,22978.2500456035236389876094066480518
26350,22979.0279478175713447479735966545719
26351,22980.5085580387839484263879733790446
26352,22981.1764794975140278431209147990912
26353,22981.5759850104314246716796212194118
26354,22982.1955141925959458965518447562926
26355,22983.3708439355784250236184608309361
26356,22983.7154088114236879519878197205539
26357,22984.3332452583339382819939450766171
26358,22985.3574536463211306251767060030896
26359,22985.7493030163423059912439816263567
26360,22987.0215328345980437004564026826318
26361,22987.7058566981843092061949794992848
26362,22988.5236128543344012019986595326509
26363,22989.2852907561274673842069615555187
26364,22989.7050207205416226437837533992566
26365,22991.1503410222598355738285164276372
26366,22991.6382185844951218879297610371447
26367,22992.2787265209945949574726815117972
26368,22993.0336026336340161736354312129378
26369,22993.9419938332591530766412995876266
26370,22994.2163457607147447795197773236228
26371,22995.2038240399481861817731867812830
26372,22995.7591635386680422371263507872303
26373,22996.6279832032840642470148927227043
26374,22997.9609214315701434609554577440414
26375,22998.6379498703945245517305817329464
26376,22999.3827835646951355569391270493046
26377,23000.1523777215714217510635650176618
26378,23000.7243579548149090252112019215436
26379,23001.0917360617252686471981119324559
26380,23002.0906847833297171296008362386623
26381,23003.0537169960521239521455727523781
26382,23003.8788613370415514599541795511440
26383,23004.5018278645580435020207832387192
26384,23004.9037968440426603529845643760344
26385,23005.7928599398907201402279163531163
26386,23007.1947319808051461042851064503100
26387,23007.6410644806853364501792178951562
26388,23008.2348838503031543393408567630442
26389,23009.4424510514364647846773010958079
26390,23010.0124018919999143531819097250318
26391,23010.8567795652540471795527983877183
26392,23011.3923053535255512100820582866875
26393,23011.8084946535579108345958300965232
26394,23012.9165171043929430257374142071001
26395,23013.1385797505572074763745028290290
26396,23014.4650798056014101473169164102452
26397,23015.5172852089660278638161403707807
26398,23016.0492254076299168189312647063448
26399,23017.0534812678430781112835287648661
26400,23017.5986555524723416374662945188296
26401,23018.1988033305102756950334103069764
26402,23019.0332886816004319354492836974952
26403,23020.0658174682605087369816121952837
26404,23020.5555263017261559905843457568685
26405,23021.1209879264687627389245974341031
26406,23022.1537764918046464305214203116079
26407,23022.9563292722867173006209619674426
26408,23023.3973760462797562966162799572520
26409,23023.9971527717378573421863373939397
26410,23025.3398387172688994079757842798699
26411,23026.3472898747627728801761995058114
26412,23027.1102626618900617329116091407952
26413,23027.6482994373786645480377925795680
26414,23028.1231370398512148687580367760382
26415,23028.8199410958673410716122123116334
26416,23029.9547845132307922668590299098543
26417,23030.2071677504659178766808240567487
26418,23031.1250473783624126644901623436972
26419,23031.9958792574238450313402227220722
26420,23032.7575039903415767423497560764454
26421,23033.8626390255252554190355190403351
26422,23034.3977778674290462136977214088826
26423,23035.3501239242264683830728825933141
26424,23035.9071348647464895608932890319376
26425,23036.5575138993237071378017763031417
26426,23037.5608880593696483778016796090245
26427,23038.4756183736929497490027674880641
26428,23039.0691326741854178981701880464489
26429,23039.5404629447906432987338468974218
26430,23040.3067667962765811014917505715077
26431,23040.7584900229176341267003246420016
26432,23041.9208935182183023853819311928598
26433,23043.0442768287593577744266569216705
26434,23043.7907453506970733037979088690560
26435,23044.4292956554656465536623462237703
26436,23045.4082042127637038342468298887530
26437,23045.8735665827369571497515001195876
26438,23046.8539509065853861343193748588644
26439,23047.0842454690288437162558850680671
26440,23047.6984844861589717649173166225508
26441,23049.1895751984298041294039278483069
26442,23049.7809334954762629534521628468807
26443,23050.0544486034497683185801721509164
26444,23051.2805136063250514119362913844551
26445,23051.9597786046795548687216041030473
26446,23052.6756057942400652460683048872199
26447,23053.7440109030688092673965470005835
26448,23054.4348515791085825331806141203172
26449,23055.4630043901969940550933273043759
26450,23055.6178260177145323568665267284938
26451,23056.7117542245166748473772608080472
26452,23057.0875591363689966016567953006084
26453,23058.1322113987739251513298905038229
26454,23058.5008811566934865321225125271124
26455,23059.4131638638307918978652809703603
26456,23060.1556564912544879146983721541610
26457,23061.9017491436929484684047408538893
26458,23062.1671400136252568374668019582881
26459,23062.6892121723703164342358839426518
26460,23063.3361602028990191874774825037946
26461,23064.1864670628046799719415242787291
26462,23065.0114023150788044238572950838611
26463,23065.8301027528738901996069043812629
26464,23066.5406293424940791433358277195216
26465,23067.2790720671469252667275237692210
26466,23067.7554486875152752588981858085305
26467,23068.7341653962001184122039524830619
26468,23069.5278931811725121289741975593105
26469,23070.2318079012145163724066020273979
26470,23071.4055345974707317400493121216874
26471,23072.0460708005519181917402091188733
26472,23072.9523161057728229170101175059986
26473,23073.5164377409651867683947273325178
26474,23074.2619998946543107185350194345188
26475,23074.8073100166902636498765630480011
26476,23075.5886411035245236551465980498691
26477,23075.9189195589020824186033420360915
26478,23077.3172446000701790792433199209325
26479,23078.0244268634926391886595716010003
26480,23078.9724846586557448134678158875116
26481,23079.3453279275081353838224066008525
26482,23080.7681720129840764223876688331118
26483,23081.0453575755219854150881283310262
26484,23081.8987978868267840234820140347086
26485,23082.4637489163669082131960097084739
26486,23083.4341859152864334093930627413098
26487,23084.2610403566171925981398322481133
26488,23084.8849138463188988936175252760681
26489,23085.8127889418775667928047010802294
26490,23085.9642731172557600171563859400684
26491,23086.7222558363236980046883922140944
26492,23087.9554028313220426479456066793779
26493,23089.2292378481814604825385510065371
26494,23089.5870895834330227190401383570256
26495,23090.5163190597221014087965649917544
26496,23091.1993453945313579749588932656178
26497,23091.7346072992624468516586281832260
26498,23092.2374069222570405406385565120202
26499,23093.4112454826961800923751424699866
26500,23094.0319629174173016794728422239427
26501,23094.4893183054991494421855458520056
26502,23095.6456298893307307801369112318753
26503,23096.2893103208378099027812447165251
26504,23097.3101921025348892441320192196261
26505,23098.1225292167249302574272692863050
26506,23098.5421464712844814784335519597752
26507,23099.2978450090407360188877789754900
26508,23100.6910392030189003618802049017521
26509,23101.2931736565970118445235912862065
26510,23101.5445934271432562203079293708817
26511,23102.4575208200812554360195248029273
26512,23102.9355237270208454009280051177072
26513,23104.0568567462079287767806365516227
26514,23104.4386004464540965716217446288382
26515,23105.2984359955320262086322189563810
26516,23106.6732414116439955556683291953972
26517,23107.3370458310596735818665003214436
26518,23108.0259534179604179755337076918339
26519,23108.9478531584461589710186276730995
26520,23109.2395113516094826461422951797034
26521,23110.0678269657873197608174301513971
26522,23110.7080999757718387813418380197704
26523,23111.7170561114690977701787473256598
26524,23112.4377179250216203110112730339130
26525,23113.3432227854899350203318375440952
26526,23113.8712685912680740920454865170332
26527,23114.2738009842277539424202691015608
26528,23115.6135776006875888816883464982232
26529,23116.3575852857989618692605566575641
26530,23117.5838452704314365406995368717375
26531,23117.7831429717133726822144449505074
26532,23118.4820465587382975551183319005673
26533,23119.5909839404118615911069890631653
26534,23120.2681818845428401348945662799750
26535,23120.6444698226203947743228019494616
26536,23121.2585062809545302472423534544638
26537,23122.0488724647920286065103779678312
26538,23123.0841331699252485303341733400808
26539,23124.1458509572675435799067434060723
26540,23124.9310770491810462599390887733056
26541,23125.6690756925275439668322066461418
26542,23126.1525733632498684538883789611495
26543,23127.0097544780109445187678434688538
26544,23127.8642003612582409887542702424319
26545,23128.3850539129486881874296107932982
26546,23129.5374623877932477661421047887260
26547,23130.0024560863188153034018189547768
26548,23130.6795284631905808877514502578616
26549,23131.2970168815114880375419151928588
26550,23132.2311562120634750492992207359903
26551,23133.1260144529906250951778164033097
26552,23133.6359071483992047530564179143923
26553,23135.0001154122044056889050416724627
26554,23135.9238454553103714189204762064259
26555,23136.3248097535365496292430492342757
26556,23136.8464516860928341179183987012659
26557,23137.8074899532016335803177332800883
26558,23138.0236098251036166369101588859367
26559,23139.0831571710129916010016512956308
26560,23140.0510573328329577238853066971465
26561,23140.7371702882912524626359713905307
26562,23141.2015713770943314521311446131839
26563,23142.4389483275366739773270875076622
26564,23143.5217973390368646209036894769574
26565,23143.6313689943791188279553416126954
26566,23144.6282261087463712753172181687261
26567,23145.3852261449757534728922320147054
26568,23146.2361515309149643281563408782748
26569,23147.0217168177596786293494183292879
26570,23147.7287743951769528027454002558278
26571,23148.3178853424988376242714745963782
26572,23149.0637052278034572873821964977747
26573,23149.6105697214422509523117494500747
26574,23150.1855744744298109079371450954573
26575,23151.9947529488077299825213554554192
26576,23152.3326022511068247581183650350938
26577,23153.5149672226085839491081860326659
26578,23153.5742270767432547037193509531709
26579,23154.5631979832228007676196040063577
26580,23155.5038375144610061510847798535465
26581,23155.9787869148503599340613213656208
26582,23156.5168416859380502550615675395433
26583,23157.5046774752333408676676437307433
26584,23158.3036697297243492514162932289838
26585,23159.3643995312496991668777933127792
26586,23159.6574545784461556355185952480443
26587,23160.4953830839298619365930050984022
26588,23161.4566428694117752257897806109491
26589,23162.5043549751469420659437696309655
26590,23162.9084191846009479128239893009439
26591,23164.1213015836698368606529851424888
26592,23164.6618165426721735101765187127760
26593,23165.0607649178277000977250520544089
26594,23165.8364713149573770103222252234291
26595,23166.7968419346149286180537499535894
26596,23167.1853765218328192986265652747401
26597,23168.0161428192361907648740094607529
26598,23169.1085918651852564994087590455657
26599,23169.9736579118321965276491258968667
26600,23170.9214851036669002629200421518894
26601,23171.7363549104076562111660740005766
26602,23172.2446704608217910007105984883552
26603,23172.5572514209323489827593869002653
26604,23173.4460283143112142772103964677024
26605,23174.6965485439646441128472459964619
26606,23175.3397549923737984373451782763613
26607,23175.9477704052645993430367255306212
26608,23176.2843788732897804406813156849147
26609,23177.4742725123064698653642032391887
26610,23177.9360503061821603674895313043642
26611,23179.2124595197392972278089346538487
26612,23179.8783601668178191813865310434562
26613,23180.6970039826902926465223723829101
26614,23181.6503165173911764541222632004373
26615,23182.2951960299894210034314030892065
26616,23182.7309119692648834666357425654604
26617,23183.6216643100929395346746733962887
26618,23184.0845965642864954157984930354119
26619,23184.9030930683161381479219059865243
26620,23185.6350334908752075130066132237767
26621,23186.7794402129186840885646126546447
26622,23187.5338378397051073833562755108966
26623,23188.5054686222279409119541460406166
26624,23188.7962654176970417946792801078580
26625,23189.7765559848297147094311130682925
26626,23190.6914642020845326876130333893910
26627,23191.2919919700905891853823020509674
26628,23192.1813324202888784588905046532180
26629,23192.5410407551556063217941102733133
26630,23193.7211457490560462869772627445922
26631,23194.3628520100238116535919869624753
26632,23194.6813730966292451272807196132632
26633,23195.7004460835341341599160398771485
26634,23196.1582586299554163196095666411917
26635,23197.9126358748755465344664938444069
26636,23198.4842002516515171215934898349918
26637,23199.1168786711296512429115818937495
26638,23199.5958599662434959507563481548004
26639,23200.5346544415518747365124333582064
26640,23201.0917759847192236979461178043616
26641,23201.8217592279469701298343923958837
26642,23202.5029913965198462084424456634652
26643,23203.6958907785484502185608684989164
26644,23204.1095284267613598591458597707630
26645,23204.7278682428120747466284140706356
26646,23205.9438487848152694238155200439498
26647,23206.8526561079215859507124449305016
26648,23207.2540187686790204798686330395634
26649,23207.9746575740525727060304153275846
26650,23209.1318580812346739207398031320221
26651,23209.7239770730575739077609135132674
26652,23210.6121361649641175428226154621342
26653,23211.2708482673049296006160988939151
26654,23211.6451497601657860764166373962150
26655,23212.0732181233384756646603539209047
26656,23213.4058744763614853025183193835280
26657,23214.0874018730859242768499289562609
26658,23215.0314072457361292273137178279984
26659,23216.1807421491880880333434670422678
26660,23216.5133940931143532848614913044286
26661,23217.6121288796749154638071733296335
26662,23218.0299425539242308478922108187923
26663,23218.5478223204960181866632306279647
26664,23219.5356139236768821307788847417127
26665,23220.2165216012681088163873766046224
26666,23221.1414473740287600008208437409723
26667,23221.9158158361996610797406164761763
26668,23222.4344161057629227850325406519887
26669,23223.1611288875388509179481878521271
26670,23224.1161082678115464466254607408696
26671,23224.8479630046341522008980415273847
26672,23226.1228570817214316936082523494271
26673,23226.7584677740066462309640988202425
26674,23227.2348165051294387294217827727434
26675,23227.9647098735604605472496004350290
26676,23228.6245115653777680704936748044231
26677,23229.5958023816952114052056562664908
26678,23230.0645743371770463381755536496942
26679,23230.7561784743614555495638748500918
26680,23231.3543529293121043128523432532265
26681,23232.8921972020008418081203542413466
26682,23233.5871745496826875688261020407138
26683,23234.2531605010330287419590153647513
26684,23234.8101883798263162280985505235278
26685,23235.8797741922524110682330489766561
26686,23236.0058277547750319016188117678272
26687,23237.4797940640199283069363752224240
26688,23237.9553912571744224495840482492477
26689,23238.5681110489143875558347678417465
26690,23239.4270419957497756326627941033416
26691,23240.0195830479041129999979787506626
26692,23240.7556795022739368640348044556407
26693,23241.4355228428862069180559634475142
26694,23242.7885583966368976475563165162902
26695,23243.4157701637423171884429825642201
26696,23244.1639154052982149517523502283209
26697,23245.1623542030327611015937366322061
26698,23245.8272618681643548107529591777599
26699,23246.2260988409343690239013199910473
26700,23246.7368032660029895536593765581899
26701,23247.5927387844883838503719363215984
26702,23248.5594575005390932644735417006407
26703,23249.4792507006749908040709549507218
26704,23250.0931065753162956201626941668889
26705,23250.7764135672268467435144253266649
26706,23251.7227233871763813246633175842790
26707,23252.8761179577036365889679033490820
26708,23253.1409639259201118381557015376101
26709,23253.9562323017353939561415698957692
26710,23254.7273084333704026076676344291444
26711,23255.9309707411721136618962155361340
26712,23256.2016581476185623930040812817410
26713,23256.8427985667591356806589812742852
26714,23257.7808627990648856469974542344826
26715,23258.3038546733025314062537307900258
26716,23258.8015810610253567568714589433985
26717,23260.1726568040083566056454271694750
26718,23261.2787951308408829701314255052965
26719,23262.0484889149433981237905949576675
26720,23262.4105768445505854790261925746358
26721,23263.0797626735735070780685383011781
26722,23263.8599724007495699981025229088491
26723,23264.7132516957413546427819583838032
26724,23265.3678560625143726756169799684071
26725,23266.1101372900342750599045991559715
26726,23266.9382054154623859696741458021380
26727,23267.4797181338213271777889445204898
26728,23268.6561108081661461332770091847842
26729,23269.2861820812545270172665885690423
26730,23269.8832880384693723565268364155611
26731,23270.7573920868570540041372752448966
26732,23271.9910932101548459779142687212849
26733,23272.5640829397241425474517531959051
26734,23273.2000298483097319231669730851196
26735,23273.7712484916715636331530724866942
26736,23274.5849501435300755744667739825494
26737,23275.2193958179536411629740828857063
26738,23275.8149894755846828957378889490386
26739,23276.6850873451260888278552008966900
26740,23277.7466512725263829901978763045031
26741,23278.4436342493609931349062946785834
26742,23279.6402480365512333037738537544113
26743,23280.2030663743606213770127962273442
26744,23280.5980116795589546587294157108495
26745,23281.7348672602458351788464678474377
26746,23282.1517603589597418470859219936622
26747,23282.6725414086287714365268263920410
26748,23284.2339394052090826497385664430676
26749,23284.5323802068863907554262684188620
26750,23285.2833654939814624348915457317692
26751,23285.6945978675054124075606892608730
26752,23286.4720385063848128630253222992482
26753,23287.8377576496341081380981444690320
26754,23288.4996829408955273512774454874137
26755,23289.4873747454889645331253405894435
26756,23289.9944637804987673336260600799775
26757,23290.7995949275897276304137893814836
26758,23291.6068368373621499599795374140356
26759,23292.1237960074819998636247481960651
26760,23292.9639868235905146418002549466143
26761,23293.1672594125366626606333218572175
26762,23294.4220893855739973195095863998581
26763,23295.2660722221209476148335052268237
26764,23296.0052685108945074902427957787351
26765,23297.1142845824225128317144818033922
26766,23297.6239316100726899811986684970273
26767,23298.3443498537104511290730343150582
26768,23298.9347430204268508184104429493998
26769,23300.1304255725266707042283318491655
26770,23300.7222993547818287842061577027352
26771,23301.5877821188637737582328466422709
26772,23301.8497797133318920456258478504441
26773,23302.7586686383271032922473536311275
26774,23303.6276657169159684606717583029059
26775,23304.3491449157775284707014654517549
26776,23304.7098119274293467795200077156466
26777,23306.1340848443964299146697050630496
26778,23307.2372384738519961274093619358479
26779,23307.7361478979577466222804356345078
26780,23308.4978502963462345056036856019360
26781,23308.9183694001952281683307418480146
26782,23309.5674172209091996532830141838588
26783,23310.4031717982203249985362299824873
26784,23311.4397817353708451994211608066622
26785,23311.9109603395484518324255295066366
26786,23312.7058476852021921762204610799949
26787,23313.7054865836825153563721192091338
26788,23314.1733334696562400457736624344616
26789,23315.2074491359794036009193518869778
26790,23316.2920068336933004140379794115255
26791,23316.4896222045003143954190853801053
26792,23317.6186378530674563106143136582287
26793,23318.2421862026584898949713244807791
26794,23319.2561164295207049896788178705043
26795,23319.7505797528268566782110339590413
26796,23320.3415235732828479639012475912970
26797,23321.0585107819389619946131240152109
26798,23321.5327953673477001021139813992809
26799,23322.5278723445937403132144523537250
26800,23324.1747484469877691183230740215084
26801,23324.4475395108492453216213886500717
26802,23324.9107242165722907688830983687946
26803,23326.1894990911277761478696879357594
26804,23326.7091011984282766201195108975281
26805,23327.3559335247060483134280121338841
26806,23327.8618931595824206263381619205001
26807,23328.9861620859662588557450475156227
26808,23329.5572196606437777526720059229734
26809,23330.4803649162668712759822065557809
26810,23331.2376393341731673338935594090804
26811,23331.5679481704778893751804095726965
26812,23332.6948735538393621365707415057370
26813,23333.4350320302796994453111678997769
26814,23334.4933160234620763678534552198655
26815,23335.3612542377008353680587483158921
26816,23335.9971243528745752704147969842440
26817,23336.6838527768729989156759937285586
26818,23337.1122290832283800583171096380978
26819,23337.9910535058342231742676198319376
26820,23338.5429033848115458516856394242139
26821,23339.6777769636502603365866560593413
26822,23340.0515728632887825851638029842153
26823,23340.9164583695210962262680791590898
26824,23342.2651439818478104119024549901944
26825,23342.9237748176944372957337835873944
26826,23343.6968858412316128183212073667383
26827,23344.0159278906900463126302862801580
26828,23344.7012179562474822235205785749614
26829,23346.0099589459812456472738958591356
26830,23346.5332478225203930036197542841041
26831,23347.3043913733203305730620753383224
26832,23348.0466041602326188870042981887236
26833,23348.4533727946291667903127065249527
26834,23349.2355755863474934687597195808848
26835,23350.2083703071437294391486167315119
26836,23351.0017560389537467728157251925321
26837,23352.1176453618383509784779658908886
26838,23353.0566850421519345226046062301477
26839,23353.3742290583146029996057415675936
26840,23354.1699524441591728271179506869953
26841,23355.0312219146945138589702526485656
26842,23355.6219321533472118173079811720937
26843,23356.1759470506730837885158618162457
26844,23356.7103750168487555583014163142373
26845,23358.1777548384896711994291288297141
26846,23358.7176416808707739401016954308141
26847,23359.3388084237152439527596675750676
26848,23360.3622972122004579850305461159061
26849,23360.9355116037077084894890535291872
26850,23361.9229944997409734241895572292314
26851,23362.7671103993656340694863774748486
26852,23363.3379040041361336301199331456235
26853,23364.1302505394540044960344579539338
26854,23364.7478653853457972098071153495665
26855,23365.7950992776251286603582891483654
26856,23366.3861002736990726827931548348636
26857,23366.5607077113093264199834007138034
26858,23367.5433703565036797844691370413962
26859,23368.5346723637662007502825294334434
26860,23369.8715248067089906850530019964348
26861,23370.3497935264042090661084628536215
26862,23371.3176124280816332012536611494901
26863,23371.7505115401349594715478264333541
26864,23372.2155381105527210245792916708993
26865,23373.3199295166694913509521747158494
26866,23373.7134451274525596750380727323990
26867,23375.0759985630487061361416153498915
26868,23375.3319678670471931414791671907718
26869,23376.1516922107169133538190475119803
26870,23376.7514631058265068889268144497549
26871,23378.0706439345019607607142951652689
26872,23378.4800489007134490127630842147118
26873,23379.5071565833962632868187216439436
26874,23379.9960504813421270771887210028717
26875,23381.2327811957231468942495137066026
26876,23382.0396016342750497923908490168004
26877,23382.5967738515965864891145635716451
26878,23382.7211984528397221257686673112561
26879,23383.7203051182170570422890967818513
26880,23384.6170394101599219992134888071220
26881,23385.0780696111475480397136213856594
26882,23386.2200509829324804182401780218115
26883,23387.0685570450569593404604161847046
26884,23388.0800151922662043926992728461721
26885,23388.6157568968897611419466484271892
26886,23389.3633065137279621247067456844045
26887,23390.3301801555798532639392090406542
26888,23390.4885951714088683077428442091732
26889,23391.5288037515121853592742883617910
26890,23392.5278257763624413768024015886199
26891,23392.9619855261292691386665576669357
26892,23393.8864692011788489427130671085573
26893,23394.5712588577213113459551783376973
26894,23395.2311815448014785177667649771471
26895,23395.5832482242020890249496822371914
26896,23397.4455754958382535559226835348126
26897,23398.0357193281535537630826091607436
26898,23398.4695947877034203003782086286263
26899,23399.4174666581757161261075465242019
26900,23399.9103078777204409147627846973350
26901,23400.8232146887424832627310946923295
26902,23401.3652742636110303626917384401278
26903,23402.1772316853539009154848960652999
26904,23402.6114031284435041999820118543373
26905,23403.7300130244202961108093753756828
26906,23404.6808927218022278276403366713622
26907,23405.4860577428643768006396919381095
26908,23406.2209898446273642458677819461891
26909,23406.8414978094144909407604519157596
26910,23407.7100404540024622861614889370877
26911,23408.3205720291222063419556335184799
26912,23409.3179581264381288413305723556409
26913,23410.2060402523248046888306943031747
26914,23410.6392986115707097600542521300028
26915,23411.2051011122580894418081020818216
26916,23411.9552958789035987061064003604452
26917,23412.7511084696767796620897264687740
26918,23413.5724879285801576662294262154612
26919,23414.5763393712086189452696895671896
26920,23415.4118103527297457426240174304081
26921,23416.4720412284042559300893805526156
26922,23417.0030257267571053854500780379053
26923,23417.6301215056713993188476155464532
26924,23418.2998951639582414896207943140864
26925,23418.6784279568681790002462898930387
26926,23419.6955076507121042200485524509214
26927,23420.8443917261708928532446596702039
26928,23421.2457956469454876071092442014347
26929,23422.1347993106592448760406521400617
26930,23422.5049048728754270152886753223670
26931,23424.0103685413034499465997280855549
26932,23424.4441001218268493059994927162092
26933,23425.1067138314338132389470851788577
26934,23426.2891018839905892260633068692206
26935,23426.9639967349120400947813238746073
26936,23427.3250376558865324319108134178765
26937,23428.4357014972915819369324480502160
26938,23428.9920504286029529928661790854383
26939,23429.5886859693498402983292559138462
26940,23430.1900576651795176800062340263510
26941,23430.8942128728051264986755751378438
26942,23432.1505522536299038550835431071891
26943,23433.4387794131856157497084099469831
26944,23433.6933385645871659635105342203062
26945,23434.4853497494237990541964020132461
26946,23434.9220841548152513852216236381407
26947,23435.9970394754622318634904933116187
26948,23436.7256472902035615209966767915704
26949,23437.4401846812786925202116307472235
26950,23437.9079078266286770698839277878842
26951,23438.9972976182107301622651994546273
26952,23439.8065767561065524650401360270621
26953,23440.1569775542829500516497414280876
26954,23441.0975263918002159921018432920965
26955,23442.0072748254899258892933634645499
26956,23442.7858705662813979369302325825694
26957,23444.0348679636678880092186242995512
26958,23444.6041271219379598114622579551469
26959,23444.9112677180605548808140274493116
26960,23446.0032429682844944447260308160439
26961,23446.5759266500968447122881647265141
26962,23446.8249459176533723401980371210745
26963,23448.0584630184616512853932799968311
26964,23448.6675618678843389395159290660213
26965,23449.7056888721077403581921305715894
26966,23450.3487763201439785376775348399510
26967,23451.3054006338346139360069762745293
26968,23452.3624603543861077500507097539793
26969,23452.7772630195598322868385729791176
26970,23453.3372603133823147419990897303618
26971,23453.9928189293702857805717851295961
26972,23455.2220710820674591765443039991869
26973,23455.9711736958711884554658007159803
26974,23456.5618697788651578672494610283393
26975,23456.9956302899173195104793473628438
26976,23457.7892668718966182276622757600082
26977,23458.4394362584136833423073196345302
26978,23459.5931802791129659389524329976665
26979,23460.6188685049857471190258691401405
26980,23461.4656990234408560968809946953897
26981,23461.8494069449075499036943901689298
26982,23462.9344285202191439654334144791288
26983,23463.4645161010499590312856886490113
26984,23463.9233281142537343182257406540762
26985,23464.7937877144992239474217984389687
26986,23465.5275598833304855724384443154215
26987,23466.3643584865455584693465402719471
26988,23466.9774634667132011136846258243149
26989,23468.3170878166629898282230288135302
26990,23468.6909084184373519715299564079538
26991,23469.4223086629868429261622403273412
26992,23470.2891395741011618939978430075904
26993,23471.1424718221115829477127013240053
26994,23472.0573144152303905724428087881378
26995,23472.7826987437350122217166792399869
26996,23473.2648063086529401778427794528961
26997,23473.9578757645600040586034634617097
26998,23474.7066359302113188894963132725823
26999,23475.6396655344476856823087722390560
27000,23476.2068559777226524210657593939232
27001,23476.5081177175066926835127639918664
27002,23478.3064692192105786256603955256465
27003,23478.9837826926796670851846798696395
27004,23479.7631764150640400326050396094601
27005,23480.1486745205500621459019291101914
27006,23481.0728453401800714321691977413360
27007,23481.5532116289257561648763749933333
27008,23482.3150929972233864544946183714923
27009,23483.2584103862110695091472617329400
27010,23484.1845088440142712592710006763441
27011,23484.6789811640150856105675124276881
27012,23485.2760838233917467416700307698543
27013,23486.1527057064425369240222231317485
27014,23487.0838120830251319007306852196377
27015,23488.0525663002948816186189434060264
27016,23488.7615490506469875676570386648843
27017,23489.3192096451848795970768840215930
27018,23490.4542179363067804950788719318370
27019,23491.0584321952685517408664212409180
27020,23491.7020852180327240123568490963263
27021,23492.2773871024204021243723854195045
27022,23492.8548466188114572286073463822266
27023,23493.4322220182597005015685837461438
27024,23494.9854569541859597480449510196953
27025,23495.3501553721001196513132598059885
27026,23496.3975811143225874396064726221291
27027,23497.2664041811573640079570614606234
27028,23497.8494454143475361057840921744826
27029,23498.5806050715747557405654916079326
27030,23499.2147598313086416665019433378051
27031,23500.2049201612880369552145624653758
27032,23500.6109960660907854176913279027844
27033,23501.8748357814121760159481852526221
27034,23502.1253495310534965390060634611784
27035,23503.0403670880324755516549981317007
27036,23503.6265308727390000242849865914929
27037,23504.4407223813250675022871737824392
27038,23505.2945071620969611537073954808351
27039,23506.4927973504075696041717820413628
27040,23507.4502549352265438681193653107741
27041,23507.8840794306904960212678045663487
27042,23508.5288600464998724898674495851640
27043,23508.7797950803727880053700682463254
27044,23510.1821996133787155737152912731257
27045,23510.6491834502336769481285963384390
27046,23511.0998591150636526921208528151946
27047,23512.4054640114279374818174051761203
27048,23512.6842210032351951334420717366950
27049,23513.9755306128052659887930878873219
27050,23514.9739756500120733931612912349161
27051,23515.3137757670041781737907039705382
27052,23515.9115131453218390698256312810475
27053,23516.9168056458692492674002239833377
27054,23517.8093690872804717538153074283031
27055,23518.6420999014346347843934577297253
27056,23519.0151627010103688527621302857621
27057,23520.0406725577315928491497835524915
27058,23520.3689191625963854792951648824870
27059,23521.1720099451955144920167811668113
27060,23521.8065101861557280933202701400640
27061,23523.1090838807323144900050189746137
27062,23524.0651041258443122031922399478905
27063,23524.6215375104760228091657706350164
27064,23525.3933282203059291202316692395198
27065,23526.2826725523293539525000759704398
27066,23526.8978616419421185487669756387045
27067,23527.3096699596392199545777881450512
27068,23528.0407518170612036463561557960868
27069,23528.9036796822218080415649199191516
27070,23530.1294479576703139012940686899138
27071,23530.4978193844820858527376925230766
27072,23531.2152868036320174039536486460042
27073,23531.9252168726700649768323563430430
27074,23532.9887402371227476025573580302885
27075,23533.8835540667514682591782004324281
27076,23534.5966572948374094862815842773581
27077,23535.1876966957866845339470862308380
27078,23536.2384634742485942856414489333391
27079,23536.6996424991841989701892724198035
27080,23537.4681847600266234476064040589764
27081,23538.0250865591525669954899051041289
27082,23538.7680201141130958067217948284169
27083,23539.5956732083451791430894424529226
27084,23540.1226170734207268471176460930976
27085,23541.8623184296029896359092007619873
27086,23542.2010904516336918983206288460332
27087,23543.0334923064419868219260845502595
27088,23543.6148484435729271148361980425889
27089,23544.3679408123013713942590060572767
27090,23544.7870218549457216683577447048568
27091,23546.1093911944659951103610450253072
27092,23546.8448420485003411527327432104340
27093,23547.2240626219952276706143225633744
27094,23547.8031752981636273596416623460594
27095,23549.0190893503980281948712152591725
27096,23549.4641760936724294455515853722295
27097,23550.5459285543049577547055005776227
27098,23551.0038801063502668941279785738098
27099,23552.4873314792126547319500333572797
27100,23552.8985125450957214757048020346103
27101,23553.6945307132808402493883105824450
27102,23554.4365342452827506577039457738477
27103,23554.9461326667387858699966564680574
27104,23555.4197101484139903294007202705801
27105,23556.4453442778469423880714299640425
27106,23557.1305580342651485857349472762602
27107,23557.9828313988853510158027542936485
27108,23558.9876650045107074056458385601999
27109,23559.7579058068286397069058779865763
27110,23560.3813788909832708503398100290116
27111,23561.4011229834026796289287662739319
27112,23561.9687896405025476896527945847278
27113,23562.6243918537443128356515290104357
27114,23563.4309615625564220005822768175878
27115,23564.1998238994922544289772708380124
27116,23565.0957737307066334734628966507453
27117,23565.9044749439638557794709503173775
27118,23566.2581423944756090472087803965808
27119,23566.6689201175599743533217579414189
27120,23567.7624114778659371986382527038761
27121,23569.1269047594511226399803986571610
27122,23569.8730609094822051916863003914202
27123,23570.5556482266399854068941159601457
27124,23571.0823204957608784543578981716760
27125,23571.8512299584447554037225666190580
27126,23572.7466990282899492145996765191262
27127,23573.2027700534947134534059511730570
27128,23573.8233095659394712918541944013785
27129,23574.8283892833941461245707225297383
27130,23575.5525925612244100613100353478452
27131,23576.5205842135609797717099030433446
27132,23576.9408509426039071171450404804912
27133,23578.3166316364961519035034698125073
27134,23578.8367116260645556504865641614504
27135,23579.0894672472048297980828508956394
27136,23580.4747210811769154544304724426282
27137,23581.4959247077440868986164793528900
27138,23581.6909889308757523143762096603597
27139,23582.5116889193261687681901845674706
27140,23583.0559074982177462522964170082340
27141,23583.8912496977631037700620852507955
27142,23584.5503380509442889081276958391367
27143,23585.4128757361995654538077093046876
27144,23586.2921585411658050674747365063228
27145,23587.2208266454882327596710396101838
27146,23588.5084947882534739665977624532512
27147,23588.8445554380324089796976663348210
27148,23589.2099975126008153593424381311979
27149,23590.0781321014736644174600342911780
27150,23590.7551518462665946414250013397418
27151,23591.6771200305865764051066530840964
27152,23592.4685063070643778195499770872026
27153,23593.3167968265388692891455627635389
27154,23593.7499496541445475142966630756293
27155,23594.5752394117148379865157929048711
27156,23595.3021417727620638413795547754257
27157,23596.4065108645119021361523068044453
27158,23597.1685702721963281533549865405257
27159,23598.0939066413173623812026965695407
27160,23598.6486498380314682550132385862827
27161,23599.3802735641031276565665836617109
27162,23600.1565608523302101487444668190676
27163,23600.8352187596797340818365292786455
27164,23601.6302144461302953186179490179360
27165,23601.8448706345891012074186588810442
27166,23602.7051298884948847540703478228829
27167,23604.1088633499786997689772905630984
27168,23604.9683029084364663606708253634840
27169,23605.5029614363361878799961022055378
27170,23606.2545417121525434101081592255586
27171,23606.9047222547099437197825345596696
27172,23607.9858089842768844047444094442579
27173,23608.3641154836621004869799703741542
27174,23609.1538617048958644625964836052486
27175,23610.2447293048825543554425483079121
27176,23610.6514711188775453316222967008201
27177,23611.2939610667640668107114010113480
27178,23612.3596105446055065250390504215753
27179,23612.7030492915540708564515221524940
27180,23613.5638915884660764357995645773099
27181,23615.0631579682981148765240967371427
27182,23615.3857442829990305019365103005357
27183,23616.4867774503615204279720848921385
27184,23617.1745511309271214061110388610363
27185,23617.4756503485189239994463090808057
27186,23618.3929582525594883789729763384089
27187,23618.6534597500219545899021097982136
27188,23619.9993433023267019917216011859787
27189,23620.6857012089155130424542877342739
27190,23621.2800887224467795876960940043689
27191,23621.9854025212958694136524614123163
27192,23623.3170271654181947541883881062599
27193,23623.9038883463287703032524607926680
27194,23624.4948616870655074883092121738470
27195,23625.3877549886769248326766972533092
27196,23625.8135718842484786501640269315825
27197,23627.1217009959611416887314500369083
27198,23627.8452003946974790939457365221087
27199,23628.2186809862180098463839703868735
27200,23628.8162666980125689754123384646743
27201,23629.6020328176471618607459182216192
27202,23630.4119573418870477676340695681937
27203,23631.0316342074699053257873372948224
27204,23632.5470886083415134240198801481880
27205,23633.2175734059914543694960382513806
27206,23633.7635584364347810857271779057741
27207,23634.5414709240468128501668952560720
27208,23635.2151054151566498416790101482702
27209,23635.9529505919904123495530189217288
27210,23636.7158326672776254338536966247427
27211,23637.1621204206858270710171899844903
27212,23638.1457773654276041818911577820203
27213,23639.1339955666906087983515333013174
27214,23639.6384256497714815766108475260098
27215,23640.6791429848209904163930287685930
27216,23640.9533402251424900785697345849128
27217,23642.1425438534405039829069197281538
27218,23642.9860792866574631059709738257170
27219,23644.1615073422032741966160981949690
27220,23644.2849442020431088166974300879160
27221,23645.0116054902608305295121566558904
27222,23645.9013190435994683805978792270961
27223,23646.6415249049231416163948687362383
27224,23647.2635627088034280366875331420491
27225,23647.7093791926422420448351001858941
27226,23648.7110694585241785146103231257043
27227,23649.7969666255269649261801046126716
27228,23650.7111247735818805376952143223526
27229,23651.5458233619535116873331388039272
27230,23652.1102307045011941082336080963852
27231,23652.8638336956633945003386473384036
27232,23653.1653184908135860882048280044214
27233,23654.2308837830569329171902304923583
27234,23655.3275742263842119482317181291982
27235,23655.6214176167404678823043139613604
27236,23656.7705349530457920380332995845780
27237,23657.1436191219342771065660034516963
27238,23657.4503490147591943200400962422878
27239,23659.0426611141211551250119922863268
27240,23659.7097748068534341652958701133986
27241,23660.3534496140917952305536679040875
27242,23661.3574748783409820473583918089044
27243,23662.3465573648630826700621979320600
27244,23662.7166674018703819087510056825607
27245,23663.4103963443667794010584659966368
27246,23664.0991554610079376335971089772332
27247,23664.5940266813722317211999587151656
27248,23665.4385231714167354080468991377306
27249,23666.5337166943481840800831224956750
27250,23667.1756989770482301947865029340803
27251,23668.1178294542188563824201848359449
27252,23668.8674389821832567328115730856584
27253,23669.6826759701570651716294046504324
27254,23670.4457007320968458034394487544720
27255,23670.8499455351425934943660634190782
27256,23672.1712490843107295506849966387704
27257,23672.5877731586078518750195549873479
27258,23673.1707588139740377037181502434014
27259,23674.1858146723062539869530215033831
27260,23674.8504014823311158083401364121774
27261,23675.4562535993589689191151525398144
27262,23675.9628262621416901524974067967841
27263,23676.9130495211829273652359591240099
27264,23678.5264753881130611536883097496503
27265,23679.1216126285787071878467880057514
27266,23679.4561983245043215223040820126474
27267,23680.1574691422313328185631017253509
27268,23681.0651025539331982463564663020094
27269,23681.5680933448664792309356970051536
27270,23682.4369928714701053101155929918246
27271,23683.2356550165796830382819350456131
27272,23683.7897513320389036821832922372603
27273,23684.7394125659298994710597391917029
27274,23685.5253043335483021284323782665294
27275,23686.5196750058998302384273961345084
27276,23686.9524184595912845184567187258546
27277,23688.0400908308501008293782688897638
27278,23688.5713941990894602732151127504352
27279,23689.5359284310892807471400167463043
27280,23690.3015809418272372608019013688826
27281,23691.2508283595573036712944069173123
27282,23691.5049726172263498640505163811814
27283,23692.0930849223737473048610455087498
27284,23692.8540368458727962597415406529685
27285,23693.7475330394966281891834529156220
27286,23694.6454129014904724489767046791337
27287,23695.6834850231634896152906690423771
27288,23696.5116994754463729579113796274138
27289,23697.0314859351336473593796125008184
27290,23698.1278808559332390769382977942805
27291,23698.6302111745114334373666886902245
27292,23699.1245407980441308256605358812975
27293,23699.6318271591192188600096466984250
27294,23700.9921832033269446262338788159500
27295,23701.8028531859630137905637876660846
27296,23702.1357361139258711917678938167942
27297,23702.8682411990298759745225161727449
27298,23703.7344061395031381010476722286272
27299,23704.5241820606872551491130762700836
27300,23705.5242231269339081693187786017883
27301,23706.4803141214835303897227150135728
27302,23707.1030689632800779398959474269682
27303,23707.8098271572641327636259345352742
27304,23708.5379092973683312469471449906096
27305,23709.0955137568995156044413059005105
27306,23709.8618260176537194376440740301672
27307,23710.6829033522023985902493405634263
27308,23711.0952397200571932878181378884395
27309,23712.0003030769673136761909901553016
27310,23713.1339827438221317507192656368393
27311,23714.2888811543243149337902320271718
27312,23714.6418648712725806657384095442210
27313,23715.4498284192581372951596755653531
27314,23715.6772913948368368191068864480196
27315,23717.1652087621183900227053349567729
27316,23717.5278503896743279402299263042549
27317,23718.6177196804351110217669752223812
27318,23718.9468352131167049885520962967896
27319,23719.6976633082996254871838199350559
27320,23720.6479536907895325770960362303595
27321,23721.2180226514883861451965088631467
27322,23721.8328967967626972098813056236892
27323,23723.0916799975614123158427764896732
27324,23723.8671016742730557415809255072901
27325,23724.9377891070268289050089643019124
27326,23725.3322166622821497588569978485317
27327,23726.2649332326605022683368781667868
27328,23726.4161237248350160302503740452929
27329,23727.5973000740863032966423284607486
27330,23727.8995795275388337301813520541673
27331,23728.7721401302206129388865641470107
27332,23730.1369960141924842147388206548000
27333,23730.5062019686266657726637717261722
27334,23730.9867302889055685849387708734430
27335,23732.2901396947895326130816227502974
27336,23733.0950073788118749396545067796864
27337,23733.7365153225456555228649677800434
27338,23734.2557614671083861820559185042809
27339,23735.2951035249716149486359074828703
27340,23735.9224264473148523183433884043779
27341,23737.0309361826079350449223699570304
27342,23737.2564541354830562605640559771248
27343,23738.0216703609223134045318733280315
27344,23738.6697376529823175321982745612149
27345,23739.1631021762844001557594400722458
27346,23740.8886895772539193232447361462889
27347,23741.3334213628429676550459651643774
27348,23742.2893486796133434657320779229915
27349,23743.0620648498467130582684987636569
27350,23743.5407054133246260690893219243116
27351,23744.1119402275920638127278702671926
27352,23745.2430947791499967210209759823085
27353,23745.5067173678290560458499177061375
27354,23746.7415171249281463613028365271961
27355,23747.0840156949870829168850153062626
27356,23748.0376896335892289588128774540528
27357,23748.8752162089956933398872705265742
27358,23749.5834654093124682809761723804775
27359,23750.6332845909478982700355768549802
27360,23750.8097545190264694686753024418426
27361,23752.3432840344015783919199373995314
27362,23752.9784843243950201869703979418920
27363,23753.6127366254621656196773979329343
27364,23754.2531858725251144776021688300012
27365,23754.6293892096321569086641247040081
27366,23755.6705641786187661066990017277811
27367,23756.3219070714338721864619252971945
27368,23757.1335916976634140786033180191962
27369,23757.6633578274037165630893147737958
27370,23759.1065792001359253368385152694194
27371,23759.9254165303367154952255392201290
27372,23760.3593966484532658420475143001748
27373,23761.2425922762580318865715155586564
27374,23761.7985441182168329373783160970469
27375,23762.4687318236038489540580917337763
27376,23763.2767782413564057565996413703435
27377,23764.3498375845746042326344627045588
27378,23764.9374482905123606954054317649200
27379,23765.5306196147309307925832331614982
27380,23766.1861057509688329145526605911096
27381,23766.8684095573754677977089351294920
27382,23767.8290562695400975697220173527352
27383,23769.1018390659500218637928017846982
27384,23769.7156897324829837167447402976341
27385,23770.3644885896170965769100277703315
27386,23770.9106446073897967176937308157371
27387,23772.1923498846158852399188683516780
27388,23772.5615434937128240627511369195650
27389,23772.9385013390642252520438582742994
27390,23773.5870830060289932996287007212033
27391,23774.7640215205493925634403522842687
27392,23775.4536338821541904378061213392842
27393,23776.5169152037160014217523050887883
27394,23777.2324153461830416962437855825695
27395,23777.7939030256390201744241132409298
27396,23778.8022567107104013493779911702520
27397,23779.4116139142482940190860591451908
27398,23780.1554199848571537021008219706156
27399,23781.0561678077131046030360945106224
27400,23781.7995913885094980481801207575751
27401,23782.3233828747789272981143724949702
27402,23783.2691872791940943473826537863053
27403,23783.5506972663547598795196659659852
27404,23784.6413978802244772747452115447403
27405,23785.2073233564656078988539028076218
27406,23786.1453248905314595826712537056251
27407,23787.6673702407305838281723350677667
27408,23787.9271463462699652016499543287556
27409,23788.7815210931374055541873460176491
27410,23789.3359202143428161650255632473912
27411,23789.7460066275745635793629639014406
27412,23790.6783511507617536440428559414973
27413,23791.5822523396546168021379118409350
27414,23792.4884625567794997392231494264468
27415,23792.8153573672215393088155612944172
27416,23793.7564532313116172329493171813982
27417,23794.5539844718747826686883116411804
27418,23795.6410594540711553861338509872945
27419,23796.2822094245150266542292196486286
27420,23796.7700340339723647616656764518084
27421,23797.7936354431822650255225988984485
27422,23798.9204000872183439006362834651509
27423,23799.2034488153513087993378049534703
27424,23799.8500723435625016105726864853951
27425,23800.8802225025571154713351606789538
27426,23801.3069413370574229622540454589406
27427,23801.7078290840791481786331141737556
27428,23802.7502101003622545444553740163887
27429,23804.0379166116548451462435996211855
27430,23804.9100714859830017592161261267786
27431,23805.3058625613355847466198563270737
27432,23806.2394142206144765773982356217980
27433,23806.9955078273719281560369213827171
27434,23807.5176722205418244004951632874540
27435,23808.4133776945704090368321496429783
27436,23808.9590167424158884615681102681183
27437,23809.6928561361810690635062091375867
27438,23810.8688478750820499584951495229866
27439,23811.4471868914951657160456973082168
27440,23811.9499648386275444213595749444622
27441,23812.5302753739047100277312324028275
27442,23813.7981455807064279152694913025989
27443,23814.7110722162790355661160756809885
27444,23815.4539697460258617384909015595781
27445,23816.2133216998689857288040373454324
27446,23816.9728049601284455605904437015337
27447,23817.3256893050144485773494148659657
27448,23818.1914425465131287315624709173712
27449,23819.0261241444647773476447856158718
27450,23819.4381748476623290573819271077072
27451,23820.3341766343014338908047774149523
27452,23821.3509385999070068046564796158526
27453,23822.0259691069133973285830299861909
27454,23823.4115973004046473673323052474277
27455,23823.6606881199815760328177793165079
27456,23824.4105423714310733807385168945611
27457,23824.9813865902953622280872341569841
27458,23825.7579940331687080839178715794461
27459,23827.0958708466828388755401224723701
27460,23827.4944053548119438491403225441442
27461,23828.0808016089813492210941563870757
27462,23828.7058059057691237483824597236151
27463,23829.3653387903500612461115123968250
27464,23830.5841762811263871069727750446344
27465,23830.8939999623643392521294566309516
27466,23832.2786650383104894513404648781511
27467,23832.9587275707338136946480084643367
27468,23833.7980555437972170265501552960132
27469,23834.5623923811858782288928318223525
27470,23835.0311050846847965224231166657970
27471,23835.6417894949126899236540717837462
27472,23836.4690339839247461463870531560608
27473,23836.9697535337264622918469257624893
27474,23838.1938181862871414206612013687413
27475,23838.7761789120160680511262777269632
27476,23839.5391860703682645207318681334441
27477,23840.6100605456377071383648141406760
27478,23841.0482239349095114018608438361913
27479,23841.8578640740205109270722226850695
27480,23843.0880365221249795108812209252164
27481,23843.5476979497634088889366074886377
27482,23844.0247145550784052604847871540667
27483,23845.1181969005344376762319740790031
27484,23845.8148639205933542977674136042828
27485,23846.3217772705071812904585973469572
27486,23847.2051219585021793109319856456147
27487,23847.6227516453434778448119408938078
27488,23848.2712038412438210082123127804814
27489,23849.9566859121205455856581184951604
27490,23850.7161580774441960472929313116890
27491,23851.3041736035909675549258174176243
27492,23851.6556398857247810105801637142248
27493,23852.6934021532992386222963510688299
27494,23853.3692379420254391128084054511679
27495,23853.9278655349839449858846805818943
27496,23854.7633052629475270448060475461422
27497,23855.7542740009523611903111685223936
27498,23856.3162769313083738266493296910847
27499,23856.8978039124163927494018461447219
27500,23857.8231816369845702175404573244259
27501,23858.9280988683037504769640592510379
27502,23859.2791179721688698210144835229448
27503,23860.3348795182390178620933374315060
27504,23861.0909117482608712725219121567096
27505,23862.1163566736516359895642247502076
27506,23862.6866221981499644450127607612950
27507,23863.1874408048294300586577732586374
27508,23863.8643806079280571872732761948854
27509,23864.3191888424405033171547467186098
27510,23865.4610160428340085543020296873577
27511,23866.1479790859916760612204869860961
27512,23867.1528692654286428070309938237579
27513,23867.8041212740733588222884065870507
27514,23868.9933085625039958799935588426436
27515,23869.5958554836284167476012582633002
27516,23870.1183216032817100152478025560569
27517,23870.7441059523500378964103617884126
27518,23871.4896961737680762805119992055228
27519,23872.6868518809244445201729113511696
27520,23873.0202710421408988672399497459016
27521,23874.0268051811303126351569381675927
27522,23874.5409102586532936948833743610636
27523,23875.3091544658225890246397991851902
27524,23875.7354617795187149564437548223151
27525,23877.1385330050386369151595765251747
27526,23877.9373267699260021242142331950369
27527,23878.9298630390426637548363589202945
27528,23879.5890094911068969433327098966941
27529,23879.7597636469785994123271880851858
27530,23880.8518381054387934212940251909134
27531,23881.5072984480035254019299267701582
27532,23882.3031066438800578933663062218061
27533,23882.7965717791111726142760658706300
27534,23883.4018456608258399555914932580597
27535,23884.7424088912922367847353726423118
27536,23885.6954303791330744356275297264791
27537,23885.9881189172030595855479484531654
27538,23887.0742765090971074384016131344030
27539,23887.6277897188243368914612149569735
27540,23888.3064065146366819920355877440800
27541,23889.5618090508598791855830465166992
27542,23889.9964339579941998979731133236427
27543,23890.6425169579794912623980844386630
27544,23891.3536444216495364805214572559905
27545,23892.2312183983002658622778344973405
27546,23892.7566786933472789086288977083700
27547,23893.3088797201708153987012537117305
27548,23894.4916601667692814624222355735859
27549,23895.4826262936829171351847515103311
27550,23896.2905486791568981299580559695520
27551,23897.1001525709404522986530283224625
27552,23897.7129559536643387078563393334949
27553,23898.4395331618703776346161428792569
27554,23898.8771503609031219293032448908906
27555,23899.4120427607038213508238193847914
27556,23900.7169069327901313515746965788678
27557,23901.4660287675114647339105809778444
27558,23902.0447887299568044768128225720917
27559,23902.6619637080827855888926316847322
27560,23903.4945672269801396081163343352133
27561,23904.6705526358331987820147093652018
27562,23905.4733076106172676041073275858757
27563,23905.7183246092875059249144672590134
27564,23906.9233681638599463744177873316209
27565,23907.6044677207107849625439877266566
27566,23908.3539094060757426872021687047710
27567,23909.1875431699535363368535647403866
27568,23909.4905421309747563118682972103821
27569,23910.0661705975619849275104243562825
27570,23911.1826720938618794822163341104596
27571,23911.6678155544920904718730983368914
27572,23913.0865784742767440693296985026247
27573,23913.9691172773360593623089213544582
27574,23914.6052968999952175511583775377353
27575,23914.8525800297265012655978574907752
27576,23915.9380798441352073896041166219018
27577,23916.6621083059454837735924806666613
27578,23917.2812965693614071503949090063214
27579,23918.1393179861192022151255829196208
27580,23918.9060712648005441826868884529486
27581,23919.4506571092309204839121517672378
27582,23920.3945236882816804727584564980079
27583,23921.1720739859299270079811228299135
27584,23921.7676991058809407849260797034297
27585,23922.4744585629952082102172142107904
27586,23923.9591233997280140332182313525556
27587,23924.6675248081916837142129121946792
27588,23924.9836964625810531580032940091897
27589,23925.7811121052437963059966203928695
27590,23926.5002935252227727689025932341946
27591,23927.1236259662462858908737127687100
27592,23927.8994552309202417086626333753961
27593,23928.4853392991077960383866777855949
27594,23929.6344785445255656220527235577860
27595,23930.0649729528219087339306114891631
27596,23931.4473274019570247710515408050500
27597,23931.9409785693705504844712360048754
27598,23932.8043365727011831336942682041758
27599,23933.4139872042643570855547080703571
27600,23934.0628162977775769703062818833191
27601,23934.8392317361846284978952108865303
27602,23935.7393692226176104308804841762653
27603,23936.8203606847137750980044941514546
27604,23937.1269156618052795598564918517301
27605,23937.5447883706153385688176602544643
27606,23938.4032031527377638506941997121849
27607,23939.1611377010671791155577126665089
27608,23940.4900538722974407579404657161738
27609,23941.3813006641108363239679592393451
27610,23941.6629306486448165246488831302956
27611,23942.9191376197642688932451264125660
27612,23943.3561788291016492386467110146070
27613,23944.1472415776178128363832434076722
27614,23944.5554479638453571470407019629761
27615,23945.4637691727097794655754679487637
27616,23945.9640312434125783149832989031281
27617,23947.2075823113030057106933818057813
27618,23947.9181899798992403327213948941837
27619,23948.3917181645866526955430645014746
27620,23949.5902961488461952354558946881975
27621,23950.1164733909226362116678533188525
27622,23950.9506015429625964376302636397029
27623,23951.7018819869177879237592195974554
27624,23952.7556054338128834882202143365351
27625,23953.3404984464610614619852817848054
27626,23954.0342364327903402111837227140059
27627,23954.2913095567693809396099641735108
27628,23955.6100699233527275732693875868408
27629,23956.2034709800418185561728819706201
27630,23956.4309007720277889523287999811872
27631,23957.4938887880434572955631956242971
27632,23959.0102154227374876384725635256225
27633,23959.4713861081961702286903220869317
27634,23960.4793286138069571744969134644484
27635,23960.9873458318663139208964934617490
27636,23961.1286541722445212259485840071883
27637,23962.2112676399323852443419919714632
27638,23963.4279602899050419963921470911654
27639,23963.5723042002267164458830756940702
27640,23964.6108795497850960947206166476264
27641,23965.2895465734821057624479860500738
27642,23965.9767069826791795350319833372767
27643,23966.8001885851922203799997028704084
27644,23967.6813324813197318950367995132443
27645,23968.5654378180482325514979024740662
27646,23969.3526725499162790864324818323986
27647,23970.0316047234678553788512845016940
27648,23971.0658285712791487039272429454036
27649,23971.5197940543020355987632808114471
27650,23972.2522932587603193205851509662932
27651,23972.7915564368369165128824780202411
27652,23973.4973952002643843665530089916582
27653,23974.0424086010549575340885533746598
27654,23975.4560053178511691764182494481695
27655,23976.1471899165801617910546240534356
27656,23976.9803046839622016738198509067647
27657,23977.5680456890755723015660908151517
27658,23978.5829313275884047326118397484056
27659,23979.2555321106112519461241312622819
27660,23979.7446603949220904244611109360908
27661,23980.4683521193372783415608548001644
27662,23981.4019556869612247312345045866970
27663,23982.3668177108632448976489075449484
27664,23982.8004868012508764058767477909940
27665,23983.5365364912424340302030261045823
27666,23984.0463807949428287143711114243562
27667,23985.0420675573137802793592219294269
27668,23985.9532022601623367331211071508515
27669,23987.1958969611732806800372745774475
27670,23987.8266499854958259059174639715130
27671,23988.2078483801669750014785774416345
27672,23989.1020088213445988393860517014019
27673,23989.7100152660782488612417172485549
27674,23990.3325880159310714602139350265961
27675,23991.0972829466457523217701853106181
27676,23992.0334516429882973151165379509911
27677,23992.6831336772653049259636996589454
27678,23993.2403742254140345644632953086184
27679,23994.7247629401214737201174915982742
27680,23995.3311111999716261534882330957262
27681,23995.8448087319570254599142393695553
27682,23996.4156719392396419445930769076758
27683,23997.4394768653517017807400933118225
27684,23998.4470574092810030036089167838576
27685,23999.0472467697212535474644730619071
27686,23999.6560322148931021934191679434135
27687,24000.2720556758280312938778483593926
27688,24001.0094627352428931160317429515813
27689,24001.5920500196726916908358906872560
27690,24002.7122841336229635960220275907045
27691,24003.2016114971381500930025940222343
27692,24004.7641583336843091861067521522522
27693,24005.1752440313437697375056880477568
27694,24005.9404952519716185839167625561614
27695,24006.5093085135919862491291026866568
27696,24007.4643543572466625485024790101140
27697,24008.0145873859056801551451979054932
27698,24008.2718326166342900244715403711138
27699,24009.6761103056231008383730380983390
27700,24010.2493108950889689265666564950222
27701,24011.2778040847187993289017493501105
27702,24011.6342438755933292487776044670984
27703,24012.3281726561634010532393029925737
27704,24013.5774994840856566632713343883512
27705,24014.2894563177650893555355095886330
27706,24015.0560368128592384140398939052695
27707,24015.9492874460060082559522971957601
27708,24016.2511403016775537657639185770965
27709,24017.3699959434550682407486541316121
27710,24018.0205738643545000585895044560373
27711,24018.5086353301333301329530098442510
27712,24019.2578154739762723490901560804233
27713,24019.6575638525824561543922990146608
27714,24021.0418715775986511305407523649678
27715,24022.0883767165101763883242364183113
27716,24022.7214118019969849764665793476906
27717,24023.4572709102742594434508251929429
27718,24024.1039075701071984316581713385510
27719,24024.8362746330656697047549882318034
27720,24025.2681840462757370310927576306991
27721,24026.5519652807807152259762622062068
27722,24027.1594185823214622879749243438471
27723,24027.7032375438443495366064571528140
27724,24028.4063878909308918606539703230368
27725,24029.3699402326537913587850554715868
27726,24029.8535602813118285097225308482334
27727,24030.9763448835746047133837620852096
27728,24031.6668572571034352816581419431789
27729,24032.4680683545098029410396841733770
27730,24033.7663129068681905451063148913156
27731,24034.1621537384693831055461068893887
27732,24034.7328966117890216874950542827449
27733,24035.1499407220826636211397461687337
27734,24036.0202450031384857048537234594852
27735,24036.8652343663645543483677930034801
27736,24037.6638108212517042594671482771283
27737,24038.2676688417260954757579247543671
27738,24039.4862862063100428021462889808879
27739,24039.9455495707409750641453590057167
27740,24041.2283814706165983195415226645001
27741,24041.5845389475966408174961945189442
27742,24042.2497595829114859883357149855092
27743,24043.0975979979043248570878017622096
27744,24043.8451186157402554026231148858902
27745,24044.7942108795793794949655133057061
27746,24045.3475622652965935577116807306291
27747,24046.0700486069608782581398973083859
27748,24046.8398742568474101986152771196644
27749,24047.3179925795531520058603564671347
27750,24047.8774906444291477477058823194165
27751,24049.6105662546765958332012768262139
27752,24050.3983523450083062171468746515186
27753,24050.6796008852528130998151310969086
27754,24051.6239453028157787557310597458374
27755,24052.1610183281935373106696737858249
27756,24053.1362605330359573413004141982765
27757,24053.7140344968737658604789759705241
27758,24054.1836395306588365102475381887645
27759,24055.0053910592303152584287984923425
27760,24056.1343960742007834865027008533813
27761,24056.7286378899439358518653596965053
27762,24057.5267574962247745014293326719776
27763,24058.5159746181335434476159573068573
27764,24058.9088599071237013410361716093830
27765,24059.9108253567208949371344871690984
27766,24060.8689673926988462705863637920889
27767,24061.4284470105993582839044984626277
27768,24062.2990676563035690502159013639518
27769,24062.9227875993660421660956483745323
27770,24063.7268690153412698049195713937845
27771,24063.8155564406376407411277499785303
27772,24065.1563679936101102509613280330805
27773,24065.6160853489495770588219059948276
27774,24066.6203734941515293141371730212944
27775,24067.6346621397932444631218545066066
27776,24068.6250683144003001185485897818786
27777,24069.4083856150112899361658728033509
27778,24069.5918982772424112754260565789891
27779,24070.3848546187991736674612878645188
27780,24071.1103450426386441204624456343074
27781,24071.8418335814238291824818115636813
27782,24073.0790631346118201245629485997151
27783,24073.7713998177691553965262965376512
27784,24073.8399937380496446084991897950838
27785,24074.6971254028863987972775739385514
27786,24076.0969222190186068597145523520299
27787,24076.4298583297446865836692013481859
27788,24077.4478299309532125681016668342655
27789,24078.3984580133383216412339664619955
27790,24079.0457588375083134219756254992240
27791,24079.7556388496629138188059840578083
27792,24080.4383258924431278659321918672985
27793,24081.2421072429193392659493042561009
27794,24081.6471583423053923217733634089715
27795,24082.4079246391454677313152342927090
27796,24083.0643849502613311854867214578761
27797,24084.2143037873377016638516562699060
27798,24085.2806827476970290001564448372803
27799,24085.9180388995649742475043110975796
27800,24086.6156181968028255300393976608727
27801,24087.0862882357384413659341083243010
27802,24088.2038246307622017572426233683589
27803,24088.7897135209860887994535690225768
27804,24089.6540186023295969804284586853742
27805,24090.1192678059845941861780662117332
27806,24091.0188363948274665553022741740297
27807,24091.9583593630578923748895568933167
27808,24092.3783238816112791075441657228173
27809,24093.0720723684835570915177892709089
27810,24093.7631840175990593954626664555150
27811,24095.1250733074051329117691968601399
27812,24096.1140951286234217973476958473561
27813,24096.4626437607686054394214374314938
27814,24097.3986880773446442350343704363120
27815,24097.9896617141342767030736098904709
27816,24098.3638578840803974460694353892572
27817,24099.4335667788838330665640296850934
27818,24099.8959811218382787681592667620920
27819,24100.9518399147776267902620534687670
27820,24101.5993120774109702195850114401987
27821,24102.4224450938408480094602116454702
27822,24103.2333018928317806329693522524481
27823,24104.2099028730678540529651851669430
27824,24105.1090442741356343167086562075867
27825,24105.4974030826872409105835211454936
27826,24105.8993390463394395869134107577561
27827,24107.5801136693571406712069001554577
27828,24107.8964395006008850869534944521035
27829,24108.5392895531507822021552452264397
27830,24109.2351381680218185277476852381632
27831,24109.7617474096934554691395872328479
27832,24110.5197299054968054485724598789507
27833,24111.4230441532990201776887907324321
27834,24112.6641303326733468620248204558907
27835,24113.2571894508391929100728531603566
27836,24114.2198878927964308907660176768127
27837,24114.7316669673345006527522031889868
27838,24115.7315971181138220111867218965437
27839,24116.0713905190000699270504609282348
27840,24116.5675113087980331663885855021615
27841,24117.8748210069053591408005060464501
27842,24118.2206985277173746527075990677328
27843,24119.1581250439945436794193401794658
27844,24120.0972918574306061652773657536841
27845,24120.6275611557195919820820884211384
27846,24121.4034599558989826699484451504286
27847,24122.2229159803165869330282112626616
27848,24123.2186133584879505060826577525531
27849,24124.0832363431655456455438712473467
27850,24124.8729822414073353844850602247575
27851,24125.3185551388441004011586944623876
27852,24125.8400106111742325902601780741753
27853,24126.9851516358149812336715615074889
27854,24127.4780520164615070823935111164923
27855,24128.0773688562455728538391894157400
27856,24128.7544067581392889764107779105088
27857,24129.7333852908944956393060959562798
27858,24131.2414587889679846164019590193084
27859,24131.7199246785715232405787711631603
27860,24132.0268483005660398435985651397509
27861,24133.0858330782224320574007402475062
27862,24133.5491909715076287088400258578489
27863,24134.4468780680763559321006487990055
27864,24135.1904012811785687724511067513190
27865,24136.1436377018280206659008578104365
27866,24136.6847805168423580666795557925276
27867,24137.4087630634170633429224901921824
27868,24137.8977446411523671188490644997004
27869,24138.8609869938109955232321267894344
27870,24139.9979015822661428898467889838612
27871,24140.4751617342247796977317465285117
27872,24141.6726072317890576359144549667705
27873,24142.1966237828944072443316620867570
27874,24142.9831646363136135798364235645119
27875,24143.8762950840800714738673130081734
27876,24144.2349697845885824217400374308232
27877,24144.7658139364306928474417436956005
27878,24145.3991375196179933492321470142512
27879,24146.7776160886865580536337908741067
27880,24147.4951112535342699558569630357784
27881,24147.9003168485438774733945256554634
27882,24149.0854409649191712396583384196439
27883,24150.0869180389445483268536280928273
27884,24150.2434621736146769947165339536822
27885,24151.4215550095310451956439414215943
27886,24151.8345515237195162401985646226656
27887,24152.8151823759829487549447294184770
27888,24153.5343976476168426150612678600591
27889,24154.3754049652485594702921572112819
27890,24154.9164769964961044744175654057694
27891,24155.4450062066636927366417484781955
27892,24156.3841218442062948089843512588215
27893,24156.8873904811978086561637149779447
27894,24158.2710022870707657497610486903059
27895,24159.3374747812775599044998258768933
27896,24159.9003992214569005054278035273871
27897,24160.3019548310751929018226994050476
27898,24160.9984626763473510669922982600798
27899,24161.7528242855495573008021384368559
27900,24162.6986926777837964230444565884394
27901,24163.2505372859453949748946508481798
27902,24163.9364526432558545124871775273868
27903,24164.8074380020363546189267722074047
27904,24165.5634480740900006573710364343954
27905,24166.6202124085388487401609409896179
27906,24167.2467675285420281541792453847641
27907,24167.8927040756109902528029111698367
27908,24168.6377290717763491550451386332897
27909,24169.8948642287993549255384460073391
27910,24170.2552888400325677433115342750752
27911,24171.3335163860946671714515328697633
27912,24171.5854715646474603212421338250644
27913,24172.2775271415354459147583069301536
27914,24173.1608239396579375884979014902813
27915,24173.8463567862720140258283473999248
27916,24174.3235796270716010915858071426776
27917,24176.0915961265326839778581331653575
27918,24176.2416831951805656530740107101796
27919,24177.2243129916077056655834970502882
27920,24178.2102935150869335869250888663835
27921,24178.7580594694505570761097122615518
27922,24179.1763090660450147853843735041806
27923,24179.9842499978690604964102757434045
27924,24180.6577602507082796277254847665993
27925,24182.1031272648767656259156278963529
27926,24182.1482347539327811304323299343303
27927,24183.2430590210548894409413644334521
27928,24183.5696633401199195759942813606734
27929,24184.3751673802528259583345852820852
27930,24185.7491937033305147006508138748855
27931,24186.4252729978218645982414391610652
27932,24187.1220108913172328194038875184920
27933,24187.7665265272343519418143442032477
27934,24188.9000592028948713290786221803163
27935,24189.2150907824745412543210052352680
27936,24189.8126130788409370151909553391202
27937,24190.6289559442705909451814696838831
27938,24191.4360719571019169828989745195680
27939,24191.8151979693419276523721024162412
27940,24193.1361700277551411190429403784396
27941,24194.0587825790248216425329639338482
27942,24194.8119941592489397972874573117762
27943,24195.4972511409305315215751006626449
27944,24196.1274369821604020939313487931816
27945,24196.6506265200569413549675229604342
27946,24197.7942683356536147011509787483595
27947,24198.5826280243056408822895058296600
27948,24199.1943014122725377383614265446638
27949,24199.7443906286806881673172422790683
27950,24200.4306290365353519072708533462894
27951,24201.4134588116374014656765647874074
27952,24202.1174421502709718155164796754034
27953,24202.5903674720526519517955645819482
27954,24203.8858165383108148068301502793441
27955,24204.8966892637783910174639349165381
27956,24205.6728765529350417338846084232460
27957,24206.0227938918382459626720593770580
27958,24206.6348111334372019286000582511237
27959,24207.5555424078200749345291527413289
27960,24207.9789686627270661254016697644343
27961,24208.8660546787887473087886467451454
27962,24209.8854389103874326900353527203717
27963,24210.3981253981265007184245523866307
27964,24211.3034039786095092629868818127459
27965,24212.0817471770148282764014529950720
27966,24213.0897570937764382652708780399897
27967,24213.6540488567093893438280816133821
27968,24214.3847171564993198968546539756295
27969,24215.3881121221567591998722365649047
27970,24215.7426744430156669607917131598130
27971,24216.8075659553455040337059223504289
27972,24217.5974686255750519768118694482258
27973,24218.2239784502431063982354785140314
27974,24218.5842189198686359523328479685360
27975,24219.0625676717311803152994302320170
27976,24220.4271269478405870023092800423237
27977,24221.4505051311394525231284410564663
27978,24222.4368098327045637126485449428729
27979,24222.8178388962367918291829581417241
27980,24223.4813870533395259013896807418236
27981,24224.4232178509201089674128223576976
27982,24225.1060223380284132316533914069729
27983,24225.6187424961604364671671688201703
27984,24226.2575109457042653693159981487728
27985,24227.3892120455103687286906464652215
27986,24228.1326823707983270384046183740870
27987,24228.5989842193547809323117720478329
27988,24229.5321654162770900458403854365230
27989,24230.3342282953905943990546327690489
27990,24231.2472670149064307855019179511954
27991,24231.7287247100870730404067508546762
27992,24233.0922829246574571502700202188875
27993,24233.7355581760051970160199283008745
27994,24234.1146073600258243845450683492163
27995,24234.7761546369434898767230114588012
27996,24235.6385802123935292987769910684440
27997,24236.1483067072960262003546315140091
27998,24237.0337250161172344618417837668455
27999,24237.9154603445736003987373231925130
28000,24238.3836574572939835889521987476236
28001,24239.8816156811728711343728929113689
28002,24240.5848012902941525874732200868814
28003,24241.1496940573641668921205579468189
28004,24241.8319270013364288377967123014665
28005,24242.2667617723293883986956965247325
28006,24243.1712169418684056923034252705563
28007,24244.3606208820263250197445818280991
28008,24244.9101708437619845358403323532534
28009,24245.2586911610942093959319641700836
28010,24246.5031247943626891947406296399107
28011,24246.6381710258060341844210696402192
28012,24247.6268373216980015296381946673112
28013,24248.6397360690159044581161636199246
28014,24249.7459574815127121288383338463582
28015,24250.2909055401870698167045263738966
28016,24250.9941562560747205413434418443926
28017,24251.9715863608252284515979960477928
28018,24252.2950470507274903465885593700640
28019,24253.3281804679810781526951557970999
28020,24253.5920178585972819541915224760243
28021,24254.3965441048890172112342190168951
28022,24255.1807219722911752448627539946122
28023,24256.4365123370059303337003311836462
28024,24257.1048035385672368297458148827349
28025,24257.8379779756119862699396725821677
28026,24258.3076862179544802139322380570639
28027,24259.7042974996503661075704337652417
28028,24259.9554988218197147357689829990316
28029,24260.7539056381044110724752820583461
28030,24261.6788418627380521650204385607637
28031,24262.4183698485810184373931568791846
28032,24262.9035513958565472041995430380421
28033,24263.8968505850153180721990807793292
28034,24264.3710550379962432472116117721882
28035,24265.0046094254915997873350252043908
28036,24265.7871286667429848411166081620218
28037,24267.3294751787401752197345004702703
28038,24267.8448338362082291382852609304466
28039,24268.6215573595282227187170815255658
28040,24269.4166011482519550122295961095000
28041,24269.9993063072422207077602294741867
28042,24270.2608664725844137903506215870894
28043,24271.3135573298367788851328126288582
28044,24272.2663970628467035578028354988471
28045,24272.9024267534360376494404246342167
28046,24273.7643565840146742397021827769906
28047,24274.0288389377179595611460321396596
28048,24275.3864118660362102240750995383237
28049,24276.3018205173587727349803556983087
28050,24276.6688148289241189860441147976077
28051,24277.4461363478285272146505663627260
28052,24278.4586241491070925299821780735293
28053,24279.3035594121675791207958046561544
28054,24280.1498442211013340699959893643590
28055,24280.4146310452384565413173768549601
28056,24281.0420492955854689969370182530457
28057,24281.8926807355264940238903118532074
28058,24282.5460745546133011426199549135941
28059,24283.4157198474300882933021578133632
28060,24284.5259082772932388090429607161641
28061,24285.3889804382615435185019443161079
28062,24286.1481427594813486946671251934396
28063,24286.8194663386827059099451369965704
28064,24287.2711096632577117667232736737687
28065,24288.3576070339606632530058917110985
28066,24288.8176891178954546266065836811347
28067,24289.5057126030262742156581561507863
28068,24290.3801657125799466483910514138160
28069,24291.5089870363936585038163109788414
28070,24291.8764260885684350033392710063813
28071,24292.3174707107880724369527660279684
28072,24293.5250420226212243534215298070663
28073,24293.9938603550341201199833732427757
28074,24295.7146901225582600979407939604699
28075,24295.8191234877438028053096867553302
28076,24296.8728131995964929557408290796514
28077,24297.0292915526889226967965468091360
28078,24298.1621603105256097702699026878019
28079,24298.8201265128887485318826027269719
28080,24299.6156604110946692107396901439418
28081,24299.7523626022585272221973046501586
28082,24300.9101128653504847171972175138677
28083,24301.9634546741520066838601735232830
28084,24302.6600486345397784173828922069338
28085,24303.7992225963913638659161306927429
28086,24304.2861981164405269628295440138351
28087,24304.7837682841802491460482909410044
28088,24305.5665019805058423527607819257135
28089,24306.5634450024550345701482685877148
28090,24307.2185594296022138748450656887924
28091,24308.1625709649868510697412333125076
28092,24308.8370172479306631079938393271187
28093,24308.9805728827990498302797508965684
28094,24309.9930099620600369167287719216187
28095,24310.7949565339544885007999152410406
28096,24311.8748280294992536754099781613432
28097,24312.5154843424013201346749763283388
28098,24313.5476234977613403805977306991795
28099,24314.3660474335693630229004873619523
28100,24315.0615944036126480437649101900118
28101,24315.5280694476327432211410539725772
28102,24316.1950721221294636559582841142324
28103,24316.6372103904587796595669110293257
28104,24317.8610702790858283950457463877878
28105,24318.4986614078279306895457813848508
28106,24319.4533129908419665454669980263791
28107,24319.8896889290122740830565375226015
28108,24320.9772972863912640434985161614302
28109,24321.7029040540777522581917381886332
28110,24322.5903328259325848228902806565458
28111,24323.1321236451993318011618868098308
28112,24324.0417967858577777819789940848802
28113,24324.8885226591525695290811290364294
28114,24325.4534925871169880579594489002888
28115,24326.1372488184295094254880235114921
28116,24326.9486406572711532585091439185941
28117,24327.5847276241025384034565468351946
28118,24328.2158977707041415967307633696096
28119,24328.6595938162664996648211913426921
28120,24330.6365636689126042913461877801365
28121,24331.0089353754701312101675581436642
28122,24331.7219123140722094241110795294283
28123,24332.2176886932765847433370876272143
28124,24333.0603030154499829687886691723692
28125,24333.9124238984339660737231220274163
28126,24334.3365057242292207484033488617870
28127,24335.4321361496493389223960284375059
28128,24336.0084207345094382524556792788656
28129,24336.5392292013492172608270563633556
28130,24337.8742937005189987174158819739119
28131,24338.1862382455395986276841115293284
28132,24338.9138427289186998389498830975639
28133,24340.1076327011329459371002473003229
28134,24340.6668039505059959852882727557310
28135,24341.6514195341423832676328690229182
28136,24342.5083946893293072040535557082112
28137,24342.9512036328204591002174892598265
28138,24343.8673136481766311160644508714716
28139,24344.1376428700193317839290736252563
28140,24344.8713109230741530641099370171409
28141,24345.8012994313622196933910062929607
28142,24346.6456075403325457996654820109147
28143,24347.4785486015073353230000222917318
28144,24348.4280443664443029126602406502375
28145,24349.1866740553723093993269394160891
28146,24350.0742068983571356136722371290656
28147,24350.6786748451530638051614027604485
28148,24351.2471595649316857291944777422610
28149,24351.6726271781668348763078414471881
28150,24353.0213059782494847927135201119679
28151,24353.8061154112271787803864577448498
28152,24354.2620946750746290477529506491809
28153,24354.9463160385342346013273462058945
28154,24355.5099256349804934120701656678789
28155,24356.3625218588900110747206128135064
28156,24357.5966898852864763574282327982732
28157,24358.2228511241625419763316996831728
28158,24359.2958595534504609074918697307087
28159,24359.9748180344747701270911546580208
28160,24360.2763454591779233386602563213317
28161,24361.2340915561207976828401583619146
28162,24361.9993644486099894410376882550825
28163,24362.4950447136843984751303409561477
28164,24363.1265077619541961487571367196131
28165,24364.1277867032329444231742223444326
28166,24364.8816046503040583920798643639207
28167,24365.8924364076349551152856419354982
28168,24366.9578589670814562704571675574187
28169,24367.0984079199789848947159875584001
28170,24367.9210786003241939296858313681406
28171,24368.7842659814935588855691108407767
28172,24370.1017830597572186228622783063761
28173,24370.3144737483390041174627398636828
28174,24370.7983564471075295568889284727334
28175,24371.9578380609673667423334487344386
28176,24372.3919281088945151746610682390209
28177,24373.3091707442780112810715232784061
28178,24373.6971666555304373232593518294432
28179,24374.6654807242592959702188413731483
28180,24375.8291663346433040573563571024212
28181,24376.8504741848626018575712821750526
28182,24377.4262095079524840416421360878946
28183,24378.0163921394335347078556206857507
28184,24378.5495233397556654874642141812839
28185,24379.4124043613517729524474042901025
28186,24380.0433451824198373125020204879702
28187,24380.6988941046829946815024306456590
28188,24381.9183366993370459551406536094943
28189,24382.5082439464236173387101043307457
28190,24382.9628838067774477505334828028567
28191,24383.7516407527414545543973338551690
28192,24385.2153825723006504268375512716778
28193,24385.3941839165268060779817436137332
28194,24386.4688374090792386249196481557104
28195,24387.0024001538031963231038998949759
28196,24387.9383436592859414177965733841025
28197,24388.9238867854945945118760435792366
28198,24389.2725832574774111417566476729856
28199,24389.9363706557687147905509365623606
28200,24390.5536519154614763049881519966019
28201,24391.1238275688095672979983604091912
28202,24392.2642576930178754478984518095998
28203,24393.3996576040711645436585492699545
28204,24394.0881707758026427700429586976170
28205,24394.7269031954590832726809965868180
28206,24395.6259320328310954348723234276669
28207,24396.2923960051505076340257848447719
28208,24396.6907261156844394828324764824531
28209,24397.6829327861410139092905530470820
28210,24398.4913166791840866280208945923394
28211,24399.0900767785146271255374477296197
28212,24400.1467442512848648224697740315652
28213,24400.2997823343845803474951361833240
28214,24401.7696699185560892296623222118148
28215,24401.8389404903852932165465968070879
28216,24402.8060754610065822162258725472588
28217,24404.1765904786367866065756419791792
28218,24404.7894993724615874896102573541066
28219,24405.5521604105043015036709953115488
28220,24406.1280242743748810040676406780101
28221,24406.8025496146263869112069783991396
28222,24407.1257619410795904437839262363642
28223,24408.4485469343970786567311129833842
28224,24408.9971898705152858513952612296222
28225,24409.3896427361160474231208450771594
28226,24410.5244091624049752656688544199368
28227,24411.6571442211368199815815335480663
28228,24412.3787796545953434284356449638707
28229,24412.9501380069444907667514694024891
28230,24413.6583580057684941518398967100287
28231,24414.4048570765387161257821569264127
28232,24415.0556667490826302454540816062398
28233,24416.2223346270471821120157713110733
28234,24416.7079739824991351748756371162310
28235,24417.5560055884777302221050472907101
28236,24417.8520922891659324935082335379668
28237,24418.8375563162134970062459253917140
28238,24419.2971486954882292713795447189912
28239,24420.4802265588073742986672743232221
28240,24421.7874772632747744756677290291295
28241,24422.1449193097889131581916573984139
28242,24422.6803639371744571561854700583247
28243,24423.9471843837010789657457151516394
28244,24424.4146142180412222500021492753872
28245,24424.7973181074171001007596639758059
28246,24425.7674562928073143646740717092323
28247,24426.0367289388274362445425316130129
28248,24427.5179684033243035721419125562791
28249,24428.0825401197404196215645555304667
28250,24428.8096097680209229707319743282991
28251,24429.4632537216620098779824337525164
28252,24430.5694484765508876925211286880406
28253,24431.1343546555409101096590777814433
28254,24432.0548165873032840967714553999929
28255,24432.7380298738500972875807606743949
28256,24433.6275753958450416301611167785468
28257,24434.1434706141865880365555365590115
28258,24434.9218577813283143922898958642550
28259,24435.6658658472204793701174028836364
28260,24436.1809141621672148548492358323000
28261,24436.8893806723260248023542365502712
28262,24437.7643167511617294609096077528729
28263,24438.7772244707635578526195741064118
28264,24440.0261053970329195290643988727754
28265,24440.6874227291497227983634019867521
28266,24440.9479889014466981743212204309661
28267,24441.6398704253513851578548623932187
28268,24442.3627388895822503573973907904458
28269,24443.3232082216742316301997404983816
28270,24444.1393279120513850098827090315516
28271,24444.7694761128327131588495202572556
28272,24445.4096033791801060361409513461406
28273,24446.1817610603952734040715187086494
28274,24446.9412419229282363359196895744469
28275,24448.0819571860530589512480944201780
28276,24448.5710553198900007902507618598158
28277,24449.2529772007202952287957538295087
28278,24450.6766803879363426143456461270291
28279,24451.0850681299799577538331183875438
28280,24451.6359589044126836687951980840140
28281,24452.3825316667413538420225676160903
28282,24453.1552865820815466433612206644148
28283,24453.7508762674401871253654258081976
28284,24454.1465949353561595372680501304406
28285,24455.4708417724081887755453053205965
28286,24456.2647870558929347428913702122972
28287,24457.1611952273958307885425283416718
28288,24457.8958491861869235435138831731993
28289,24458.5633730434592147548906074524150
28290,24459.3840000074047845835650612722201
28291,24460.2009040798697850298481873914591
28292,24460.4984135857704325901388702273415
28293,24461.5489631410723896424134827400160
28294,24462.2964090763067731368508809655922
28295,24463.1976785424182499553901392104929
28296,24463.7901070080173931889457386194695
28297,24464.3881396380049034695808723600346
28298,24464.7100126654078906993785205828007
28299,24466.2480604062714701870692452873402
28300,24467.2320072316061756205033677448080
28301,24467.8318580177192053822540935241776
28302,24468.5978775042759937907796932157032
28303,24469.1138913184917586440263541125788
28304,24469.9467917088939431548932403147150
28305,24470.7321906374109476093091157647188
28306,24471.0250976070278364517081791772841
28307,24472.0243740610501991469167248379469
28308,24472.9735106853493538104843255473940
28309,24473.3429099915654252972773438610814
28310,24474.7284253984565429530239106549221
28311,24475.2471692054772410512719100678328
28312,24476.2327363062634040822175380597486
28313,24476.6846986272952219345667968900545
28314,24477.3700964233252946795634017116391
28315,24478.3417473063274209232988406529139
28316,24479.4087363776153020994141302036818
28317,24479.9797081857360317099182230811583
28318,24480.3116974033838822145008301969875
28319,24480.8714200118120766992215173988252
28320,24482.0209877949165355184712060808000
28321,24482.6574960039634500837242671774866
28322,24483.2668029247019227121151638071705
28323,24484.5370718383910359252382947266699
28324,24485.4323737151770826236447698384872
28325,24486.1368503595423774810715556905993
28326,24486.7424604271245039263987356924134
28327,24487.5173005536442670520613031431592
28328,24487.9023049398289896407279352882394
28329,24488.5950018347980099545203647223943
28330,24489.6816618852068403547357419753674
28331,24490.5332780386356642733003879615630
28332,24490.9519373583811775234561360572766
28333,24491.9295622273077161291346873115927
28334,24492.5805051925951431791092880332299
28335,24493.3881221058704547828212432486097
28336,24494.2820056290788543585553978399155
28337,24495.4682181166990359564936271390247
28338,24495.6332203698373882242962079689181
28339,24496.6597957746750910283549996617281
28340,24497.1965049947705721488139245335469
28341,24498.2689153091280093098079791997279
28342,24498.6547762342081084597116748225069
28343,24499.2492654781943294342957566706712
28344,24500.0315239450020820829931617317094
28345,24500.5434333225948838515230341658461
28346,24502.3693130521284720787828921802891
28347,24502.7173597932937776536572185335835
28348,24503.4047589610954932899171638846662
28349,24504.4223245154558255304548393776093
28350,24504.5558033327429479740386111519660
28351,24505.8020214273756605959818873060968
28352,24506.2969717311776646247869525343829
28353,24507.0362249264875395904345475998899
28354,24507.9291330180744371494263192272559
28355,24508.7016685345486469945755836785265
28356,24509.2068366935538422922785843203543
28357,24509.9266992308685706792188192310983
28358,24510.8953221154026246567236581636065
28359,24511.6905309087996771444230885149807
28360,24512.4999063939581501373351877407962
28361,24513.5919806486247975893671984721500
28362,24514.2624571485081386888008317868561
28363,24514.8995484757972033086885028667294
28364,24515.4921706930060819008196291762732
28365,24515.8788334554949178315042050155749
28366,24516.8912579256910128375803823145437
28367,24517.5090741678249296107031251564471
28368,24518.5526948466759080713348526186312
28369,24519.3179418736823368319234703279465
28370,24519.7822297720363361962308457823849
28371,24521.2022144968600805404257423974974
28372,24521.9470533759821340889746888792331
28373,24522.3150704942904692455195209066502
28374,24522.7328150337260753964303391328335
28375,24524.0743242069396208167333427130831
28376,24524.6443603838745183064268059006412
28377,24525.4764637039984883695249126009111
28378,24526.1626697773282387234485387677402
28379,24526.8338779885329585925173638158213
28380,24527.2140684560589722408242182954670
28381,24528.1276436702407857480834612722757
28382,24529.0249258249183229061055335762594
28383,24530.4883300221530031805566622255279
28384,24530.7460430798281858908740620410967
28385,24531.8052237311760939457452180273759
28386,24532.1730730261906176402397135965554
28387,24532.8823282649702047789705018468280
28388,24533.8316245954529210472284353186910
28389,24534.4269236441064848005849138340339
28390,24534.9434726234350183094100008334313
28391,24535.7232352271348955281543053375197
28392,24536.9839546217771064896127036736047
28393,24537.4487718614337044242407055867621
28394,24538.3430788735703506230543395439178
28395,24539.0033190720002906442390175034201
28396,24539.7419870982786038204948219512431
28397,24540.8003278925027847746230726210739
28398,24541.5146728280667418379806908634657
28399,24542.2971155916955048650038930536417
28400,24542.7707562613806063110174675828456
28401,24543.5570224999365131655344447671783
28402,24544.3645243348961245213859860539909
28403,24544.8266027312938734556087192866338
28404,24545.6901871890368934547434588801197
28405,24546.2631972254388936531872097822671
28406,24547.5988480819764792168593915831387
28407,24548.5300260109522768660607297599292
28408,24549.1107233955323818496428544164711
28409,24549.8199437162500383584884868227182
28410,24550.6580059978364991015869290981847
28411,24551.0239468177520296382334666600988
28412,24551.5328432756899535292199837087404
28413,24552.9502256441598504078402960417506
28414,24553.6333753170122991429100428074730
28415,24554.1364196673197556629744011024690
28416,24554.6706208860006661461532296956936
28417,24555.5539690878058915280460880599474
28418,24556.5862077689368444762077070239368
28419,24557.3727589784460683908749675780501
28420,24558.2498111119476554041335057243358
28421,24558.7755607781774211328117054347582
28422,24559.8359511178980266888884325951563
28423,24560.5649413599473640643693468214765
28424,24561.2602853447923702460649237440594
28425,24561.4484808460846244796767896759209
28426,24562.3655427075893844076990562256817
28427,24563.0108007370980628355860560441401
28428,24564.1217803940861741042376894693211
28429,24564.6832230660145515892302237270263
28430,24566.1588248630484473378475145182915
28431,24566.4968110338591064628760167167417
28432,24566.9988450177461805123873076801128
28433,24568.1427101029036170029323564595722
28434,24568.6587217263180009086662952628005
28435,24569.3624813049388871646008901001988
28436,24570.3581224577509494539333681480721
28437,24570.9150128095734470907708734323452
28438,24571.5246858826919402721814231003828
28439,24572.5312259080554130573384592408319
28440,24573.1865732380928433835631935410589
28441,24573.5790936625254221985073588646172
28442,24574.4782575190175962789939693551395
28443,24575.8926387428499041218583735636440
28444,24576.7461033869012154968933777305500
28445,24577.3619118802383346291833651658946
28446,24577.5730768060922731819568866433499
28447,24578.4855532557001675923822045625439
28448,24579.4249010621830294621016383785380
28449,24579.7685158918140350756012438374747
28450,24580.7541406627782649278926872969791
28451,24581.3319705497268332560960253674345
28452,24582.4217090803206593720828387169115
28453,24582.9149205595285127157566234923722
28454,24584.2080441084772994141736417648461
28455,24584.5977041862426787126305172745002
28456,24585.5769182148386519456661256056562
28457,24586.0169803511047755914171563211261
28458,24586.8980797584056455043109734985274
28459,24588.0038059894892462808941312154718
28460,24588.4960030737340707913938858431334
28461,24589.1250947356061169014965793413625
28462,24590.0198053208335168686920748299224
28463,24590.2399325762568246904892386317774
28464,24590.9501344569350874314203923942106
28465,24592.4011340404181475039365150976241
28466,24593.0930971840739351591803193854375
28467,24593.8596706472453350043395909401994
28468,24594.7702447739600840221249690437986
28469,24595.5689281779565958735540407329882
28470,24596.0104628060516440317353100346162
28471,24596.6796143465662353396226883606219
28472,24597.3565875501316323432781729658964
28473,24598.0665327892500948010978196275954
28474,24599.1256850755625716919558604341342
28475,24599.9766953860448158396919811355715
28476,24600.3767771136167002168634267560189
28477,24601.0806444702389336077273111958324
28478,24602.1329321994741293365552720276616
28479,24603.0794886191315578908631363154038
28480,24603.4753318581850750001872906403246
28481,24604.9681945504664055795320345449595
28482,24605.1186665442754649097214194887379
28483,24605.9342691580364189423853568739511
28484,24606.5326767566995165396960924056685
28485,24607.3457149362414841094583556651188
28486,24608.1164963783840652697701771612200
28487,24608.7873735798684811616340359901308
28488,24609.0848031680335125355751423314783
28489,24610.5559612319048426696405468935074
28490,24611.5724228098035181585397635340472
28491,24612.4102572032550746832117345785250
28492,24612.7098587068858287132269954576205
28493,24613.3706635227495240738843381791597
28494,24614.0832868184104896795693618437349
28495,24615.1963994069408879982087561855915
28496,24615.7962734899779761727137632579445
28497,24616.5033074671017965149138441786843
28498,24617.1919156018839304793592676971389
28499,24617.8669790554365200456561517736924
28500,24618.6839195538087834454337202562948
28501,24619.4240625011470194862916281567676
28502,24620.2056685508860376295342262455000
28503,24621.3361586997988923817116755619603
28504,24622.1966701927444466959779184712838
28505,24622.6066734523516242089328734746235
28506,24623.6996694493681522639860355482937
28507,24624.1472255472690424021886287679587
28508,24624.8027493241023532642318085526453
28509,24625.1950413192676844627169807043826
28510,24626.1873460599954828949373493780659
28511,24627.0738397693017715647589262023592
28512,24627.9943975716073184133334611551157
28513,24628.7061378209583479403734636692719
28514,24629.3975234471453803610589219433124
28515,24630.3826276308178095243045546500426
28516,24631.2094970642288957752012451623811
28517,24631.6614481701279943498401210503899
28518,24632.5504978717303193483325166099612
28519,24632.9854914703237340617741846377255
28520,24634.4575025414050688769333854937868
28521,24634.7776271156535360094871421124440
28522,24635.2287583576789577773786472368395
28523,24635.9636698945507058797248757138375
28524,24636.8619674468665911896971476466210
28525,24637.3991181303678142941219920961836
28526,24639.0507594176217229959065331384769
28527,24639.5868081539538636740479578152223
28528,24640.1781953720761437314532241994297
28529,24640.9775675506126997926267519646471
28530,24641.5856341853729494105478363195906
28531,24642.2801654074153885752433229587268
28532,24642.8987271995608107501814782609366
28533,24643.8145983681863361123872503046589
28534,24644.6727899274523304685105358332998
28535,24645.0424536024183491030248346777817
28536,24646.0919478361736537379380234240671
28537,24647.0930562431083597745534200683970
28538,24647.8054446420530195664518215937438
28539,24648.2616674879503681778782307519322
28540,24649.0842414964496178227063520348767
28541,24650.3822002550807077502475656590612
28542,24650.9138062920268588701708163701693
28543,24651.4386802055572949879867012846451
28544,24652.3778066852297880206661188439009
28545,24652.5154684892387557399534267521771
28546,24653.6488299092247846403720544450124
28547,24654.3329389368077211101697302961589
28548,24654.8874491082527063619719548528025
28549,24656.0606883142229255797779536337720
28550,24657.1353051809289386040764659695570
28551,24657.7694207688595154704094585037287
28552,24658.4623487943753600369431053313004
28553,24659.1410726740381923057667457940511
28554,24659.6245045029665944059269031612442
28555,24660.5348378470940286138328550373806
28556,24661.1579091881032838109020294235964
28557,24662.1437250402995133532327050770493
28558,24663.0171026628123514452885779002550
28559,24663.4720295573580207468588372142540
28560,24664.0952776610017847402852334016128
28561,24664.7638172181942872748003115802871
28562,24666.3385237904463510655452858928794
28563,24666.6302682168260877481735916412261
28564,24667.6368431845546911008757238854527
28565,24668.2744024782756690792739718827250
28566,24669.0890291973654528603371024372450
28567,24669.5799867632498685292590641394554
28568,24670.7683507630811808596187550517375
28569,24670.9995700146681729044271903390605
28570,24671.2509109109806541180854787773372
28571,24672.5363568468946428331423387673832
28572,24673.6406944282648831308753952141269
28573,24674.3780384645789132471177888638285
28574,24675.0737847087694732141470294446566
28575,24676.0462902849896536278810122955865
28576,24676.4567708229422865041905450606133
28577,24677.2083841151205909398502527282317
28578,24678.0240434358000063989344101924355
28579,24679.0384549986105096606485704871728
28580,24679.6097052317080592993229447085771
28581,24680.0416478856019965049628194022025
28582,24681.0454815054138310509094663020854
28583,24681.7365025995748024356038629451331
28584,24682.1992504953700369990758977357460
28585,24683.3700088441082734305893191973067
28586,24684.0468272852799764677817221499954
28587,24685.2534904929296848398294345061210
28588,24686.1351661421800025171765699569224
28589,24686.4950605868578238271844605572526
28590,24687.0289014399410468872170810761012
28591,24687.6304745638093701131182687325664
28592,24688.5650931589858369173334857008252
28593,24689.2691049197727301684272648564574
28594,24690.2740714193314909495406856725402
28595,24690.7283943080311682857851199191334
28596,24691.4773191268851702108641033513030
28597,24692.8717203708287278213036742045956
28598,24693.0935033253574569318701694807923
28599,24694.1546853121152317876449657365625
28600,24694.7307065369782243881621333699147
28601,24695.4381989611715002687203284324969
28602,24696.5458162270716233554983109738940
28603,24697.0697391971754688653072833203505
28604,24697.7802961062534499265636678146280
28605,24698.5303423425442035543264822554150
28606,24699.0041246979815897577779071882303
28607,24699.6665364193320452621925039203700
28608,24700.4617458733057157684662604114747
28609,24701.9025904254376000292245867476325
28610,24702.8080817647228851328749535661166
28611,24703.1577420238338088156137534414161
28612,24703.6986343527978448449742987856173
28613,24704.8782452003522545203381752960706
28614,24705.4397778572133004211930336935934
28615,24706.0101747664008458150561655078900
28616,24706.4775188317829289708373851106738
28617,24707.7816131441061311649527474902334
28618,24708.2689765537112233202634239148944
28619,24709.2634842024874178147669414127182
28620,24709.6768922107752896274290160417809
28621,24710.6811519307343652441528149643912
28622,24711.2578347677755053109691450844982
28623,24712.4976477916485557133849822389284
28624,24713.3296302722674024417528128643655
28625,24713.6120902970768372977199879355118
28626,24714.8362375722104081736806925154799
28627,24715.1108923280528804575376103711524
28628,24715.8404011528183866532969080248170
28629,24716.5365967170894746744484649602701
28630,24717.2505231626974371643841847823996
28631,24718.2225385141566888929216604008016
28632,24718.7236231155812589676544270510174
28633,24720.0410131534167630275301094046665
28634,24720.9393081901376043681816432470557
28635,24721.5098554939476270222861257378890
28636,24722.0467879372831078141150847982552
28637,24722.7463455491545188888471299178067
28638,24723.2989073033902728871692517635073
28639,24724.6013378224031639881617919546266
28640,24725.2291265151423322642971601595962
28641,24725.8324424999430954903981593652152
28642,24726.3969187515063219703978697246922
28643,24726.9755501158976358655087659721094
28644,24728.1578032354184654940034461869019
28645,24728.8358124431821756035730215616669
28646,24729.7006202098192240905324650428451
28647,24730.8568648441307133970390440452467
28648,24731.1935345122782837747654830800721
28649,24732.3273303987681441328687253399963
28650,24732.6099102362615807113641738775546
28651,24733.3048018289749730752218948357340
28652,24734.0915645767595638794844481810080
28653,24734.7270501067952074635154942063826
28654,24735.3709366402699314704448509416864
28655,24736.6243372812885606478551677073541
28656,24737.3925639564441470333243549274690
28657,24737.8995305251933549188736674759622
28658,24739.0491929473075913869884994077885
28659,24739.4006176849286388325718323112251
28660,24740.3623608162617581777919072925314
28661,24741.2120125972122058634933003588282
28662,24741.9776402939271277513155978060756
28663,24742.3246513492538016904129313220187
28664,24743.3213249607566105368991254138136
28665,24744.3356181251337348170332971225691
28666,24744.5225065098448127714602115737525
28667,24745.3142444047704564355477047647983
28668,24745.8043277813955215864443652123910
28669,24747.5310950505066124042305134182789
28670,24748.1348544057669050028332947451024
28671,24748.9002455850127985937583974958060
28672,24749.5162345989991812937980876517154
28673,24750.1858558441118132908174599987514
28674,24750.7148921586208634843784244597367
28675,24751.5590014419225146909531212901981
28676,24752.4850781934900747344470847795705
28677,24752.8989424648147454685624932584692
28678,24753.9855197445952252391261778657044
28679,24754.7154544781353748192758897226142
28680,24755.0985608578152070264409345770029
28681,24756.5432966816506450983773136640019
28682,24757.1423047991041198194395963577355
28683,24757.5473151170503381614410041928322
28684,24758.5167600542994131938472009261874
28685,24759.5887318406658949376528779076994
28686,24760.3693553379184388084554387566856
28687,24760.6452904168286719031599472264077
28688,24761.4732252988653209838801718588382
28689,24761.8298661625668798725073349182923
28690,24762.8456474314423661701541669180113
28691,24763.6135732503112096525317034356638
28692,24764.5979592188565358920321252404384
28693,24765.5345367598670855824205354179733
28694,24766.2231689537378822339797140238539
28695,24767.2646988785572477363022212394644
28696,24767.5876777791142368545093230014697
28697,24768.2900151857986333711039851029416
28698,24768.9933619723439518202087466950231
28699,24769.7271980894268830260359707858479
28700,24770.8217376664696722117891152747621
28701,24771.3471479520195033466422174262573
28702,24771.9916941009981022404835720813688
28703,24772.9118164751723281900891019954811
28704,24773.3678812741168244472879170321705
28705,24774.2972967838175769268079177795952
28706,24775.4040834926772714341765059109033
28707,24776.4195317227884645188072710619842
28708,24776.9740255150533350704482968222054
28709,24777.2718280603278404880990628144996
28710,24778.2433678118450428592754198890246
28711,24779.1467381504667664270028824139995
28712,24779.4909174323090843015094169688664
28713,24780.3016510275344730093064736348363
28714,24780.9680045460102914038055840667402
28715,24781.7617240938731358092715874292170
28716,24783.0852461242493474774264243768780
28717,24783.9512021431614568020468392318736
28718,24784.3210051805955972847000660356036
28719,24784.8116521562657489055905938515184
28720,24786.0994325298907501688572786568370
28721,24786.4394956683862075127826279123562
28722,24787.3831993568523819235694320944051
28723,24788.3221879290586954765822328037192
28724,24788.7280216474709986397246091745011
28725,24789.6240991940903116925641666870879
28726,24789.9252445439393615631841765684391
28727,24791.0757393298214275490564999960270
28728,24791.5784685511029717557288327523432
28729,24792.8967005502828499705325310328426
28730,24793.4978135765819357526206730416654
28731,24794.6205305608846095367821381620351
28732,24794.9810052842211686475353392486140
28733,24795.8008638656862724967061045821300
28734,24796.5750602220177480281256470961655
28735,24796.8179354915122979246711662254187
28736,24797.4809570292245121637505563516166
28737,24799.0483048792869874792557532383733
28738,24799.4271484899067117483881733321280
28739,24799.9244478379386379355416359983409
28740,24800.9826528215013436498206345876125
28741,24801.8052959643490498737823888337997
28742,24802.8662306795990033062151683721600
28743,24803.2084428097498870708077109224845
28744,24803.9525818661416595751448920211809
28745,24804.9950575292319783469259898933516
28746,24805.6497415277901977682401850331513
28747,24806.4201252637068934100771153408688
28748,24806.9015003306183564201539971478356
28749,24807.7354243360611436237351455513561
28750,24808.2511507777412146838876069304477
28751,24808.8688488484619785329634520671797
28752,24810.2032414241699493182752503140264
28753,24811.2507911889066069592414908430568
28754,24811.8913469384882006280168227230782
28755,24812.6243007291135718120959577263235
28756,24812.9430971387049965755803121458102
28757,24813.8002294641849311042255349503924
28758,24814.7163088038068941358065718268145
28759,24815.3940108893950892163652598159760
28760,24816.0596860285568941660109685216656
28761,24816.6941310373177080117401162414063
28762,24817.6832339556657691885377806296426
28763,24818.5323953820355513899145487483405
28764,24818.9847020353737891063695733656025
28765,24819.9244514863547983508233506361668
28766,24820.7552149476220112524792724210494
28767,24821.6564078323597988954678875843441
28768,24822.7602141232675696087659642522359
28769,24823.1190268961803556225468523413387
28770,24823.5234022896221708653586120970783
28771,24824.4293660343653010363958829532352
28772,24825.1710430560805697368575477384867
28773,24825.8896362394268431374465521477552
28774,24826.3215855866315848811172103742804
28775,24827.5773468190669324275199281054716
28776,24828.4739505496034694990125686382394
28777,24829.1233846160642045788092961705652
28778,24830.1354164137533691708477137980897
28779,24830.7546100825801776744755636836588
28780,24831.4584867553788983775490492241332
28781,24831.6833518197377572886414517812015
28782,24832.9203233937210157735825502562666
28783,24833.6550894430680250914159125258007
28784,24834.6168579077810444682320291411176
28785,24835.0403462505527995949471292082355
28786,24835.6111802453984049139803144953254
28787,24836.1858241071761423751526956882477
28788,24837.3703809677594146180116631036653
28789,24838.5306049981461514783313681210504
28790,24839.0676491274294909344173260518315
28791,24839.7831497789349634532570269704024
28792,24840.6495490425941570330340915578159
28793,24841.3654120766678804450159502262760
28794,24842.0828966493377830705228047471824
28795,24842.2941644622890991587614009217189
28796,24843.3692461716495933398081295898356
28797,24843.8915104786858952656230611240475
28798,24845.0577563689254644073407873985901
28799,24845.6590464293168328020196832678497
28800,24846.7107593310197096731813204649180
28801,24847.3885696517607612786925181072344
28802,24848.1255104781334713488304652145809
28803,24848.5756244330121172355790519425153
28804,24849.8177469952894317026042636993422
28805,24850.4125076082976237940007238131532
28806,24851.1599371511813754596019457343032
28807,24851.8059980328115707352722137612955
28808,24852.4002790125585672338878918202910
28809,24853.1668898678168789308241887942861
28810,24854.0036248327451505694857736410455
28811,24854.6836542896289940284934303232425
28812,24855.1918880707997953824111790032802
28813,24857.1518131389191377636034411333706
28814,24857.3322178492457042174628086433839
28815,24857.9121216763300091959537491330888
28816,24858.8257644318762647205776822477903
28817,24859.2188615723827972553410177080813
28818,24859.9840502561441806655705715034980
28819,24860.9121365399152190863467534254233
28820,24861.5511300538751227119918566649551
28821,24862.5981583967385528738398195151354
28822,24862.9588027927627586868271736065527
28823,24863.7268907614798049910226106500272
28824,24864.9682952105106933555355947639184
28825,24865.3939095123222088504218072624154
28826,24866.2961893016021079290483201309636
28827,24867.2179887388479540611035952451801
28828,24867.8526889038054059258647717273414
28829,24868.4824050896328127023166725041295
28830,24869.7611510928102233233710676885997
28831,24869.8855132056037147161031144265946
28832,24870.5179426017867747413226903993208
28833,24871.1204695064152811954093209922412
28834,24871.9438605777039689348336342307744
28835,24873.1430408489415053389552199657934
28836,24874.1406213922736876608056693550001
28837,24874.6863348436669592291616727070735
28838,24875.4171651496623020059443714260844
28839,24876.2335556027589058174961614019708
28840,24877.0332240830790192288039027532075
28841,24877.4994161302507137714316506401746
28842,24878.1437309463470898013579648336269
28843,24879.1779970628257777026511040098105
28844,24879.8829639912652876943051340449095
28845,24880.6975172415636384662212894244882
28846,24881.2863814306534968726543383943915
28847,24881.7712311542966519953209583760497
28848,24882.9597735933535290806803995733626
28849,24883.6205955729729391112520835288499
28850,24884.8192826274819509528347926063444
28851,24885.3975424999394868776577600063359
28852,24886.4070509000829317552762925475119
28853,24886.5558819060602943095502711934582
28854,24887.2423204942200715603278699561960
28855,24888.0967291796997556151059501123726
28856,24889.0592109834985778628936256062398
28857,24889.3598598655849071346515337520604
28858,24890.3729622466367703798163754706926
28859,24891.1217492241062172400368069751085
28860,24892.3785027029132832560675723324048
28861,24893.0192572316142034091672252373885
28862,24893.6596328106162130439482658745857
28863,24894.2496858814664916100169599951747
28864,24894.7409012368914872242474647257997
28865,24896.2037158452513618588941893545667
28866,24896.6811345631956330194111420015435
28867,24897.4962084900208712113627957706381
28868,24897.6080349874581031694863696511383
28869,24899.0146987151114010029795077346135
28870,24899.2098220596753020250779786692745
28871,24899.9610806000170171153619294491862
28872,24901.3743414684132713728109853472707
28873,24902.0574492990601186436860642964440
28874,24902.8398621436029304874262756855801
28875,24903.8084630861862889298726842118513
28876,24904.0304977205810607699306682684490
28877,24905.1140625603828518904859522175488
28878,24905.4342829804112785323806513503686
28879,24906.2503032683009169462646700386298
28880,24906.8502263783682706223802801861499
28881,24908.0629465557767594524207564725637
28882,24908.6944355190124621480059737668372
28883,24909.7084605202933543078192321952544
28884,24909.8002396061370117580885926039659
28885,24911.0953768145716153234938389245556
28886,24911.9989062117772692209547970844817
28887,24912.5828679514205466343828813512400
28888,24913.2858315466039569979951747883072
28889,24914.1380825831710716303665256944143
28890,24914.8257684875961671696986473243852
28891,24915.4970227604276997306247401956709
28892,24916.2971122654822827582569058510340
28893,24916.8076466193072741162621743754586
28894,24917.2491310410530484898476904990361
28895,24918.4759284539759874484271423695859
28896,24919.6657412170858055661027900091681
28897,24920.3752804330404727561223148233226
28898,24921.1597225497067314000983464023561
28899,24921.5562178445611807000845076133957
28900,24922.2517462734279555794953002577442
28901,24923.2244053040135553302358342110626
28902,24923.5163081869332096910763444260064
28903,24924.8892651720028835914983067198813
28904,24925.4675546181171113787529289165558
28905,24925.7766650505866639351501733778578
28906,24926.6722367567732003821596251562311
28907,24927.7487794575504342863248463722584
28908,24928.5538519818900603211519406370553
28909,24929.0153509301653165211934145393975
28910,24930.0046032426881196495037492199283
28911,24931.0911975639253687052868708670733
28912,24931.7520089944445508692333438526402
28913,24932.2085961055825519720971644240251
28914,24932.9534612384652358626986441941353
28915,24933.5655492288288811253884787963498
28916,24934.0262699690560318887210754859766
28917,24935.2575736160998426857342992568236
28918,24935.8149802282709949396624489284630
28919,24936.6932304454357642034255025405563
28920,24937.8580979586373192994342437802078
28921,24938.4769285877456985596953180398313
28922,24939.1223581502795152684045245255179
28923,24939.7541314162817617035502362926126
28924,24940.6746914404762162073689592548565
28925,24941.2592700315566382231003181536103
28926,24941.8918410336875265997631910540211
28927,24943.0939460665494839742783632631837
28928,24943.6042355221487415387978627358103
28929,24944.0984028299625331504769918711063
28930,24945.0454512860108783976271852487366
28931,24945.3136989271045953841512258990158
28932,24946.6760655756150924127852529192267
28933,24947.9974714789018078224562895456848
28934,24948.3136336304383303880497077229742
28935,24948.9215566046462813242716218678690
28936,24949.5981649358059672238023288091747
28937,24950.5857219571552568048259356418088
28938,24951.1384909818381434067154524355351
28939,24951.7272466315513404885672498702125
28940,24952.3479931731457058123348615306163
28941,24953.2819628183259589567834305853749
28942,24954.3026445453573849316923569452102
28943,24954.9915674860699383348273793367982
28944,24955.8118024210331810762819479911128
28945,24956.6678655882737534094640183159239
28946,24957.1852849063760853105856564535893
28947,24957.9186605628225884817117550188553
28948,24958.9693713309457280872890480025681
28949,24959.7505725530531726651195074713734
28950,24960.2432308656966550357433117295770
28951,24961.0365740801465233255538841619409
28952,24961.5125690573148040601928525448337
28953,24962.2280198461139219657525095008975
28954,24963.2743709601465931040168678872176
28955,24963.7372031106802348401401139396581
28956,24965.3347379287355647018280539877433
28957,24965.4371566510437091021726395870203
28958,24966.8434759584675864150207423857813
28959,24967.4408493508470241340173016112721
28960,24967.7039751521032152547593047704233
28961,24968.2286040397387910998446679075442
28962,24969.1965491572556133467913543474254
28963,24970.2991344742783809500308653662299
28964,24970.7617465514741185535151777183204
28965,24971.6141030347763451967937862002432
28966,24972.3068774747292273046890056846700
28967,24972.8736560740675281290980481588371
28968,24974.1629816842137969421936114007921
28969,24974.7407530726742168908667218317816
28970,24975.4487500001680480444314458889774
28971,24976.4123456454214782504270108886241
28972,24977.1182319206524614061018419830787
28973,24977.8081686586232794579821781151991
28974,24978.4165158005068589386720813277431
28975,24979.1056646818664673018294501516303
28976,24979.9580391962217728039144924974696
28977,24980.2961914919588633092236177052170
28978,24981.0303692953063232832598325615202
28979,24982.7560469336012855667094083302777
28980,24983.2357937786715695789081983180670
28981,24983.9074643445766714289356940741578
28982,24984.4624960047082040075313721609023
28983,24985.4799386068432833915259108287931
28984,24985.8792622705699354388025330262540
28985,24986.9368340505905670494827827793506
28986,24987.5849520978316671226364510425427
28987,24988.0517399512760645215613268089100
28988,24989.1826123024097182162308630657536
28989,24989.7472638966614523034700514144284
28990,24990.4500486418543456570618694457161
28991,24991.1114587856087456120965378084175
28992,24992.0128113673161604051451510450507
28993,24993.2007092781463277055412961547162
28994,24993.9146565482442952777684918473802
28995,24994.5732976017318397150820344100178
28996,24995.3062785236163486044088242512728
28997,24995.8131360173466520246513583970600
28998,24996.6274267313988643717607546952259
28999,24997.0372538837623638828910593609961
29000,24997.9717098579807772093594267978317
29001,24999.0240464155426570524012731016482
29002,24999.5165171059674659494965097105168
29003,25000.3497513181810410821580352063788
29004,25001.6003861676399038277116118575537
29005,25002.1212439168750143893837716896398
29006,25002.7378991830065557047444550952174
29007,25003.5621227428448890475808164360963
29008,25003.9442372898603216441032839706468
29009,25005.2401541630046292654898964702797
29010,25005.9850797954465174937591416386029
29011,25006.5414784739946495031995036094280
29012,25007.0779934043399874580956179695698
29013,25007.5484193551910056845643137138780
29014,25008.5580122351385402343227208585980
29015,25009.5866396380643980320693662884201
29016,25010.3822537087348792171941095413274
29017,25011.5736626665885885397360370992500
29018,25011.9193848563684206943945549737502
29019,25012.6297333313102281828488186498395
29020,25013.3602931727720038482781628670466
29021,25014.1972982135165175155789703522874
29022,25014.6153662938157917298088774549949
29023,25015.2849563547681471941135257373471
29024,25016.4041234995108157027278361834008
29025,25017.0578950309633556189477523933075
29026,25017.7711074167578104787749573797909
29027,25018.8701326921082310179128430591131
29028,25019.4166996111762700246497384518382
29029,25019.8921414103245778903235418287383
29030,25021.1880800721790264101045942873245
29031,25021.9406604797923581661706615054338
29032,25022.5709881903868923634023005771923
29033,25023.2476329180547628416389264675702
29034,25023.6728400399033453658044873532537
29035,25024.8290337356352537651159488697487
29036,25025.3759368905429661652960112638888
29037,25025.8056438032616020866462350846314
29038,25026.6158015205912979337694226779127
29039,25027.8123171086126978306812381168355
29040,25028.9796719838312867269220006530086
29041,25029.5764332050357611906826805240604
29042,25030.0138613886380809380620103881914
29043,25030.7073165804377960323551491361921
29044,25031.6697131051440168704140806838506
29045,25031.9150481085777243962782741187095
29046,25033.1529790192154908196419013974576
29047,25033.7801356479509174217095765000762
29048,25034.6994116231778542133566949379124
29049,25034.9760791568909704528703484793162
29050,25035.9158517292883940830826885273804
29051,25036.6429162084344602443254153845778
29052,25037.9491033318911121603590812364413
29053,25038.4044703451651823526046138629404
29054,25039.0605475807800886604553032426941
29055,25040.1601425978190538046513272960307
29056,25040.8821925486408725270327457564065
29057,25041.5814125818617416000630494308610
29058,25041.7993303673445177173242120465658
29059,25042.6782067723444113700828829793266
29060,25043.2875807624661233782490179097377
29061,25044.1965376719386879940605325355244
29062,25045.5223319982064595588775285944779
29063,25045.7768841871598296655588387001270
29064,25046.8704286984091635447713920995633
29065,25047.5609859280461998584512008005735
29066,25048.4738287133944329204226119947855
29067,25048.8662633491370329547471353245434
29068,25049.5305673241133763066133469967238
29069,25050.6397159101800368789066009606502
29070,25051.4206782154301609763157256545884
29071,25051.6983520203748244106272214069771
29072,25052.7453343520010836336143006770178
29073,25053.4935776325749980346976062978650
29074,25053.8773232632784243701338548738069
29075,25054.7194006731610148338017289233197
29076,25056.0480160608141143576865068152891
29077,25057.0329732882587283473568877819130
29078,25057.4602787365780285344758852217484
29079,25058.1780209996716150667867551970610
29080,25058.8563252513477495437331287485131
29081,25059.1856281173712899651639583239310
29082,25060.5255000635715499268141400663754
29083,25060.8164380720307523093658906258348
29084,25061.7596314348681514334954417025627
29085,25062.2356634265621648189055505248395
29086,25063.5126225802051893229975799403843
29087,25064.2316921412932918160812538787161
29088,25065.0269343522841853679506946953868
29089,25065.7000380760227469846038220231912
29090,25066.1853718274449944444864066536554
29091,25067.3628685879947886082962424690290
29092,25068.1172160691111571097269049641416
29093,25068.6514168958364769208616464408804
29094,25069.5856141696850164209669486469488
29095,25070.0735189053917147754131498667549
29096,25070.4863450386466892639004614119800
29097,25071.5636186755782033801549371673481
29098,25072.0815316069678153634746664522264
29099,25073.4876868014243984864405574448462
29100,25074.1697225676582742465107114233418
29101,25074.9385992393356704401513473071518
29102,25075.5700065296655840816006357398202
29103,25076.5038292586458855085915904531761
29104,25077.0059999275878125195810544690168
29105,25077.5247294970699485818285707148586
29106,25078.1528312532838793543430780135207
29107,25079.3103067187289318901841391468261
29108,25080.3505575482762621517417561425072
29109,25080.6825881861725183321576912008652
29110,25081.0653974090727669428891584583556
29111,25082.3141407421557420888961791828342
29112,25083.2523509972065378901824920037892
29113,25083.7821653065239300776877586884739
29114,25084.9425109032120575092297823345007
29115,25085.5012689617936050124687338649461
29116,25085.9394419518740801594291759988154
29117,25087.1640974691520885694997015974415
29118,25087.5031589927691525743717377413491
29119,25088.1005874418739948541430355270253
29120,25088.7874021231090415193985202214095
29121,25089.7282720854768651515868609924887
29122,25090.3776522047723401718283002331760
29123,25091.7722949536241332935530244340727
29124,25092.4761761222922257311245189488851
29125,25093.0964532428076840300709596317879
29126,25093.7443949844967842559043722528383
29127,25094.0390011328297024396266885897845
29128,25095.3496950446929582441418942988028
29129,25096.0347422870731542446743533099559
29130,25096.6439750949520632196451952181534
29131,25097.5634696788873835686932288402142
29132,25097.8441801945189824929588479926152
29133,25098.8583790462272325657673204976616
29134,25099.6695026023476686637136483989504
29135,25100.4091239723807757038952376805379
29136,25101.1387971054388586332093452337944
29137,25102.3752418166898405662311883443246
29138,25103.1805516434473925165506248290069
29139,25103.5851489662700660795006254482216
29140,25104.3141475147304412131889909084003
29141,25104.8923494737795486696731813412755
29142,25105.6590630619264185810118512199471
29143,25106.2407639394305104134386549087111
29144,25107.1767996643324634610386682094127
29145,25107.9953115251203679824433812184733
29146,25108.8913952578023477136705508291377
29147,25109.6553246006665903565670252427234
29148,25110.3356746979651010755374386180180
29149,25111.4965298382839819829154934424387
29150,25111.7492560910772170270693520272719
29151,25112.6329978562040414452917999958010
29152,25113.2650537623069331482068554813455
29153,25114.3267448393739249380716741465056
29154,25114.8877310914453397920912074900369
29155,25115.7487417431868714338088130714473
29156,25116.1576504541148081260820307537803
29157,25116.8645851941829291657235305088640
29158,25117.3317800919199112847447480346197
29159,25119.2020341827837428126847789019787
29160,25119.6153214212780240136206138389036
29161,25120.3267061130669788081778381506080
29162,25121.0171288497205523361693025503840
29163,25122.0396461543096576750551189350158
29164,25122.2259653890907183445571583189221
29165,25123.1697559629252098264565113302927
29166,25123.7295143834054374381352522585518
29167,25124.6731946188234859742287135947152
29168,25125.4021921296482902133188055439029
29169,25126.1146907931578267102826037356601
29170,25127.1045342108611687061631552727638
29171,25127.7730746971695025766614155867791
29172,25128.4826012106120065110700033227666
29173,25129.4957558721951138793567365079966
29174,25129.8573650028942671218272895688753
29175,25131.1873087264121307544805613785912
29176,25131.9916075184036810464252820389808
29177,25132.1469264341350787502481444313363
29178,25132.6804640131050437087901090310380
29179,25133.7199508559420246437805287303754
29180,25134.4616739712136553400316120251488
29181,25135.0755415555102079314567587703210
29182,25135.8743977887996326214510487266221
29183,25137.0249041350978737415307666046406
29184,25138.0577678891060751383070857575904
29185,25138.5721891499077108182879003082501
29186,25139.3287799214358665294516442185756
29187,25139.6143861503367074975628545163901
29188,25140.5950345854286151182981885181656
29189,25141.1776441571066018277633947532379
29190,25142.5466304299055075109145037491761
29191,25142.7043894797676141565473118261892
29192,25143.5515450177264884950837855850632
29193,25144.2920368676636581209369770905360
29194,25144.9448987557227607745263458895288
29195,25145.8951914041610170534874144283133
29196,25146.8645234769514534406239492220928
29197,25147.7511607211751985365210062477314
29198,25148.4024697670647274003196187551312
29199,25148.9693137014051853754003280098326
29200,25149.8801044721752147606492062623060
29201,25150.4722690839104928183763642205958
29202,25151.3738059440221061355851763183417
29203,25151.6402078365878199303311177051687
29204,25152.1185668644678475681423793895775
29205,25153.7338717371842933606689610705548
29206,25154.2046459041150444884804713013383
29207,25155.5437092458194646877431645818896
29208,25155.6690989811700799742285399542155
29209,25156.5131656070106212197541825557920
29210,25157.3858746699914820797783359157332
29211,25158.2418264667538422207631620832632
29212,25158.7408265604784956388375098383854
29213,25159.5399535657597553402189681763746
29214,25160.3866942829495840853016453683825
29215,25161.1191867941964344659057964660970
29216,25161.7637530899430406703401517535748
29217,25162.1463376937939712476169359516785
29218,25163.3094020544650295768574164572252
29219,25163.9781317683395580943915553077208
29220,25165.1822281128776262336162336350848
29221,25166.0127860713229404506646582712933
29222,25166.7826044469072219900686258334191
29223,25167.0207897603921751816233533092283
29224,25167.8645345705586034771011614273471
29225,25168.4854235601238646151742636238196
29226,25169.1538072242890781067032361381196
29227,25170.2259826783105132770640859050442
29228,25170.8971988615898235740402097228201
29229,25171.5882462462928053518475382006270
29230,25172.1617197072123320273150537300629
29231,25173.6935794300959118895277964551417
29232,25174.1712574570549471432176319929179
29233,25174.4861022018152186626367727804660
29234,25175.4332703156674539582991109030316
29235,25176.4050770565446579743633083875393
29236,25177.2856404812393511094339773167129
29237,25177.8144082119243898050346270898586
29238,25178.4301300409659956766753817739975
29239,25179.0753656884902566270239128341422
29240,25179.7220885474891145064220152970178
29241,25180.4700803553130980011872166596245
29242,25181.4145083885920338440367237955592
29243,25182.7192583677152982031531046468982
29244,25183.3330550947926492383392102250138
29245,25183.8409040234712413164580130509433
29246,25184.6867134499833160275423200898681
29247,25185.5480352677467294931851641505940
29248,25185.8053684556363377572593846674314
29249,25186.8431148825992343943952597635463
29250,25187.4484301785827591654994614847001
29251,25188.1499606762405934648616696659660
29252,25189.2833745372397391577762604520173
29253,25189.9315083628043984007232197902794
29254,25190.3388305830331129503855804242421
29255,25191.2317514295138883731423168306463
29256,25192.2230866875794251135624746744689
29257,25193.2653893172146513081160160607018
29258,25193.9201571075743994310295046454924
29259,25194.3764725356597430560437922665070
29260,25195.3109419557367362582026586173210
29261,25195.8775341826370576123272090645311
29262,25196.5328790439880458290083298475762
29263,25197.3111799573921484949274527602438
29264,25198.0505838585173219872500667751733
29265,25198.4422164754391847378535724670214
29266,25199.9759601878647235988394698727832
29267,25200.8386625646437353455476760405006
29268,25201.1912991533661830768001244367674
29269,25202.4548653108527316895630961811838
29270,25202.6484756534841634436592086044468
29271,25203.2495225566617484569493165596946
29272,25204.1259678508489397601977463655494
29273,25205.4271955005006660077857901188155
29274,25205.7756850529288904807308090911795
29275,25206.3328774304958582328714416298006
29276,25207.1328334322538241105896897647429
29277,25207.6840399090455628980653628388419
29278,25208.8161207982960752542371422160336
29279,25209.5846247031512971954705267764592
29280,25210.5182923308207223083473169423914
29281,25211.1601378320258110909482946302152
29282,25212.2429293977880642598345953213768
29283,25212.7025664840617846366607099290823
29284,25213.5319085884582140611220355797490
29285,25213.8025790232876777044382400096016
29286,25214.4407994317454005781563783858178
29287,25215.6057583585100515992980091723689
29288,25216.1894092032577017695230848074259
29289,25217.1979291910087196045478217933720
29290,25217.8422358547215159745374501488408
29291,25218.8422553679182949834779640640906
29292,25219.5068562495253150819677980994543
29293,25220.1604242882439595351024734150218
29294,25220.9851257070760434752152021461515
29295,25221.7958894858483298060133299590129
29296,25222.5736027441765854672035200148411
29297,25223.0350226450368169949089763835585
29298,25224.0681525343934596261506071932532
29299,25224.6124815274828810571304796886650
29300,25225.3618490532704001774414132607479
29301,25225.7873567232724403570009324664523
29302,25226.6256974546395326916839089076446
29303,25228.1483635916704071957483390741534
29304,25228.9437631721312252865478919533184
29305,25229.5400616650619241198320576470005
29306,25229.9158547432292907349047880666388
29307,25230.5481506965868439080499158259192
29308,25231.7245897178346442275454881073075
29309,25232.2802439696957495050867802491718
29310,25232.6159867228816633439480538588028
29311,25233.8513223312519830807139491246847
29312,25234.4690403945638270493799220710953
29313,25235.1340854258127064079141351526280
29314,25236.1502304107557217185860818505561
29315,25236.8540106883344150123596125650003
29316,25237.7272332776374539360178321246832
29317,25238.1744314962922338279659846155968
29318,25239.3982041207607847511814499387663
29319,25240.0751620347495347562769197121277
29320,25240.6325525969465285741843466789735
29321,25241.5280865203871580723844372892410
29322,25241.9070094585419493372139779177359
29323,25242.5740937106248613986812369752678
29324,25243.2082094591814248182057502650114
29325,25244.4083313483143655097477334097885
29326,25245.3215876017475298510677791947620
29327,25245.8085032837069296355290764130611
29328,25247.2372145260923225964333363493442
29329,25247.4553184935702945076826208314962
29330,25248.2487487880277579157534534068775
29331,25249.0018021110016839255192532895807
29332,25249.3496141302557180384338814369232
29333,25250.3427482257281419506317606704310
29334,25251.5018837932396165813621263255775
29335,25251.9780330151917408512930465901743
29336,25252.4654257396536758363092540411727
29337,25253.2547889196501198951652989776727
29338,25254.0471198308628484349692607550336
29339,25255.0298314675030834037941347317141
29340,25256.1000435551043936269810211611676
29341,25256.5474232500434780722858879925526
29342,25257.6810145295188056047304674759309
29343,25258.1039796105675729153186507618809
29344,25258.5504389770056989416190197617856
29345,25259.6420346001048404712905807127464
29346,25260.1083437172274062925844610686092
29347,25260.8446410962925426766080402160402
29348,25261.4591283146729082145040439717114
29349,25262.4006203141846407455838874038623
29350,25263.7323284532173397956916462453252
29351,25264.3366193850741192712909209920720
29352,25264.8059736407691861431914723569506
29353,25265.5514878646536641975736244500024
29354,25266.3128944878410976434427973455764
29355,25267.2031442634849713833383104775206
29356,25268.0615019500179567779126667099060
29357,25268.6857773731392955309734308081382
29358,25269.2159014891737030012421565061221
29359,25269.8846347359052255239900323906018
29360,25271.0608102018074116437967726850790
29361,25271.3210607089646579637059702535052
29362,25271.9907927888909768751457168201388
29363,25273.4980984815764784693771969879304
29364,25274.2060293216610474022949106655593
29365,25274.8521469552046670882602345715893
29366,25275.6497756416501479776116463633603
29367,25276.3695050067537987186997482537187
29368,25276.7906166416728925809753133816831
29369,25277.3565450149482849284951562331849
29370,25278.3131560746606022793766058936258
29371,25279.2001301923699170281845838423522
29372,25280.0382879845704624170329774802525
29373,25280.5867230573122865554473646747017
29374,25281.4065521516621825497397619223847
29375,25282.2990770667034950758434593308643
29376,25283.2601603348844903308251965204345
29377,25284.0955507078215390177045930903285
29378,25284.1791932651200532222494296316067
29379,25285.3706086681100371097217108577593
29380,25286.2641482293029175030006247655435
29381,25286.9448434042876332681808871785643
29382,25287.5305199095233706449738451360025
29383,25287.8766829156346726653425590980197
29384,25288.7654515622252326394970001891149
29385,25289.4770799907491293742747835880699
29386,25290.7265055129920211566583842150050
29387,25291.8519388661314342814879875084939
29388,25292.1043367748562741993625656495540
29389,25292.9879610149767567843020815380938
29390,25293.7263839282603959300312879786635
29391,25294.2999203389897084555032331494871
29392,25294.9230847032372620413637275468236
29393,25296.0647454280479809666848037465239
29394,25296.3341221655832379797550949380328
29395,25297.4224878746170718836172529676575
29396,25298.0022809152903745449183327547770
29397,25298.8081403613988930177666797996774
29398,25299.6586659273321289316600317475550
29399,25300.6179921272291327238460000960330
29400,25300.7620781291229374427422008284654
29401,25302.5880911867991729129879915833368
29402,25302.8337893399008605276651141089949
29403,25303.5914284249982555480716514529907
29404,25304.0291594209975845543149451785503
29405,25304.8445890933256259009230252885557
29406,25305.6440138911474740147838262546223
29407,25306.2145244438350589833824432643834
29408,25307.0464199985689270249205715531251
29409,25307.7523796536570203699533991163978
29410,25308.8908121418473037582280156793999
29411,25309.8066706332750947228571776381119
29412,25310.7105342441195593417250014673736
29413,25310.8152707105859944779062340784140
29414,25311.7450097361542920066246484811886
29415,25312.3904352719839998995942129612002
29416,25313.4689301042334090716064362801739
29417,25313.8952795199274599875069929547399
29418,25314.9673650160554598284993201778157
29419,25315.5992552275154676646966426393272
29420,25316.1570371568589161980132392154568
29421,25316.3915540059477225939728134113480
29422,25317.9623685678322352476413486651549
29423,25318.6677384036908441015914330823036
29424,25319.6741008905583201203026892822900
29425,25320.3115313048186563503447897900218
29426,25320.7751977089226865808373911843253
29427,25322.0312193439970438540429437052737
29428,25322.2309171424590928351933781381390
29429,25323.0243193521347064964171340365665
29430,25323.5303396121084341935959546973851
29431,25324.2494557982284772244617565705556
29432,25325.6825794402839652540497985774863
29433,25326.0392717098123647344029066309390
29434,25326.9113524873215482062945131755499
29435,25327.7732306068067119021527067486632
29436,25328.5113137197840157897909576203826
29437,25329.2725244819348250982489737090326
29438,25329.8642821714524188975498510660334
29439,25330.9777760300372135879753990654996
29440,25331.4383842947543231764071624064547
29441,25332.2701638160055401766664219999674
29442,25332.8123907204293072407734352338277
29443,25333.5285532496095409619835793745785
29444,25334.4866702154475848490906069428942
29445,25334.7415384077689410919366377777002
29446,25335.8623231604389288491389641061184
29447,25337.1040081872847597070509929115788
29448,25337.9574828389073994015579312494396
29449,25338.4453988190309944329831487878920
29450,25339.0584281787316765970506405776553
29451,25339.6712586764347519444218735142455
29452,25340.2255241530709915101168566858481
29453,25341.2732688639711914539374855485436
29454,25342.3135682161515894867149337562784
29455,25342.5409466662317970091593123878758
29456,25343.2437690942138243444103566577690
29457,25344.3610225651832424286128808417042
29458,25345.0957974051593705016200655978499
29459,25345.9476365743978530701477000172873
29460,25346.4880405071149057817225800592192
29461,25347.6446247244829933478377267414232
29462,25348.0166978367956693897873504417823
29463,25349.2899911244748698508656076556357
29464,25349.7044684343378196129559972488225
29465,25350.1479632004694505205975340920191
29466,25350.9659238433530038856897724317926
29467,25351.7663895033444395639800912432274
29468,25352.1067086861807864571281339322273
29469,25353.3083393127809151812799228556551
29470,25354.6402924149979651912205047407783
29471,25354.9788657943316175024681652280704
29472,25355.7203369265661917057592620592494
29473,25356.4799379753003891285568197005553
29474,25357.4441746946021877301668133593820
29475,25357.9928360998695903574748235839879
29476,25358.3115709005557923620793843363438
29477,25359.3831256770192642517114499526876
29478,25360.4616927394488007567448441630215
29479,25360.7997747241294524027764664538734
29480,25361.6344113818484171466362975777264
29481,25362.4491161215672310648619889733527
29482,25362.6882012484727622891759988565590
29483,25364.2952233922294099532322918025172
29484,25364.9936475174380047778222866317250
29485,25365.7165095416437637033683780093929
29486,25366.4650583072719217225650843911965
29487,25367.0111857385543915243447538149435
29488,25367.7710625221593207554513079648865
29489,25368.4025645093757334284182685266913
29490,25369.1161540004630640119645051093885
29491,25369.7299403457793875241820326114299
29492,25370.7907282404332954382372578188513
29493,25371.3601034022310599343206612402076
29494,25372.4651841410674724480313863211618
29495,25373.5875574627023562924846296248862
29496,25373.8661584872132152450925378400350
29497,25374.4082598097823771244253834797196
29498,25375.2040820853301462272361176606832
29499,25376.2206733258386193405111622582134
29500,25377.1780666408060257019879483924094
29501,25377.6069518466247912387533957398276
29502,25378.2680349552262125397574326805480
29503,25378.7886723460687477381097154925110
29504,25379.7040060509490597074767209825837
29505,25380.4260074505960356720529216975771
29506,25381.4316055246012617984253341629809
29507,25382.1974316167878912615884831007893
29508,25383.2498322675446920493753360501102
29509,25384.0781387038503967893136808798439
29510,25384.5734717871529119366149098089624
29511,25384.8836400901140461319716997149470
29512,25386.0466906094768039905755169989344
29513,25386.4433630811581417736492996652534
29514,25387.1063538753700180255725652417117
29515,25388.2979926555171498838848999438188
29516,25388.9720098641800131129891821471634
29517,25389.6357399835033194027656480425662
29518,25390.3694844627861718338610669244122
29519,25391.3893640164663194698814638120776
29520,25392.0104286848148604104342655490338
29521,25392.8326204739861087929406650012628
29522,25393.8909623613466136560539659803124
29523,25394.1677523984127659604679999175179
29524,25394.8949824344990111951134808555083
29525,25395.9245831311847733142235724643391
29526,25396.6814920308209738876888789235414
29527,25396.9260627986692441385846269606074
29528,25397.5423595906822890484698714093880
29529,25398.4625236506979038197589124173376
29530,25400.0754444254671056067066264335069
29531,25400.5249151307483091362511074454728
29532,25401.1949698643886339965054718691967
29533,25401.9834794453238031710158706521106
29534,25402.4894542829752158704527051610823
29535,25403.2994209803554865438083343390404
29536,25404.0724142209229269470030860956955
29537,25404.7201556487704374668441076070143
29538,25405.6952034182699571869318605780026
29539,25406.2026727994484320365942201644154
29540,25407.0541592833146302644276326406708
29541,25407.6354371680168970732644170021784
29542,25408.7082709456757440376740883464880
29543,25409.4656102486613700686594062458760
29544,25410.0835216849202862652912118667149
29545,25411.1654175295013682964099952781356
29546,25411.9659220210647034286525564320018
29547,25412.5903116222129365623108974317055
29548,25413.2871099342599031259933032640030
29549,25413.6026888061247910084469240141456
29550,25414.2285307467868608342712320301603
29551,25415.4936487726496125765734120306247
29552,25416.0081001440727481664285278040587
29553,25416.7781371208882573619638926357696
29554,25417.9883193532221227690036617284702
29555,25418.5479729387824102459925979067468
29556,25419.5360614066317233111866020323588
29557,25420.0861434427224832392308078771756
29558,25420.6900754328157226549810646242630
29559,25421.1681871910600821332909008127543
29560,25422.5570825466252211901051006917013
29561,25422.9812269467348516833243033430525
29562,25423.7643587026560999739238190803147
29563,25424.4765693903362821596460208931979
29564,25424.8899127982434771090234455517796
29565,25425.9818437350085051605849935237468
29566,25426.3917909960029052600373182808743
29567,25428.0661911402799222616680510403974
29568,25428.6646961740499454151702650563694
29569,25429.0775113426011715258159856433679
29570,25429.8069034124090143394109797388046
29571,25430.6999321960964945725160570574178
29572,25431.3267900270007860038927302814436
29573,25431.8922430436517111599892596487844
29574,25432.6613673952726777874321547382163
29575,25433.3343831529777968766776066226379
29576,25434.1671617925231639739528086942292
29577,25435.5157569185526653242103768114337
29578,25435.8346734472322376700771253116120
29579,25436.6281997283923868616497727558158
29580,25437.3389476629621535134911359859672
29581,25438.2151277032138681955903542368516
29582,25439.0706458729595180474200069608460
29583,25439.7910922692102948578862394930163
29584,25440.3984239977862965605092771402600
29585,25441.2620702511386782002812646755492
29586,25441.6546099393172150770216722800311
29587,25442.7007531845362898447266189632400
29588,25442.9370373316911595843198426886910
29589,25444.0247016187131754918116215773736
29590,25444.9640597137227797788752651535387
29591,25446.1107579375121412862975023359779
29592,25446.5986233300407396392942664417378
29593,25447.6707037756871106859901759122010
29594,25447.8352710559129605180109745056153
29595,25448.8156421861802253261687635282288
29596,25449.0105579427215082982562466553919
29597,25450.1479188862847047930770299465195
29598,25451.1085752400928645405798175367639
29599,25451.8245284396190079950633464108959
29600,25452.5198444680783214653389432063893
29601,25452.6614044571821502665400654674164
29602,25454.3042455834251534628864120953689
29603,25454.8658813036759679096012851278033
29604,25455.6136748082417356134823982862520
29605,25456.2292046907234442805955353854254
29606,25457.3611376690628482618157184812557
29607,25458.0780118398689564199232137724694
29608,25458.3937910171829870969202641242063
29609,25459.3872636421638105466895891983337
29610,25459.8774983418550913360493184510508
29611,25460.4348201941575999010055519729798
29612,25461.1924703964458633829341319375090
29613,25462.5516075267874948796064044618075
29614,25463.1429473918250153660203359803744
29615,25464.3069420646944033571095531881447
29616,25464.7707146659323780247243160474765
29617,25465.1900021998894672040485592185968
29618,25466.0819557960585895661254594115164
29619,25467.0579514352733977116693069366050
29620,25467.5487889432999233383723166187701
29621,25468.4059634662764966114697257020733
29622,25468.8982595071289818849354742052032
29623,25470.0630126628885381419083183297559
29624,25470.5043573221996258801530107633651
29625,25471.2408376686944486185821004494775
29626,25471.8957783110471436449867153594897
29627,25473.0381533389573094248449855554654
29628,25474.0735864534546033812586796557487
29629,25474.8355965250042389615590707942085
29630,25475.2849035135244940394879305934191
29631,25475.8510521632368620075701933711739
29632,25476.5737011131699204959025010095631
29633,25477.4230671681174664391775799040008
29634,25478.2071054385510460692443004808970
29635,25478.4531117725727888507874313739321
29636,25479.9523738970508439822045813029086
29637,25480.2174423763537151523069624699688
29638,25481.4864983124466358079542219901613
29639,25482.2354694137689789832471525239181
29640,25482.7966736343917094165381528846348
29641,25483.6138925296379808206952034440895
29642,25484.1801113116248093941267321413170
29643,25484.8962062280896114266152445967669
29644,25486.2755020745230425806997029857045
29645,25486.5478001790177022717254648453352
29646,25487.1134835035450299251292169778376
29647,25487.8247827227610142207373070977196
29648,25488.4342647474215121528322860815834
29649,25489.3190181525158784994685185407124
29650,25490.6020165840346070401104888212834
29651,25491.3209999217589514466048413966555
29652,25491.9320789387578830126132240158086
29653,25492.7558641488230166628000813243566
29654,25493.6759295465468816692034892049340
29655,25494.0622214419386659725131879170023
29656,25494.7139059189091139031123915683409
29657,25495.1850307513420281698295379452654
29658,25496.4138261441316522758736402199948
29659,25497.1207858361634063722799592328719
29660,25497.7652506820452161729293730301238
29661,25498.5935565320392303514786349344837
29662,25499.6827737602987320570511701712989
29663,25499.8664607435581462281468575435651
29664,25501.0640858684459655323732024372125
29665,25501.8006597068944123620868358392798
29666,25502.6826727365971804073951463971974
29667,25503.2221403986063175216060844973381
29668,25504.0045277243115839940624110084591
29669,25504.5786371453581354589725545784657
29670,25505.1913840797602985766821192327695
29671,25506.3439575216475247545523226192204
29672,25506.5652611716053511135586827554567
29673,25507.2300190468812265657350160928122
29674,25508.8942901851399038672827721494465
29675,25509.7591190151498813773587389497158
29676,25510.0893436534255002622669133790573
29677,25510.6594933000010674455919491826272
29678,25511.4826905448964691857860938040919
29679,25512.1255188168330918936725587086920
29680,25512.9763464012431641913704097782651
29681,25513.9228606544898592986661378252593
29682,25514.3916209292144675482290469722423
29683,25515.1424944956471026201452458740211
29684,25515.9425572789663134435767964515827
29685,25516.5773435058649985651642202723065
29686,25517.6351079389684682610714710636001
29687,25518.2914304892640897637178680482368
29688,25519.2375288101015480358433479750096
29689,25520.0845691161639171582205164632646
29690,25520.6732730936894695327838052221847
29691,25521.4745649824452297535964961919799
29692,25522.2209087360798504691742880551813
29693,25522.6627323806568890060876820687356
29694,25523.1655976005051279608605271806778
29695,25524.0025581756339921868936051744580
29696,25525.1582410111167781124362508955438
29697,25525.9942668514842455569674951644275
29698,25526.7201098505341387014970945201184
29699,25527.3321457293192619661400047202301
29700,25528.5515771796603863660365692710178
29701,25529.0505728201430603322493960067975
29702,25529.3061754395137856113488897438833
29703,25530.6293080927740262388023931263847
29704,25530.9347935588585842266332970743287
29705,25532.0059874305100224411855745216875
29706,25532.8946605961768567867381638132265
29707,25533.2141752636181641519984265029846
29708,25533.8288959394166004636146201994209
29709,25534.5725280123920127792120806193662
29710,25535.8381869418891500691122350459537
29711,25536.5877450795175786349706596771523
29712,25537.6577672979494050094815057814655
29713,25538.2641124542234519499197177964938
29714,25538.6351622094653883782072341658776
29715,25539.3945884282086493601721220737062
29716,25540.1155012263952868538708260492406
29717,25540.9121588016217710214957260210100
29718,25541.6713048807523827027055248019537
29719,25542.2174485795072869090715681040306
29720,25543.1572466760062020001432153551928
29721,25544.0423073659774355616380356117981
29722,25544.9801992882400944011933409194778
29723,25545.7377711534283392035975091791794
29724,25546.2899248691124703094394906490388
29725,25546.6780047495262029521134828890211
29726,25548.3012148858334423181525412370791
29727,25548.6913004431232372967573672422054
29728,25549.3371971064596263809379126939724
29729,25549.8137659538448349936759083276495
29730,25550.9272028789924698068390570308712
29731,25551.1141847636218992051109426535297
29732,25552.2081885646776772578945561796014
29733,25552.7587714784281242492892983813702
29734,25554.0848275423000719452053092546667
29735,25554.9870373109638025230983902856154
29736,25555.3966053620743410501919820569752
29737,25556.5240891874428240433515046278148
29738,25556.6983579486608385084531955847998
29739,25557.6346136651270774345605262336271
29740,25558.1604069959005917828098283045582
29741,25558.8707316792790293772496745172164
29742,25560.0664124621015778237288141192212
29743,25560.6320645014996254939139471127967
29744,25561.3083382191174530435503540935095
29745,25561.9824376704110052589995358360134
29746,25562.7046256214898863789230801891525
29747,25563.9069341253978618770268292871336
29748,25564.6976832214104644763086599660030
29749,25565.2916937642183099040927166389273
29750,25565.9197898825781614184968300428613
29751,25566.8280704780284294345636564828722
29752,25567.6281381954762054643675495567934
29753,25568.1694790938134114900468993446264
29754,25568.6070631180939027470420006589722
29755,25569.4201012158097061153036843961673
29756,25570.1362906198731225209627382328355
29757,25571.3147659450324014074728828654951
29758,25572.3559636159990319577996847788027
29759,25573.0442977804788245797577249394324
29760,25573.3894009780212756080853253104381
29761,25574.3770391289453082252248907343895
29762,25574.9673232443515199313014403109563
29763,25575.6579500883333205641231382894507
29764,25576.5390520644559149432491118490521
29765,25577.5711629131026274931268017107167
29766,25577.9448894339699602999055903631249
29767,25578.3011903436176798711900455366201
29768,25579.5490614775896387603138357379233
29769,25580.3075080773240568053254697814041
29770,25580.7989404222677754164764461859729
29771,25581.8706047210119376402483032049550
29772,25582.9807065781807094842068131095341
29773,25583.5419875679737786937090881593344
29774,25584.4196728183150925797328959865938
29775,25584.8437570469636662738056851159282
29776,25585.1753472404995787554759184561992
29777,25586.2913477910486403306217258076328
29778,25586.8051935078414618875242779272614
29779,25587.9454181893216411584084891037823
29780,25588.4140437908000600578504965333632
29781,25589.2369042336465478543474983483142
29782,25590.4831797092488760246614543899346
29783,25591.0320995811086438279168655028285
29784,25591.5731287123470043903746127617682
29785,25592.5272453161911477927412156150579
29786,25593.1029793785603774201627923282798
29787,25593.9087460288777247431873439004590
29788,25594.8964206944283737222023390736988
29789,25595.3530860991921242079488855557054
29790,25596.1689946950040875336633076476092
29791,25596.9200769661582747791724620810167
29792,25597.0951287869457139431508692963229
29793,25598.0764322381382564172624603435828
29794,25599.6903041939579005794530629139043
29795,25600.2003344725660867351336991046729
29796,25600.8168541551615629298244203811984
29797,25601.6661105996081018101320609037855
29798,25602.1153843777323741974555665023457
29799,25603.0966686615855787517029150916645
29800,25603.7683520555168438474348271211665
29801,25604.1697119203485302120209430147553
29802,25604.9346612950308846761575633681953
29803,25606.1248687872578682439540731479980
29804,25606.8587227530544508630922021249318
29805,25607.2842067637009771612702583711713
29806,25608.2820971942223920526803466401832
29807,25609.2060508739932170449387020388017
29808,25609.6573887958159881551459647165878
29809,25610.7624318851656962049568478067313
29810,25611.4769534486096033518882852448663
29811,25612.3999226071456270816001691976065
29812,25612.6154010711914646794816506140187
29813,25613.3348345936575476759484705488459
29814,25614.3485438489093235018374544277836
29815,25614.7204564872054047249051800875134
29816,25615.5002047815867769229958588617415
29817,25616.6664280202037430967498994552646
29818,25617.3057318535969597208086551693847
29819,25618.5995187618858059941850664678865
29820,25619.0554211056780726151079530058930
29821,25619.8861443395506672723932290607497
29822,25620.1158410283967780340238633393863
29823,25620.7290907403336244669527116070613
29824,25622.0596232854652965928455307243391
29825,25622.6983790245737069333313462851859
29826,25623.3492304552618727663519233053894
29827,25624.0642535945424282121242924095592
29828,25624.5962516908386478922343983679225
29829,25625.4404131660632905767054082921454
29830,25626.7026458962427476082123879759442
29831,25627.0230130840632296048371065768606
29832,25628.1609864616116507493245166807982
29833,25628.9053098807996219083712229831518
29834,25629.6030566781943096344290747681879
29835,25630.2396448280169859475771665167643
29836,25630.9411324386793128373330843227897
29837,25631.5798562907347802764092795514715
29838,25632.1227181361232774136198277650028
29839,25632.9424282385420102107280377391333
29840,25633.7314338396811644121908076770974
29841,25635.1851816588312201604438250421177
29842,25635.4846254148573010160818089672270
29843,25636.3785293538186775682445125025230
29844,25636.8910369618272214675053521175502
29845,25637.8571344599126871714389144872690
29846,25638.7404644172094462990913881521248
29847,25639.0639642070739583854696150058745
29848,25640.1724481506985752542710548782146
29849,25640.5554088283870333270123217174014
29850,25641.6820571093835889232134974913146
29851,25642.1325553378180979599856137774563
29852,25642.7893352868391099882619888915798
29853,25643.4455339686043445989308793343629
29854,25644.4387624169490220101359250579385
29855,25645.9206014963105002636129974460241
29856,25646.4744012782451593028245644333458
29857,25646.6032559100029781703437305630036
29858,25647.7308946915562075794842568474873
29859,25648.4449456217043312115033070901682
29860,25648.8139420384209668533035584537776
29861,25649.4950024002686804357027063528068
29862,25650.7213494605170499917199435835550
29863,25651.2437414448335183430014302130212
29864,25651.8857617151795560266065431755064
29865,25652.7934752739615207566385750582665
29866,25653.8634948123649511408727775049376
29867,25654.5041496481013721141921306507619
29868,25655.2258879828862713961911530462143
29869,25655.6869602190529132962348252287148
29870,25656.7588923604212227070143219058165
29871,25657.6261641312050992129833025017558
29872,25658.4027433106684242274133669204328
29873,25658.8878870890791133585778282853750
29874,25659.2993201791443334625115024925291
29875,25659.9580328913585497063844607257510
29876,25661.1616412167272359303084028256570
29877,25661.6937604980467526826247221729346
29878,25662.9677734714603212921427023936024
29879,25663.6406594976663045504375192693729
29880,25664.5184321377450401255742050106085
29881,25664.9365579945486866278934106452881
29882,25665.8793810054984238895711604846255
29883,25666.3107445331465258527550044721158
29884,25666.9847620101268859064646043345270
29885,25667.9346000034102572503387896873744
29886,25668.7036715698003345183367936682171
29887,25669.4457273566258073155825411705318
29888,25670.2176296813043693717906741115857
29889,25670.8498464504905229916236867332145
29890,25671.6243397470143973340671017900652
29891,25672.5369671673558217390549978807073
29892,25673.4664616818449338497460070337819
29893,25674.5190414686087608561818255732915
29894,25674.7891028228111285221353891768860
29895,25675.4527257831654149331189365692587
29896,25676.1465345565309110647975366858859
29897,25677.2461757234237353086482715810467
29898,25677.5460282429304158101843442679926
29899,25678.2801920842250280282328566348118
29900,25678.7992015260963818881740635533138
29901,25680.3068423401825814178976560858617
29902,25681.0825732229679615603530194265902
29903,25681.7918466126517210273017952495077
29904,25682.5601191696655598894871011895516
29905,25682.8979865769141219804224739098738
29906,25683.7531947900371758134598319786244
29907,25684.6447250515338711347466149374055
29908,25685.4593084192612844111291122618958
29909,25686.0786190311451128117311772907502
29910,25686.8628745023375748061880667202636
29911,25687.4429901710817887580883260798528
29912,25688.1466490734443181227489875369501
29913,25688.8331834727469440118690806061606
29914,25690.0740370493690679057613329327841
29915,25690.9015662486489048540732169470520
29916,25691.2833047438908068250880665440936
29917,25692.6204745460494556608787840385443
29918,25693.2811063957132230498913337888677
29919,25693.4487876814453594464336269951993
29920,25694.2518032302918116441827436602175
29921,25695.0666484980882751834227223665936
29922,25695.4331225786905876429647076199391
29923,25696.8084939549224257728934699817256
29924,25697.4818122623650014956770906237080
29925,25698.0492523511021523745996633689355
29926,25698.9521825877607904226924620254736
29927,25700.0645098421577572196385754270013
29928,25700.4907820499055318845203511133485
29929,25701.2417644142244070144132413519985
29930,25701.8678038050408196410121437817929
29931,25702.9775585053496036802926464225266
29932,25703.4515707953291747653666879474193
29933,25704.5247761741588857244248034536054
29934,25704.5872550558254466549446857990563
29935,25705.6623931489467425466618776573905
29936,25706.3246863922016534951976014468403
29937,25706.7006951623431244317158029240551
29938,25708.4131243706641827028386928657729
29939,25709.0665697633041216045149495621953
29940,25709.9387098203518663465223065678890
29941,25710.3164134494296151038974372066993
29942,25710.8145587360706342759519602224403
29943,25711.8543663241317721738485832489035
29944,25712.4624161704730922740965162170590
29945,25713.2813133944405697355350086198865
29946,25713.8277655907229699893610627792186
29947,25714.8161980355882748217078135644778
29948,25715.3086969462765479781038650373571
29949,25716.5917027881630073214042362124199
29950,25717.2632782783330978070373399474209
29951,25717.4416722954938381801203486293381
29952,25718.7582884484538506628246176711457
29953,25719.5702713628170538892542705034766
29954,25720.3444485439866910742330532893255
29955,25720.8956767580664260560856943584280
29956,25721.7543380411710201470972098433152
29957,25722.1580511496779489133684126492177
29958,25722.8973612219864753840660544417926
29959,25723.5687185595598961414065219919277
29960,25724.4933894671278612006062185975740
29961,25725.2762331653981690694253951776151
29962,25726.5541260526013836590114549107776
29963,25727.0000454624978470921185913694663
29964,25727.8132026884861929500412334053474
29965,25728.6605795758366214611140848724595
29966,25729.1031990944136539649989925008700
29967,25729.9137832282219550556260854188799
29968,25730.2273274922547311404011852338090
29969,25731.7388966234065174588666016441852
29970,25732.3397528916437667948589418673086
29971,25732.8151352904042555161071103960267
29972,25733.3028399715338391236873993961279
29973,25734.2174097175148162833972551505341
29974,25735.3193557803979293005140481795246
29975,25736.1138591172388139607213333931367
29976,25737.0306376474041286327036003500253
29977,25737.5890904142080891332426219422063
29978,25738.2776438620192603862835898589754
29979,25739.2235827124925626770057807949417
29980,25739.7346642512338520408776514298142
29981,25740.2237760487841265973075008195345
29982,25740.9967743109827848846625043868855
29983,25741.7575001287232477227464682330986
29984,25742.6616212262240211870981641453497
29985,25743.5863661932092662256396152416041
29986,25744.6685354298640848274392568733817
29987,25745.1100038567233181310193463602339
29988,25745.7892190709845058522905047683899
29989,25746.4831016415770144550145294473130
29990,25747.2181930996105060687444935285777
29991,25748.5853560832121714221455082446082
29992,25748.7247825136156661659187900336327
29993,25749.2931474447532972641792286427015
29994,25750.2644468628139049176257490465318
29995,25751.0142821784568872339638356584536
29996,25751.6054831224062767167086449573897
29997,25752.3635033184829364247564943482135
29998,25753.2155719524029116590873551976932
29999,25754.4609457380289722863412653270924
30000,25755.3482745615095514581871369546838
30001,25755.7130154589483822813649985971866
30002,25756.3919565899810406318540098681194
30003,25757.0615456610469703361619579801520
30004,25757.5469296489753861231928481692721
30005,25758.7074446366224194543940359167664
30006,25759.1513516666314572696908884604240
30007,25760.0109862087597557903931300379552
30008,25761.0459161393256845608483030664523
30009,25761.4632198519694666733991929966922
30010,25762.3469922744076609029306920799702
30011,25763.5352168625047313008606013054656
30012,25763.9746279337425271796747289544179
30013,25764.5267035624857340325610149967899
30014,25765.5989294742323921509751089245455
30015,25766.3098107745042782430457275740165
30016,25767.0025600286320796114888202201349
30017,25767.7926638759345615927506111696129
30018,25768.2761024915158681894076924224308
30019,25769.0136750541101772644541394889432
30020,25769.2318946830245242738416787004646
30021,25770.8991611567887700747467936029216
30022,25771.8462565371676809638069538337710
30023,25772.3541798687643410495953545382700
30024,25773.0036065420597853517036014047756
30025,25773.9766169418348163906244366853662
30026,25774.5937242674480404629315805829890
30027,25775.0825941964103843934789161473872
30028,25775.7997015658921514977986173527566
30029,25776.7914991542434666900497856291291
30030,25777.3938206763357300705030071779149
30031,25778.2544115651496532331753094582349
30032,25779.0866088224063909718277651487226
30033,25779.4087212480566853736920442477030
30034,25780.7234857111522293261381790396284
30035,25781.1211366264603463801095426210391
30036,25782.2150126817956490411151508257273
30037,25783.2116863033955402669045380673012
30038,25783.7278943178921118074591924387087
30039,25784.3146475548989563705836163595028
30040,25785.1081679796603907972780995161584
30041,25785.3673499531498634879733879750322
30042,25786.7211335190204875911601433581004
30043,25786.9221704151623561640948791416810
30044,25787.9947352861638099278287917270087
30045,25788.5653976944352985039184533948777
30046,25790.1182751704076747309572847295173
30047,25790.5949657224608354219942341929957
30048,25791.2467220980642080460017821819956
30049,25791.6744085226650545898536345413774
30050,25792.5749929482936139180441973760265
30051,25793.2988377321837358416038778261960
30052,25794.2911130993959905266846684883497
30053,25795.0100974457204543148637154870438
30054,25795.6293182653479551898354270175465
30055,25795.9872620473650642098746740616539
30056,25797.0171820407359326500592374117933
30057,25797.6996802044013243819421282422178
30058,25798.5887326130257118725993486519174
30059,25799.8027902427854985201578378102021
30060,25800.3897607173880419141027230257313
30061,25801.0594477903245837842195484909702
30062,25801.6768054429845041072132946004773
30063,25802.6412537612103562262042543900726
30064,25803.2529550294579990788216629198454
30065,25803.5860845599191191365035808781493
30066,25804.2328969207733325580615354543156
30067,25805.4416684626968771038829713283247
30068,25806.3741920881392856976661228613899
30069,25806.8547752198890199333666778493394
30070,25807.8846436975122263898560149921877
30071,25808.4601573296633925974073790720793
30072,25809.2007594747221596877101364698589
30073,25810.3516074808879229619548610350819
30074,25810.7516508757216929007094434572121
30075,25811.3366482023935180549853509684507
30076,25812.4500116203754519714772634928836
30077,25813.0722085756119601089583020098566
30078,25813.5375325802041152982243953732498
30079,25814.4842344708736655685147191055481
30080,25814.7995038250390679043732504076047
30081,25815.7496492889737862913210315581984
30082,25817.0358107222520785572724861048867
30083,25817.8762500735283409168642366142948
30084,25818.5521981162636268114343851846140
30085,25819.3472238291647890437420407064291
30086,25819.6525181462446925809804785240787
30087,25820.3048771704669385140491841170085
30088,25821.3083637059450607209523147634738
30089,25821.9188369213216935894732163563341
30090,25822.9473842397202375712570381156516
30091,25823.5692619041976970423356265858726
30092,25823.8655958823176545833194448293123
30093,25825.1792730736580018313251728862549
30094,25825.9455489091361559200465681954045
30095,25826.8489992029480129384313815044418
30096,25827.0834060257600156274277467091065
30097,25828.1902670339985403125409057874244
30098,25829.4247981598433243126306394873044
30099,25829.6548182026505004679412280108754
30100,25830.3617093889725457798404008667753
30101,25830.8486327228076665773512234965990
30102,25831.6910797941720802362978665254834
30103,25832.5153204744630671151346840522797
30104,25832.9303192586409243222396351652931
30105,25834.3156846928041701870480214412824
30106,25835.1998167268277290357107853315285
30107,25835.6537867597603525525510317677186
30108,25836.8411857306933770556667979142897
30109,25837.1095130237994247340135535915724
30110,25837.8389323120412866386211552475830
30111,25838.6933980746116824222227053773530
30112,25839.3071787337207074055986187804171
30113,25840.1852416919813421360799254021088
30114,25840.8559688414692086274144210053724
30115,25841.8873534920817213126265152689319
30116,25842.3976080221824361759201511461950
30117,25842.6574144009924090185613915764651
30118,25843.8005933492273115063182025431682
30119,25845.3164679080180781474874032810212
30120,25845.5006958108299803120958944277122
30121,25846.4749292280663263381461164306431
30122,25847.0634782260832043978290454743182
30123,25847.6610322197640841973932605113690
30124,25848.5229834869259758190489491186267
30125,25849.2433198190458517704416722194627
30126,25849.6549150674094286021807022640578
30127,25850.4662147720711631292997490720276
30128,25851.3552123364007502835958682427934
30129,25852.5094756898092765045487866495445
30130,25853.1475274207421272625838179433073
30131,25853.8887467820960065936224046250389
30132,25854.7313171378518944984283241465326
30133,25855.2110779337119481561213791983438
30134,25855.8412460413447215248041831862580
30135,25857.1542714968507203061242614822348
30136,25857.5639824484808272170228909282212
30137,25858.3992351538965045367433346727948
30138,25858.9260673197494609086378690113937
30139,25859.4290970697734522607223211789410
30140,25860.3560696421576931969241420766270
30141,25861.3256632040598731088007154452109
30142,25861.9790460594134102306972340585441
30143,25863.0754721133512137423583853963040
30144,25863.9474574868228323927057193739264
30145,25864.5392598347944269023624077028068
30146,25865.3192513487032471490520679898111
30147,25865.7487084688715463443794352098196
30148,25866.3731383073757225713569613787111
30149,25866.9983314879034959627068530670636
30150,25868.2664776395273506440839495609259
30151,25868.9831129454172221274640807333575
30152,25869.2787522791449721391637770982389
30153,25870.3878369598875534713905979706495
30154,25871.1784938932541006064702751718429
30155,25872.1374342044363302355052451753899
30156,25872.5073189798240336315770779798184
30157,25873.6097704047638448957118130121369
30158,25874.4018944886657353579489712182277
30159,25874.8410173506090123402969505817964
30160,25875.6763846721335067227010400001558
30161,25876.6096437656454058998549463930212
30162,25877.0991740491804173121468901227804
30163,25877.4475149954007802388630018262523
30164,25878.4288204724757004591224764599835
30165,25879.1461771271015839050797035028346
30166,25880.7707921375533438348730003120521
30167,25881.3424635896060200937552726254355
30168,25881.7992520192414883293919640980116
30169,25882.1994562419474239807775967959898
30170,25883.4011559560495534097579376793700
30171,25883.9766705350566427846122628359171
30172,25884.6062433864529260848453470487320
30173,25885.4372268121666635107576093311049
30174,25886.0855057436209626277039376065208
30175,25887.0883181720133654233646372168229
30176,25887.5686336432002623645228663288093
30177,25888.3554539750568652212684794065705
30178,25889.3297140298341810291478138527355
30179,25889.8761406582055083536118475593829
30180,25891.0629767983154093873186770702971
30181,25891.7011876412927305278782257355424
30182,25892.6730535616275978308309429128810
30183,25892.9363850639770666484683585280683
30184,25893.8026092154076196943739292111517
30185,25894.4215435945633441183326997302346
30186,25894.8603734800432150662517214282754
30187,25895.8982519207987791116267672211635
30188,25896.7599857036753360439562041132270
30189,25897.5500001754504276593541586122621
30190,25898.3498511630975281933227071662793
30191,25899.3718108775748738576118930685834
30192,25900.1047296225537706249455275903325
30193,25900.7101728359040989991927653873457
30194,25901.0637983161233007986490789559339
30195,25901.8871971118906018257843107695230
30196,25903.1454153306234308907953473664158
30197,25903.7132073046910163961858975418623
30198,25904.2546451344932765067779333871893
30199,25904.9267059443201971745282132541784
30200,25905.6296779766001744695419074818274
30201,25906.2243987602521789680573924334176
30202,25907.5762697721921419956647451919286
30203,25908.3347026474229768792143603422921
30204,25909.1268924392482494518072249652328
30205,25909.7922213872732751307819097079127
30206,25910.6459011464093362575046356240466
30207,25911.0761472995811378598358283651379
30208,25911.6684060719225486252978634156917
30209,25912.7352701627321382075995619616418
30210,25913.1783519469814486944650887676247
30211,25913.7462305690605447753825824894690
30212,25915.0682908074094816177298937363564
30213,25915.6999544933847251841465989228720
30214,25916.6957292374727143999562400386166
30215,25917.1095934296710735501774526530432
30216,25917.8433557197744691822323435658414
30217,25918.8575198302930941669409108261980
30218,25919.5585046473485557698737423030279
30219,25920.5020139033088460370099912164517
30220,25920.9727225419859802780482926274328
30221,25921.4131945343336154821629614248692
30222,25922.4375968413981933230969428772999
30223,25923.2462620249883164206409840928061
30224,25923.7139824958340764783003086854538
30225,25924.1684678818389144319351315102110
30226,25925.9614128744589849847958189121762
30227,25926.3405486178174158574152724344795
30228,25927.4956669975167849059992243015798
30229,25927.7220027302625312463459505860160
30230,25928.5975703917178158697873487614569
30231,25929.0769843659566304486956801079188
30232,25929.8678892588583789259444662507037
30233,25930.6039410662303123926951372949644
30234,25931.6875706179130092581176899269078
30235,25932.2525794497467782284820548388025
30236,25932.8837816522809903864296111209823
30237,25933.4678523899233878589405158137862
30238,25934.7308373605628996595243150774662
30239,25935.4065605580280594149990729528656
30240,25936.1302805192975141728720335718362
30241,25936.9663575589007570603328909443287
30242,25937.5066295837322198893786856163403
30243,25938.7752415995382606673048085999306
30244,25939.1255000013730179522987045259139
30245,25939.6602558707546155039686704050156
30246,25940.3150182406446380583862785399049
30247,25940.8818354750686023631252291044014
30248,25941.9169740029038727782090610702613
30249,25943.0390424039117912288011500483620
30250,25943.6315296349282730990301209356144
30251,25944.7366357382144733393828679243042
30252,25945.2426239181232045191357016671557
30253,25945.7554588436657926940956267626816
30254,25946.7870909373921922950206245595474
30255,25947.2548866861186619797092458607093
30256,25948.0617208267655026048228621299528
30257,25948.8670929027059152196447498473825
30258,25949.7751160355097789156084838733301
30259,25950.1770940636340739235718644393616
30260,25950.9500375610972815264570066187487
30261,25951.9294356647512920247147667926576
30262,25952.3764412753263794597108349946673
30263,25953.3787337849773026951856318994325
30264,25954.9219677582614262786259834969401
30265,25955.0434481973707816441913371599264
30266,25955.7653827895863993033313032305382
30267,25956.2181153024410962192836879965055
30268,25957.2078703529963704450489379314039
30269,25957.7891168529810428043011666336379
30270,25958.5468590731147533396134617560823
30271,25959.2525277887827623446973185049117
30272,25960.0164317748146222699674061428742
30273,25960.8836855116055231925976721172396
30274,25962.2049489305600060602742048993786
30275,25962.4890305743961554794648233474551
30276,25963.3044681398636815874747148744151
30277,25963.8507023566087129908713665868170
30278,25964.7121220074386162295056543599490
30279,25965.7717619711746047914860754953815
30280,25966.1374179528330648087483040394658
30281,25967.2700463431486308395852243555735
30282,25967.5438365716378473019859615963236
30283,25968.3235854479605483766085099246855
30284,25968.8297671703991610562306384727632
30285,25969.7764460639974270030668306175142
30286,25971.0402640066458920955466264347234
30287,25971.7345031269297112922998739457401
30288,25972.4533740572380946316963679987558
30289,25973.1341450012025316372738947805558
30290,25974.0445216531206212324979434259850
30291,25974.6182093974637310884221302522438
30292,25975.1268130023543485340433818386433
30293,25975.6048516622768222394603919565786
30294,25976.7423777207891052354244181386724
30295,25977.6120378887369052412310955347040
30296,25978.3141596410354628604713168591687
30297,25979.1495847380548854816587821104295
30298,25979.4426614489092103183409230649387
30299,25980.8903678968085070192556624327905
30300,25981.4351805693421523154428220100137
30301,25982.0476474439269903286887078354308
30302,25983.0224465873739207141797348598777
30303,25983.9414055084920897421171403219079
30304,25984.1639216183530998848893884573077
30305,25985.0324796202816623804009028101723
30306,25985.8481232491048121474288036617973
30307,25986.2916989633436335507639367361144
30308,25987.1712247707057893075460021720743
30309,25987.7120577240083055515047035817657
30310,25989.2957416630706380607376047419515
30311,25989.9927769827182118746496699868860
30312,25990.4918715066253874306503827986350
30313,25991.3673933177824975288375721644893
30314,25991.7925055250327905772536728633398
30315,25992.2811170888483723119956302721908
30316,25993.5697509289747241094995567003238
30317,25994.4684520488856073355344251667781
30318,25994.5773434948701294015152671013603
30319,25995.4458767269325314565933034282503
30320,25996.3131319875728846377097956702495
30321,25997.3319637973412024513829542389859
30322,25997.6020701717266666939837145542041
30323,25999.0113095532076133935924401910157
30324,25999.2421723924829993825967826506576
30325,26000.7612647425607661253420596978840
30326,26000.9938865002415148277948951575326
30327,26001.8243693870196871553510071431606
30328,26002.4194458974879360304329618014044
30329,26003.0429974982619376829337723294702
30330,26003.6895097963304419954142656876425
30331,26004.4467461419905105805242342789403
30332,26005.3336053336070850763338235477529
30333,26006.3375701947484881767987103369648
30334,26007.1925206363703311053262365776785
30335,26007.7731538975648112747233906901148
30336,26008.5820056998369873016285281188015
30337,26009.5585504859505875782139303184996
30338,26009.8770853520006688075811963855330
30339,26010.7122348725635140180805376178030
30340,26011.3782793815623326391919843441795
30341,26012.4069468772334264190644564404874
30342,26013.1940789334205293749963444797129
30343,26013.6700863244032951428520577744963
30344,26014.1457097292158086541837935479059
30345,26014.8767138831692562789769369150524
30346,26016.0338100788714478967462863788215
30347,26017.2249467397580183959126858322961
30348,26017.8599458652818340994834575215459
30349,26018.3091513424840143368277271802528
30350,26019.2808483222440587254424596826719
30351,26019.6516813233462074912968624636492
30352,26020.6724882311651610353825907154619
30353,26021.1848436708022063035899372162923
30354,26021.6168698982840584646691488535602
30355,26022.9485066110131743163922068783742
30356,26023.4407634736755146931639072008913
30357,26024.1324711528180336907188164727618
30358,26025.5205839116840121826451634054085
30359,26025.9158393268807199258995305316411
30360,26026.5336846624210763033431641800971
30361,26027.1477374265335326945030191773723
30362,26028.5195499494018261915524980243515
30363,26028.8947932798127046137045596954862
30364,26029.9056667897202222496223786755110
30365,26030.1915487113760380854887602794304
30366,26030.8855682324968760219873597529778
30367,26031.6064533480093803559737002035196
30368,26032.5489837579052651736104074770278
30369,26033.1457907214956239574393241313363
30370,26034.1162699481833036055395969940317
30371,26035.1983002214577573338489473979687
30372,26036.1578700798074768361595365353202
30373,26036.5039781972668347684157029769220
30374,26037.1174685554285429873722756652949
30375,26037.7470874234119584812855063290291
30376,26038.6350877496178588052283934453488
30377,26039.1985340232449770883859765200253
30378,26040.1987461971732699039202926049368
30379,26041.1289604017124303165450060469317
30380,26041.4289742175756080927926520499243
30381,26042.2077308784941577840163445381218
30382,26043.2455360868509770215447321593866
30383,26043.8869616136851912813191727177991
30384,26044.9829321146606471364781445244800
30385,26045.7158397215366838244305643111715
30386,26046.1731081536236205546994184264580
30387,26047.0740099799938765764395168096840
30388,26047.8624200027367466628271950523598
30389,26048.3612038688844004279230685060275
30390,26049.2134536232062794461713769827995
30391,26049.7384890632324977268594979033669
30392,26050.0394015116069052705044312420747
30393,26051.6975589436354170650740322050300
30394,26052.7121105482015106547886032281827
30395,26052.9573223752547684148020782600496
30396,26053.8834624187411015659865442963513
30397,26054.5399618386866908054408181470775
30398,26055.3394425748858342271982396315123
30399,26055.9374392491795037990583809246092
30400,26056.7222502011172078924222180097427
30401,26057.7488922125071008281435481139628
30402,26058.0382694548478841889134337823423
30403,26058.9975298282250455745249307075439
30404,26059.6521224095731249791487193237409
30405,26060.3439688348974997076786344511163
30406,26061.1189432697218515303569694532464
30407,26062.2088963179043729161750502705204
30408,26063.0267972190973812510459165335620
30409,26063.7720016978114168788498209036857
30410,26064.7305815801463580055482741875993
30411,26065.2461433861077836738097033659918
30412,26065.4522797773419266871778673741270
30413,26066.2177005879387671443439307903783
30414,26067.3021817547576088807188473634462
30415,26068.0392542625832485011236959386045
30416,26068.6423669370850108928135101627444
30417,26069.5077149631856270581883407519727
30418,26070.4236586762725703815087693966689
30419,26071.4029133344197557434798817322989
30420,26072.0485085343611650043226226079931
30421,26072.5733031603911355406036376363343
30422,26073.1648622326954854926344560120885
30423,26074.2017506686619735965862711645698
30424,26075.2305457354020677040304096749137
30425,26075.7143822768308976284885091096395
30426,26076.0331345981025946302253876896843
30427,26077.1989398136680511584703625256018
30428,26077.4735150643632104308707127801177
30429,26078.2657569526045493992085744631865
30430,26079.4662775607023890408172956717419
30431,26080.5972597361390969357267516734882
30432,26081.3238021039574879667213044864727
30433,26081.4931994546071391413535842495252
30434,26082.5131183966949475608593782509860
30435,26083.2320308485413920406542078170430
30436,26084.0051534153170213914741491356582
30437,26084.3166543832447394814171431077858
30438,26085.3309633756495821195726869786335
30439,26085.9474275402016726538676842948988
30440,26087.2118237028693571394414122408516
30441,26087.5374593972834677757965950394557
30442,26088.4508278160432541248578923018122
30443,26089.1201180766918716967990801211984
30444,26089.9790283722585436747991842017516
30445,26090.9390566636969518996770604710481
30446,26091.8144583753331239738711940778538
30447,26092.2619611555101890891717914179492
30448,26092.7844922967079822250196323131374
30449,26093.8971398993713657726584384041496
30450,26094.4678514328020599770906776299364
30451,26094.7560383263072205132506405994633
30452,26095.7521306651446067601729362897602
30453,26096.5743215391145845951838863436251
30454,26097.5658432594152121714633451087658
30455,26098.6682747029784313909156800585746
30456,26099.2820247120025681853345683501211
30457,26099.8902245333409124124702604892485
30458,26100.3819273566829951115668883687468
30459,26101.3269771786128800109188321001752
30460,26101.6520512507356159186687878790874
30461,26102.9552102367574753593419565284245
30462,26103.7646700571304080977421889457071
30463,26104.0412101242743648985510231306957
30464,26104.9639699584442420831038158478742
30465,26105.2659528860719892035170599963096
30466,26106.8503905419968023841246569201282
30467,26107.4015035716531040461496610512917
30468,26107.8839275367746514130985015374731
30469,26109.2018589340436958649905473904432
30470,26109.7681632970846050288005852599893
30471,26110.3829479653151565695186637277699
30472,26111.2277431385650276281576972182607
30473,26111.6180920622468454184042723314508
30474,26112.3076958883207477843958266041592
30475,26112.9332681592002936447440852255076
30476,26114.1449147763257072297030376766758
30477,26114.7063054873413578169010418538692
30478,26115.8496362750237064047601631508798
30479,26116.5162926188069572444041187387216
30480,26117.1539473119634985829599214587371
30481,26117.9289633897746542438966665813899
30482,26118.5452208625190652266853577358150
30483,26119.5498965173501561721427896103039
30484,26120.1102564560835944548682043008400
30485,26120.8269288435610685129421136941840
30486,26121.5303919646223697069479406615582
30487,26122.4899488225789305212480638300379
30488,26122.9458212860663661002637619154573
30489,26123.6221036695495803544739838279819
30490,26124.2041500834714421571668998874821
30491,26125.9283789980106007317113563990635
30492,26126.4183596803882315151856139238864
30493,26127.1668104170751316277691213497322
30494,26127.7691284969943841312087430539351
30495,26128.2093064425294805469819953282497
30496,26129.2340772827138551347347067652345
30497,26129.7269646669061917568594151371296
30498,26130.5887606261583700894743573409604
30499,26131.2630451683758611279576439631059
30500,26132.0100706394457728384535007971564
30501,26133.0206579246593475546099131185572
30502,26133.7004222809519963779198441907901
30503,26134.6071857444776607081625312886553
30504,26135.2127441984452494529395973131880
30505,26136.2660897428413043411739132202408
30506,26136.3626302228807110391146298155152
30507,26137.7533529285983436046863840028037
30508,26138.4722036654315138784508115191807
30509,26139.0315524191473874716116380525985
30510,26139.5204559021451109718170386336387
30511,26140.0430796231831627220122023803635
30512,26141.1749072609837222023385155220190
30513,26141.5567458902508129811195899885209
30514,26143.0973379632192377031567262948774
30515,26143.6468052794132118717836528817878
30516,26144.2520303926879082222515688814109
30517,26145.4272922044197676139689555264713
30518,26145.9718030421729354338328347091972
30519,26146.3387490810978096722399591647136
30520,26147.0115450744837976644398747012882
30521,26147.8241625795677052669407021744346
30522,26148.8737227588372968942311208316866
30523,26149.6829885715317011839441465211518
30524,26150.0132785746321375532579567436352
30525,26150.8739621649386256978775215402232
30526,26151.7870882847817289993661056075269
30527,26152.4135512349629874498747188098978
30528,26153.5292287608458708084306513573351
30529,26154.2814264921267871313119122673575
30530,26154.9447135237239216610459274650979
30531,26155.8059910926192264751610350426191
30532,26156.1821157506655463090433378609340
30533,26156.9635589745855173415327908059093
30534,26157.7630588628325861703205402532041
30535,26158.5027002569090265474126051672364
30536,26158.8457591763321271737990911703964
30537,26159.8205728401245696503597083449397
30538,26161.1868042466974671699121409213081
30539,26161.9710572733854942979040372355728
30540,26162.4931978214234326175371657443361
30541,26163.0974180663137956141749861270541
30542,26163.5713888657562626363387625302212
30543,26164.7672726343921903600901956923952
30544,26165.5366024954540985013302718240050
30545,26165.9320455716126724087710939108434
30546,26166.9378104112965948377872508634687
30547,26167.5476005013297860055284079803027
30548,26168.0756884918631558594661043513697
30549,26169.0507781409264712727686689073334
30550,26169.6939177914642032299243588694376
30551,26170.6721735656448812048307367912487
30552,26171.6587416097755140624558454373505
30553,26172.4237630007654608084329813881695
30554,26173.1800814124189610811072481729003
30555,26173.5917630239803991726909583248162
30556,26174.5116865657335341883504355873224
30557,26174.9979338991888895850430644584052
30558,26175.5323695530139938977539104369267
30559,26176.3648387724791765202456386613442
30560,26177.7985824067423987231842499510008
30561,26178.0263726266627825927674353466763
30562,26178.6752980398732142686656531103469
30563,26179.9625039908368696038800995945413
30564,26180.5889006059846831421991540705058
30565,26181.2868543362639520984295840000533
30566,26181.9127549102248679373561087957468
30567,26182.6602548017119195654493741310978
30568,26183.5765336919484760883483059870519
30569,26184.2492696892576683725274819963833
30570,26185.1759077108352319990228915683697
30571,26185.6175903727753413516079809425382
30572,26185.8700785356406881347122832908616
30573,26186.9110430126186375493836793033660
30574,26187.9752765261507542716997331551523
30575,26189.0486083544003148205634482268609
30576,26189.7956473929853287319490162285253
30577,26190.5128758223737831419437125203174
30578,26190.9071926099657945310937741516396
30579,26191.8134537561418953707311869381851
30580,26192.2933125438052431937097964782577
30581,26193.2912213136931601185392190653998
30582,26193.7985730238908781365498753695425
30583,26194.8180370698611482580202956127212
30584,26195.1690211386932045370837290044194
30585,26196.3889294865430937876198438309803
30586,26196.9993081051896800741851451943857
30587,26197.9290044889400175139412859125488
30588,26198.3607877435390918243469436571770
30589,26199.2706900919203762549131620996666
30590,26200.4953302305421846221292074946240
30591,26201.0451770042947806970734140647206
30592,26201.4778124537381037144588076247792
30593,26202.2150519602892102166615850237516
30594,26202.7724066967039194272313360844558
30595,26203.7916725245009018488214805701236
30596,26204.3063954998918302141270053330086
30597,26204.9602398341502847968356284419576
30598,26206.1172490936261601999350494552815
30599,26207.3108397204976559860980303530444
30600,26207.7224583851796567186485630257965
30601,26208.2985894264296562509851856020904
30602,26209.5156463285944631272427924023470
30603,26209.6354392428599305862638577928123
30604,26210.1555373468657890123550056304741
30605,26211.5504238811626455152369567114299
30606,26212.1076912887966572478556458840450
30607,26212.7962147413330004602498452308422
30608,26213.5696626819109786380124387437456
30609,26214.1600003157950552266084788801300
30610,26214.6690870307943547507443318800690
30611,26216.1425135379973453277421015831642
30612,26216.8441987928484907193429410042195
30613,26217.6590308805777037754968663394982
30614,26217.9974434304830522374543956129642
30615,26219.1108506473118442390437503465888
30616,26219.8461092186085545340002593701062
30617,26220.3029083996534776327195985027781
30618,26220.8336215465173179210298488122588
30619,26221.5292821287747111354279397455104
30620,26222.4721534671540156958685209133152
30621,26223.3675585884634248037167361448186
30622,26224.4945518972903579440685274651290
30623,26224.9099072843195869766969988718666
30624,26225.7686526989971822115099871400317
30625,26226.4551515501264832699606203942062
30626,26227.3008801355326546850022137555716
30627,26227.7537072398934742705667312124756
30628,26228.8787018835970491081126779688703
30629,26229.6101182466442842980776908560627
30630,26229.9956215615414594366531839178223
30631,26230.7364499787364869403290089067511
30632,26231.6628428747532759907355400926388
30633,26232.1699318367485039212637462971141
30634,26233.0194107687400590802613293114119
30635,26233.8992833464426649440521354340553
30636,26235.1223459251523588263482927209470
30637,26235.9818874606053122139243648848325
30638,26236.2924754797982060310009633083784
30639,26236.8537643053326507632496080077771
30640,26237.6390716564579256006835091093459
30641,26238.1818555851299949084785782477489
30642,26239.2999509009022095089879884617411
30643,26239.7929862698543760689616739736413
30644,26240.8513291100454130097377180855340
30645,26241.1262870830517718155182549138435
30646,26242.2674624712151679030716834256677
30647,26243.2842586885072895011365125459267
30648,26243.9021813816753837748536690254596
30649,26244.2472030648938668785331013139623
30650,26245.4568600644954658259577559368721
30651,26246.1910637994902894885534837767510
30652,26246.7821126964156577643670162000417
30653,26247.6576046992996759086303163532729
30654,26248.2344630890599222001551009135254
30655,26248.8802759124475846935938968053510
30656,26249.3987904884482936372115564990021
30657,26250.0334684241442186417118811467898
30658,26251.5934685000072400587532908232807
30659,26252.2244959959642257799479726273046
30660,26253.0650980905664296556202213981490
30661,26253.6098198292567378439668148236890
30662,26254.3774278837349014799670535667768
30663,26255.0701413873613987291555380584991
30664,26255.8985584750745468051112684300723
30665,26256.4551231938600925425734229095751
30666,26256.8663293566991207143500030813368
30667,26258.5157443856126511266862406032080
30668,26258.6143661589542777087560935860310
30669,26259.4574808324873556403317888427273
30670,26260.0404061345365406298239432765120
30671,26261.1490595724948838060087951376088
30672,26261.8440906525007922273968919781442
30673,26262.8930233720277246750263211098618
30674,26263.5838758788347357888619815891404
30675,26264.2087200860751838326108853134515
30676,26264.9712598283788359183557832436617
30677,26265.3952424913101211523222448264782
30678,26266.3123413832572705180026007750652
30679,26266.8310276248224625009942969195552
30680,26267.6916815530688558668555393986892
30681,26268.3567389317950191128138055657647
30682,26269.4644986792987627927786134485054
30683,26270.2644000819878149078140097088580
30684,26271.4463094635009468657320177307490
30685,26271.7628272840484457912791626728294
30686,26272.0882824356228013382327542702073
30687,26272.9859510235544581876511814546016
30688,26273.9107511077622251949166844120524
30689,26274.9574030678137919775117133996702
30690,26275.4516809085117628772713473128340
30691,26275.9941703320233959037638587560676
30692,26276.5077273943784837722871497140503
30693,26277.5961492053780222481092884652555
30694,26278.2723768268407826624721671652381
30695,26279.0867187068602176828008183928578
30696,26280.3409292893390899024883521305990
30697,26280.7279187140865645485551859723393
30698,26281.6792204701104793599229084043455
30699,26282.4324844219437157912430826551865
30700,26282.9243324451773744497627527560018
30701,26283.4007346020079859682933009277159
30702,26284.3553196173719297202077672007648
30703,26284.8545363296439071933399105783345
30704,26285.8968337746605699189893632331938
30705,26286.6395957415971225195794780212226
30706,26287.6977862538306051260303421722820
30707,26288.2455855076587431670829987758420
30708,26288.7802112829909191774003118714876
30709,26290.0379313541729874023988393369561
30710,26290.4715788291712667920926620478042
30711,26291.3880097655287213478129874043932
30712,26291.8881727727150017481590968335975
30713,26292.7783242784416735541000086496175
30714,26293.5907143810892117024618596622975
30715,26294.0910239058772321603688962983941
30716,26294.8632885521430320756206503461095
30717,26295.4440071106951245650919683674119
30718,26295.9777099251061867830858979389483
30719,26297.9018933837669114027442400142872
30720,26298.2094958800514869312775946313121
30721,26298.8580001153715156880869462302103
30722,26299.6329836983848056927698079790561
30723,26300.2484154527996379276681346092286
30724,26301.0845708397910289262005756837791
30725,26301.4427366824837408376268990462596
30726,26302.4827837452744461460577995516337
30727,26303.4105643427694327636250963263839
30728,26303.8015670206134457796219099525867
30729,26304.6228690095951211084965158347881
30730,26305.4923503967200814015530359187972
30731,26306.4231945272152154090094323024309
30732,26307.2054502008386165876862518176334
30733,26307.6558484592194788330008714066939
30734,26308.6289069944118611169562929940830
30735,26309.7200322097460627072564446955025
30736,26310.3102096880413910983662186125379
30737,26310.6446433676446246861460486808487
30738,26311.5141149495732232257460100630071
30739,26311.9468992980846591540914239788173
30740,26312.7002652156502251389545468695550
30741,26314.0172619507471929837694954173703
30742,26314.2730100186522441858889139812268
30743,26315.5718819279455054057167858753381
30744,26316.3110461865471843196060250267051
30745,26317.1647180080480579817505219490983
30746,26317.5885582058841172306383926503605
30747,26318.3113064415562982903290068951418
30748,26318.8899113903230273449741008537742
30749,26319.9320967972627770628025557820088
30750,26320.5285996783462765198098678337529
30751,26321.4269126082197677171764457215573
30752,26322.0926376670800697874818727641135
30753,26322.7481620950543825994772991585719
30754,26323.1695161118056645253821287225426
30755,26324.4158749642977401138409318501479
30756,26325.2177647524878503958772225329540
30757,26326.2909099387238480806923256512277
30758,26326.9484647816225452866365348763669
30759,26327.4743969947236346570592756928148
30760,26327.8076585024833736383320013153558
30761,26329.1156255588418084014103635956380
30762,26329.7382099133365740719296673440404
30763,26329.9489407471475820518880847386769
30764,26330.7493587260266661145483040343047
30765,26331.8345906249652063046732266702497
30766,26332.8123201774623033075811869523304
30767,26333.7065630747854666935383660703730
30768,26334.2190922763391262090122316526872
30769,26334.9405316685316970863458790114133
30770,26335.6124205272399702309597271906522
30771,26336.4530545103761728625203724286153
30772,26337.4021079361875644349022595948902
30773,26338.0128909125693006270447614268137
30774,26338.5422253188109124833689245048651
30775,26339.4386226876078060030991743175580
30776,26340.1335560728707534079099969745888
30777,26340.4622662712729920280632164899077
30778,26341.5480537502256266561501776042758
30779,26342.5696306604459276083708934663575
30780,26343.3321085159927109058026636170501
30781,26344.2884479444812890056703126681745
30782,26344.9791508797777742517172479619696
30783,26345.5873368577364463074766655518068
30784,26346.3483580674911544157673628369828
30785,26346.5502588477610109254423135695762
30786,26347.3941103712724650920065122297390
30787,26348.6030448278773854718696220273532
30788,26349.2026678816395763473821095330899
30789,26350.0887686506867036940965816162205
30790,26350.2911900616104885846451456158775
30791,26351.6719375814782780514531564618824
30792,26352.3574015935693759909373203722810
30793,26353.1640592954828694966373511535002
30794,26353.7250026549783924950999289125928
30795,26354.5154608290261330018846015509617
30796,26355.4902437034407888776072088282026
30797,26356.2664777568698432574582432747440
30798,26356.5907469855260433745045849937671
30799,26357.2877122947182967537991869364386
30800,26358.1465310608195042859070078078067
30801,26358.6347217859123655485700344782582
30802,26359.4696155987892305466276213505134
30803,26361.0252869979225619269122178329533
30804,26361.6940382685490295876467461053832
30805,26361.9675838189293384433244646641804
30806,26362.9616060268999243683242344557404
30807,26363.3589878942387641336090504172191
30808,26364.5726084377366547854758394427080
30809,26364.7165973092565990932639283229548
30810,26365.9263688579536488079008476385483
30811,26366.3976318249618024773572854416843
30812,26367.1041322393752642338114454202328
30813,26368.1155522732805404928645690376720
30814,26368.7992771927570915612088717888839
30815,26369.4637533781674546383869839758401
30816,26370.0693819426497871771531704741795
30817,26371.4995744277059427702778915728149
30818,26372.1816566963583873650370599848289
30819,26372.5525716983338482867095412912434
30820,26373.5218672527869409957637931413005
30821,26374.1958744440940455601695441067760
30822,26374.4105515122773845725887263026159
30823,26375.5009980827310241322854199227466
30824,26376.2012228644947133081903305696120
30825,26376.7250081798088216208908294458121
30826,26378.0612418779985674923931643750059
30827,26378.5453853432172484641697074712699
30828,26379.8055411007625119690241284447354
30829,26380.1314024485475749979747393420761
30830,26380.9828089660515200822272144407570
30831,26381.6504254590622588598077413566524
30832,26382.0863972201421939799156229047447
30833,26383.1769688209235284749706781703134
30834,26384.1232460080364772891985440157336
30835,26384.7658450956404420500745891250193
30836,26385.1831666020401946038527450578125
30837,26385.6492465269378958270212953954242
30838,26386.6483735385256666116881874398403
30839,26387.6991490999892680301939139194006
30840,26388.8393797092908421539501846870593
30841,26389.0929624162211417049442320156070
30842,26390.1917380128604439501102674393757
30843,26390.7948811920886180050303485880278
30844,26391.5271744181598420577628328017980
30845,26392.0577317098638081245724781170791
30846,26392.7320338329716046928351465134717
30847,26393.3986189172374994676978171912175
30848,26394.1867244076564953769518315019183
30849,26395.3942692540570155834809835433649
30850,26395.7683208487551317507181177129093
30851,26396.7219739160062633187376425992699
30852,26397.7548970301375240643859327940069
30853,26398.1379588763821938926908250923462
30854,26398.7191645788915187014536717664387
30855,26400.0969143280075445182767475208071
30856,26400.6123470605007027952474750077138
30857,26401.1573296602465444297534135112639
30858,26401.8350740440425725889521894357074
30859,26402.5791024713249367997239625440558
30860,26403.5478239027141303535747939741945
30861,26403.8980351877787940019735544066058
30862,26404.5288260826537442669090530980833
30863,26405.7168803015779328655057014429834
30864,26406.8860498820849257793310860305349
30865,26407.6780208798182252655746797569727
30866,26408.1267646065753362998918355826424
30867,26408.6764480260360989199861504759284
30868,26409.2103705606860593654351634213373
30869,26410.3059925650731187296829445978770
30870,26410.8530609223170158358316974359013
30871,26411.7532180849368697455309176217868
30872,26412.3429121239595865690642864255192
30873,26413.4153382799072363585578578965285
30874,26413.6004848540208805901414689545326
30875,26414.7777099306506739005719583025454
30876,26415.6272487144236258627178517004359
30877,26416.4506799096453980427812555153494
30878,26416.9168131562426869502176595559409
30879,26418.1217191570958673932391653138565
30880,26418.5488604312534945157066524099396
30881,26419.4029600462025871524269780651388
30882,26420.1526353150116805129183218497746
30883,26420.5241630657452028327198258842673
30884,26421.0411580941822977334670106310478
30885,26421.9661197020979384842033102502468
30886,26423.1520101867005228347888806149619
30887,26424.0000097869557195867677964533794
30888,26424.7542366722177696902384519122014
30889,26425.2536718955298822021877858198885
30890,26426.2997151671857861988576914476435
30891,26427.0206519386397842780682015695659
30892,26427.3550804134602966366988661116339
30893,26428.0759318418174199901463855166405
30894,26429.1967328988710854550668360018238
30895,26429.8573143138563349252888598151646
30896,26430.5184834491257889593951881220828
30897,26431.1122275952931290890697326904450
30898,26431.9961842445292566250509153489006
30899,26432.4843287894213713174035507419583
30900,26433.7075885935523050695458862998541
30901,26434.5831490831188858586686362544478
30902,26435.5572826681128780243838992027509
30903,26435.8790399459831299230239407504080
30904,26436.6448088641682072249645054044362
30905,26437.2400618422113137772322838826782
30906,26438.0108842158944703279977164247392
30907,26438.5401975567911214868556767734349
30908,26439.7819265879673324736621886165424
30909,26440.0138138235360720238758962069091
30910,26440.7701047814232119316578183654845
30911,26442.4727309213303320428011312779202
30912,26442.6978880477921408684856921554208
30913,26443.3038256883634726174267326349032
30914,26444.2194759149988937447667335875706
30915,26444.6792154898454370560338418489807
30916,26445.7421229816590009070596313385606
30917,26446.7765419200350679659589528038441
30918,26447.0505424744577580055822224532775
30919,26447.7695491765048099023579548750181
30920,26448.4017870958544686474191249369764
30921,26449.2133864269033827314223731147838
30922,26449.9033588226274406374544922933657
30923,26450.7340323147799016272920662949270
30924,26451.9728016860328082662555775823799
30925,26452.8125109136852999998502489053331
30926,26453.1463409087669776658844798111768
30927,26454.0694897356519544589845296800247
30928,26454.8564191843774695859623197888451
30929,26455.2316633704302311831100772016251
30930,26456.1008422745541141166057675691184
30931,26456.4162867954700436805875222607401
30932,26457.8923844114975903063289005749153
30933,26458.3755062933136681085938538903808
30934,26459.1336215910362206932918762555041
30935,26459.8267817746615564831069676130591
30936,26460.5755226319841241636512053671503
30937,26461.7909887750024604507137516860803
30938,26462.2088358481018360787725520098405
30939,26463.0627568669535121953721564023240
30940,26463.8650185154623717521772355911515
30941,26464.3493120261423441980410402903158
30942,26465.4285919254158897324576366274570
30943,26465.8322254167095338105861229632587
30944,26466.6146092485526970176477801897229
30945,26466.9331674552879527838076084415380
30946,26467.8955069332979758401526685909800
30947,26469.2396095688074553340760363303505
30948,26469.9038039901296318491568467164173
30949,26470.8559980508148874859358903230619
30950,26471.3352543899987460684968332385427
30951,26472.0911150591306771234476084017741
30952,26472.3589945653454643809961216526883
30953,26473.5482070967359896361257644541143
30954,26474.2792228155652970758707531241227
30955,26474.9917769499694646122496697097569
30956,26475.5893299209891469789072985269555
30957,26476.5001398036476066831004118161826
30958,26476.8602227947183579225781973877567
30959,26478.1891791286471733897827312431525
30960,26478.7634617182033042777752794230884
30961,26479.3576681475211914663169404254283
30962,26480.4885182161063772022263662289756
30963,26481.4492221904783594634352798971352
30964,26482.0821491973283035603353049088483
30965,26482.3855459051183425145423035186642
30966,26482.9304291615319651805240136706048
30967,26483.9887580689976774502752340731602
30968,26484.5364095894726138952901217304048
30969,26485.2361726117760683997561708813142
30970,26486.3423118081956985448259378142234
30971,26487.0375090200406185621366780964245
30972,26487.9621637312497002353907953525596
30973,26488.7773077917192780330209485489811
30974,26489.5436253833535383268607281177231
30975,26489.7937320824639281768396995551966
30976,26490.8574867328324689573155233335507
30977,26491.5949914276879803598597525949742
30978,26492.1871396649768114565235341394409
30979,26493.2932487704473168937411994672475
30980,26493.7254893659221425482161071223516
30981,26494.4121884496688072143817857376167
30982,26495.0091495785029868972174570960227
30983,26495.6162590416444071522681452426536
30984,26497.1818083863846132165216052046870
30985,26498.0241186504832354586558623426113
30986,26498.5179563360505836913779139568970
30987,26498.9116391733338358613575444746260
30988,26500.1588912208705179489169976052218
30989,26500.4531671487158066904082716191319
30990,26501.2854232104574465669210250072076
30991,26501.9242916096551100398345060761480
30992,26502.4779151975053425958114771011747
30993,26503.5677077968433338490265244327476
30994,26504.3853207493202485035717022408785
30995,26505.1173165243668157245352937112000
30996,26506.0047976475393832883009746766566
30997,26506.6821137943315243671828958937473
30998,26507.2080117648719905980964425447852
30999,26508.4939758546501337826963908905492
31000,26508.6934004762159377596333130757678
31001,26509.9499571200055398748067072791558
31002,26510.4741464260426568713750726227409
31003,26510.9637946009461927779401462109107
31004,26511.4999846000906444542274133517746
31005,26512.4606752146923911031869843949823
31006,26513.3394542347379757636357027252329
31007,26513.8048115626044847408864700284609
31008,26515.0965870918013272837616740930620
31009,26516.0415939393336520511783056945147
31010,26516.5982264041615314222091449212062
31011,26517.3490546528541205896575181926184
31012,26517.8732714057676365279210697528332
31013,26518.4548884926466516480414124786606
31014,26519.0296708256162110223646013857047
31015,26520.4740945172192136332963898252529
31016,26520.8809704060296696351885823154844
31017,26521.4994339758724173345238414399994
31018,26522.1412619355306021045077556148553
31019,26523.1226135720252327642565043334213
31020,26524.0675896851702051134252315193808
31021,26524.6023240813939867291322534010221
31022,26525.6266014462362065060917375286673
31023,26526.4434657250584443055207727479060
31024,26526.9240573698780079992930209336058
31025,26527.8698345755693919661523614653049
31026,26528.3914115866814110428807327886963
31027,26529.2476561881222182465567418920474
31028,26529.5677816534605728200103519337557
31029,26530.3824500684197977632943857662204
31030,26531.0821367275271267244489679444743
31031,26532.4693461519071937070470736326934
31032,26533.2875737221285221470603641595350
31033,26533.9939061313212558178679434016251
31034,26534.2176528913259801486855350497457
31035,26535.2779304349143548355729122380057
31036,26536.0811494837819111031750499523197
31037,26536.7040534075801191818753517439707
31038,26537.3870420816162581517918487984757
31039,26538.2229027430611389526190417738669
31040,26538.8132729638895581433202804370950
31041,26539.8786920070001287081720692619786
31042,26540.4250135297166633199229186762073
31043,26540.6327181915369690465663416662624
31044,26542.1096740336129928292545282312696
31045,26542.7941243299233280528567311031727
31046,26543.8791681784147214168795310736831
31047,26544.6197862147206346286523141928815
31048,26544.9404406298111522728765898365078
31049,26545.7938264890018875861062738347913
31050,26546.2875114101534240758513857914618
31051,26547.1765217753300080566101566635906
31052,26547.6474040783881458501725549854432
31053,26548.7609443247668338751729461819431
31054,26549.4606361990170818075696396363492
31055,26550.1285572674587480947702776116065
31056,26551.0954940144436021775361254046220
31057,26552.2072963417570837453229098582880
31058,26552.6182189818861870052017622194390
31059,26553.1585411537291206310784401542850
31060,26553.7359623249762171181159521377943
31061,26555.1798700462929454022831497417213
31062,26555.7939443735672964703843933940978
31063,26556.0125377854832475606265034286101
31064,26557.1617100869561854084588639258761
31065,26557.3762098464577402060293812072031
31066,26558.1218602913735541145045597905332
31067,26559.1618041970950284506225781447984
31068,26560.4258575074862091676548477303711
31069,26560.7674313752748093531868870626944
31070,26561.9554694047292729732124758961917
31071,26562.4949715176837738041817274088556
31072,26562.9961563285257137933100336171076
31073,26563.7799245298556033883429914884210
31074,26564.5466202442072955081310736621724
31075,26564.9897787246074472519240119893765
31076,26566.0558919289894368758242916073503
31077,26566.6197732102279362563633445965439
31078,26567.6710088152555009559979674357553
31079,26568.3548134488192983105350193065993
31080,26568.9425473670244819560430673559853
31081,26569.8372823877269452023483232877493
31082,26570.5828283188706415507019061459922
31083,26571.7090625293454079531064107092881
31084,26572.2359069848068465119528328198886
31085,26572.9649378120388476612727233348127
31086,26573.3837788559706506936951838493080
31087,26574.3458749077827021521938307437097
31088,26575.0509067029444876653350246196251
31089,26575.6807947617510558263972100660765
31090,26576.1572584475559694654693324352970
31091,26577.0829501212514584720370926500324
31092,26578.6479535560597142045363623019114
31093,26579.0531741173391178839374665695162
31094,26579.8441423528383821602107876911659
31095,26580.2626847374966620874612894571015
31096,26581.2625491318960940294895986473516
31097,26581.6259812581623971433714706908908
31098,26582.5463326152770472818227082180302
31099,26583.4052058158409045284346044277078
31100,26584.3385526118626559571743540116306
31101,26584.8037632752134613500729859173124
31102,26585.1144373932349265933835996758594
31103,26586.3738507145047627545911579990057
31104,26587.0966929745675852628570358050855
31105,26587.9682723096931931701945883877318
31106,26588.9369472452679016622895589379483
31107,26589.3601259444420008744597229763546
31108,26590.4117673416968968709851966942218
31109,26591.1374447191446885866353787879168
31110,26591.7262748891634659516799943999195
31111,26592.2473003347922711930920090777038
31112,26592.5132604851410526535709292764604
31113,26593.8226218760941781025026511865199
31114,26594.6409669548996936535068196053474
31115,26595.3816725067857351904323022162859
31116,26596.2634403138748213344656231079088
31117,26597.1206829734915139698643635453966
31118,26597.7892509863153359939680198915028
31119,26598.4758302740588652009893898715718
31120,26599.1463013912841412874700780335540
31121,26599.9611669395010184481115180511562
31122,26600.6154171483503407275624512126232
31123,26601.6016957969757161252749712977834
31124,26602.1642445845800949697281399956690
31125,26602.7354321789090633615129650955153
31126,26603.4449449927341539495100183093867
31127,26604.4344770476705095273363592139668
31128,26604.6846130482725534139204804638961
31129,26606.4976574538574132427187103328950
31130,26607.0221674614035728067857589873173
31131,26607.6038650205255111793970598000521
31132,26608.3308450102005001764730263401204
31133,26608.7375881697571769648630417014448
31134,26609.5931934549845291265925490938397
31135,26610.6202212961069804860510021600409
31136,26610.9342913909127198570079718742781
31137,26611.7059908188697484741711849194282
31138,26612.6545745094667657898926064942851
31139,26613.4487772213370898630444445279313
31140,26614.4038993946316027111153002176071
31141,26615.1421968987916430765659482403300
31142,26615.6155048295143238772407667476568
31143,26616.4185556034275178794856866701551
31144,26617.4379347563606160991123276195383
31145,26618.2666540537800894177215095247124
31146,26618.7450706309429856276139912972499
31147,26619.4214705563374612571068472073057
31148,26620.2121347949877229089864978139365
31149,26620.6960500851121022607789198706818
31150,26621.4023040762913187676393435947645
31151,26622.2366691064821048598931349714924
31152,26623.6885139923496451886029606338295
31153,26624.0141013144011296639669694731257
31154,26624.8562553522524801180102413198443
31155,26625.9778374278021810397963989112854
31156,26626.2746865855507650046506905799559
31157,26626.9401852999927645152057462548349
31158,26627.4676060160270720160545446502635
31159,26628.4236157287064323162234111228249
31160,26629.1739344136667363189399362812327
31161,26630.3829578346603909187917141410860
31162,26630.6099202420126067439927568489843
31163,26631.1576478694165702845002547711926
31164,26632.0649829108989468939725924824937
31165,26633.3397442009215411778457940496055
31166,26633.9094154435246228568843214589026
31167,26634.5256694905028423324963286233993
31168,26635.7048971799271161222429297560659
31169,26635.9778309790359114407224975877452
31170,26636.9463657161881996664096289770362
31171,26637.3461502985694218971090071650033
31172,26638.2048163015362226663259755784279
31173,26638.8938733788172805672140107887986
31174,26639.2994085818889658168898554790038
31175,26640.4944084647655518560262879054446
31176,26641.5111895019600561512532676734251
31177,26642.4905508797703455222854145488953
31178,26642.9275350696545963626152959353665
31179,26643.4895992900611942311869597737005
31180,26644.2592647304810761327022677665238
31181,26644.9417547601434317677245066166403
31182,26646.0830588861463222629510552054698
31183,26646.6950995072466820751770554177990
31184,26647.1026352192051443358504992907345
31185,26647.8193724905403238227178608211843
31186,26648.9436249689424947214686316147296
31187,26649.2595620200056013299778617137823
31188,26650.2903902667809776511480975321969
31189,26650.9063680870894042546960127470125
31190,26652.2470321947951841289826017286536
31191,26652.9052503964763530240594563752557
31192,26653.5880629383510752308109194856574
31193,26654.0070459395913072276041734492009
31194,26654.8319372075527350007530857826746
31195,26655.5335310805045033678973698381770
31196,26655.9071664991480301197476479894105
31197,26657.0334476082993975489804349369963
31198,26657.9143018728611138861113500999239
31199,26658.3681094623992265204708910399054
31200,26659.5340927849431508395273104651148
31201,26660.1935309316663774655698823328869
31202,26660.8869817044554539264599534984593
31203,26661.8417854006415516699819661952999
31204,26662.4366921332627523950132748294106
31205,26662.9615411659440374546274420247744
31206,26663.8953106564476782667283713339910
31207,26664.9425036303888142094023562278475
31208,26665.4176924672340832584362315610460
31209,26665.8432670169326239549667477793648
31210,26666.6735771106043970107744291980662
31211,26667.0367384526380990702562657032777
31212,26668.5173039667495345955264599145821
31213,26669.4188668894132870733357633997456
31214,26670.2792161318986145597922560048092
31215,26670.7707204449338268537289702566100
31216,26671.2088744877356406630432330947111
31217,26672.5483235283628417812240656086820
31218,26672.8600720496225627239100695228458
31219,26673.1566755991799961590275153090062
31220,26674.3565781272160094574631333583593
31221,26675.1595125818719606053986071437470
31222,26675.8263563360239008596890201883212
31223,26676.4695671446933294487217805960606
31224,26677.5628980087328348208767919668369
31225,26678.1775850377581759957763056872506
31226,26678.8554513386150748912824194956100
31227,26679.6547274727134545324625412519036
31228,26680.7982828756575378433995947675710
31229,26681.4226520346550463711036743210928
31230,26681.9542860663863407497005298239544
31231,26682.6029502564472556253618358148181
31232,26683.1067680915693426898211592384491
31233,26684.1345646889670499188411374025200
31234,26684.6910911385616805720024861947192
31235,26685.4579073124249939333884204796338
31236,26686.3139140042231376029284948479396
31237,26687.5608292134297530860478840068658
31238,26688.2641119080551246041883428797141
31239,26689.0106718678744392920726269178532
31240,26689.2794040164541829986825870055693
31241,26690.0036723238445503695208533495438
31242,26690.8778597221004932033676462788903
31243,26691.7459877199696385629059370535354
31244,26692.6423828937736108765877552786156
31245,26692.9749212905100354483032486470734
31246,26693.9523179942809661046657609802443
31247,26694.5001568146806256365511500975341
31248,26695.1113581254941812043427907745457
31249,26696.4006576048694127073159282585545
31250,26697.1270452190166271940053530504124
31251,26697.9616201688510845192877956479061
31252,26698.5635943738693228084004635751952
31253,26699.3796278484534714774548128578577
31254,26700.0320377199673423788642102140382
31255,26700.7318634921095294423017270972965
31256,26701.2740107264979002164817209424113
31257,26702.1313743257116673788463958204525
31258,26702.3108669451719029246001789497867
31259,26703.9953278372109667198671553333266
31260,26704.7956051960604374364150680541886
31261,26705.0532774729023217106704090500580
31262,26706.0911532052577524454146284512522
31263,26706.9954000257135882393518785273085
31264,26707.3758879143154924775671729871214
31265,26708.3098968000980410657715870735383
31266,26709.0975450314589433970118632642097
31267,26709.6915893510774280798718152294739
31268,26710.5667321670200738249078008344334
31269,26711.1521124152973653198002146869312
31270,26711.8903892183086694258831903552434
31271,26712.5116837870405836760527445572712
31272,26713.1418163457045007377553489100434
31273,26714.3941050356659104231969018386360
31274,26715.4152829566833627601025019051693
31275,26715.8983480258609502175004078115032
31276,26716.9717490577149315522316072783510
31277,26717.3098351461245689713662926248535
31278,26717.7256548837289811098704925236690
31279,26718.5110305738745173174232095358285
31280,26719.5452412854000603490171639755355
31281,26720.2020974211648226080137677426157
31282,26721.0218773222002669722089817352832
31283,26721.5245871981974296084420748775520
31284,26722.4176598142957181712633557600330
31285,26723.7652732976952059487555823152543
31286,26724.0032763690279216958530122983671
31287,26724.7344400483340308953191455566252
31288,26725.4326224101476681433765330080884
31289,26726.6906409917724203378470122405626
31290,26727.0540000104143919448252028144914
31291,26728.0260199212238424638932426758282
31292,26728.5225661355050858736654720920145
31293,26728.8736114212856303355644599999779
31294,26729.8151866640890167434920839050051
31295,26730.6114250771404991435383626389498
31296,26731.3093286792517049790894037244661
31297,26732.9292025517266341046338871091305
31298,26733.0768004831671300655845394701699
31299,26734.0016368973521409385640591336400
31300,26734.5761043238797214792789937886925
31301,26735.3784370296510606031999437674769
31302,26736.1594273300175368947950141186379
31303,26736.6448109544029137360867644524546
31304,26737.2657260080075996940573977791115
31305,26738.4790581806694244502321864984962
31306,26739.0747297642567839649267623368320
31307,26739.7217168804748760992900661635517
31308,26740.4244975793457597889719092480626
31309,26741.2040864964346503455901372629173
31310,26742.0133607426314763352570181737766
31311,26743.3772824846771018384779722433929
31312,26743.8259524856689370655429028505145
31313,26744.2596006800797054944813322174988
31314,26745.1087024380116900751461079628047
31315,26745.9243505019842828960711917665795
31316,26746.5761163462593630395531917407401
31317,26747.1203259978585940251794780974234
31318,26747.6640394187681893285189652386398
31319,26748.8220650903061490354745978890667
31320,26749.4058678948827034345436947712840
31321,26750.8896833999882857304274582627139
31322,26751.1627879359875273566228782065932
31323,26752.0157702166480095463080086133145
31324,26752.6770419359852867510255216406665
31325,26753.1609070090785988626313241764628
31326,26754.0526648325630455268971849621078
31327,26755.0359992460751118099150984860465
31328,26755.7888675634966287936023911495576
31329,26756.3330936142457614596708568077428
31330,26756.8275284362186665907302997460632
31331,26757.5234755233916265752037256864514
31332,26758.5852003384572224287966698509622
31333,26759.3952538962406697501950078279323
31334,26760.2418696549326838014694972253939
31335,26760.9783771993583633650302884752878
31336,26762.0961303171705684077007943681713
31337,26762.6484244407094832081391926114773
31338,26762.9788102278689028555251349330987
31339,26763.8923956383527056071428006510344
31340,26764.2845253758929562973617469172113
31341,26765.1331101977571682062840196048409
31342,26766.2096073105523428951016109158764
31343,26766.7508922259822284650473275018545
31344,26767.6860473853184889672049434601543
31345,26768.4270795137862837348634052421089
31346,26769.2959784505631541672372515378609
31347,26769.9305803473420094307478636761592
31348,26770.9000605042358312013731090872597
31349,26771.2057038105335190651370805526713
31350,26772.4855906932458448670926907619407
31351,26773.0290073942517318326141198218073
31352,26773.3147413274457279783359594180075
31353,26774.6136114215678797748214794919936
31354,26775.0756789265556120663098521127779
31355,26775.7027659145878503262438623115943
31356,26775.9470254360804901992721933989799
31357,26777.6835245794311291363993239555704
31358,26778.7969685744067781061328394362422
31359,26778.9800845998095495564014712460793
31360,26779.7573140533752356786524568613848
31361,26780.4545402883962281752195108215110
31362,26781.0487914311008859933356088342632
31363,26781.9875701196053045245722253724573
31364,26782.5599592919133086897162869661400
31365,26783.3275530655170758122821681734180
31366,26784.0343372732378562376128550031916
31367,26784.8904526659978193797937174534259
31368,26785.8142884718739718042170470101127
31369,26786.2118645622904375267787350988795
31370,26787.3173313647150725504839153796091
31371,26788.0877059499315650385297149197861
31372,26788.6281314981412415148629226195626
31373,26789.7318171261679087685666643347782
31374,26790.5013404612406602216104148276346
31375,26791.0936798145960954647532625120981
31376,26791.3855313004174332958704575525109
31377,26792.4118483579117602051321147402900
31378,26792.7525089404288331441731960480773
31379,26793.7738955240319197657898142483555
31380,26794.7269216331780645722112205389614
31381,26795.5374625875869620959685595960182
31382,26796.3405983147127017745542252013685
31383,26797.3613783849572582502699938179682
31384,26797.8061491626760450926605570776026
31385,26798.6101895304388496146753717409941
31386,26799.0071606021844537824101991603328
31387,26799.6704949298804914100322442263359
31388,26800.9935115560499402688237975709359
31389,26801.5445012678678276951379877716444
31390,26802.1636081698351236083406286022163
31391,26802.7667461840098906497348460713315
31392,26803.3875135123188270060875988866157
31393,26804.5014447896537392423103980178006
31394,26805.2081260382577441202522114156138
31395,26806.3284700668427366510051362300704
31396,26807.0562563254866304663822623401751
31397,26807.5807841676535481178678348316777
31398,26808.1929193691391913168980966197120
31399,26809.1384000999278004751871294276941
31400,26809.6010907243687357713761004458601
31401,26810.3166667410910775213774391831981
31402,26811.0039360140255243604458978017477
31403,26811.7106859110298189769846261979636
31404,26812.7612327597086665269176480578456
31405,26813.7459021735081087370784882483598
31406,26814.7183767626223128229794226942567
31407,26814.9187771368869603463410465928864
31408,26815.4324146728558894571313263771855
31409,26816.7429907091139903533215332198191
31410,26817.4629353575170033955350939618575
31411,26817.9955831349687607901263649273861
31412,26818.7294303035573863411134695249628
31413,26819.5247683218492342342198842320719
31414,26820.1559471370411491675787344730337
31415,26820.7300431193108220703219250172102
31416,26821.7348856477325867858113113448904
31417,26822.1415762774851727324699682793656
31418,26823.5068004067403553411864646400834
31419,26824.5587298634155201059169706348767
31420,26824.8724299516211232761314262436685
31421,26825.6253681644186841311560136570643
31422,26826.4433863781999924987168763067251
31423,26826.8438557329825129927736476323154
31424,26827.5699019468501543512995055378291
31425,26828.2703987464671010680848542783364
31426,26829.4354280013748453288068574225184
31427,26830.0369467140623442896301262929289
31428,26830.7054115990785626639507532633376
31429,26831.2214785028414582426971419753724
31430,26832.6908900203800767444638261090149
31431,26833.1545242415623474789757768947159
31432,26833.7086769747697188394241875001558
31433,26834.7442673680632195673948149061064
31434,26835.2202440646259858702439174360092
31435,26836.3505792379652555817557130067503
31436,26836.9714702472448231440521671498650
31437,26837.4877022056523489553829993053366
31438,26837.8342045021159271875092672842356
31439,26838.9031913102487199529126836604619
31440,26839.3393408480834858310848364984357
31441,26840.9018922001514659417433096989578
31442,26841.4975292082073106905558654728959
31443,26842.2459762478090324363678507335003
31444,26843.0298979481907180099773508376326
31445,26843.6257959530896804097535796991170
31446,26844.2964535620748094000591694998138
31447,26844.8422307098030353068602930755369
31448,26846.0838067621509563650389024787532
31449,26846.3470337661054650936427065383574
31450,26847.1670542847517262504174469830518
31451,26848.1042973733297166432219225817351
31452,26848.7517362309678595998596350169612
31453,26849.5073367084797071960225657371717
31454,26850.1934640511066926593716599170838
31455,26851.1066782895453730520257481823283
31456,26852.1583522335043023829517011334085
31457,26852.9245183007632759622709653188215
31458,26853.7006587052614556315054922169314
31459,26853.8301703293269076617731654826432
31460,26854.6294444805511186664319658539505
31461,26855.4909009570445335949984494320178
31462,26856.3740475652343144061460878883528
31463,26856.7819330442807137024598456210847
31464,26857.4751157945714522026416894135644
31465,26858.9271095036648526622510187793366
31466,26859.4693284128475439823916174666562
31467,26860.3264769616541560696678827051891
31468,26861.0479336363490841297095692069174
31469,26861.5306522337716490265391516615544
31470,26862.2158299461505713288797356765085
31471,26863.0870265570108383035915059628117
31472,26864.1301368318699228038878838762315
31473,26864.5758987068106180910182807896761
31474,26865.3158077541036517985004122131795
31475,26865.9760229283951447770349828617599
31476,26866.5227208692275242614339928819978
31477,26867.2750806948784977831264338154126
31478,26868.8193318206779161720391165721608
31479,26869.2014530511370683236885112486256
31480,26870.0667279736694540462189775741198
31481,26870.7157780128694062870374406734004
31482,26871.5787608771692174150262808570840
31483,26872.2949205796696944817500144978485
31484,26872.7490194300957955640663575302313
31485,26873.2617462909447725844946596039406
31486,26874.0237785132112761509534159955466
31487,26875.3612876235212600928413435135982
31488,26875.7671847056179895242175491667824
31489,26876.5900066079130541781194315882443
31490,26877.6298782690336666872276175954515
31491,26877.9792329077793413847497544350079
31492,26879.2620801820042347160628455347692
31493,26879.4467338289300514644181819152527
31494,26880.5895156447260101095385317801762
31495,26881.2731289474680847129437706332034
31496,26881.9124517992969777959174592150010
31497,26882.5728588211583855479887397650320
31498,26883.4240127530231734296765828184283
31499,26883.7674286489115720580479691908177
31500,26884.7731091678903180284579651377330
31501,26885.3347815621487075411568281387577
31502,26886.4527684793026814523670028225992
31503,26887.8509570760609641409525145740830
31504,26888.1622071124477363989272732137486
31505,26888.6928362501486323775201671398865
31506,26889.1907026618097731402817825886652
31507,26890.1059991156127843267886503948442
31508,26890.8775374077655363901099514969164
31509,26891.5270724117108852357168491442114
31510,26892.7028542159033312469589181885298
31511,26892.9036403400136897957282455582755
31512,26893.5612979791661104143951926070448
31513,26894.8133252432397848666503729696788
31514,26895.4947531218715540376907029543743
31515,26896.1563069504722451355062699611546
31516,26896.8883970454304382032367920294842
31517,26897.9510077460235758165944177796881
31518,26898.6879066924236295534221187700839
31519,26899.2796031878701072011918017734388
31520,26899.8478831591359423904511128442283
31521,26900.8108784836917914824107912346512
31522,26901.2106577978478042023184595319709
31523,26901.5969655679711189967606272052399
31524,26902.8103500294590128960928909201957
31525,26903.7845265665890715214820710561692
31526,26904.6453631002127763208518697199926
31527,26905.4500976698671384139272252710660
31528,26905.9044596626954578238666651194860
31529,26906.8697773869102573410669384998828
31530,26907.5823867119281058160169764068342
31531,26908.0909354478541027587903922433310
31532,26908.7361673559802445841602493154254
31533,26909.7005326211039563463603239916025
31534,26910.5959182627735372860698190073262
31535,26911.2514095964297568180757833262990
31536,26911.7258857811327359061248355768734
31537,26912.3128714667444046449471960156714
31538,26913.3019072724358071093767510189686
31539,26914.6188244217780263678463795471505
31540,26915.1114549032938798614095518897061
31541,26915.9696825967350250328698807373554
31542,26916.5319503510526443302739830960107
31543,26917.4772893889466229470157299837021
31544,26917.6454191315999103712989994511406
31545,26918.6170181406929881415959221037848
31546,26919.3837280961832517683762065663214
31547,26919.8863460995469622770821891954017
31548,26920.9011800956094242464773243300625
31549,26921.6078793741186445095607857108515
31550,26922.8799965534670764445166215353780
31551,26923.2224608800513065559562000246093
31552,26924.3133919514975317348830316024150
31553,26924.5680555815511023728726602715085
31554,26925.1785754113427538830451298393129
31555,26926.6630236924701104193876783112434
31556,26927.1066490179244496177653519520670
31557,26927.8506575000082134722074821493306
31558,26928.1230935656863792487032333816976
31559,26928.9558759744762505302855847470251
31560,26930.1000754575880151570922924224348
31561,26930.2939466493788284135948610769336
31562,26931.4109325733367170259301844505329
31563,26932.6720863231396250517889177271243
31564,26933.0735500083238969562559986922497
31565,26934.0561135624236085268406517978556
31566,26934.7397147611748792381705660837020
31567,26935.1842514189951301949509757771715
31568,26935.6658880717506617823490442774615
31569,26936.6190568639443069847069609879809
31570,26937.5003453798097137690213482425518
31571,26938.0171799642611995502398309042243
31572,26939.2358123571214492766821910942281
31573,26939.5768510015186381557651035870253
31574,26940.3656733510423109494329130089016
31575,26941.3515113668902759763412184114203
31576,26942.0645302707767347140549881663269
31577,26943.0177279947274439034596503888132
31578,26943.7052830791516101445524480285689
31579,26944.0942175660469638564970274365048
31580,26945.2632012074628150353374349424376
31581,26945.6685634951431598449299121806809
31582,26946.6829745730593061833383858976738
31583,26946.8883240958016741283959051869333
31584,26947.5970569198756326687008547963873
31585,26948.3954732281935021772681538150006
31586,26949.9922779801429548605445105004363
31587,26950.5927873785425804609380346519662
31588,26951.0637867688133769974776981587078
31589,26951.8515199819713153406097046068607
31590,26952.6011413241607509662215886765158
31591,26953.1561063903443567170552791706582
31592,26954.0838776271634863329384041733971
31593,26954.6020868409033220810300294502646
31594,26955.5830112448731732333472014020797
31595,26956.3040013942607625708764271602708
31596,26956.8274942373878770097288827741494
31597,26957.5166894813918764510333983893292
31598,26958.6606484614484569880876528014410
31599,26959.3415666281027781357271293660000
31600,26959.8462541944083881635938230339460
31601,26961.3121208970084582632956530320911
31602,26961.6812913243770359375218212692859
31603,26962.4450239070794248003605424047777
31604,26963.1099929055722578627013806030654
31605,26963.6638262357683064063484712211877
31606,26964.0780419395652368007854885149498
31607,26965.1841202880205999882652961064547
31608,26965.9521387110480661267262714120569
31609,26966.8314806539642881358730399034127
31610,26967.3156884234698110318551961366408
31611,26968.7627628742242183613482153725213
31612,26969.2761703727997963979426469986292
31613,26969.8573618868602573510449186527861
31614,26970.3412658887099546114006069209951
31615,26971.3926118408994901923064556090012
31616,26971.9615320799760889044871128698777
31617,26973.0538107664499203427436810740941
31618,26973.4919825990342297755525750340656
31619,26974.3084530497938584737880500491436
31620,26974.8394833372578730995822685403960
31621,26975.3886537334992803651619980671733
31622,26976.4183544741709867363206962557711
31623,26977.4685551626833912568038241315109
31624,26978.5564552064376911973162805289898
31625,26979.0226326229863590423536883542711
31626,26979.5954676345343441275749183939552
31627,26980.2094321210950540478092800979420
31628,26981.2201987249780016993512019092953
31629,26981.9166051015847032894850379186623
31630,26982.1443611659817178529342685554962
31631,26983.0517541023925896917386615689252
31632,26983.9650438905761464933836665132885
31633,26984.9684458549446885908293528025750
31634,26985.6629353970776873383199318659947
31635,26986.3620487270419443404730356275254
31636,26987.0022040037565430098382213134107
31637,26987.9291608662715352125094459437455
31638,26988.6799457891836259053042878342139
31639,26989.5621100910750622265902696921868
31640,26990.1069201593130845465430784951015
31641,26991.0407274173345163769936669459615
31642,26991.2271688110188358548555916263661
31643,26992.3322731416123614419884915038594
31644,26992.9425177626171351435549706099083
31645,26993.3256286739044159100079350502555
31646,26994.5665881204354430497463061092363
31647,26995.6497364264681503103898633094438
31648,26996.2309139020941752828332129989261
31649,26997.2825384528956650652160928700648
31650,26997.6678393371181147845216104607560
31651,26998.3248027410306476657284988070801
31652,26998.9318086627948185147076755813011
31653,26999.4430716882420103310894699952925
31654,27000.9469375536925943912233697624685
31655,27001.4529843279912871569239213857848
31656,27001.6990729521808492848328561296594
31657,27002.7698413315402296296719185968184
31658,27003.4028493777388135873904654121708
31659,27004.4397016374614207199012843973519
31660,27005.5039880388430014667809827266681
31661,27005.6904476090270203897680771723565
31662,27006.6301263737990077158760230774689
31663,27007.7605028239515806014381513294790
31664,27008.3047090571507305653769282116569
31665,27008.7142355765522173177833329895934
31666,27009.4344365726744885456686164829466
31667,27010.1580963929460992138359516283907
31668,27010.8121746036022960669640639464991
31669,27011.5610574897382578841974636435007
31670,27012.8108189893890055572212936333190
31671,27013.6806945628538748989265427039012
31672,27014.3389649860555079380058019718992
31673,27014.7782659367198717014140687249051
31674,27015.6951808451121981692930571829885
31675,27016.4364187165539118886493939460510
31676,27017.0160439219997651265218344173108
31677,27018.0422065492196037203030825669649
31678,27018.4428179000477888383082297910487
31679,27019.2949476389857576276637022388613
31680,27020.0916973687988464791554012753786
31681,27020.9337158315137582815150350254229
31682,27021.2588046569419036145278317342372
31683,27022.0819688960580202356527428794941
31684,27023.5245926090834277306560492803741
31685,27024.1994124405868024402403534916339
31686,27024.9533298938035362286309133415559
31687,27025.4000986075516185415914322437695
31688,27025.9503247219626256960679019976114
31689,27026.9418994773528082283775921864754
31690,27027.5279842126118014026581859800805
31691,27028.0295564288201543966339325279933
31692,27029.0654329613807490176378685511935
31693,27029.7894213208309376748050868036035
31694,27030.5855418065119593222443433106119
31695,27031.5716477295807233249027315233224
31696,27032.3685826610994528338106192194328
31697,27033.0777612945337491645389810388264
31698,27033.4085596787203822432227135048167
31699,27034.4496120791216727609111245731247
31700,27035.1897901328914464934585856751328
31701,27036.0610411083740302666743046334676
31702,27036.8740595022946572477510324744392
31703,27037.2685323373497642128523194902631
31704,27037.7808878811210249060575280290601
31705,27038.3943947603028055168826882825626
31706,27039.7323480592459518092502322737934
31707,27040.4220444600614565412385900915717
31708,27041.4604810794082036661471725444162
31709,27042.0137046512182141283231438931788
31710,27042.9231213362754941253526789197033
31711,27043.6290165213398741443012772935667
31712,27043.9592293380477803261994393760882
31713,27044.9188181553942026057870199545763
31714,27045.2726229809373170618779535025111
31715,27046.2759185239394210679705903911760
31716,27047.3349643612469930700884901943741
31717,27047.9769096466899878080377792610484
31718,27048.2381712170225983750658056828693
31719,27049.6759592499720068880127279748618
31720,27050.0970521256308807800321257086870
31721,27050.8603863484245539214129233826529
31722,27051.8761176635070833847032263897616
31723,27052.8369130536556002762532293148680
31724,27053.2099084933840765734973745672353
31725,27053.6530894145962847316329955939080
31726,27054.8794658089291657877239824745891
31727,27055.1562000974166631865871688504408
31728,27056.0014746302797445929580551163432
31729,27056.7577419413281747692646607711513
31730,27057.1383611046236291834437336635139
31731,27058.8644428471825393687559460420016
31732,27059.5280604720926579636784985931707
31733,27060.1227930827261742718618350562898
31734,27060.7093243264531707806935556544675
31735,27061.2971030848208196245612435839744
31736,27062.0206880620891922357203478711448
31737,27063.0927810815844384631665303239212
31738,27063.6983911431497708035772558853864
31739,27064.2569181147493819576022243814163
31740,27065.2197546524722854098838664974725
31741,27065.7104438230967741466396688174193
31742,27066.5117023076872062671755249013238
31743,27067.3991182880494388011341723551041
31744,27068.1833886671788689213501983742672
31745,27069.2193231905944457100653772092189
31746,27069.8086946935307973990736183315255
31747,27070.5571479967882565179077015550385
31748,27071.5566789526768794253609212906050
31749,27071.9985224424135652464525121128638
31750,27072.3251673267591568358912638306203
31751,27073.1985630215224221249123856480345
31752,27073.8633030203542279686891471664541
31753,27074.8750943516394771965715444530473
31754,27075.7754858360779123592163842605525
31755,27076.6621858166292346819261665925203
31756,27077.0432663658254155953647053193359
31757,27078.1776212467676482272966061368302
31758,27078.9721020276893503363963417684177
31759,27079.5504081878470286672653442336081
31760,27079.7758306016686511307235179434723
31761,27081.1189399445587307400653682275735
31762,27081.7874508336117438525545518845332
31763,27082.5638180299894160245014286609048
31764,27082.9477959121284916254639169447913
31765,27083.8329991935535067401858638336563
31766,27084.3166483270807438646562289106664
31767,27085.2163829590568450517553796589788
31768,27086.6119507407170577293875980163367
31769,27087.2449158540904984806467943460417
31770,27087.8971765694058707809443067145833
31771,27088.5626463846433343179748368847112
31772,27089.2802769879145317447455121185151
31773,27089.7355817800506550775267625267583
31774,27090.5928793068938075241400348334213
31775,27091.4094822071821969159420277438587
31776,27092.1271517421682477057559233502710
31777,27092.6628147291722118319755045579715
31778,27093.6487937520808415839153587010866
31779,27094.7952794287024515664154702984733
31780,27095.2895752052185593671147759762019
31781,27095.8711020053544072394585936228439
31782,27096.6290847363439173627770777916208
31783,27097.5933219303137422145233379791089
31784,27098.6485159433240943417805552345326
31785,27099.0034372149520912331141394335610
31786,27099.6226450957072320402092790102021
31787,27100.2846484210967107048644774920278
31788,27101.0606036419689797335422161234409
31789,27101.8464345673438363445273845408559
31790,27102.2819252080584604844183487793483
31791,27103.5639087473517619355039244771127
31792,27104.3640257436848821829181403938064
31793,27105.4916884425219354334892778157527
31794,27105.8179380009047600855615573802165
31795,27106.3941115291588500988415824087112
31796,27107.3989475757143778949693456643224
31797,27107.8649460879370715214798075942162
31798,27108.3668034805909457554779640189719
31799,27109.4406563522843331719207714383783
31800,27110.5114154346295489723735697389539
31801,27110.8457162745034026832666646851023
31802,27111.5676113741766873156315091419124
31803,27112.1006334551319218848233465470567
31804,27113.4261704792041057764833939717492
31805,27114.1050606688349296619406896867638
31806,27114.9510126828989836261964645192861
31807,27115.5709518175433753363533505674346
31808,27116.4055707009133668595175062828888
31809,27116.9070390975646198429179048273301
31810,27118.0641064196260205261640674584219
31811,27118.2284784074677525438933216329003
31812,27119.1068450596612259758820469336030
31813,27119.2618493655225763107399472946814
31814,27120.8980822861947995457189838807757
31815,27121.4564151260250395867910242488760
31816,27122.5135814233929038187616096373063
31817,27123.3074179227366444433158148697115
31818,27123.7677025518246664606305844852867
31819,27124.3227033708089020231531480340337
31820,27125.2900450579244914897530692341750
31821,27125.9951706494512179500399248425464
31822,27126.8337179031092328847552671406633
31823,27127.5455612806026805646335510743914
31824,27128.0718934388117412345973448688961
31825,27128.7467290048647462142531048340035
31826,27129.8296434087571137598360480222764
31827,27130.1212766139123041937910936985214
31828,27131.3856611736578584860387680109895
31829,27131.8641531328268875515356703765437
31830,27133.4252561006251255400093162791842
31831,27133.7001435734699105302139913576069
31832,27134.2481328160413520009456001501970
31833,27135.0501132123143340279442989904672
31834,27135.3628475733906424560561057271271
31835,27136.4095481313455276943538827466832
31836,27137.1179711965074677864791601244316
31837,27137.9336363852092874508272982499123
31838,27138.5730963608941787613569478111339
31839,27139.5161609045655216071440074120807
31840,27140.4141232447614526705683513761750
31841,27141.2633103198199359513753914521344
31842,27141.6656706702410625083812114165951
31843,27142.6413272245084234150345852986715
31844,27143.1371348544086373483563716710219
31845,27144.1457515000506639374884299574683
31846,27144.9090879163656881214497073685488
31847,27145.5191614541511006408139999676447
31848,27146.1644055527417477387989915238102
31849,27146.8008253904152378344307654206424
31850,27147.4023497058867601589121391474297
31851,27148.0853117707379722131144930037602
31852,27149.9000363356441433617551372762311
31853,27150.2523682870222882070040250711177
31854,27150.7153993214758567916633303983977
31855,27151.5586787160116053611741437224824
31856,27152.5142442051750591045150945398645
31857,27153.0423145181888409842699438638474
31858,27153.5399844363077168219256739349992
31859,27154.2808777447484009778709047895090
31860,27155.1921059041596239973367750423665
31861,27155.9534951490800297539306605268362
31862,27156.8005054939456082966477746503442
31863,27157.5437851744134936074646386873941
31864,27158.0492167444762920872862226081584
31865,27159.1361037954979505291155634891015
31866,27159.7953566228597523808664180113369
31867,27160.7710387598494237311650204129333
31868,27161.4124300522808987818687030778116
31869,27162.1376823490866804667809450710568
31870,27162.9565874942205860146301256413120
31871,27163.3184136551166564307664800712156
31872,27163.8699989850414692652460246316268
31873,27165.0731900195802686104395972560209
31874,27165.4670356166401397646345640945165
31875,27166.2438563607975193430646729248911
31876,27167.5306196068097399267051862254024
31877,27168.3591050372583528431156020526785
31878,27168.9768898858086195388035981495993
31879,27169.8347407800893538771454486858142
31880,27170.0935577470437724813629933907008
31881,27170.6183595326289615802732504998022
31882,27171.9462542311035495744685664031548
31883,27172.5825988449855082060535072458619
31884,27173.4435781575168360052765917127548
31885,27173.7627196000448675366611884121138
31886,27174.4942789988942724558433737405759
31887,27175.3390843204454102716577836389091
31888,27176.4817634940696007618533031663998
31889,27176.8764064206814678635822023696496
31890,27178.0278701852053239993545540380918
31891,27178.8586233708336685909361971276318
31892,27179.3429895030289676998708205557614
31893,27180.1618421128592475341249611007066
31894,27180.7652577558544388748591719073343
31895,27181.4370801469165579631441452091319
31896,27182.1206525120331213574686832437780
31897,27182.5205931466809260188620736748928
31898,27183.7361055089185855350334788323291
31899,27184.6360977891300552756251766869678
31900,27185.6112163307102918199262373756637
31901,27185.8922894584685142972620174342606
31902,27187.1140965642238434801455979111565
31903,27187.2977097772498940109370593314010
31904,27188.4783955761355839193924657613120
31905,27189.1351446432127962881617205803998
31906,27189.8473723845987730306641768736502
31907,27190.2232675137770975247456814015016
31908,27191.6689623756185124318760674622721
31909,27191.9131489166556163189099606077841
31910,27192.4333863657839286457876815715569
31911,27193.1584324284708402451138702450198
31912,27194.1440295107370770605146490101141
31913,27195.4323269782132110101374827290909
31914,27196.0551446909544484057563752176868
31915,27196.8821884123529733379927298994093
31916,27197.3305769585188059954265837659473
31917,27197.9076779892400634794122416902402
31918,27198.7476637198001615303422373218189
31919,27199.4471039930454485025262619747764
31920,27200.0283971687454413783606107261951
31921,27201.0543278614589095003658310338049
31922,27201.9285575521711079314549771736945
31923,27202.1240491004916159898327523635529
31924,27203.3613935605397337967360975762960
31925,27204.4010506216934461115812682056553
31926,27204.8542880825040623006127651665208
31927,27205.3677583811783102061033827550578
31928,27206.2677384731677412122030968658288
31929,27207.4970570840975582357823903048377
31930,27207.9022275566941668543596250382877
31931,27208.6589577998265017606161458125518
31932,27208.9126721471321934633804264928543
31933,27209.9451842509514376314345124782865
31934,27210.3162330516191579612798496604476
31935,27211.5066815158113293234002645882685
31936,27212.2939520839669659468837926511733
31937,27213.3070769839661839647710676761726
31938,27214.0890231678702191407601005128560
31939,27214.6393047216290726384048166254788
31940,27215.6175352546110127363962463600881
31941,27215.8070452343029708509912905943050
31942,27216.6970903339282191925179021498220
31943,27217.3789427355303562752758451735146
31944,27218.3488789942178311101809103279361
31945,27219.0737715712396365759823938607172
31946,27219.6157711816142908521703218679263
31947,27220.6027731398414041473688082655424
31948,27221.1661726715207214962671600764488
31949,27221.7485224723833447754220536530079
31950,27223.1553941231785882387854858635743
31951,27223.8806244024153433219338674273851
31952,27224.3483837478582571439925835186084
31953,27225.3736682767002021243918594539097
31954,27225.5406599826545110921310031636924
31955,27226.5717564430635671963699551591051
31956,27227.2885435790101493399615238975772
31957,27227.8570323117998733551570739049635
31958,27228.4232043597852416717817191334458
31959,27229.2458873389050571203638044996181
31960,27230.6270791271276643970612827046723
31961,27231.4865086800988901542999552724528
31962,27231.8390121075115856404619762133402
31963,27232.4503710422329656292203521633968
31964,27233.4214626269779691606682515852847
31965,27234.1077933520736558259128243090813
31966,27234.5646853008960311132248602625527
31967,27236.0037550118391730693727732019832
31968,27236.2516974619576388289537704634204
31969,27236.7532046808566821483447492351450
31970,27237.7249125744509908088082353173753
31971,27238.2833763119701650254310534694371
31972,27239.1640181388331819328917910234234
31973,27240.1176087835305055138661336339897
31974,27241.1027854551320255645529192582647
31975,27241.6282417227848913564538720605948
31976,27242.6136975408809626958109574673512
31977,27243.4593728844577866731563091958579
31978,27243.6150485104108392433679894822201
31979,27244.4623499452752279702602164412883
31980,27244.8281419932988935614836163671128
31981,27245.9227067097627691010382954311000
31982,27247.0718986425880528875091829364647
31983,27247.3541148002088691881588343009942
31984,27248.1511060838858460528343826642799
31985,27249.2323363681173729457973527819351
31986,27249.9989769146398918810479799170543
31987,27250.6775900555189489250711618603397
31988,27251.2390753734008569423683769016868
31989,27252.1187174077439847751275412844167
31990,27252.9452815076729984659475987170432
31991,27253.6602004519256404550968735086547
31992,27254.3001504756798283628189885568789
31993,27254.9694889156494347207872225109561
31994,27255.6619995873884046226633330659698
31995,27256.1336025176265165594702611289815
31996,27257.0225931234230076266076444926668
31997,27258.3956123872928207456985969534417
31998,27259.1501741894799941787231505059750
31999,27260.0926707993310398089100286934379
32000,27260.1703572494417011199688107220359
32001,27260.8441777192033189112952474450190
32002,27261.8938735418047805203340055614252
32003,27262.5284163534242083520021719205268
32004,27263.3785088053595872367598737157576
32005,27263.6874488422957851720119011016152
32006,27264.7435512961365297867303020146012
32007,27265.7832735876542765389187611782190
32008,27266.0066505330096798885825133689450
32009,27267.2612403817417057289330079906412
32010,27267.7768181205938940925989677400603
32011,27268.4112023891358112332060031617891
32012,27269.7479325107502543145219184957152
32013,27270.4801014432851713661237233483231
32014,27270.6207440908114639473334420469396
32015,27271.6079353841666497335517373053199
32016,27272.2619824793361149921782399380195
32017,27272.8363035806722846582897547402113
32018,27273.5714013477379880598240161387224
32019,27274.2243155378341263159909589912762
32020,27275.4461387475818913121510935562290
32021,27276.1956765864059978419330466524967
32022,27276.9335789341130435147752343479500
32023,27277.9324056019778100987573957456506
32024,27278.5209918523067175225219830181030
32025,27278.9256070385048694823473431072144
32026,27279.6603325160883835702236635746380
32027,27280.4143786061453041857868420179062
32028,27281.4837823859424351207057898983962
32029,27282.1390461605267656160079256666370
32030,27282.9712418798334806367611191768234
32031,27283.1766113326308550864770272384576
32032,27283.8384340603044561634512897059277
32033,27285.2719179826798507140382420552609
32034,27285.8844503639027003709878304917956
32035,27286.8846402502065678033414094457189
32036,27287.4029693581364526860061694692680
32037,27288.2345757563665411059272221979870
32038,27288.9516232949181866329323544224760
32039,27289.6948706487375622313009887870927
32040,27290.0356888739568661922498324672335
32041,27290.7417264993982787447744606011875
32042,27291.8550920889439429484003803317679
32043,27292.1354819223096533746147486339306
32044,27293.4991970115282399379125304306516
32045,27294.2686092066634785604436333131017
32046,27294.9867197764920993298266997909113
32047,27295.5997338977320011201348343980638
32048,27296.2627113287339923371264943886721
32049,27297.0444346508165949750098918864106
32050,27298.1513553962142828341419422410182
32051,27298.5368279716567993182073944865757
32052,27299.4400179836181509331884228192667
32053,27299.8077203652287163446930753354936
32054,27300.6234731312452988562045941260479
32055,27301.6790712918076537483229359492144
32056,27302.0439428324574951282646692285337
32057,27302.6454398557783285366413731614533
32058,27304.2241561780711634896662242294222
32059,27305.0867926412195364475700610314752
32060,27305.4256079472944115722245421977468
32061,27306.0802645533875504455433887683646
32062,27306.9188435938460703703307718572795
32063,27307.4204337448690222081731025139449
32064,27307.9794399713206437457969526544302
32065,27309.2446736571622741815947293787892
32066,27309.5962259923662990907435566240867
32067,27310.6179230785371312632565550242377
32068,27311.0612068854931622519802941521384
32069,27312.2927277796576346162473873934469
32070,27312.6945631753777121668759139447958
32071,27313.8232049074415360575529294345945
32072,27314.3999720904282521127815672250380
32073,27315.0672514624351575848587566133111
32074,27315.8735939833824950194303027572189
32075,27316.8461367093467632138522020564695
32076,27317.4055603358716466174291046906783
32077,27318.0506004014896102622386920204129
32078,27318.4290972306994594890849741379249
32079,27319.1210338837778235123259716629386
32080,27320.1189465939782616110242403711635
32081,27321.4003843002614643073260336452541
32082,27322.0735349479399456166987838417103
32083,27322.6337572151673276671051513844517
32084,27323.4751977365935506071082835116755
32085,27324.2457184504014547710886681010027
32086,27324.7377088876849837845692779864839
32087,27325.7543249807347856158311151600274
32088,27325.8179379092625734875878535169345
32089,27327.2714705618596653481331732900384
32090,27327.7389445151357416425391937794563
32091,27328.4955850927751446114086672277596
32092,27329.1784234395273605801528621831069
32093,27329.9376045556641586988805118125302
32094,27330.8244248989574575979877397987284
32095,27331.6240274423437748736464912311201
32096,27332.5209153903961470303108522536457
32097,27333.6745721019490951598893673530680
32098,27333.8500674138893705430163601011783
32099,27334.4206175267944538669979290829936
32100,27335.0746539300055423835888539337482
32101,27336.1764648861120812922188264687177
32102,27336.5766397533435504508279382453014
32103,27337.2417812124098073787895715084569
32104,27338.2924288454474036652092599130541
32105,27338.9267453945042392421263838216292
32106,27340.3329819794179358945772444695695
32107,27340.9665501209951418729646344248312
32108,27341.1367744421104282788201124617577
32109,27342.0220643009167639891041373339930
32110,27342.5929346797436024509456494791130
32111,27343.9859924966230833587963443735147
32112,27344.2471600002058156330870829447985
32113,27345.0318632251019332720840480137567
32114,27345.8078206131083361573628851402636
32115,27346.3524646598643055951639426385290
32116,27347.0716867797395958306837310913451
32117,27347.7763077669650579670719462730401
32118,27349.1139109117682834825518929994905
32119,27349.7214859678906911306955699225056
32120,27350.5050461036831060798494385346474
32121,27351.3753364789706935504820773974131
32122,27351.8705642219080099491401815988742
32123,27352.5090818590713372724194361447703
32124,27353.4129010317011557667836656578321
32125,27353.8671027850190420435802877669489
32126,27354.2469589419193526941877330970038
32127,27355.7020044334526150465891402427166
32128,27356.4917926163683348441313163798554
32129,27356.8999162722742386212281216436603
32130,27357.9086633718685891537816224063405
32131,27358.4926774152955524224843353285335
32132,27359.7063559450173021232342590881854
32133,27359.9802985757978294365736061851904
32134,27360.9350498623537955470714418398823
32135,27361.5742088205592996584549825585535
32136,27362.4594350813658924032975306815923
32137,27363.0150691890787654734785659462987
32138,27363.8021920795867994319262369402399
32139,27364.3221053634846707736200507969766
32140,27364.9456052681490332923607146172174
32141,27365.7974834350929386295717645076440
32142,27367.0809829486933831100782358490711
32143,27368.1264062457521025514889920318268
32144,27368.3273186536309679057461625029673
32145,27369.2972698228348344771373621475675
32146,27369.7913142540379210682603186202991
32147,27370.3883394697569219161628229473004
32148,27371.1013976779961570611329495218267
32149,27372.2224768092700796231962167656035
32150,27372.8096251820806426170316551550382
32151,27373.4940281705914908956054156351251
32152,27373.9096108219946631379692512494792
32153,27375.1648279040598581576280373034061
32154,27376.0352615451626182714410999382149
32155,27376.4464602949485774501236908612950
32156,27377.2504632479472621376453271380990
32157,27378.3763468383088083169555357379276
32158,27378.9464069006812889334465495897803
32159,27379.9642809890159544934388951592231
32160,27380.2312761077776925611310809663099
32161,27380.8919723283919346893568884653078
32162,27381.4288600531054187416216549001817
32163,27382.4494223620460851952709847532423
32164,27383.1274829240387196962231466352450
32165,27383.8785123410015848458367075556838
32166,27385.2319393853602713065492609689092
32167,27385.8069242369491336002061004166750
32168,27386.2246673580735198134792103174601
32169,27387.3269406169315726297059605959025
32170,27387.8209794360151312043443137763439
32171,27388.4561612648872729374448993237715
32172,27389.2116140608932630502765772629837
32173,27390.0327526655419538144307924645817
32174,27390.9036339641422670286591756070884
32175,27391.6774854898343713801521012000727
32176,27392.0355207744432869732719244808965
32177,27392.7761701233409464416842064907482
32178,27393.5535075816241874831342482927523
32179,27394.8035346786156968729974499522657
32180,27395.8536811968757987604137171195338
32181,27396.2516087931402963097263955712134
32182,27396.6215288750244260594876689903996
32183,27397.6898044796264092833644228084768
32184,27398.4660318683191898935246345676495
32185,27398.8503877667574841808919240512513
32186,27399.5707708755015456956581968152336
32187,27400.3175838687508882696997800395679
32188,27401.0786854943739539778935733738919
32189,27402.3307528564884008473425229621925
32190,27402.7374079177322003056911267858122
32191,27403.8409617773152790547169189505739
32192,27404.4595272850652647946867267607242
32193,27404.9439700749032528781407128752694
32194,27405.6841279261479400611273035260364
32195,27406.7924954771784780963335579529088
32196,27407.5186075893582827953328468014625
32197,27408.0357310386966890432916841215006
32198,27408.6918282984107081265664992692623
32199,27409.3905199343692755115050376885344
32200,27409.9681988373765593614428772432528
32201,27410.8864173808011138054367864239164
32202,27411.8926485330141753635508532713028
32203,27412.5140818387769675564755327400950
32204,27413.7013316454397313849725382080573
32205,27414.3401620417738140467959008836438
32206,27415.1614465342117764295984361905011
32207,27415.4285936127503730378424480365417
32208,27415.9163135795704032888126528719327
32209,27416.9967779550984414820678391755375
32210,27417.6433797333318249299622997653576
32211,27418.6665730383549000979291011116081
32212,27419.1604516289738334247304788017707
32213,27420.0523625997226909436773981905119
32214,27420.5531972553922473085347317545404
32215,27421.7999525385040429799837070245598
32216,27422.5422878037352063377601727167151
32217,27422.8007633031254739567978426600915
32218,27424.2471481818593838233056974977158
32219,27424.5221878626505293163956017724424
32220,27425.3651046893398275139889630543129
32221,27426.0003284546407171327709166220963
32222,27426.8272292594542456657013678865844
32223,27427.5105706951410304916952544394974
32224,27427.8401499932902694520153385983922
32225,27428.5179941991335981945446670683898
32226,27430.2230433131221444599105267232380
32227,27430.8098184482804840223490377706867
32228,27431.5111289543239305684654038556400
32229,27432.2021942460112866778170610419773
32230,27432.5554306460991916423757443434657
32231,27433.7844528902820811176590096541750
32232,27434.2019359475986283936497113045025
32233,27434.9134359102286400944983166781769
32234,27435.8340744297446657313982756910093
32235,27436.3555576168707057702300344428769
32236,27437.3680002879154144389675062834265
32237,27437.9002636959452383840684872527317
32238,27438.6248822510653881147638088191531
32239,27439.4513076026640757304021447409045
32240,27440.4664845845434064270349254588280
32241,27441.2675893345131719015824891644679
32242,27442.0362196325098729441660432406739
32243,27442.7515237857524587020364460501359
32244,27443.3757376121040004359489744757224
32245,27443.8545178935003511306612955680222
32246,27444.5887475276308517638964468767081
32247,27445.1863855649331024054975017061342
32248,27446.3042089987856623540545030912831
32249,27446.9434207852491297530789966787263
32250,27447.6641816265717150396674928409642
32251,27448.7833895692615366535918212214559
32252,27449.6425698688615526944123579614191
32253,27450.0528618957819186888073938639576
32254,27450.8758381464361065240690655785799
32255,27451.4041561705279666535604649368948
32256,27452.0590872957379177434060214785649
32257,27453.4755666065178266014091860355593
32258,27453.9390826674021256315350709171812
32259,27454.3462692191275528976506545770551
32260,27454.8254529563828455774853025686897
32261,27456.0209196435407351889016107501620
32262,27456.4012365719865168254713962697757
32263,27457.6711590427532701910376678203171
32264,27458.6157486269638834327183010998015
32265,27459.2882600330118161723924666691894
32266,27459.8989988332104012124189450255051
32267,27460.5986643779171444205153510791080
32268,27461.2761228363850979586480614566509
32269,27462.0926709212513446782790505056868
32270,27462.4590546990815154054437089329056
32271,27463.2552903463543994473124691193530
32272,27464.3664648066347977743260625827416
32273,27464.7480403966345610902199493887607
32274,27466.0986675384461314209384575677120
32275,27466.5745548235725464707700124517886
32276,27467.2447476673469089995183597505519
32277,27467.8527498967001230790132014932731
32278,27469.1673725776984438687308825180772
32279,27469.5906212135923424925675438198811
32280,27470.4297536080851564666970230088947
32281,27470.9823646073601425251559025452040
32282,27471.6276284562175316534375418006902
32283,27472.5815400162648473790613846035021
32284,27473.0545600654472887971629223128895
32285,27473.7790993887401546553317826984759
32286,27474.3397658183924970350909387458864
32287,27475.8383720136961429123861814572046
32288,27476.5963603991718154722479931570358
32289,27477.3069083702198512036218674455838
32290,27477.8828410752802839124187128925959
32291,27478.5162723905832736373627891042195
32292,27479.1244221403938837923732783267311
32293,27479.8780321437662438800958731176721
32294,27480.6860071412050001977603924654746
32295,27481.5885315770625989441172052179275
32296,27482.2887053132422573898945188647294
32297,27482.9785187322867265465065951285529
32298,27483.2905438811784908442553842703122
32299,27484.6625281039922348664654817600486
32300,27485.4669571857919275060786275882140
32301,27486.1437408268488866659611789326559
32302,27486.6167323236994278427706961665775
32303,27487.8900981523048871356086869283664
32304,27488.4524947590574469561410391046504
32305,27489.0392550156105724678157599011024
32306,27489.6934264109282784135352298157068
32307,27490.3286047319547414709449157915949
32308,27490.7436063044188882737956341781119
32309,27491.8381303441584266287151000254715
32310,27492.8597934390126203980151540196493
32311,27493.7824340891413920495112772227761
32312,27494.2136282245636512885177806423802
32313,27495.3086215454851578644419558086214
32314,27496.0804489570975459781985068603768
32315,27496.1882258310475835778535681852347
32316,27497.1729983943908591837459847988996
32317,27498.2252296054992556019878140112984
32318,27498.6720599540366911283056774471064
32319,27499.3156543870638839562645471725388
32320,27500.4526656215886727291252653453803
32321,27500.7906190841773801336521961642135
32322,27501.4815457329808933174198238214352
32323,27502.3283740501852363207616687317060
32324,27503.2287933105310516766246872464345
32325,27504.5045309950621995975941333448521
32326,27505.1108535745515322132930339891511
32327,27505.5466416467652988356136938731410
32328,27506.2737692255380585156649804000722
32329,27506.7766105405286018575619521053927
32330,27507.6651401017285587281307039573580
32331,27508.6126997869060735822483806628065
32332,27508.8684602735603982913701598541183
32333,27509.7541500530263633535445854477606
32334,27510.7166976317370316751935369183223
32335,27511.7558295393092912026436296938086
32336,27512.4363936385433267482561806580201
32337,27512.9709079355298994796952781077718
32338,27513.9063841957404827040485628481122
32339,27514.2542035138749207818895014062352
32340,27515.4660767436861693087215452022034
32341,27516.1550928363354932668129653283239
32342,27516.6942806894161588047021588019765
32343,27517.6767796659722826040325557916406
32344,27517.9763851246965705365844085400168
32345,27518.4991428684794208398809467596223
32346,27519.6059006149303833258808535132434
32347,27520.3654956325310542803619909855010
32348,27521.7351817254282640533646660860999
32349,27522.0666884767687592208410042152925
32350,27522.8231779510969147728724091418050
32351,27523.6622414326934375592156370667495
32352,27524.5534727985636496530372896144355
32353,27524.9909123828612198678811191708143
32354,27525.1175887247698085915753545480398
32355,27526.2927450915129870473646080122852
32356,27527.5434465923092676773477925247738
32357,27527.8212279403816063272732981436227
32358,27528.6555068193011099325746840946722
32359,27529.2609028997086542990108913709077
32360,27530.4533739965484709298077138703199
32361,27530.8809303265732656252234966624987
32362,27531.9916461229497878908271370141186
32363,27532.6213467842169525300191834035488
32364,27533.2553372699753726262505601511925
32365,27534.1373018037748824596474798659401
32366,27534.7345108705930160722220193412099
32367,27535.4410851119685815034693539986054
32368,27535.8764977022968877756330515840899
32369,27536.8471690120536951948791840804575
32370,27537.3679539569644622827366478475736
32371,27538.3427026889746678380788180926472
32372,27539.8432823803801296860790597716839
32373,27540.2001255710625337933929284384177
32374,27540.8877984245831766631070656608688
32375,27541.2407773402312221325997530640573
32376,27542.2095957326572246483763896405103
32377,27542.8653923637279685771209841779902
32378,27543.8614572906370527539562917559757
32379,27544.5048222234107101330043503179304
32380,27545.0739121462525243846167676333243
32381,27545.7317157206655377072520913392100
32382,27546.6087751834547305796779514232639
32383,27547.5636372808155206682511058994749
32384,27547.9924137757068258321746689130381
32385,27549.0309837944977710942936676209726
32386,27549.9226551207207687300113421292550
32387,27550.9068457653928286591886121249814
32388,27551.2944765200793038110899092615691
32389,27551.9394652726384108364876295438925
32390,27552.7098455043422175312084485555993
32391,27553.1626918633922023396068383771342
32392,27554.1454448293433967285853692956717
32393,27554.4552611956379727538787200136435
32394,27555.9258640331356241150572532556546
32395,27556.3972936735767723284016556988774
32396,27557.2884065733841177345746645651476
32397,27558.0998818489701975437275439739819
32398,27558.8711365949283871077460211793200
32399,27559.5683302560980837188641308491833
32400,27560.1460893030979106192134942397846
32401,27560.8435525837010213632018403341770
32402,27561.7176264439255305885859547382800
32403,27562.7539815965031611651898800165437
32404,27562.9935313275603848957889579038589
32405,27563.9928046419021149858786569339772
32406,27564.4179181198597013288675136280503
32407,27564.7665895023408312345797960619176
32408,27566.6653130548345883250610345786796
32409,27567.1137918872600005689724348349734
32410,27567.7990439243496412590128777010810
32411,27568.8242044569282602387257325924048
32412,27569.1809291752860188218741607388817
32413,27569.8378003300179047463981236636038
32414,27570.6973591463468539805550803106043
32415,27571.2433279221848052922363872603011
32416,27572.0289882054906608313701944445227
32417,27572.7488143997572749071170101397062
32418,27573.7391520784894398343256760391336
32419,27574.3238110569874098893300155570225
32420,27575.3580816990343465982695850564010
32421,27576.1233263128144821800840512988639
32422,27576.5970353627534537283965074234421
32423,27577.3131112436071440797357543136384
32424,27578.4150376245391437084243480639051
32425,27579.3354385832649993472602004013088
32426,27579.8156722863442127171490551115051
32427,27580.0905111127990038721214358673385
32428,27580.9175043699727556548390689544140
32429,27581.9276012478020588860228915475595
32430,27582.4393638919156403110313862378603
32431,27583.0889601392446242540451048298926
32432,27584.3000808313329392408947807839433
32433,27585.1736666070565950959721546924976
32434,27586.1440484117166364173108239079048
32435,27586.5414856979874376187863373094107
32436,27587.1185103509356000479454171668786
32437,27587.7954495880246301559783373708281
32438,27588.5254473018391747476992856839965
32439,27589.3066675717551605140130522300927
32440,27590.2954519198799810694795731047605
32441,27590.9414352252346420099064371677185
32442,27591.4080867838018688131779997339522
32443,27592.3725799039276712789628208383831
32444,27592.9421804738804615637971938309732
32445,27594.0281946764134134039078853013489
32446,27594.8461281611342983081847191841789
32447,27595.6670818120102661501421259910609
32448,27596.3802799437573722570509347565920
32449,27596.6815427600873959809185490619860
32450,27598.0519801417761464185673363727158
32451,27598.4625002018966177011929600641455
32452,27598.7453836749880424678475488033292
32453,27599.6591360214231840332425810181119
32454,27600.1983308301013219968376331321524
32455,27601.4643381271753846847502404507406
32456,27602.4546281529707745802270042828951
32457,27603.2298682813691523036027668374311
32458,27603.5475574224287792899350606796408
32459,27604.4189521373083812153592836581336
32460,27605.3078014314172374788688357120343
32461,27605.8861037718596033174607724603155
32462,27606.5679270686390656779524125462122
32463,27607.3726889541472172613945607597708
32464,27608.3736577113290832734688788318638
32465,27608.6629902263239530372667410600799
32466,27609.4730440864783343399366616334364
32467,27610.1188781557283829983846085711991
32468,27611.2995375990771295082851452565414
32469,27611.5585553184952389487280920353136
32470,27613.0983310589345068605784628915677
32471,27613.6260357948473188670856668823659
32472,27614.4910679759073730436968312041645
32473,27614.7911147298158188841178333444260
32474,27615.7512863823901813453012950198244
32475,27615.9973269510834898934831417808967
32476,27616.8569485979190998092912250506128
32477,27617.9861527901495806766499977417095
32478,27618.6363569320122490692454421552264
32479,27618.9957285869658955725642797240798
32480,27620.2119816554353546685434183452460
32481,27621.1471421667209211441430371359933
32482,27621.8520720301545663497490537487944
32483,27622.4776414163406901294351423299446
32484,27622.7596890807828808623629673412161
32485,27624.1501666514901084029438674390489
32486,27624.7483647230001202054022415405752
32487,27625.4209620452409878627969079191674
32488,27626.2117292168307355448383218894584
32489,27626.6038399280335371017830865752345
32490,27627.3949661043895339424017160042151
32491,27627.9735071409451820712064734505744
32492,27629.0002520109395737616402225555102
32493,27630.2356113232265800242967804536421
32494,27631.1164150747282376724345957753604
32495,27631.2334092488434349549233682348850
32496,27632.2580297506719483847672733612085
32497,27632.9500492518018245448017538439782
32498,27633.5440786644345189659135367413829
32499,27634.2675265247458234648927136110798
32500,27635.0112887895057016548246912120160
32501,27635.5123213432724598393168508014923
32502,27636.7489237199704681107375814086230
32503,27637.5295394314262228986140547035444
32504,27637.8825576429550203456232256456059
32505,27638.6772703114602441918984632435696
32506,27639.7443751979190741508418813910686
32507,27640.4882997427530430132300474641108
32508,27641.2867813992087190543132946743875
32509,27642.1278155824749544063135308298639
32510,27642.6404555007662330122916465092246
32511,27643.1820244203198850779267804938931
32512,27644.1164946185659120738848726254012
32513,27644.7712764727627317569032996159008
32514,27645.2691869271228481007205810095332
32515,27645.9532929800189588743415335232643
32516,27647.1132617224572319305205436848378
32517,27648.2296130113647200661988689186096
32518,27648.6599293620862827208802495402517
32519,27649.7298323063812750097124377827002
32520,27650.1683825017370860205211164654763
32521,27650.7568831234897329546448294194947
32522,27651.1813287096724388177378204069687
32523,27652.5595683757749075872556783624244
32524,27653.1687290176794367167073442811423
32525,27653.8760046058258174231093585267889
32526,27654.3592876999927629198305102855436
32527,27655.0351000866801450572908706959642
32528,27655.9284431307971580731010026542902
32529,27656.9734084906077301854377399417954
32530,27657.6490881247142303892601140341484
32531,27658.4166766988627025883309649558794
32532,27659.2463325208770252795091788469293
32533,27660.2920012905680341923507474257975
32534,27660.6804986445733375672467036713878
32535,27661.0354362876986365055154961108273
32536,27662.0332820688792325956004707910595
32537,27662.4380879915138517235401480153762
32538,27663.3387922374695734657375562733793
32539,27664.3608956504273303845054065333458
32540,27664.9856042034528783859160345589971
32541,27666.0633957144315807819537717232740
32542,27666.7695017350593024939328812669864
32543,27667.2369762023338628660199348959264
32544,27668.0939695182595337663890563001600
32545,27669.0168125861922715511914252853605
32546,27669.5227096802639433968837083467461
32547,27670.2716550118596250683359269998586
32548,27671.1888607175496182882976466937811
32549,27671.6402708832303453343204428992736
32550,27672.6331511065432216197618855873772
32551,27673.0921192873542570660441661267812
32552,27673.6355521800057078599520694573474
32553,27674.5566967371082151013751052415602
32554,27676.1984102842141780439441944251188
32555,27676.5700007715313725793209768262566
32556,27677.2378060801336517781093982462464
32557,27677.6838809939668735788086424742395
32558,27678.4986607855197909345213000444558
32559,27679.3650090488680202362421987066019
32560,27680.0038613608245297802604823382479
32561,27680.3748675190136843168316005461722
32562,27681.6329484743809650458768514678818
32563,27682.2395272820845220807924735275269
32564,27682.7575437654174544976852277399865
32565,27684.0993066405123358790878948658048
32566,27684.6719656444452889443759447035915
32567,27685.0910697129297077794217645855586
32568,27686.2574624011453264236882572942970
32569,27686.7301463577657861359125771201494
32570,27687.7586661657078128886661444924688
32571,27688.4838747164251297871977258985949
32572,27689.1112936655851418607016466430666
32573,27689.6424168322576972174017455703848
32574,27690.0336604633722841015306108322967
32575,27691.0318297204004657850376152801618
32576,27691.9149274338779263529550534123881
32577,27692.9721701356411763707667155418676
32578,27693.5377111449818213112299055214762
32579,27694.6151710207491745841458059911883
32580,27695.3291150895547001220502121340265
32581,27695.7163582748849917779630299658238
32582,27696.7045377745701504749158517104091
32583,27696.8834921154070999872049122818701
32584,27697.7992481850660020298968651166229
32585,27699.0287562408510430028163588899754
32586,27699.4374475807302973641585157334663
32587,27700.2072758981203151046508463212282
32588,27700.7551667359906786145810387337609
32589,27701.6099152276684407212050801801954
32590,27702.6203449888636441352149009018299
32591,27703.2709193217074586604435307309122
32592,27704.3892602135926165884416197565986
32593,27704.9134689905926150782470568106241
32594,27705.5849505338334088420977140418318
32595,27706.3957711192608289478331171376403
32596,27706.6739218059808598378983427595305
32597,27707.9585097762440910770763527631204
32598,27708.2116066728563840414569466782796
32599,27708.8367631610341629271268214687929
32600,27709.6861886033487379046261837820677
32601,27711.2120631722310682377844089410934
32602,27711.6516370904239842644600295071551
32603,27712.4342390607386158158008827955706
32604,27713.0142360246971262563362882515905
32605,27713.6067760711162391459303283248583
32606,27714.4499490304575027423705098715737
32607,27715.4505168500067463005838781312154
32608,27716.2170010876141057025851542509334
32609,27716.4011836713736683740007808470562
32610,27717.4013562787341416540327587323036
32611,27718.2067214135721989618362807056374
32612,27718.8492894627030606039212724823387
32613,27719.3174629920030652918257215504994
32614,27720.6336210482424909818164140391247
32615,27721.4413653508370888913486085111592
32616,27722.1891769552944811029262823910625
32617,27723.0143532184818137198655729326075
32618,27723.6172294717025659243503291921751
32619,27724.2220508158449513544244551159034
32620,27724.9015505527655261839307695673840
32621,27725.1956553900750738317064046364901
32622,27726.5465240988169068774649988637368
32623,27726.9757347850953943488515970839521
32624,27728.1699081344823814261378911392687
32625,27728.6080936568065465195405135859542
32626,27729.2899824308499469385356264207435
32627,27730.6496066207786076403156844670740
32628,27731.0759563953967166337184026826579
32629,27731.6456401629369313628808579373775
32630,27732.3326033732300904888265385107782
32631,27733.4350947350381414906702982026766
32632,27734.0175598429207248116499587771561
32633,27734.8908114868756084369120145435202
32634,27735.2948788525605702268669385247814
32635,27735.8236098469615501109217577512726
32636,27736.6226668696477745847489447737344
32637,27737.4675823666955362221528570226759
32638,27738.7575819895602088490703445619022
32639,27739.5024565593380454585945015243501
32640,27740.3315371110885471068197063392941
32641,27740.5455416865899535475762008097850
32642,27741.5802358669943596395007625723156
32643,27742.0916681421672797798526607110796
32644,27742.8182298480860095272886322919971
32645,27743.6031211034359737667696151066279
32646,27744.4806038534668521407105389989904
32647,27744.9124986010589360983414764627462
32648,27745.8895904871412421266467568319586
32649,27746.7074087863822021737383407781585
32650,27747.5243141208871475913297263796583
32651,27748.1528472358031491612158721165523
32652,27748.7083496857582224278697667119874
32653,27750.1868921406607830885584923302108
32654,27750.8116325529380717743913942677685
32655,27751.0199236164247220889908756240949
32656,27751.8709776597472645778339391819418
32657,27752.6668168710940181372340869723800
32658,27753.1886545121432119742801821809589
32659,27753.8935698217690235865427475582050
32660,27754.8729485289823577167362699052572
32661,27755.3157929248143929085212156389747
32662,27756.6604380683760670882645748629885
32663,27757.5888519533529745662582882425980
32664,27758.0273972046413448777903473350423
32665,27758.7129631413372958000762461382589
32666,27759.3464345110412727793177002799854
32667,27760.2490016301285983173451811400598
32668,27760.6072759875934965552259003743702
32669,27761.7122633999353344527438305228170
32670,27762.6226778294391570939923218784271
32671,27763.2420590008555539870522380773013
32672,27763.4485454834680431151426769573570
32673,27764.3269119267992716760346276726225
32674,27765.3239038554365977304987324390296
32675,27766.4858596203704318395518526353890
32676,27766.9634001473762478123180083200829
32677,27768.0392005988009542633035190735079
32678,27768.2472357143792407848149613751367
32679,27769.3843503018153646293748003425422
32680,27769.9672198128798097398249225539090
32681,27770.6007480560027366355208923357267
32682,27771.0003844443657019467963031146819
32683,27771.7031906886369360443916749339212
32684,27772.9365983958946636215473639398706
32685,27773.7078452890209244122488953790304
32686,27774.3655255014407038383010180741613
32687,27775.4699528095970572086868647015931
32688,27775.7947206236672465842823744072894
32689,27776.7079976621025176806412756980171
32690,27777.3765951029221150346476410127144
32691,27778.1143384462335489278934048223562
32692,27779.2710797849316101077235027256241
32693,27779.4363619749100910702840476236063
32694,27780.2625813182191023643381089615263
32695,27780.9747779991087480670389795880245
32696,27781.7423633666290975769454322900650
32697,27782.5006622556975901067143279579959
32698,27782.9220694364013361324215723896861
32699,27784.4426650189483883190660526906205
32700,27785.0854621860413652248932142250946
32701,27786.0852099807059854039956687772420
32702,27786.5506835938848377947865994592951
32703,27786.9864461050619768333170283672549
32704,27787.4515599940589990368835107903876
32705,27788.6585555436053323296281579980604
32706,27789.2695801888953253527849152285926
32707,27790.0400095530949399944448577469505
32708,27790.7101213834283811034626080896803
32709,27791.4042579505206168490372050668090
32710,27792.5120904441899475916418453096521
32711,27793.1161170656462933697898983396400
32712,27793.9183323087344680867267179079492
32713,27794.7099471578939284479238223501594
32714,27795.2626151288204360515901653394357
32715,27796.3128517378459398443439053731993
32716,27797.1036067820458802965109142155036
32717,27797.5906902909630485245773152724496
32718,27798.0977136188663574770594232047932
32719,27799.0051255952162854607116152303264
32720,27799.6747539059191426795665691321528
32721,27799.8850305407029294833517844206334
32722,27801.7126848411147244718260975121161
32723,27802.2996449524508280811984326596319
32724,27802.9818007978430320551950043156412
32725,27803.5294746737021273779268451356879
32726,27804.6516268433425013820264030885712
32727,27805.0738990642946327839739350269524
32728,27805.6757451508860387542375159277033
32729,27806.4221481591800003130980835329092
32730,27807.1507349969481116868732793350864
32731,27808.1933828679079420349065153824397
32732,27808.9214592645927048482043693873966
32733,27809.2544813285781071298806235765608
32734,27810.1785529806800874495379644464796
32735,27810.8633312492231569218554156448417
32736,27812.0124048076641219800319945977172
32737,27812.8644696486493682730381903533625
32738,27813.4051026967663148574168808478595
32739,27814.2912725811443650064357574959644
32740,27814.8590089570203109347189944712921
32741,27815.3792609170248853408885913073636
32742,27816.2335770270507991939080807749058
32743,27816.7872785725342344312663647378693
32744,27817.5650124803856176511256799044402
32745,27818.4586662809676545624368821505106
32746,27819.0905232521782776199952684535824
32747,27820.3949846361907012575061751678323
32748,27821.1563051763921278486710793362529
32749,27821.6548856361003138224483785669690
32750,27822.1028222570071730596209297953059
32751,27822.8629436089181453718538651355448
32752,27823.8526048816649059060761837820699
32753,27824.7783420110102290942007625976651
32754,27825.3344290392795922973916339405295
32755,27825.8745589994528221871093147765728
32756,27826.6028155776658793222538482617821
32757,27827.1078975954731639169522010576852
32758,27828.3853366036256860073549433934617
32759,27828.8409350438862619405763130934560
32760,27829.8268705744646500531924490283321
32761,27831.0616369068716906327020744677109
32762,27831.4279612435807187356116248545949
32763,27831.9600009718950695178476827607118
32764,27832.9786575907661992025104207583495
32765,27833.3405711165698645443732706693610
32766,27834.0804989977874144730281818326351
32767,27834.6352539118194252779612520434675
32768,27835.6861582836404881227073049476961
32769,27836.6698165652566567233603801846076
32770,27837.0791283263324512671846786373318
32771,27838.1375224843197422794807383592564
32772,27838.6997589030334350424146358178718
32773,27839.6158573035621755158262360896966
32774,27840.2821960580885838961241167901019
32775,27841.2857895247777561009961874513423
32776,27841.7539974961886446022243737239442
32777,27842.3009801253972937535002952738320
32778,27843.4189305199915722067925068670171
32779,27844.0510823509782584508221270575324
32780,27844.6246893580109797409396038949430
32781,27844.9438572259897474229606939423718
32782,27845.8587567250369677128696794923454
32783,27847.1161477135688017207274241228359
32784,27848.2730286262126864870096846177225
32785,27848.7570415174244882321762180902363
32786,27849.0667525830203085867677783294837
32787,27850.2816358528347679811375440041567
32788,27850.4815172005100684467470480460743
32789,27851.3953958383436363188825977897719
32790,27852.0460525946247488506688578718193
32791,27853.2040043856216270866605505992642
32792,27853.3913203268142312596298637572891
32793,27854.4295143070995793380732217062441
32794,27855.0496572381246300396180280118084
32795,27855.8938110698840066043052169861817
32796,27857.1032867164283902082892629440160
32797,27857.2522638749652739716630115583960
32798,27858.1335340893408560856527096366169
32799,27859.3735566705246775491773846165248
32800,27859.9210319947260818055247343313227
32801,27860.5789583259037707117012660170634
32802,27861.0848678999298885837053549554376
32803,27861.5115430458988712107962761781883
32804,27862.4926878052366100602297780615372
32805,27863.3944493512632534040908860201282
32806,27863.8857341900744588062525636523670
32807,27865.1502762363496819632809785644208
32808,27865.7941594904785697187096194721429
32809,27866.6801438196627096763746968410645
32810,27867.4320556192445804314945074566085
32811,27867.9718088584001780518536325007265
32812,27868.4626139780851485394954898820888
32813,27869.2492201513667471994069178310134
32814,27870.4668035215014035315473720826142
32815,27870.8688380954835777804602462032378
32816,27871.4714591116907632400593818270266
32817,27872.5387323653821976139964645350847
32818,27872.9398153231588283325819436185559
32819,27873.4583845903689327982805832934303
32820,27874.7246028767017564042464757803933
32821,27875.9929016518233752606653634921029
32822,27876.2050878999372357985846606745582
32823,27877.1184780144133833948201951456932
32824,27877.5846895304926521002624974453289
32825,27878.4930261925308650145269292495474
32826,27879.0606947440487095405371605975623
32827,27879.8820855664153602924765221781092
32828,27880.3412083228934140068987274346380
32829,27881.0060514745966516558164990866726
32830,27882.1572521207334696462708262399299
32831,27883.2054642137432199745087333878821
32832,27883.7781252968625008831629883144302
32833,27884.3038082151665569155230480398759
32834,27885.2855653295859714186450700723874
32835,27885.7572468985321674016258266477212
32836,27886.9339996555506874398240814218521
32837,27887.2884363347190267464541279447380
32838,27888.2920633933935246003011990534359
32839,27888.9613068772189518411865304549183
32840,27889.2970508193166601772105532037988
32841,27890.2402471696301755908070649462012
32842,27890.8892848813282926548167938379557
32843,27891.5934729444427970817492945714337
32844,27892.8851264417069026734534608702114
32845,27893.4242055498145892185992401483732
32846,27894.5538462977923030099013469653859
32847,27895.1109138421169427880264885917728
32848,27895.6263205151859251529311903281488
32849,27896.2391807779266016744444603305055
32850,27896.9959823061219105129316121884528
32851,27897.4288918064882696582815723992244
32852,27898.8220899127737721949845630573856
32853,27899.4605890491554650839825049595505
32854,27899.8858791725453640402423918084998
32855,27900.4676683299262552606450215838613
32856,27901.9596093018271297307436520132736
32857,27902.4389754925251539511006153693449
32858,27902.9908676390248903947819739755054
32859,27904.0031154781471266065248022271001
32860,27904.6690225835988969792860700153897
32861,27905.5427630794918805718153750734884
32862,27906.1272605524885578723682135289906
32863,27906.8797404343369883942358017998769
32864,27907.3592637416896174665972747659057
32865,27908.0689779304254094670390287228815
32866,27908.6340322712391117481269831920768
32867,27909.7655312839621258253318451240616
32868,27910.8540049441381797795586099694341
32869,27911.7167702349845712176902245135030
32870,27912.2013844170826368378972200601348
32871,27912.9568235821409819006364176012212
32872,27913.2109898957415877664858883086595
32873,27914.6948711053742310387588985930602
32874,27914.9403742545949485462084829313378
32875,27915.5489626212947628646447189515702
32876,27916.5749188239111571990760002136818
32877,27917.2438722284397725830299016437752
32878,27917.9877257261598340025140453469950
32879,27918.7342410845941332125694621571503
32880,27919.4091677670596271336263756353080
32881,27920.1408253736215555522946003304660
32882,27921.3756728372089341333823987697038
32883,27922.1774043456791002571479991917321
32884,27922.6634785445585029784181382678441
32885,27923.4596492944248170788333677800390
32886,27923.7694084092428454147515335053231
32887,27924.8704149836177825025672830555514
32888,27925.2406716629299069070587011357020
32889,27926.0542187829522794908017187242898
32890,27926.8107980177362119492579381960607
32891,27927.8332605457259807749303608244209
32892,27928.5603616923968306525293569904423
32893,27929.5359852048147744790317787935922
32894,27930.1770400646119401630420069559923
32895,27930.9929833735697042904450243029483
32896,27931.4214049196670770361850649622197
32897,27931.9879300417748425714031604278277
32898,27933.1593624409327502800773970094228
32899,27934.0825704518375132073253129988713
32900,27934.4291799756175931996814593860556
32901,27935.1589238435494694768564409218456
32902,27935.6371857067930412098074685096338
32903,27936.4114008432929698821542730154771
32904,27937.4760303834797390008662854067037
32905,27938.6220398926595194660174434146367
32906,27939.1544704076685646345445956456392
32907,27939.7736492054163831466414950466533
32908,27940.8494844140330215626638330597970
32909,27941.3534952729283812442720002663588
32910,27942.0772823364234063811602251430558
32911,27942.2380824315353218607741109372535
32912,27943.4011622349190633160198725302434
32913,27944.0750203941274132483793304791149
32914,27944.8932630551596413423452766946653
32915,27945.7286405213378443873953956888327
32916,27946.6832893383199222777936869571046
32917,27947.1408526330060068173321053501755
32918,27947.9981623692541375441717186677014
32919,27948.8607668298628069068299207211162
32920,27949.4442966525935419979262914339368
32921,27950.5565268301963659671350381573256
32922,27951.1556322341092422011240576803369
32923,27951.4876746318132610466354889299725
32924,27952.2944582756824326253202752257596
32925,27953.3640418981506897304110313216724
32926,27953.6008635877941084231442792748287
32927,27954.5534739591757001566411865192270
32928,27954.9651847572505731782589413948614
32929,27956.8745077697738196999584838829884
32930,27957.1969641103343459633476318623155
32931,27957.8083403245452449198131286271733
32932,27958.5090050819739897279591540254243
32933,27959.1481562152168277030387004042204
32934,27959.7636594902315129201638267163167
32935,27960.6099179672192970692430051618024
32936,27961.5905048157133399466108684970282
32937,27962.0164302991190039459724191759081
32938,27962.8174913084858625288516069682907
32939,27963.7020943917023635032192777145141
32940,27964.1141775868787852900841178968859
32941,27965.4299908071266235322699175928134
32942,27965.8769008981638347753730188405299
32943,27966.7994568819324225329359006848897
32944,27967.5817263363452948048093515553569
32945,27968.3606753083453121564637189063273
32946,27968.9985080286789783674648546616524
32947,27969.8526516747860835319695108473302
32948,27970.3394845113359653822693650417081
32949,27970.7263429378986398116238571511893
32950,27971.4196279960671835771237728022587
32951,27972.7254033793938634251457870243627
32952,27973.5198463332746207942312209390438
32953,27974.1891675083230279838225581029748
32954,27975.2478656461517996132621743047484
32955,27975.5790944131427776075235935348532
32956,27976.7123006759632568380097199380720
32957,27977.0983678583437554270836136619759
32958,27977.6545450261656739488038430572038
32959,27978.7557153531251631719412799135542
32960,27979.2283058741768241107741415721346
32961,27980.4609043553407146421397334213044
32962,27980.7674083317368766395362828191027
32963,27981.2090567419803866580031114078445
32964,27982.1595865356255668408503155778988
32965,27983.1363099957625978499612762501453
32966,27983.8926219037347969653668316870976
32967,27985.1024358551065714767374507777389
32968,27985.6836905888505767802640952687959
32969,27986.2746068795966873130306637679793
32970,27986.5864685261627079474778225862024
32971,27987.6242289230203914189275050624289
32972,27988.2712975371387112962299690324503
32973,27988.9301108665168460603253794281096
32974,27989.6764401242451510925329694335558
32975,27990.4544144628216833173117007003720
32976,27991.2381861400489476475469935270693
32977,27992.4264129248514789865331227428721
32978,27993.1702975837487302495068893392830
32979,27993.6275368802956992050932904076292
32980,27993.9867072057532423260144196924268
32981,27995.2465236449186022371523269894795
32982,27996.0618240049769928654677141241031
32983,27996.7529522541186148064449459540003
32984,27997.2935239320100027185238591690577
32985,27997.9010718960013936412479225790389
32986,27998.6706680524005043042646553463870
32987,27999.4425466449821572327845499958571
32988,27999.9067331452642902618974346858950
32989,28001.1461022400742217594308347920369
32990,28002.1906733053362753665229488361322
32991,28002.6970601209409905481406096825379
32992,28003.5869207716342405515608442371710
32993,28004.1407644793820695348298170236951
32994,28004.9259658039832693062895967137418
32995,28005.4013154286101421773698382900281
32996,28006.0402895825802739950657269712848
32997,28006.8433593281786153295854010268805
32998,28007.9436795616766088592362424370526
32999,28008.6277690638936818441578672671152
33000,28009.1154083488016090591744931121726
33001,28009.9183676755101715541585099078702
33002,28010.7374290689164616380467405450495
33003,28011.8522934607489600494978130415303
33004,28012.5139685088179595242191880980966
33005,28012.9830797150854406803517976474986
33006,28013.8272910316218943668450638413868
33007,28014.8291080823633510683131241825363
33008,28015.2903579036857682606368970293601
33009,28015.7894701015444866965319805905893
33010,28016.6261985652322531212698772330002
33011,28017.3180732659497579378617513623582
33012,28017.7314859757204712641866523364893
33013,28019.5480137318691134376923364421403
33014,28019.7981700503350774733950005977857
33015,28020.8560335184982327775866269282450
33016,28021.3509237312150741896678793718143
33017,28021.9876950493762461348272260465361
33018,28022.7010544445506283918322997326043
33019,28023.3337522647704148674029301941404
33020,28024.4309971286224600901081290640422
33021,28025.0658389022538941234795065222021
33022,28025.7318424601365526752562543155064
33023,28025.9999305758004879909824505131097
33024,28027.4348269265994219217744319672435
33025,28027.8350965898369235827723899449584
33026,28028.6422318199199260393279797403584
33027,28029.5357455762704388762605315202931
33028,28030.4931344141357352867298203785666
33029,28031.3696558346873343464782580506414
33030,28031.8997152976142212230602131102854
33031,28032.6164993617254334924196361114916
33032,28032.8639826460812679603057806298294
33033,28033.7262957663480297622859587335049
33034,28034.6699415395826623180249641850232
33035,28035.2499515603385724908577802971793
33036,28036.0927119005676558768365123865133
33037,28037.0485466749075337818390683713132
33038,28037.8536078381194406777126346873193
33039,28038.7928399076830925856181086263897
33040,28039.1661759373522667528998616923163
33041,28039.9903926294975584458304669803642
33042,28040.7233510529127506537149533371513
33043,28041.4250016979252503352323986469250
33044,28042.1907693275797162049234445631963
33045,28043.1116382519681953238734717710946
33046,28043.7545346900631334399014192890691
33047,28044.2178990695757507212190541642817
33048,28044.8791146660677379010104498526633
33049,28045.4780266613124268889546494654434
33050,28046.9784172359147108253341576969185
33051,28047.7861342709801127606262681769938
33052,28048.4667958359827192411863334561314
33053,28048.9412331464184805589251958073152
33054,28049.6552538777172066792801112463450
33055,28050.5687338096930616380960160104393
33056,28051.1657015536244437499925841271573
33057,28051.8288543634089598300517653853050
33058,28052.1197641222102531270249910321123
33059,28053.5711859846437848139760934058442
33060,28054.0549410953253275082829528544934
33061,28054.9649749563018928830148352019698
33062,28055.5989354649968624813275397498608
33063,28056.7246012813359503447095297372033
33064,28057.0362964422897775007542672299970
33065,28057.7835556996384967290353055464848
33066,28059.1409787205937941540172231927572
33067,28059.4708129572022759835192284472861
33068,28060.0536458374229825475026834301285
33069,28060.9810407113815066318381713754543
33070,28061.4175142809994965892555011428141
33071,28062.1003025570484295179853359728245
33072,28062.8992438900323744862837875130181
33073,28063.8354324730936310301433941112098
33074,28064.5269334262217128888470122988668
33075,28065.7089759797936044138266778617758
33076,28066.5930973499445168727241679425548
33077,28067.1068587678656272450209103731262
33078,28067.4379884473660134761227684199137
33079,28068.3267941437475255671134348174978
33080,28068.7452157852920385902290794299792
33081,28070.1243504835193256918087731249226
33082,28070.5109133178032502398644909479477
33083,28071.3655018356697218334445209397190
33084,28071.9448580488963263795972308405505
33085,28072.5743036813937470530593859663051
33086,28073.6278440444744860240317657285053
33087,28074.5420996861111459576044398041185
33088,28075.0481624839459715525749409723397
33089,28076.0833211470041856886709507502779
33090,28076.8272553489090702272675820916787
33091,28077.4264233264560636559318253197655
33092,28078.0563533762291323143451396248911
33093,28078.9210643145482104670259268558751
33094,28079.4586393257827630786313081447713
33095,28079.8866701976393736217641772690008
33096,28080.7614699119784054437052342866824
33097,28081.7243109365928264407333538676236
33098,28083.1652330774327121842320620286322
33099,28083.4858073353502657942344234099124
33100,28083.8387996094042407681710455486980
33101,28084.9263137207001493905725259288294
33102,28085.8522357219804577218657618259054
33103,28086.0709754118652814963126482763431
33104,28087.1879312102349952097386225627883
33105,28087.6820629186019947886972985544962
33106,28088.5803378627478494356669956883664
33107,28089.1840943987771055524628374210987
33108,28090.1228710696761307502976438148637
33109,28090.5312112273359821627838688771414
33110,28091.1464342669720757239603662043441
33111,28092.3871964066797534865580886703468
33112,28093.5150335976791497468956086005325
33113,28093.9781591244523957277603236385460
33114,28094.6002952501462436895695158303987
33115,28095.5211470748760879219282749931761
33116,28096.0819193759497381835742290987985
33117,28096.3219049474138604624073829758782
33118,28097.3850043222952531203299567654045
33119,28098.1633865449089860258410488456408
33120,28099.2086497408523091330223392852867
33121,28099.3140200991243144659298508230341
33122,28100.5928168770160271091991041680538
33123,28101.4968235672523239904886031740278
33124,28102.1599304018634411796471877770130
33125,28102.8714007055408981089110559598991
33126,28103.3953148138923671040312601875248
33127,28104.0807538542171511123934556040086
33128,28105.4738028797532629960079603036746
33129,28105.9581693250156749251274966156476
33130,28106.2410787949766614503818315060490
33131,28107.1170250888442515504234106553590
33132,28107.5521268097297537675252106431444
33133,28108.5952198277975052469750209748922
33134,28109.2928891007561953395808368674986
33135,28110.4973961365971541994420017544521
33136,28111.3024746061796698688486176439988
33137,28111.8118801377791466288958844133142
33138,28112.7821849299364645170650021880207
33139,28113.1440446643130094971397597030064
33140,28113.9092856867035382370047644208366
33141,28114.6339904440203224337307949721813
33142,28115.2372238124660100525692840908569
33143,28116.0851430844380743519432732727528
33144,28117.0539458294053817664343314212284
33145,28117.6364199614297300401579333583478
33146,28118.3364685699059803614686005546605
33147,28119.4124443772505653346223876127772
33148,28119.6182841971816343285342958593899
33149,28120.9094054214314854035046748034333
33150,28121.8220096221135540568727574920294
33151,28122.3328009991132066473872609481514
33152,28122.8986741874289929496828908417375
33153,28123.5969579610843757887316168269005
33154,28124.4031214041939281838069987547984
33155,28125.2817444572529227305305825587609
33156,28125.6637079773295152880748946950348
33157,28126.0510188341614222828731850730483
33158,28127.4595535244789388732036717582965
33159,28128.4507206645482856630099107776248
33160,28129.1997163400424270868203003796317
33161,28130.0089013964468346413862682086139
33162,28130.3406980917970491740547938956435
33163,28130.9336330074481140767538106427737
33164,28132.0060540845237497512058208662942
33165,28132.5731458873085634625977224043026
33166,28133.3790599210489041582290806046117
33167,28134.3119420769675953640541121690217
33168,28134.8120687375342717029891620736886
33169,28135.3295004516381731389137963062179
33170,28136.0707775252249228772942530749164
33171,28137.4236956988930716770372827044171
33172,28137.8223071258114784638791328923762
33173,28138.7611810633425667449803191598117
33174,28139.5249003821370345298814234133170
33175,28140.5005530069918672079045123903246
33176,28141.0581738166141873823516192933147
33177,28141.5410827962883348061113166722570
33178,28142.0999430364493256641965145756746
33179,28142.9160048208038275164520527991283
33180,28143.4571602442744750463400164758355
33181,28144.8119207516501250091940072575390
33182,28145.3297839930420998829403353725720
33183,28145.9926785312145956487484541273855
33184,28147.1160160827148929586460370312430
33185,28147.8580705856825685489438302637724
33186,28148.2746912213565829369204488564999
33187,28149.0940021294500411140097364378979
33188,28149.8407025262757545693128479376934
33189,28150.6926346222298608167141743794883
33190,28151.3882801103274611643491995514087
33191,28152.0503031201006939213041881002486
33192,28152.7219145581867567755986380038072
33193,28153.4297486524899707554353617694779
33194,28154.0590223571993534038216685361228
33195,28154.6806548332928844984088986821339
33196,28156.3148316024414854303048823222357
33197,28156.8731777322825516819170967943476
33198,28157.6345346189820895667093698854800
33199,28158.0280602250784976763047022893899
33200,28158.6679216505695479795115264799827
33201,28159.6285067407248299868109299053125
33202,28160.1256270685290745775318628939423
33203,28160.9923954924426600286148885099164
33204,28161.7924241344541716953044446194818
33205,28162.1077324517108114114155464675257
33206,28163.4713087180573173666102633077545
33207,28164.1198953780937041893441862465122
33208,28164.8613404909415906951686297394847
33209,28165.4665392079880517812343739162851
33210,28166.2997175637359754943127272049441
33211,28167.2679179359529599542271638955685
33212,28167.8301391557241705346143805012811
33213,28168.8539055650448485883532728791327
33214,28169.1855797655553287280721533882394
33215,28169.9661093743430740712962710495399
33216,28170.3847154787712809272946876054426
33217,28171.3618106362450965075135875108921
33218,28171.9473651547863708882535835587607
33219,28173.0038420999497174304322846107459
33220,28174.1939534028997062826753442666415
33221,28174.5683489576211188176626730226787
33222,28175.3423541284694363964681023110635
33223,28176.3561700827938789734188011507172
33224,28176.8050073674894015194112549459449
33225,28177.2719098047645277961899902662492
33226,28177.7935703327231937587568569608018
33227,28179.2839747173218934280944179295219
33228,28179.7707430514182699055451267442428
33229,28180.3597676105902139287457870642272
33230,28181.0824968792173401576293524860945
33231,28181.6575037318499061012293146346936
33232,28182.7526305433205406593881045804404
33233,28183.8726363018331713345910782590683
33234,28184.1097101524305645702109366188754
33235,28185.3141733063329768916364723831798
33236,28185.7932460425871276316282024197181
33237,28186.4284198308381385063065990970463
33238,28187.4954069272236813238335152764118
33239,28187.6890055615103213203285786691177
33240,28188.3216209107501909563688349261226
33241,28189.3667096266644676920448390630307
33242,28189.8207677923131674402668477406514
33243,28191.0023110254530301748106683874909
33244,28192.1716102835167634901827149048757
33245,28192.5271682665458323641061310749775
33246,28193.3419438676013241869064721778937
33247,28193.7573702374045502356743165965089
33248,28194.5700337163952354123853603145862
33249,28195.6739886956097604502263194952223
33250,28196.2415376387928662218413776755461
33251,28196.9971661080256802913975187046105
33252,28197.2773734598759982769812798801069
33253,28198.6190139330117312745351080280474
33254,28198.8150156045669451636715008308268
33255,28199.7231161268083833035202578544848
33256,28200.5671747739417814261881540339088
33257,28201.4335651533207546569126560529882
33258,28202.6246005459246092576588618249237
33259,28203.2542943745401474637651917481454
33260,28203.8046194745954231396321878303408
33261,28204.1131525400275660625229153524045
33262,28205.1689859050863582488966126625990
33263,28205.7510596406743634293304487673047
33264,28206.2982515074734914456616403545064
33265,28207.3107783409820166602581741847581
33266,28208.1698778946693900857733045692928
33267,28208.8544074471152609238034402013606
33268,28209.4932024729021053143468955738709
33269,28210.6252282897062257376267737081514
33270,28211.2896061920101130712381346924692
33271,28211.9009672004826032804599475263520
33272,28212.4859300743955217216973776334052
33273,28213.5894604981694398592356321003460
33274,28214.0448640388678823659846994275706
33275,28215.0382662478495888715061599071304
33276,28215.6708236765036804117689851227038
33277,28216.1973164740774106822175371656620
33278,28216.4842058791280167014589407903130
33279,28217.4877580871385836282494609554367
33280,28218.9783712594910301249902975070308
33281,28219.5460354206743476792677330229451
33282,28220.1871597570716610387215064345729
33283,28221.0936071303032655974555334547738
33284,28221.5925825789054100472828544072925
33285,28222.3861578545879987700833326864723
33286,28222.9241244189351437740076102385737
33287,28223.7098300802189913656579707854867
33288,28224.3680554979869802531358628270882
33289,28225.3911774019818091744507546490739
33290,28225.9788896289702763850372380218971
33291,28226.6215475447515324251079715705687
33292,28227.7111369554294418438382170098108
33293,28228.2095846012282310004367492594960
33294,28229.0177178320811476653579068206309
33295,28229.9130557616203802325824244008476
33296,28230.9293860751152487993421550932470
33297,28231.4336347648490436781277125756416
33298,28232.2095868877875972898947530740235
33299,28232.5345570520678410585262264061642
33300,28233.2210565754622201319865419077343
33301,28234.2860928676998910269390259925193
33302,28234.9136745990692879424366895779979
33303,28235.3295429122639187930363180186861
33304,28236.5146078320364088817859834080604
33305,28237.7231995515489422322444075561096
33306,28238.3395167521726757087270632747663
33307,28238.7433997191549855057602887471771
33308,28239.6117739674887108704383501028378
33309,28240.0126675713007091296407390879529
33310,28240.9371285273386514061300249052521
33311,28241.7920316097881803354580967822115
33312,28242.7968367144944559448691282205242
33313,28243.0152036824508646353657809730339
33314,28243.8104535668002215034647416212408
33315,28244.4651836266240102300869029926676
33316,28245.5124523494202291809938230656788
33317,28245.9560975405146368201513009706275
33318,28247.6505459556646423052432766831933
33319,28247.7876368961594454892914356151443
33320,28248.3437509312649457792144803355772
33321,28249.5363712479281871604345357860085
33322,28250.0393091749941206895948343409101
33323,28250.7066023694070208036368833890243
33324,28251.2613883008254502981305637050920
33325,28251.7814030251060758703217563655263
33326,28252.6911205408654200353392351863752
33327,28253.8812144305188767249615637806572
33328,28254.4655218233348899540296088208336
33329,28255.4402188359263797100748738700309
33330,28255.8284783418882498463250932012460
33331,28256.7791427571050162262616488974454
33332,28257.5899178733159580327312440165460
33333,28258.2783334703871973037469751292168
33334,28258.8043439265624517675439745557094
33335,28259.7971771925708305617100179620385
33336,28260.4663264513528946391489522755934
33337,28261.1853260301922897094432185171140
33338,28261.5842516288478666519059252071665
33339,28262.6204157668180813080755057120419
33340,28262.9439704720627509413091204796511
33341,28264.2111094662647264902076250762080
33342,28265.2085026060057868675550520114469
33343,28266.1793658236058611160343156098036
33344,28266.4024383321849255377735442903915
33345,28267.3860280564860360271445742615782
33346,28267.6720371651751570177287811641587
33347,28268.3251120178459168075714320788550
33348,28269.4679789213114571042343163410490
33349,28270.0066314260150734896318226409031
33350,28270.8486416554606336314504902599144
33351,28271.5533620645213702176950139948027
33352,28272.0473522222939170490862332116963
33353,28273.5645941033264280919530645526657
33354,28273.8560501815436247074635482077485
33355,28274.7185510622969954674579812792919
33356,28275.0808887871198108263870772123817
33357,28276.4591011050581519165245256773977
33358,28277.1847439872990291247525070141175
33359,28277.5884781421145327828033056227741
33360,28278.1769408961973573226014793457987
33361,28279.1020167182738683739084061167979
33362,28279.5504730737182462060980680818781
33363,28280.1515771820389260739649636450979
33364,28281.2436076133453607598782473377198
33365,28282.3388338238903016814060085590945
33366,28283.0191276101805876858849112656410
33367,28283.8573485748702179117721273195285
33368,28284.3554438280371601213651246833395
33369,28285.1849609371589670049687096587573
33370,28285.7405181935384473711536704461153
33371,28286.5476099041994294001957135084124
33372,28287.1540337096521258698131936347727
33373,28287.9186627610558704310041143726752
33374,28288.8926015438704030451954476507706
33375,28289.8399679963231981854334120270710
33376,28289.9483104593791894224593455944417
33377,28290.5898707951303289963172168751809
33378,28292.0476028209656077913942760032083
33379,28292.5920566443334075687699476675747
33380,28293.7917725620495766150306598914655
33381,28294.0783337091219629528924786171357
33382,28294.8002768232244192319717456840300
33383,28295.4785148435465023842172151643678
33384,28296.3554600745211853310386915600818
33385,28296.9355317979639653769399121380122
33386,28297.3818948121537134725221166944736
33387,28298.2336999706801522743321977026519
33388,28299.1918050757244957506422837138358
33389,28300.1522249448640405073902822972359
33390,28301.1208051015101576020067758457106
33391,28301.5544957107606950772585884517363
33392,28302.3896192006882462215250934978289
33393,28303.0124474496042000316706170315795
33394,28303.4451172628352347228076472129128
33395,28304.6682010273306997686502690474973
33396,28305.5317161779134134812254090479149
33397,28305.9700271357251097153302337364464
33398,28306.4264846479482824574703708681274
33399,28307.2734612211487099485697028011635
33400,28307.9802808206974370669460940825821
33401,28308.9687165432890089973106403610658
33402,28309.7246615256252617572215868250474
33403,28310.5669811370541165406365269771287
33404,28311.7231750290656567756777211682132
33405,28311.9986919302229538596822194910425
33406,28312.9751873573940110377739027877060
33407,28313.3896322286415600043501539897110
33408,28314.0170116950085838637090385517687
33409,28314.4816831750620335245920803177417
33410,28315.7890367457011742976512297066773
33411,28316.4682608849317310294211215871292
33412,28316.8841922627067747343601391645734
33413,28318.0918266797376035929595918781979
33414,28318.7452977446237365791921098336392
33415,28319.4332941335335586880021130133384
33416,28320.2720643674422174210142317548507
33417,28321.0444596536578213025087650399630
33418,28321.7846389267503880144938012977636
33419,28322.4050218908352368412210897008783
33420,28323.2120158626777997749668658601907
33421,28324.0496222474271484314165865952295
33422,28324.4599325725744890002651700444561
33423,28325.2323743681948802033128158523709
33424,28325.9242288301756925382124233821863
33425,28326.3337590630468997200361366000867
33426,28328.1687932351200708775259341312273
33427,28328.7698297635298312306066150906523
33428,28329.3593069018101214185355437912565
33429,28329.7177737566933027729444006775530
33430,28330.6216581261039622020597496913171
33431,28331.5649083198541525538650428631719
33432,28331.9521699499904516307762427734444
33433,28332.6657339813392052248956695931178
33434,28333.6511731649894575951326376758954
33435,28334.2579493466312506880785864663513
33436,28334.9871795591303096097033499404238
33437,28335.8757604684809169876291780073012
33438,28336.5021033740280671384087574499597
33439,28337.5216536964240907722884602294788
33440,28337.9623668674384090657282769378775
33441,28339.2393790129813398348485075729625
33442,28339.6121214511460510236948106181794
33443,28340.6795863757457125511889248535383
33444,28341.1687543014380216961695032554195
33445,28341.5135949673736690493304836468614
33446,28342.4218700165602880876574407979454
33447,28342.9516087079651110222251556898404
33448,28343.9568387329922381194887405987593
33449,28344.8134057081492982095042942028289
33450,28345.6555227144617527447644319996988
33451,28346.3591326524278033628297668863001
33452,28347.6426706620729248610152418834924
33453,28347.9538609309773027963452424094554
33454,28348.2884076574884517046581262510955
33455,28349.1275783981984181821032734008820
33456,28350.0346509375498360151566273177331
33457,28350.8352362217508683005059074484750
33458,28351.8029376939952595621939914185477
33459,28352.1306334453207216945960124727863
33460,28352.7440835383407213547146638651823
33461,28353.5168486749637094524017869254675
33462,28354.3652412805873801037180499898657
33463,28355.5259465464159257808548562961397
33464,28356.1756604869031920693515388196694
33465,28356.9948134059734551400738287050624
33466,28357.8763136899590968034028292903832
33467,28358.1679789171157794666648172272746
33468,28358.8670368689281423081636938680728
33469,28359.7683585342941993618361763467639
33470,28360.5095108644086509961521071409902
33471,28360.8193445517927169576849531289550
33472,28361.6246299646910285589853751737000
33473,28363.0748375130066943292970616784299
33474,28363.4422581287646714614314745752522
33475,28364.4745569876321285869382085190199
33476,28365.1143441926954394739366108337011
33477,28365.4834465714552892695555381769793
33478,28366.5323402159573649978526962121835
33479,28367.5446989630348718115829147579232
33480,28368.0129707719341823120223804553577
33481,28368.6460458493061348686653491919872
33482,28369.3081483884675129283309693359957
33483,28370.2433674578719691185242437653254
33484,28370.7736977263882814928379642781615
33485,28371.4163317742602358483145222678319
33486,28372.1024668308029655342303883274941
33487,28373.5229270958182281511848504288448
33488,28374.2518572604714757513402669395547
33489,28374.8419438663888497567774259890605
33490,28375.7094799595792309493101132386087
33491,28376.3057055322239350527940134695776
33492,28376.5863869115525657059807846566252
33493,28377.6089252945736289166321659297250
33494,28378.1192098485408153460705103101518
33495,28379.2828003998420959930469343759134
33496,28380.0991825515759594519242593603008
33497,28380.2785210213844616377101141586902
33498,28381.2529915260253945650542799543038
33499,28382.2625910673681729965145299420580
33500,28383.1767912731424287364801390478777
33501,28383.6219921892483173689444907109076
33502,28384.4580834032353075273488678992803
33503,28385.1183167185202916270388539647838
33504,28386.2004613014469495532347842603234
33505,28386.8504303803072515742455731023780
33506,28387.2122316597288849487265431594409
33507,28387.9046749936827634927399232420468
33508,28388.3729063723545601308331935434972
33509,28389.4956894998749973700872610069405
33510,28390.2402868749548278943586967985781
33511,28391.5184650505653574536835189012072
33512,28392.0743153816098488843083233464595
33513,28392.7437050001642339019796524861760
33514,28393.2834552760377055237079294030434
33515,28394.3796459665918756423058415298737
33516,28394.6233436646961983699618136925743
33517,28395.4158058906983335321610542569400
33518,28396.5735587100415124815577861821338
33519,28396.8447267687034609924725988291614
33520,28397.7727186734539306885835041501977
33521,28398.4457255353558009541093283836605
33522,28399.3302927251924531700526231404974
33523,28399.9743558887699501953900573920947
33524,28400.5579239625433059513978816242464
33525,28402.0227792218638396798588621194153
33526,28402.6553905755795302201880078375078
33527,28403.2932950096947469319561597858755
33528,28403.6119659843866971288570351178046
33529,28404.5311023291355717030323232495583
33530,28405.1797077694173797253306537865581
33531,28405.9001719138253878505608652655643
33532,28406.5493177720265397379621883781163
33533,28407.4228887563814488752307216342108
33534,28408.0160614980957646356777538651825
33535,28409.4518829480013661364012414072860
33536,28410.0202345395379955741871242760022
33537,28410.5030930963632951200360944185699
33538,28411.2970319315789984851281260674242
33539,28412.1646573373106124073580893912141
33540,28412.4326562316441015141855683285289
33541,28413.9401437951640674667066614872139
33542,28414.0932896870483027622837599884400
33543,28415.0575728931391856290840518277523
33544,28415.7211685791263250511815487352363
33545,28416.1447594064234134521878857264403
33546,28416.7677273126636739068011878354688
33547,28418.1276997019054197594962215975827
33548,28418.9589361125362696702574473080683
33549,28419.6575099584944210419310816546053
33550,28420.3679244160571872795383047250468
33551,28421.1587776572416536490719302218836
33552,28421.9021073841516765378890841957818
33553,28422.4165906499594433461947559870109
33554,28423.0724722622606451253622595950266
33555,28423.4838260385503588699565523661433
33556,28424.6372241160199901185469685534682
33557,28425.5452395105263420241584424593840
33558,28426.2642120236694501625228691084251
33559,28426.7568969054925413948927483145388
33560,28427.7333668169343393799000087976241
33561,28428.7062847863046997467548913744236
33562,28429.1631955519064000160703305690542
33563,28429.8833990602922683879797633186091
33564,28431.0015123218925455452126873532461
33565,28431.5663554633339815994840227422505
33566,28432.0072448027816640297352114083185
33567,28432.7912802497469459689342225925600
33568,28433.6946905068734647432070689614559
33569,28434.2731518598231827753639740539290
33570,28434.5825119842642559098230078871421
33571,28435.8353951489362714344984732371931
33572,28436.9226354367807395925217058203840
33573,28437.8543594447067826720595878269142
33574,28438.4229810805769394027877201489239
33575,28438.8728017302134173067986114371102
33576,28439.4579942643724878647733427307666
33577,28440.1511526556570445922183799337852
33578,28441.2667232858963216002684420343644
33579,28442.0597193712813005927398721695663
33580,28442.2378459554544571366532925453761
33581,28443.3354160640362991807266478971619
33582,28443.9367526048241563628021002456236
33583,28444.8497185589023594090616157835956
33584,28445.6798322708482713694584589134034
33585,28446.3117842156098117244642616891214
33586,28447.1971457378450769249351404785954
33587,28448.0331012332852529127267747391274
33588,28449.0174972134367586495161824906139
33589,28449.2437819740985516993518885743783
33590,28450.1619687854045179485715700669348
33591,28450.6436420934644609934757969263482
33592,28451.3203959350225748649492371535215
33593,28452.0052671387474007506736609397907
33594,28452.8122576353933666506856482441499
33595,28454.1404322455946093275701550329654
33596,28454.6389076154063431802282415589147
33597,28455.3721334401852003972501329573792
33598,28456.2749748551309424707557237843402
33599,28456.8502419041692786028672045261361
33600,28457.6586640889602959220031556757910
33601,28458.3224924524543858908500660829958
33602,28458.6347200117441255426541264432850
33603,28460.0407999366528540730426932217891
33604,28460.5994397387969220913710321551463
33605,28461.2678569733426317621350112223634
33606,28461.6427007416102302726113235197428
33607,28462.5404463498851271793088056452534
33608,28463.3191615623258169650810524221105
33609,28464.6300714013664454290989292788542
33610,28465.3535876504610318412202470670140
33611,28465.9124721041275499164046772562104
33612,28466.4806193178997206384943051766786
33613,28467.4294310576461973518485716855973
33614,28468.0232941815934935421788729393301
33615,28468.3783653907209525549488366575322
33616,28469.4073848472832286829542894546882
33617,28469.9933605043116088948774544982350
33618,28471.0028345332670098328220684544451
33619,28471.4611037161731749437402973567294
33620,28472.8081516615234574513303187898450
33621,28473.5882699612711680870936158303092
33622,28473.8579474622846007350002742602400
33623,28474.5119331958262071403502031845677
33624,28475.5012684097323323348199128062179
33625,28476.5743927741249391639128749054594
33626,28476.8873702172098944171031597618843
33627,28477.9706840117569580906143004568621
33628,28478.3580259729655382839501840202215
33629,28478.5607251459131842238668467727785
33630,28480.0840135190571784445142036192893
33631,28480.3631038765681203121211258958741
33632,28481.2145496351739103802531456156914
33633,28482.4876268933010720488627960147619
33634,28483.2375977847782578411321696789314
33635,28483.9186506968183462022691075124371
33636,28484.6372615698600207322169315885960
33637,28484.9303879645352151529619937105339
33638,28485.9776179967940173096862650504578
33639,28486.3132537175572646226339863018091
33640,28487.2637800331646873686569099043077
33641,28488.2546434174702972254596143364717
33642,28488.8121884310058227463659887674777
33643,28489.6232392060448200243595406035690
33644,28490.1612005872034444131365700005408
33645,28491.2090227907558850983225898317683
33646,28491.9682050261873156232570999163379
33647,28492.8404624047879019451842114714202
33648,28493.4865374964250268946368803801096
33649,28494.2476631028660035085890532193969
33650,28494.7600494032173765699666834737489
33651,28495.9161427572210606745399726408013
33652,28496.1691352410048547985683829385385
33653,28497.1030662701065650812801565257772
33654,28497.2760060634396446238268069921226
33655,28498.1473641653882067605549031718516
33656,28499.7773485469593808755697919691150
33657,28500.3088756294124115845967490726951
33658,28500.9225233867088914718204063642622
33659,28501.7469550180336684134577858360931
33660,28502.3762035243220237104430486961477
33661,28503.0063532468205403850789405974630
33662,28503.7148005489119948570181947784745
33663,28504.6562866992505807679960871802989
33664,28505.2566214416240306710847631270275
33665,28505.9685643326465886547131483729192
33666,28506.7209047165156480170352233387979
33667,28507.4862836228256018116204067041415
33668,28507.9982420711834595488158516379265
33669,28509.1558336771081607904250491111245
33670,28509.8637218869675889612968962089946
33671,28510.5185172093984919447407233978599
33672,28511.8806403485236174296426762669310
33673,28512.2282777983785827723735926425724
33674,28512.7223982922970713932899757135610
33675,28513.3204395244283148893434985326556
33676,28513.9766892983117034913769332532092
33677,28514.9196666344382430596819607002147
33678,28515.5665914597441830194380235369393
33679,28516.5304824512439266337769856596779
33680,28517.0020823069174879668051263361413
33681,28518.3634673803133021550965839982003
33682,28518.7715442013881735740199782843416
33683,28519.9080099432605859605219634618319
33684,28520.2007309015967963346772540386357
33685,28520.6180012590878449879371303417077
33686,28521.8435323326017815485740286101943
33687,28522.7801002969893472297966854484896
33688,28523.0841368874613157290801740052269
33689,28523.9690338716901680752786028848540
33690,28524.5334911121509353245367148995045
33691,28525.3981987876654835174611026096554
33692,28525.5945307507009333869141705956396
33693,28527.0462900126831253943929405126529
33694,28528.0663819795760328998622150347304
33695,28528.7982833613294247322977751480991
33696,28529.2751420439639578585391097847930
33697,28529.8366844015056501208610135583164
33698,28530.8085840372656108158298715021196
33699,28531.5914709532059932703125422590001
33700,28531.8589997593282956083829465509145
33701,28532.6019873646099413089586807816772
33702,28533.5554144707354793920939719615078
33703,28534.3890408805392750966783077878043
33704,28535.2555169993466450920703097873611
33705,28536.0084209056708413620629333971076
33706,28536.5741172097334936277950022268734
33707,28537.3018083619891287011281625613847
33708,28538.4768448655082903749770933787586
33709,28538.9088129074872907807142064038586
33710,28539.8432331019558261669257377511156
33711,28540.3718986500574076733202687885146
33712,28541.0962035133008408880023079539646
33713,28541.8978489896208870005806346103078
33714,28542.3454485380805819438025953130862
33715,28542.9873277702382181811556453463817
33716,28544.0621966161899723091501941439119
33717,28544.6633716923214043672915767149205
33718,28546.0339309764563241997877120701503
33719,28546.7191584326078907620901831989282
33720,28547.1221342742536778939968757883454
33721,28548.0730422403959501323040052082955
33722,28548.4200541781173404642439898132877
33723,28549.1046269193442007723089826535978
33724,28549.8836295095711045187282005933555
33725,28551.1513505413658738618626292521730
33726,28551.6792034922897386533133077751329
33727,28551.9629626930046597987958647811022
33728,28552.6960020284815197118010386029048
33729,28553.8895173607567605807208812137033
33730,28554.8501746757657042742734503888801
33731,28555.1012317352455806454521070429407
33732,28556.2467542845368486272199403292652
33733,28556.9658735715914192813386797272555
33734,28557.7385333372695221282640863089811
33735,28558.4274441660156735586787373748421
33736,28559.0953428497771387639536784968236
33737,28559.3967815856428524677875155532301
33738,28560.3860413276530296144613518437205
33739,28560.8392016598474938486444352768181
33740,28561.9755692537629222422580651971999
33741,28562.8737265949593391246578723863389
33742,28563.7960630007202027862089880435915
33743,28564.5099805385304542717396361628331
33744,28564.8745462534638005710297608289188
33745,28565.8049140244485592198046998335782
33746,28566.5198153690644737145224840405793
33747,28567.3035737477124439753832807652262
33748,28568.0084599834943510400824419736990
33749,28568.5394805836724625758182886596069
33750,28569.5050316765363426722186216445634
33751,28570.2830257487925607560668720212877
33752,28570.7646052568564485491665471424977
33753,28571.3715829142083131534358009959087
33754,28572.2470847994343272293717854929846
33755,28573.7820022014104184945358495030465
33756,28574.1614792409892662168536040889776
33757,28574.8422220460617449651266329682206
33758,28575.6310231070194941397713480772451
33759,28576.0836278462659054430521359143273
33760,28576.6986110433221221316909962198469
33761,28577.8207748674624733879883240334413
33762,28578.1487405196687144447851729930648
33763,28578.8578705577631497601265547386716
33764,28579.9902542621941232528369237559950
33765,28580.6680119076607668147614046020172
33766,28581.3902998660202163004242829262556
33767,28582.5088316750498035886768916965436
33768,28583.0314706591315331146699097407943
33769,28583.4851324423907391796257095477649
33770,28584.3263398881976460362791435837140
33771,28585.3132078351492337608918094958111
33772,28586.2442170482941567066136396350231
33773,28586.6482881624813608835521283717661
33774,28587.0864097759618291600006373808884
33775,28587.9311019174482797893230296136933
33776,28588.5049564241622567407503310531607
33777,28589.3991002648776656329035132114677
33778,28590.6689188443309689864031183677731
33779,28591.3149799022710265767765511322684
33780,28591.8330071278386148253403558220675
33781,28593.1041183276980490796612456490430
33782,28593.4443797507319324220601257160372
33783,28594.0294239295135063803381628758742
33784,28594.5376547524368838658139164064137
33785,28595.4508576930594161484355976711069
33786,28596.2761464135407976138807616683126
33787,28597.0844189569374904006045967354438
33788,28597.8237967782639903302553018147997
33789,28598.4353982008945601435442363972164
33790,28599.1957412453884708370304548003920
33791,28600.2843488282427928140151355008688
33792,28600.6261336280450735620431951708265
33793,28601.9289031883090106054679735590677
33794,28602.4350574924508371276281612036686
33795,28603.2069408679173441783226875915763
33796,28603.7369970176528117438908231588380
33797,28604.4466400278452498280452993804779
33798,28605.2719102401445010971986704659929
33799,28605.8158160688073819354738194813324
33800,28606.7176460900837009090128812422956
33801,28606.8777524250901489589749754031904
33802,28608.5055525508058157552050494137875
33803,28609.6033120699272757003748521455223
33804,28609.8963253965311983355247042784238
33805,28610.4797330015125694963064525152524
33806,28611.0865163826784044256930219432740
33807,28612.0654429090364179596972352447201
33808,28612.7096058004931787782012766186774
33809,28613.5220769769670424724886012664301
33810,28614.1990858283889630350861157284944
33811,28615.0808918011541662851443428454920
33812,28615.3661973494795473222991663610429
33813,28616.3662950184160802315080062504542
33814,28617.1029386352407873620669062657320
33815,28617.9742634826407766470315944748188
33816,28618.7966283164037240647793369603597
33817,28619.7667657824548254560612317109877
33818,28620.4775984639687817005987330854071
33819,28620.9233075678820753920760800135425
33820,28621.8958741028978989959111217495420
33821,28622.4767794611538905574553734060788
33822,28622.8564840155225512016257299501028
33823,28623.3429924257613588321483370750176
33824,28625.0500796312432405726499712428852
33825,28625.1189992865864133199752973315085
33826,28626.2179018443052977683904409670148
33827,28626.9235571321044705421982064888340
33828,28627.9301382555888434359667535658506
33829,28628.5097950182336151019779076406718
33830,28629.2034293599308919235976974472921
33831,28629.9156047187698499507626484475787
33832,28630.4554573457183409592985192540497
33833,28631.6016395824336620577266879131661
33834,28632.2883645278754518873645624162837
33835,28632.7295231352395842816161923906073
33836,28633.6456722104168681133143536783133
33837,28633.7779702083209302130862544921234
33838,28634.9141060879056892810205999174004
33839,28635.9519142149996133058647911143505
33840,28636.9401976091803324493279740511682
33841,28637.7655971476375521142060706164362
33842,28638.2514265358307344491463053976211
33843,28638.7428078710468103648484672607271
33844,28639.5169852934461003874150401057211
33845,28640.4335712900446591574778035177374
33846,28640.7797241241529943355562645204509
33847,28641.8553259003681067300627397240078
33848,28642.3742229671477077131327574621481
33849,28643.0966466191670431889563357270890
33850,28644.2389793798176210790010998771692
33851,28645.0681002686888490471236533726910
33852,28645.3634897797803679776936398818177
33853,28646.4762861958806661414477338321744
33854,28646.8270604504483671735863490401854
33855,28648.2323696626484942429355500426322
33856,28648.9372265049981515861441382371287
33857,28649.0920639673345044376714497450814
33858,28649.8060722651794735523725958335391
33859,28650.7839891875774477606162652487964
33860,28651.2653064035514668600744816415719
33861,28652.1510497410663726288006044120936
33862,28652.5540478335646724308373399466147
33863,28654.2097340609671751691787886333161
33864,28654.5198918822779467414985236204921
33865,28655.6322105004957778282063591851231
33866,28656.0731353490826031670581730101232
33867,28656.8791091401660056731661295789856
33868,28657.4768027094494671471111000931879
33869,28657.8649698309917058017301265240270
33870,28658.9749260265055068076810645020988
33871,28659.7945813493415705385963387179957
33872,28660.4826413776445942260579213406944
33873,28661.1872758460672134101900757213928
33874,28661.8128868399602549231066085702972
33875,28662.2761043569988053802509170005616
33876,28663.7735423821811161811319405076575
33877,28664.4626904997782212515524654135858
33878,28664.9931596002232954122442318474354
33879,28665.7254941410562020650316793023478
33880,28666.7448060466213578110203431745462
33881,28667.2253877502108499106829862407131
33882,28667.8718928563193037859072949086634
33883,28668.5771752563974236117210374040022
33884,28669.0438257549290088504949542013522
33885,28669.8053074108576052086461586999337
33886,28670.9108438319213970486791584172259
33887,28671.9489200682619455048363768887880
33888,28672.5287123710363671317120051463803
33889,28673.2882537668149360914061637665228
33890,28674.0403145670656905041944044654268
33891,28674.5558330945352276740730513950524
33892,28675.3056480890358468934111122244847
33893,28676.2630874680548595399702586998727
33894,28677.0824187204836479453611539476242
33895,28677.4229560520937947465919007697312
33896,28678.3817871381240193913618122524867
33897,28678.7680196647021062742177227920853
33898,28679.8964148589662940702087687597854
33899,28680.4249538018229677803314186911318
33900,28681.1319255939388836916582357245471
33901,28682.4098731528132412981971826554001
33902,28683.3424382683946680090085854036192
33903,28683.7354953763458047368749422114334
33904,28684.5074777142913742285545153747640
33905,28684.8685203031456893945920318745785
33906,28685.5979307439514261043847349967964
33907,28686.4988632006380019548783619855485
33908,28687.1698643004662896503770219138001
33909,28688.0131817901280739310725408304496
33910,28688.7447850297866951589784430714624
33911,28689.3566480281687182865138303850878
33912,28690.7480015605994256498979763473364
33913,28691.0909029545308544083160134202585
33914,28691.7008863200605509633084384984572
33915,28692.5696096503965488381680905251937
33916,28693.5502947452329739086439863841478
33917,28693.8963109182576734756532040151442
33918,28694.8971340270947908365031881739126
33919,28695.7842193762418048196942130214532
33920,28696.1238722429712827391895153490912
33921,28696.6147384598899362997651833223036
33922,28697.3656258136868371447209036131934
33923,28698.2886657469367335395769810825235
33924,28699.6117109941360649000922911240390
33925,28700.3719531841378884251975203779876
33926,28700.8111664854465830726604314819116
33927,28701.4841629665305825997140427092056
33928,28702.3589746787962931581352564593138
33929,28703.1640293306864807480025019206627
33930,28703.5133486591269751448521184331646
33931,28704.2401850646109065924323187486288
33932,28704.9715459415951329957850262907920
33933,28706.2825858780876125457327991987896
33934,28706.6826745825838172505984433550494
33935,28707.0366337340457530512120695338104
33936,28708.4138775659718614842889242018052
33937,28708.7978527952757876856982643203571
33938,28709.7244143305039020744303386618821
33939,28710.7718048002765570481439305264091
33940,28711.3330706229771974859477391656341
33941,28712.0345316932516890593754044004033
33942,28712.8464073196490048399220063313894
33943,28713.1193646267190782561025488599885
33944,28714.0517118544595199092127616855850
33945,28714.6755037982655990626808325838303
33946,28715.4684895952769945827595826024033
33947,28716.1729878129681007855669526455675
33948,28717.2117418873377972326438781447890
33949,28718.2954270201483939105680373964617
33950,28718.9285362987220471168560850777233
33951,28719.4905448023067119265953683317263
33952,28720.2120620071227536876869355573983
33953,28720.3700201111248084929700021606379
33954,28721.7245257642137062077551606905460
33955,28722.6177840036128722023464443575216
33956,28723.1179202244843856072993712338751
33957,28723.5950147033477700688051488574168
33958,28724.4310288387652177482761289308136
33959,28725.1875281814490972162643837186936
33960,28725.9246607102991775284418942561343
33961,28727.0255357875882376474217404644343
33962,28727.6270545656073835516078195244190
33963,28728.6999191950247744161546049622916
33964,28729.1329199217010236107828016884163
33965,28730.0960706918595458881009170018761
33966,28730.5746769913723737200909328967892
33967,28731.0448250006542257107682290025052
33968,28731.9956221292372617685443861620848
33969,28732.4785139373696814744024523662358
33970,28733.2307549176377316598219254789310
33971,28734.4751513443994561710704746743400
33972,28735.1931322693155977208294296378904
33973,28735.9113431694815503122495642959353
33974,28736.3637344394121880437412917528090
33975,28737.4792819821600773497632764648240
33976,28738.3323203627856184105714629692862
33977,28738.4941041005717129743047690164187
33978,28739.6567145223258855060277736206846
33979,28740.3213259657249322218438981185761
33980,28740.8176254582916975063238850132730
33981,28741.8912664292856549402888384363538
33982,28742.4467483855317986020153879852829
33983,28742.7838516938642818558920553030739
33984,28743.5324007279052961998115969828964
33985,28745.0780156012838015133709927073718
33986,28745.8385099731432515670913227728630
33987,28746.3808728450644591957119216748673
33988,28747.2674475432505278320687809991587
33989,28747.5366090680218362002306395673204
33990,28748.5925976400879616297369258115779
33991,28748.9053767013792925703597237334603
33992,28749.7424471224675330552766213433336
33993,28750.8586442986062554447507466991275
33994,28751.2858820010389191186627544410304
33995,28751.9421716279768623746969267896292
33996,28752.9081852542034245962348896485460
33997,28753.8356607989440106414833339263493
33998,28754.5594601437580511727410955014877
33999,28755.2905116851381547098002927219793
34000,28755.6188911894159496953037341728196
34001,28757.0601096351242248915174678057629
34002,28757.5454160920462399038149307756471
34003,28758.3853246671222583738563541411880
34004,28758.7177297812913567157456626565004
34005,28759.3080684777811090418177947049598
34006,28760.1298322554955092723026184187237
34007,28760.8486767481946210189859964456160
34008,28762.0004154786212738050442660311621
34009,28762.4800828566026403118008292194140
34010,28763.8820179627370598438043762961818
34011,28764.2333655602293347789871860292020
34012,28765.0022433715706472701430357571948
34013,28765.5243364437492504527449302709980
34014,28766.4171647758458884640516578287783
34015,28766.9126438062550743708743433154392
34016,28767.6398671917285554660796650345520
34017,28768.8500145018038032018152287166975
34018,28769.1489639242314743483062979261589
34019,28770.0709968787266156824438594840948
34020,28770.5723697683959859288339987442578
34021,28771.4140238873909067175595681844739
34022,28772.2914413582081473120540920374861
34023,28773.2717723142712278917763521305977
34024,28774.3581888171400372965329968343192
34025,28774.6459425896122466999309822012381
34026,28775.0751752951403213940239751173783
34027,28776.0147040265534506182187776603638
34028,28777.0799216853917247766914072833569
34029,28777.3089575885532176904899114939943
34030,28777.8246911900907283191978682607584
34031,28778.7223733479910711488602481315071
34032,28779.7036322174394106457362101819102
34033,28780.8151080771363486734905449820350
34034,28781.4811618651854545198434495308554
34035,28782.1529236690298649364349063142526
34036,28782.7055284070870254788216829090755
34037,28783.3620274997205321661125714089387
34038,28784.4191734311866863448352413172029
34039,28784.9393910827067764995738432494962
34040,28785.8077092294670708601191556606433
34041,28786.5333602805710374977271206053390
34042,28787.1576646271717200912121764762896
34043,28787.5792164945664169367555896400276
34044,28788.5416350186735642943721064273436
34045,28789.3115222220506795443886067355396
34046,28790.3461547088960692477073216575045
34047,28791.1005775040891935947827105442390
34048,28791.8790031744134794518394862488737
34049,28792.8718738937063941443082591669037
34050,28793.2828556076909597419497555194677
34051,28793.8404348335700093286790326587230
34052,28794.4005691157968187336795813092676
34053,28795.0629617902509665487319702780040
34054,28796.2233859857996456804826341519204
34055,28796.8503965354594578127832965189097
34056,28797.6766109613129389579603221910024
34057,28798.1879478641448410283705739073385
34058,28799.2234428916420347302009172949076
34059,28800.2146231783604862524539991061366
34060,28800.6836627741733103863227402135678
34061,28801.2483733557817770726848553354393
34062,28802.2629883909761815895338614378614
34063,28802.9478798293951186615816698289237
34064,28803.9263762327997746677062307769658
34065,28804.1608820292158189762311125304531
34066,28804.9188278259133106960793790016836
34067,28805.7670017562360220597487228885269
34068,28806.2984836599399234152188851667456
34069,28806.8449232704926966493489282302414
34070,28808.6834763821364330609116412662756
34071,28809.2025125394623321144271272824956
34072,28809.4976483095923149680173390792870
34073,28810.4973618981434671475657135302718
34074,28811.1748012205643393664043726013027
34075,28811.4851082093020144393553089468057
34076,28812.8552369637379080094274817474138
34077,28813.0387130221602197908011019880197
34078,28813.9456802951621623986772099999469
34079,28814.5682129128997597267131041060825
34080,28815.6570074639919741238371853777578
34081,28816.2372620608345891404305982746435
34082,28817.0115475652057564541827320141469
34083,28817.5927564611526045558051948811253
34084,28818.7009486075351796397550652977837
34085,28819.5175225459896029143026357225662
34086,28820.2293505033644889453966376178529
34087,28820.9010411638431936297521045714147
34088,28821.4664981190524316921209559172946
34089,28822.2572416637342153952648468638079
34090,28822.5734762825108926596616305801258
34091,28823.7558318373518992853032243853342
34092,28824.0425040084284075883181168172015
34093,28825.1837508836018483305444384460476
34094,28826.2365340214330030554632397936061
34095,28826.7701160103310915948277882307972
34096,28827.7615330998072584132527120892286
34097,28828.4317950975301838120542841970678
34098,28828.9046286166709576194760058482103
34099,28829.5416331383189856502486046689776
34100,28830.2192026352138727897747931267527
34101,28831.4319726753589255514108590125787
34102,28832.0475341492136436365626404326946
34103,28832.6624467801281976840400303370876
34104,28833.2298873575482075559219055676483
34105,28833.5975477257365750320538672105187
34106,28835.0724525827839240462979550313970
34107,28835.6662232466376026196699002806726
34108,28836.7160747070307328709274569498771
34109,28837.2957476124753818007718214411812
34110,28838.0504788427276135725660222249237
34111,28838.8363852835226427849515596917443
34112,28839.3019977039017537894407831646632
34113,28840.1496675004468672448023405223822
34114,28840.6326467007109846286859652047544
34115,28841.1763254977848928550537469465507
34116,28842.4778763639468989884422609296769
34117,28842.9340803721082318094643372981414
34118,28843.9621549288834072453508727023399
34119,28845.0249329901736173633069140699598
34120,28845.2991827845496114202728715204834
34121,28845.9277371278715135402409579796028
34122,28846.8684213175109944668276079490686
34123,28847.8456557111407283989413151175709
34124,28848.5894747896180371254374347419806
34125,28848.8453379030683169126109240828445
34126,28849.7041532070247296793354314920672
34127,28850.5876452108944003432455493423572
34128,28851.1688953153333972641212441997913
34129,28851.7454456246174068620455536788695
34130,28852.5560781530771955563470449556420
34131,28853.5449846555193152710505046019383
34132,28854.8493485332725959788406262466912
34133,28855.4573748856122480497294047974034
34134,28855.8115182650904042853432140692295
34135,28856.3000248549519198965719006073668
34136,28857.3794608621822524633220899312059
34137,28857.7854213490893578244598618225376
34138,28858.6311809492701016530209052331007
34139,28859.4405733267045129438621421602757
34140,28860.3279332394435158092351825551420
34141,28860.8156498596543840266684632047271
34142,28861.5903620420335410874203468812915
34143,28862.5930365279135976089490769451352
34144,28863.3486471827912727254393135773380
34145,28864.1103708881556370552866146711554
34146,28864.7340666318537652912733582288505
34147,28865.4851181408887727003228893696719
34148,28866.6326963126472378146511529314120
34149,28866.8808930850873882349843618859563
34150,28867.7262543000406348399169044075621
34151,28868.4298388555341463179028427037547
34152,28868.6256267849878627368950639173856
34153,28869.5112151208984043063514875514524
34154,28870.9065675991623924552444514020122
34155,28871.5563027489691980034112955730203
34156,28872.5044533740696904406148257249793
34157,28872.8563429045389026935308495493160
34158,28873.8878140313053266944600115039660
34159,28874.5518006444672052064652101240483
34160,28875.1211330994309678407011214950287
34161,28875.5166268285766837938019272257773
34162,28876.8035207007695510715005608091163
34163,28877.4318957162994396715765988258680
34164,28877.8882703760477670434990601266364
34165,28879.0362407504864481856692713160628
34166,28879.3087389617830736049316252730716
34167,28880.2240766058258490761120295023306
34168,28881.0806124621378961476786911769370
34169,28882.1898436236831412526064478317623
34170,28882.7594258580692538857681064326600
34171,28883.7408696023547777942269121764410
34172,28884.1844176255185274843906250351825
34173,28884.6338261281546991620041735589815
34174,28885.3849532753204508899878610145915
34175,28886.2183617380929186048380310964270
34176,28887.1963720554034618750631922653839
34177,28887.3503441486607209231622746714327
34178,28888.3104805981482122534763348693618
34179,28889.6560617598475196018121320362648
34180,28890.3203528526468723366993336877540
34181,28891.0265147458600927887540969522921
34182,28891.3850425351041692460831782604465
34183,28892.3189699510070013471278369894638
34184,28892.8530236446830377751998847278116
34185,28894.1156410631556972812610747882381
34186,28894.5797521466302161201736903039823
34187,28895.2565939713737950413330322331562
34188,28895.7363308584893379368190478076635
34189,28896.6394537628841894507620323699817
34190,28897.2941865482852831024833987359687
34191,28897.9449963585530435769071220184266
34192,28899.3289203153701261296927322978786
34193,28899.9295228616506879211877296962824
34194,28900.7884407448379809545018487307339
34195,28901.1831688190619573129866514882713
34196,28902.2856678574748576069681187062044
34197,28902.7461511442609260052657847370569
34198,28903.1894977748456661830390748844331
34199,28903.9621409981061548018624025188062
34200,28904.6457502749853666765479637609353
34201,28905.8880361630271466171219955962114
34202,28906.5413379136798370399336070914588
34203,28906.9775908624258091218908752764928
34204,28907.9251994584911800182242408546727
34205,28908.8487587181313390145128728258683
34206,28909.4837866667723010308393995280422
34207,28910.3046262447196529221378664739252
34208,28911.0865694171144127631226520201592
34209,28911.5649574221957670129769716492029
34210,28912.4712482888185425179687667157400
34211,28913.4317930446175298394901831025863
34212,28913.6225445153977164871019438710056
34213,28914.2647459343970259551770362044046
34214,28915.1348711091870706546701741309858
34215,28915.8550436312400411244540548180703
34216,28917.2744944472028820458407789354295
34217,28917.7856359063456015913767982956574
34218,28918.8415587562461919355361510447542
34219,28919.2158787971427712854262622457869
34220,28919.5820035399967582684561530477214
34221,28920.4724696716009415995209601439357
34222,28921.4115742793845767140631612628596
34223,28921.9874298681997544637408112399415
34224,28922.8660936153766374499329090151611
34225,28923.5322366108427524847293039028912
34226,28924.0310738150562592507852548174295
34227,28924.9388435097900842198785602371323
34228,28926.1760227724438623669806394489957
34229,28926.5513761363027444993509792088724
34230,28926.9687708594431902537317586020071
34231,28928.5184875007250233404009955412791
34232,28929.0752530454530024249591087686234
34233,28929.6031884819113909171451661265710
34234,28930.2564652492165451793034593215889
34235,28930.9709356514285332455538344967200
34236,28931.4127656523327394567591281203397
34237,28932.3888666726020555162787231222638
34238,28932.9520279036814885322876423792997
34239,28934.0211454921170273327373528568400
34240,28934.9369037997728007558057600372342
34241,28935.6430192724731891493060407585866
34242,28936.5159314031825688694394016125399
34243,28937.0053308422797651763092397899386
34244,28937.7928211210608847697881823013238
34245,28938.3360197684761727697056005323397
34246,28939.3894338007500095867040474486712
34247,28939.6703833659490674411385794971439
34248,28940.9298285456763638083053742915322
34249,28941.6189868383316892459745420483185
34250,28941.8136717552258876963141659017440
34251,28942.7921376826103912384298470296210
34252,28943.2198665622977911430908713698479
34253,28944.7820783572508029064098806880444
34254,28945.6515048666202977774178355223986
34255,28945.9333147215189337684840579951768
34256,28946.8201805846850562240905717703437
34257,28947.3729366165933407805158835754624
34258,28948.3952918195034029823277659986131
34259,28948.7054119720934887039247751432990
34260,28949.4232887904794899401537572004212
34261,28950.1430134183539261530561383593875
34262,28950.9801846385224848887452708017435
34263,28951.8428083783897867740085218027699
34264,28952.9499340577672069964021450525270
34265,28953.3331153894023888002337683668030
34266,28954.2309822573253742784414586616044
34267,28954.9740257775231994232758388333020
34268,28955.4965335732800622457232609408423
34269,28956.3592383045959892881188070927877
34270,28957.4962565416970937253977895284476
34271,28957.9163795863330971036782677341031
34272,28958.4912141792849485793674666853210
34273,28958.9420301135451690087360204089844
34274,28959.9575472158813188580560334508856
34275,28960.7234849775305243503468868333124
34276,28961.2672807925793651863115941882402
34277,28962.4610291645700023767052040792950
34278,28963.3246552699018867609073581978771
34279,28964.1367779716113891870515435008907
34280,28964.7745171964521079206449962348448
34281,28965.3621002691294851899004201560675
34282,28965.9293449179362791757119658888203
34283,28966.3430771512666236474066882989008
34284,28967.5150953220014250152632380112030
34285,28968.4491891127453323663985270809597
34286,28968.9360100487294786541386694131905
34287,28969.4155215765693797612007316526188
34288,28970.6840747318883832438830315290250
34289,28971.0793971356617112770340764675173
34290,28972.1135287818706056501255944168121
34291,28972.8966671842951614436621127196503
34292,28973.5659730086809199340541552886578
34293,28974.3623595738857581740876674261641
34294,28975.1602094136142579400992596943255
34295,28975.6694514758003736471374234232176
34296,28976.4477178263383779811991784122499
34297,28977.2958040604048853793138306117259
34298,28977.5469792446909138105215501226516
34299,28978.1521079475014926071292646548610
34300,28979.4096116849586333303955129937794
34301,28980.6594239334032644321543671348673
34302,28981.1917058882973053342909234676408
34303,28981.7903210741972802395861158615703
34304,28982.2417429330989968637685688561264
34305,28983.3197626814199974332160118156061
34306,28983.9642044927784992762143299873744
34307,28984.5706067467401991224887480344013
34308,28985.2850158037836144218887447723144
34309,28986.1057236373434355592819755295323
34310,28986.9233528481551196134436701162017
34311,28987.5514654392320467330477884718615
34312,28988.1607291603127167209656486436378
34313,28988.9492151354461937861549127774597
34314,28990.0016830183205867421289458797352
34315,28990.6558721120296379531442983114725
34316,28991.8006292517826152399465010139370
34317,28992.3283945144448255256112725508567
34318,28992.9156067248537747065503235496708
34319,28993.4659326451244046534007884121639
34320,28994.2754989651023362835286212364954
34321,28994.8550990172847792864287338052610
34322,28995.4772406140959959733704258207527
34323,28996.6294842820961135286928814380031
34324,28997.3935300290618377011809172504774
34325,28997.7327910195564033923426167179784
34326,28999.2964939078970987549849371298771
34327,28999.7723997501878149158741066038175
34328,29000.3122567604528457019686594605679
34329,29000.9259851795703679750208513978348
34330,29001.5865944383499822255629427244530
34331,29002.8333423070294975838461484293999
34332,29003.3227431459891092812029557407444
34333,29004.1433865505335624168781398704193
34334,29004.5260446108814102225613311164721
34335,29005.3710563265711583011264627547037
34336,29005.7117709314492348537756873213137
34337,29007.0986802791482980325884006240635
34338,29007.7502041811139801188353620041142
34339,29008.9370589249993730695958316777799
34340,29009.3355682654126430955430173074923
34341,29010.1986602442625450981903732191599
34342,29010.7315337994185148940737358299360
34343,29011.3919692570833336052421838994730
34344,29012.1355888791539774784007130949388
34345,29012.9454031456883546099016436747922
34346,29013.2262682878770303211481611925889
34347,29014.4928573172547299842557051268198
34348,29015.1483215078238685868446461687522
34349,29016.1407141961095017752087359598435
34350,29016.5523326876353363573443840985389
34351,29017.5162029740630255255130727459650
34352,29018.0234330719195587076614190865991
34353,29019.2958417128046478938243707877191
34354,29019.8364677329407786504524851810344
34355,29020.3474921125363958074724546977420
34356,29021.2125010524018559762667557058231
34357,29021.7492125068221459405350651749940
34358,29022.5619069212647696187137481466473
34359,29023.3637577479537615809607467976594
34360,29023.6880829647355850764550999807686
34361,29024.4842556732986778549716498002169
34362,29026.1129010233753680398677072285326
34363,29026.6214361016925128999162197383631
34364,29027.2322538065471027568029635699141
34365,29027.9674764037107544482188792296281
34366,29028.7152593948416052806897791491655
34367,29029.1698911903142431536190432348708
34368,29029.7530783618075225522730145873789
34369,29031.0945165304033846750999400219489
34370,29031.4641999373268418385292833779648
34371,29032.3261709007576670386301845709301
34372,29032.8667613588925325325671854099724
34373,29033.4743108606799425008823056018846
34374,29034.7961241572224729200011365216301
34375,29035.2249208632753674351470238677086
34376,29036.2804883305792932973794235335987
34377,29036.8138481812156207404776877394906
34378,29037.5877786122413925618027183307704
34379,29038.7224530259408504642459893952515
34380,29039.1652360698797125890275614995734
34381,29039.5664499524083622924719031541214
34382,29039.9822786695527429841275359477657
34383,29041.0896043891033740542687451308755
34384,29041.8141035719159411900531687487725
34385,29042.6772993727124819273784460926565
34386,29043.8296384304175946980656389745878
34387,29044.2352228774840050308628485933021
34388,29045.1326131550824527429644692284044
34389,29045.9430127051224222723411038040667
34390,29046.3487120092462162312574637188409
34391,29047.1793303498239265623980337046609
34392,29047.9420288578576275991894999081938
34393,29048.7435105788134071850612727173961
34394,29049.4683582020536931196240564925628
34395,29050.0427265360856892222028917548618
34396,29050.8525247910410756047353697956554
34397,29051.5436318319660871654434143677284
34398,29052.0635948143879373469691790985177
34399,29053.1232343872373254020257829970859
34400,29054.5151565421553420185114336071687
34401,29054.9463575292892702962095769871002
34402,29055.4373724342789812935727508677949
34403,29056.1645424153046137926620701395537
34404,29056.6659884137218945040006205010610
34405,29057.7633867435495955794219752304157
34406,29058.1304665284736617134638129117608
34407,29059.0118039845709814459417063165745
34408,29059.5537653468681972800855441762274
34409,29060.5987651493251955027890459856295
34410,29061.4515278000258990696546279269603
34411,29062.3090308272389235179284251122555
34412,29063.0206241548575131910023022047854
34413,29063.4656452760263540691489273904278
34414,29064.2355975362030704782584382106931
34415,29065.3672421649789049829715716477602
34416,29065.8849234632444321571964809948246
34417,29066.6324291270960219308716246391013
34418,29067.3133899263423711165320333428394
34419,29067.9594017785414533717299776313822
34420,29068.5198590556601963077720394387417
34421,29069.0470559389060109026369920373525
34422,29070.3382035507871679426001400611327
34423,29071.3578456821907733860860663700409
34424,29071.7411161197454964767546729949532
34425,29072.8612769213164475472816392826436
34426,29073.5240467769064136728861923648035
34427,29073.9805305916428128221970750775779
34428,29074.7641455348842832295663976569718
34429,29075.4081105704880843585984640274567
34430,29075.7604209581740201254797832158082
34431,29077.1318595119933729466346922220603
34432,29077.8556799601778598846346350454376
34433,29078.4317641999424461179626415993315
34434,29078.8620572733267121414661465151093
34435,29079.9377985064543665372488522899804
34436,29080.9487660805357407093898675931010
34437,29081.5527687119645278308447727679998
34438,29082.1710648852814356432703373878625
34439,29083.3753110447306574916203482909341
34440,29083.7352511282578135008363789922376
34441,29084.2738345290201647491755545846611
34442,29085.2556964998515989096957997934834
34443,29085.8081358421516287052883345515343
34444,29086.3744654406845082903956197368888
34445,29087.0572701745612433206060077804545
34446,29087.9634410808803645884100718794369
34447,29089.1873636536714699067358904101884
34448,29090.0521166378506872375294316000256
34449,29090.6174729970477918281340808186305
34450,29091.1539455719502362906231041373767
34451,29091.5862514147860251704593122289432
34452,29092.7196478826684850937931399860452
34453,29093.3163124655686848334511906796327
34454,29094.3050183132147720483449449126755
34455,29094.8829669725148650883603997121872
34456,29095.1592138396444674604474049231843
34457,29096.3261706449431187672578145354837
34458,29097.1298168949265654836142954852638
34459,29097.5549266690722443678555486900980
34460,29098.5389487907337788261910953765903
34461,29099.5772779164872888947609007489656
34462,29100.2900614907956807952222824368823
34463,29101.2444708839904794200091834234124
34464,29101.4602700265907179852639856251827
34465,29102.3834228483090996256311758298496
34466,29102.8233791375287984878476741928573
34467,29103.5718323351045773163368027205420
34468,29104.2119919188202142496481395887967
34469,29105.3155137746443895789012828554166
34470,29105.8821971387634437122146783737342
34471,29106.8904230766533781013888252423377
34472,29107.7697531630898976516657712283779
34473,29108.0937637397909303757181666765936
34474,29109.3604245564777792228647704927904
34475,29109.9098057646103741124617589964837
34476,29110.1700835065177276602017178473055
34477,29111.1793379181586129623380865440019
34478,29112.1914385786382388994433083923219
34479,29112.9613634697630771592941792800562
34480,29113.2519813891356742440333650125372
34481,29113.9024642824683606383851376362402
34482,29114.6743061999079769680850924113111
34483,29115.3354274607698404414000153393626
34484,29116.8711255160952173068854220846950
34485,29117.5587517154364436073703919204467
34486,29117.9352888060854296750902511809749
34487,29118.8212601503982480024205290624177
34488,29119.5195181579923088535837309419049
34489,29120.1746437724510654094219202014237
34490,29120.8150339343679154662784431110733
34491,29121.2896388049281101581459303207968
34492,29122.5539101607900420208074461144578
34493,29122.8473652186826954526571981610558
34494,29123.8424117378155119168691854652163
34495,29124.5997461871416183270174268235758
34496,29125.6749092164374244115281491509383
34497,29126.0862021823997795423518650164123
34498,29126.6862068058393265017971471283879
34499,29127.7270765219466952638048115442767
34500,29128.6617773834431628877177054385338
34501,29129.3799167501999996107528034989983
34502,29129.7637565034684742178054948577678
34503,29130.3903969706596438854038539391803
34504,29131.1373204941802635824589441533764
34505,29131.9073502556957256115735514314038
34506,29132.7150343739344235025024257359298
34507,29133.2076307703937070661117561399226
34508,29134.4099373313320405243006676372225
34509,29135.5509329775160444197562305809452
34510,29135.9373727845242703192939987541804
34511,29136.8532947451117681552131370203326
34512,29137.1374751461942210782916022490308
34513,29137.7705462735879357191897692494585
34514,29138.7550393606687052140701654982165
34515,29139.5775808710821822269278637334428
34516,29140.0701490557957096988487262690599
34517,29141.2715475295347788367597242775288
34518,29141.6284741822507410564829258849333
34519,29142.0105612555586192983087481902108
34520,29143.2287109967944728232935545862775
34521,29144.1391625590203986374179301293567
34522,29144.8207787234239028128313727408564
34523,29145.7577627880987766667318265363734
34524,29146.3476609292037448414068516457791
34525,29146.9075513403859317166412767574335
34526,29147.9323978464230981668864442066448
34527,29148.3930784528833214020197207768964
34528,29149.0809124411568279982693427440168
34529,29149.5520911265102432498566078789425
34530,29150.1575527305747056736474820822957
34531,29151.8048315374137368332774737913963
34532,29152.2135887012874727809732283698336
34533,29153.0302261715918682386326335937166
34534,29153.7355925578721673238118729120968
34535,29154.6326792987133827463193039408172
34536,29155.0121320759086231480535523468599
34537,29155.8766490003823624596821455288731
34538,29156.8360543373638011920222700726368
34539,29157.2193326895045880061097552873466
34540,29158.1338506877614706059369418859838
34541,29158.8555316169616621929074783600043
34542,29159.5709153365467457315691900763906
34543,29159.8909773895725476130649372907124
34544,29161.0743157776341490759977753962499
34545,29161.7502367720903502327785874940544
34546,29162.8560952833888653943001420139203
34547,29163.7876108042432176868874404129984
34548,29164.1966140816043367223750622132819
34549,29165.0615770590134431734680572271427
34550,29165.3763226590246050285523591583688
34551,29165.9483060128346590098904473996854
34552,29166.9641810934426805808871873088297
34553,29167.8503682304082484329185422753077
34554,29168.3479418248195856978539944888228
34555,29169.1627188974078915452124985269154
34556,29169.8962770066114219116232534461280
34557,29171.1850652499059002295526884695779
34558,29171.6380125212874883985653296587620
34559,29172.1775035528269312949564910719205
34560,29172.9836819288495154735409302507521
34561,29173.7370301439451838522517441413710
34562,29174.8213850232387983799726339640138
34563,29175.3697400855959658379294501956441
34564,29175.8829601966867992469201425965380
34565,29176.5890416400672230175807904747075
34566,29177.1546674016497439091174422859802
34567,29178.0260937897618110733092082955807
34568,29178.5989311863210176704422634100297
34569,29180.0481142816304755565527899661887
34570,29180.8104645924672599825106478738310
34571,29181.5065781272899840166662010701422
34572,29181.6553732722651605725660838438814
34573,29183.0507446726563693715784712248503
34574,29183.3207466495818921811688094380102
34575,29184.1633706059173357389846274448253
34576,29184.4859892958516460797055095424933
34577,29185.6721419076978948819509737812799
34578,29186.4026345116924906065182991491954
34579,29187.0546045492875988714208470011599
34580,29188.0991899729711264079921670767475
34581,29188.2943677753126047714341478484219
34582,29189.2534198415767320668774532295339
34583,29190.4327630036868850101443258964580
34584,29191.0958984023509378795179972806775
34585,29191.8160545152206312834038451979475
34586,29192.2425245293606188274258179313452
34587,29193.3788582654728197499076714497323
34588,29193.6438370253617856180065960078795
34589,29194.4184176361283503729978507449484
34590,29195.2008659652393290274173850020331
34591,29195.6512052065144327325919092545178
34592,29196.7279617543545342441489560839129
34593,29197.6315907903142542901296160346183
34594,29198.7764986032905085881227318626509
34595,29199.2688690943714605728616461243420
34596,29199.7610897672577164024603286969709
34597,29200.6165628298893167006078083291545
34598,29201.1040195455808824330130963725779
34599,29201.8293592919673671721921028184000
34600,29203.2682773313650343714208222253900
34601,29203.3849205380766150670862002575857
34602,29204.1881393753457773308602431872262
34603,29204.5894360999593252139486033381905
34604,29205.6131570933428307543041178108391
34605,29206.4245142236250014365891579122819
34606,29207.4539242928857539043509372542112
34607,29207.9135913485308916232660951802764
34608,29208.9123637962925168634188230628073
34609,29209.9697973229192073696995228189879
34610,29210.3369987236400637369511552964986
34611,29210.7626917743046583165379221072122
34612,29211.6520378668723531914094305965076
34613,29212.2737023719025977824144573489632
34614,29212.7581035342793042039730948152977
34615,29213.9411637857040541389692083582053
34616,29214.6362748435885345456381083074099
34617,29215.4707063139016776125837512140326
34618,29216.3078357730725912520404607911643
34619,29217.0004631782950240472427046354507
34620,29217.8387045415426497323707133963448
34621,29218.2111577533563982469272163037301
34622,29219.4325812734638192198984417254208
34623,29219.8401703198931430348985484778929
34624,29220.6414723874443463092074138065309
34625,29221.2467865582251697442006647714103
34626,29222.2376048014317314207466051150126
34627,29222.8456452197600973753646633650216
34628,29223.2687218356195417253809868651078
34629,29223.7351122649644226356018854136492
34630,29225.4741374712805621144085209481180
34631,29226.0917689378416298269453682137433
34632,29227.0341393781748899391642304393195
34633,29227.3438381238363693749852921695638
34634,29227.9950537608554175782735645724338
34635,29228.7088299284511055468368016895764
34636,29229.6153812436682268649355920067342
34637,29230.2461055131947013170761092115984
34638,29230.6950799810225878203601425006395
34639,29231.8205378087941021046231073176483
34640,29232.4420588527441917227483933828782
34641,29233.2498150062197859920654807150277
34642,29233.9949094442865051363567038842355
34643,29235.0306161629201982384640968496972
34644,29235.4856629960798204020228911799015
34645,29236.1448874195304861658635196764177
34646,29237.2291365536854354220259447753967
34647,29238.0656139973174841263832093261301
34648,29238.4993060833065015194211270532971
34649,29239.2336727277724746693495045846412
34650,29239.7701942699732916668338798701036
34651,29240.2450656417397898425491989123351
34652,29241.3670492714001143823665736797747
34653,29242.0202970268425817276049562931741
34654,29243.1821749927455972232075088565528
34655,29243.7736638792465654786780296241876
34656,29244.6718438974280914007089832109708
34657,29245.4965227887947439930222879859131
34658,29246.1485889618599868716377495287250
34659,29246.3102320830416359319148317338309
34660,29247.2138300619704039617131717314828
34661,29248.0908330938685376941477671443030
34662,29249.1387541203198022811816884981197
34663,29249.6142288426469111101112807308674
34664,29250.1573419677792823061633728523576
34665,29250.9178787591169335349029715444243
34666,29251.8262300383700224475006409555354
34667,29252.5561737942360437499057150948337
34668,29253.5312227021190015961099324342558
34669,29254.6828386998632333702823105284965
34670,29254.8058479418847126865908901064086
34671,29255.5390842287738625983415733892305
34672,29256.6448952954485228447753408422371
34673,29256.8070777498347319885143297307943
34674,29257.8136168534921698347606010146805
34675,29258.2166837276940716687096943197568
34676,29259.2722916251642911430123492303779
34677,29259.5451373268606803209759453586086
34678,29261.3035031653456337962185633697990
34679,29261.8504420842796818393261342092669
34680,29262.2366564726402819621064737506876
34681,29263.0448257841048263533324238441311
34682,29263.6556852302269217874226537892782
34683,29264.7353840470587295220756736886873
34684,29265.2706848530606079490384960489568
34685,29266.0572943055924049831531727696362
34686,29266.7221873273871667106141933473445
34687,29267.4390277278645609548715971068494
34688,29268.0411204415893056977823436892227
34689,29268.7766221873922182636016718584763
34690,29269.6450346826038270083579519998707
34691,29270.2478327668369183127041233056289
34692,29271.8049852053814933041488301353014
34693,29272.0532853403641734393170471425652
34694,29272.8381848038063250404399513974857
34695,29273.6773295443460502067801239178624
34696,29274.2575992888389588035729015403097
34697,29274.7132435500189530346769899354159
34698,29275.3078909975896382706307234405171
34699,29276.2884759362940587853457163652777
34700,29277.2885011606687492605105321721424
34701,29277.9290106843962943662338070967454
34702,29278.3966348345193438386798558627326
34703,29279.4114984572845983519902907130404
34704,29280.4254454222248666972150478379067
34705,29281.0859872132047699970050727576744
34706,29281.5435198437742253907937450712089
34707,29282.3015677093581171719742016498359
34708,29283.3290171507114143329161767859402
34709,29283.9648403711254758597315697896544
34710,29284.7304643205476373801198005582818
34711,29285.2688396553865792656983676440176
34712,29285.7627487513457182623672727632210
34713,29286.4383226000886914911738415079595
34714,29287.3351286400496363257570958873030
34715,29288.6531513241272592475351148680257
34716,29289.2407953540466054241958637075396
34717,29290.1400282970088838918464204141111
34718,29290.7128389992897099025718245264145
34719,29291.2432509873520455800631258479607
34720,29291.9842938219666067086546024070486
34721,29292.6891135865408158236476000583734
34722,29293.6468537368942280340115772312286
34723,29294.0495893167345644822783236568166
34724,29294.8493342352082987303993401772230
34725,29295.8041569096658763246337805226191
34726,29296.4988550217528274434774482676640
34727,29297.1177057594982811377303385972051
34728,29298.1710316238998131478710016439564
34729,29298.4842406129039371986029085399460
34730,29299.8011013478341717537997426596910
34731,29300.5602604273911419149501027295916
34732,29301.2302821207519869532555248005179
34733,29301.7555729741905589940561738493611
34734,29301.9441092496449330972154451021466
34735,29303.4572082410789474019191143062736
34736,29303.7426044817228407307914453003909
34737,29304.1735678696440913816276949864780
34738,29305.3272957349096374618541295226101
34739,29306.2627573515997034297955545213562
34740,29307.2109698734498048624835874436053
34741,29307.9071369707769357825283144995913
34742,29308.5717828178697385707392286149857
34743,29309.0901722009065318851186858306227
34744,29309.8786542535149498085883473745421
34745,29310.4149098351182111584191148731423
34746,29311.5236728412119451462350805769355
34747,29312.2653565715499234424365578226152
34748,29312.7753678157361155467666821776948
34749,29313.6141772125963251099170328484674
34750,29313.9492767423518802401108457099198
34751,29314.7658064393012555106808518939926
34752,29316.1179100935997386550050101701171
34753,29316.9068792182616779961781551979299
34754,29317.3172886071682481407928584032357
34755,29318.2756140719037416689650042939573
34756,29318.9782706409167435244632439959233
34757,29319.6921290461803598739186804903662
34758,29320.3968298393993896687407498002195
34759,29320.6678166491356551746061009921251
34760,29321.4073693978426606017555002772609
34761,29322.4082186094120176803056331573167
34762,29323.5207612688976436927325274096499
34763,29323.8117271742088504670890910878446
34764,29325.0274346662402387785453762385319
34765,29325.6776718025771733394930367512592
34766,29326.0789717238044566264116250445930
34767,29327.2629718091798960332295599891958
34768,29327.6951578188447135909566820689692
34769,29328.5042597665929499628876232969052
34770,29329.5976683916205364939878420577355
34771,29329.7970970976451978990171306560227
34772,29330.5176101326306662048654777887171
34773,29331.3402996563339805433826246196071
34774,29332.1162633390925583950171174520828
34775,29332.6436450298755929648072230119176
34776,29333.4693857400375292099912987689816
34777,29334.9168088277290436362040289322001
34778,29335.6454035736619988572791453540545
34779,29336.1228449161301925748495613809341
34780,29336.5250369297923154814524531515947
34781,29337.3561659277042740625583874996541
34782,29338.0424278343354790413331930891899
34783,29338.7135195785763411120819095621301
34784,29339.7426113970774970279820741633872
34785,29340.3880625340401649504016099318582
34786,29340.8117275868792716699360312948009
34787,29341.7557772123093695126318505463344
34788,29342.9306435246740894082768401274448
34789,29343.3161984839821469814451855752656
34790,29344.0467878956114661513983757545459
34791,29344.9719077886198053514012166427025
34792,29345.8150139339707479599369951152208
34793,29346.3864710548627682155183631946252
34794,29347.2388553220690104800584973297423
34795,29347.9862045009268610352344484726443
34796,29348.3257593645270191703802831685894
34797,29349.0231981938946921636598047663446
34798,29349.6587673318047639839954329777601
34799,29350.6042789090908680661289771022088
34800,29351.8501467237920010601967108951035
34801,29352.6000347270697605103729924445164
34802,29352.9827750733173666781064186629187
34803,29353.9727988927605535327810296701075
34804,29354.5831987468081686008552240476271
34805,29355.5636343175430357816084222686921
34806,29355.6286463156502677700500990773262
34807,29356.6029210469285633123395119391906
34808,29357.4229791595818218648537755358193
34809,29358.4978779350098415124829963736227
34810,29358.8460500591682821928582438871875
34811,29359.6003226956475832009874268374455
34812,29360.0401162283804270763136088097628
34813,29361.3346270331306815692208355742012
34814,29362.0571650324453455812915033021184
34815,29362.9886568461422132138693049095031
34816,29363.6807872486886934459341628947200
34817,29364.3560257899960844946767825398998
34818,29364.8346630934107780968762334389928
34819,29365.7386752087375817414063302247075
34820,29366.0731101075555117659772076573871
34821,29367.1849716954017868519536438332440
34822,29367.5678702267321455438149207298930
34823,29368.4000848351858306846243509770718
34824,29369.5305732981387687538088658292358
34825,29370.2566916716548775852196120361957
34826,29371.2782969895886154354367831928216
34827,29371.7414372937790674384534110026590
34828,29372.3690540244765277780506523798508
34829,29372.6274709370722930021432104895570
34830,29374.3378057959463293047928504578137
34831,29374.7294335685016302126188368168030
34832,29375.1570537654283417212033671830446
34833,29376.0242419084463869957340679704740
34834,29376.6014040364544056162672609044210
34835,29377.3425379352680652120707900175791
34836,29378.1836760454899781835571663183511
34837,29378.9392380471437515903022931890105
34838,29380.1687971590035272479428586908466
34839,29380.6047406597588482697996460997643
34840,29381.7918555187394868491795949898425
34841,29382.0462865823085375416127336006165
34842,29382.7387805467214517664964088717878
34843,29383.4281864527338258267167088951188
34844,29384.0193166719219132473526492025184
34845,29384.8479040495058507557847058310520
34846,29385.5770168856294836148137047242742
34847,29386.5537044179376971885430271346173
34848,29387.4018254810379097088136903186995
34849,29387.7706123422565255412482714162436
34850,29388.7026340363603924561354295799555
34851,29389.7747398958052869796110525598648
34852,29390.1676987034820881498573426802243
34853,29391.1344722892495566351554208567297
34854,29391.8448515545632897527002985559193
34855,29392.2344384824041145114000379296804
34856,29393.4812508596141050290602169544488
34857,29393.8717238835966294275395711951159
34858,29394.4203790452025678173871547166422
34859,29395.2381397660776094821993286198358
34860,29395.5507018403637575213510463551685
34861,29397.0479574737817956700393108146625
34862,29398.3210940962535639035941079574005
34863,29398.4182267502448667106469778459246
34864,29399.1310067238442968285882220418973
34865,29400.0349855225443321027822563906615
34866,29400.5372564219065746959187500330074
34867,29401.3326324244587493905586119114700
34868,29401.8984985606961433335949838835666
34869,29402.8821233155934866674659277574858
34870,29403.7377712524996709078898777441858
34871,29404.0582276331357136472905783186482
34872,29404.8051299661723281677144592045707
34873,29406.0882704429918912608710500377744
34874,29406.4577739607043713441155707731566
34875,29407.2972646419382304971415024733446
34876,29408.1001127410834287322853487108587
34877,29409.1171911700303275769685082604851
34878,29409.8433366477542164619677487750321
34879,29410.3647073625953800331355056208476
34880,29410.9386591921141827177884513287887
34881,29411.6094193727399611312946019515927
34882,29412.0405200835168585875179027344729
34883,29413.2386614209364923560701894411633
34884,29413.9700886323381382589096632679720
34885,29414.4974133342824023778140454692138
34886,29415.7585545774621409817582001384062
34887,29416.6283084963380753254228818338332
34888,29417.0687053060793423939405942524064
34889,29417.6102106707631594378435360369101
34890,29418.6863070225095760343261725976671
34891,29418.8798745944878209686012353038186
34892,29419.9652988431850007407718065984060
34893,29420.8407128125814125991403471636060
34894,29421.5782190499321657564437066297696
34895,29421.8364767247222315087833741020614
34896,29422.9017626251311386314201610693748
34897,29423.2550915153784679178851538888718
34898,29424.2602019862351802526784754787068
34899,29425.5469188362927323910087697731632
34900,29426.2154695560403643146612565501116
34901,29426.8335602879517705969110960711104
34902,29427.3579418156037717680852625483337
34903,29428.0884292537329897910352745540259
34904,29428.9815237938394067025695674008550
34905,29429.5993958432905369989047332198164
34906,29430.1000940893973318191586308742798
34907,29430.6027797952197322110645991630583
34908,29431.9709025659510524875384034063392
34909,29432.5373188334147240944481702309570
34910,29433.6629080722290034898609214221394
34911,29434.0626910039885715968712360245131
34912,29434.7243223336716528791388779848139
34913,29435.7407271779701595470549536547167
34914,29436.2446552995126402565663978436319
34915,29437.2537794761218062706056675555558
34916,29437.8920583213504146872061727597287
34917,29438.6129375232976465521880240236562
34918,29439.0096452371340686517503068008953
34919,29439.9705346005203325542169312699379
34920,29440.6901182803929184129501102160503
34921,29440.9393784724195226847750271899105
34922,29442.3953674047194650688913682268234
34923,29443.1151398749347411213486863360139
34924,29443.9581559952268220350930734217317
34925,29444.8547260751270875721103427910787
34926,29445.5442023272362292081521143146944
34927,29445.8594749063169327356741614717971
34928,29446.3315102481112195924261011375108
34929,29447.2953208086883062028022281304617
34930,29448.1943481351613267037765385544836
34931,29449.0891855525056630825602495404563
34932,29449.5276269159891142430177911294362
34933,29450.2730775887868489063743429485356
34934,29450.9528655970784282178815063930460
34935,29452.2238902590658849630998675851471
34936,29452.7348454854434649186946922537937
34937,29453.4440339588859941696690448226972
34938,29454.0760647026824391549743265328549
34939,29455.3206484806457745748455808519372
34940,29455.6835010264461489813906373222005
34941,29456.4258991405677316883792861236603
34942,29456.8616423456072313420287666870812
34943,29457.8211081360619196827854536788067
34944,29458.3121602720375458103266870220623
34945,29458.8384452104655335443751050517579
34946,29460.2777497936165917939084013553351
34947,29461.2366374343552325109200759558444
34948,29461.7113476612101433302335301031237
34949,29462.4684497914401829988341788514940
34950,29462.9677888818907451836799409166380
34951,29463.9070897345496427243940030424192
34952,29464.4768196065218260531175554866753
34953,29465.3446119247610230781904244517561
34954,29466.0004301462964164171275753347418
34955,29466.5225920492091232908698456552065
34956,29467.6797490661657252352907563945524
34957,29468.1916436170862381880489580445776
34958,29468.7530489652052468546359741039891
34959,29469.6308745433588253399258620543339
34960,29470.4162995026458214741336080319679
34961,29471.9289237086682850694766323796780
34962,29472.0945931945009821290556948758321
34963,29472.7203285751771939897500814645468
34964,29473.5812630565259762871784364000249
34965,29474.1655267351177446757259943509092
34966,29474.7925309013047137396277328680010
34967,29475.4827729826741704569050068134859
34968,29476.2184554579409074809720484288216
34969,29477.1430308456809569114919923142730
34970,29477.7808938220468069080161259209374
34971,29478.8872385495281122353087863686614
34972,29479.5782408583668349306152595211722
34973,29480.4452408213714628989798691993146
34974,29480.8723196069845589739553099345667
34975,29481.5356282045558597124238379353580
34976,29482.3382178503694023599670311761379
34977,29483.1854214868673254158289078813229
34978,29484.1993013452831675660556338062890
34979,29484.6837204797458868092954305376972
34980,29485.1707443943027482657410138770896
34981,29485.5055641517507383724633321836807
34982,29486.6975303055756385064067204524807
34983,29487.6899498385048853221999371632436
34984,29488.3633046538505607631341038236906
34985,29489.5527743279515284051632101082207
34986,29489.8828721498218545111517672480591
34987,29490.6323487771059773420350479507134
34988,29491.5614390405383995772615600107733
34989,29492.1654208197422907725462656410844
34990,29492.2867127662253081936975812595420
34991,29493.3154040035394783797736182808483
34992,29494.2824603583233527917587752457099
34993,29494.9604047537009098249737676007305
34994,29495.7621129881237337492245455979201
34995,29496.4429781099026319538624791632974
34996,29497.4956991709463085466501942432959
34997,29497.9268316960685031890776050430903
34998,29498.6301478480922602643423643297201
34999,29499.9055927088169820119397165572214
35000,29500.3219890564351483455915922674739
35001,29501.0696475500282682122181029025273
35002,29501.5184865235717329317904989662937
35003,29502.4978101793848585045166799922949
35004,29503.0911093113276586436312401357705
35005,29503.7620462124682296877616699604407
35006,29504.3736098936668407231520235806626
35007,29505.0606347965891473876361052724141
35008,29506.7675205788683522193870332009986
35009,29507.1532568448964368656088323643391
35010,29507.8594991485377159115003363230925
35011,29508.4795423234868231688030715875276
35012,29508.9487283391470336833524987648996
35013,29509.8084111059410115174902052151331
35014,29510.6730150914088777275012553388477
35015,29511.2846971609051367531100704566101
35016,29512.2600971677921777484232134157679
35017,29512.5346483615346868444902944161618
35018,29513.8036473926197733056103774416511
35019,29513.9191709750837870813258820461169
35020,29515.0952845917068416321108233156224
35021,29516.0987810045553195380662914970889
35022,29516.5632179206634595976954592069333
35023,29517.4120015067241180377447822264227
35024,29518.3353597302835211854845252080346
35025,29519.0818480019581526740978552998818
35026,29519.4786392676369756169163685546672
35027,29520.2039151917472015587148568536827
35028,29520.7404647597101422537941574441406
35029,29521.3870318292017832409534831407986
35030,29522.3429741664818316939747989247409
35031,29523.5584151470810060200275145770973
35032,29524.0548735290634564067403563103914
35033,29524.7107291874043880563741991364972
35034,29525.7976360824840571132539102973401
35035,29526.4176602815910258426855235100921
35036,29527.0549120521533363529939950555325
35037,29527.4156697991819744687254674331660
35038,29528.4771395868903807102321684686818
35039,29529.4195105035581745962945085714128
35040,29529.8603666921236721763099686449131
35041,29530.6577582867037869912259842103443
35042,29531.2644949023692082800969936496861
35043,29532.0065767574908462803173835030263
35044,29532.5129585498215926238394997559491
35045,29534.0887336958098568388106266168327
35046,29534.5016817619262795236086502442919
35047,29535.5367609229242555959686673901630
35048,29536.1220136711770425836509430121691
35049,29536.6279930586893675932985568756736
35050,29537.1062078928505435135356326264467
35051,29538.1329377837435981802709989124598
35052,29538.8461863178066358349460781996248
35053,29539.2943370177534471406121415251785
35054,29540.3389393807143298567517834959950
35055,29540.7689495466833030359001870307907
35056,29542.2663780687020423656694045443050
35057,29542.6703537923215426636889215507402
35058,29543.4962557583654880592499522487453
35059,29543.7966504075602115070557478307336
35060,29544.8854185000842546454963606837656
35061,29545.7172809003014906424154873280868
35062,29546.6239340312559003432577379834570
35063,29546.9838182790000733067982817596063
35064,29547.6600685575638719849962158822693
35065,29548.3841255698843952804549893411170
35066,29549.0334337695916320470829133877520
35067,29549.8158282813501399980764456148957
35068,29550.4905140144571469170017658594075
35069,29551.8431741709890929727916245075346
35070,29552.4293697597899230833220815899560
35071,29553.2649546609571572964470833572318
35072,29553.9108615516946202778439443599232
35073,29554.3870147381212585459221801221989
35074,29555.3736456534279361813390154112121
35075,29555.9005536179464791172745397135772
35076,29556.0839829900573778259767279241386
35077,29557.6921216165484940127212579887691
35078,29558.3423315952220150367444202411241
35079,29558.7003917954862142360757865453345
35080,29559.4157240340225426563721437062112
35081,29560.4456950451307715083388138377155
35082,29561.2291787503237562061185873109673
35083,29562.1030904685576551578895968055433
35084,29562.9094337070939594069354448360627
35085,29563.3339542635853188442996161787279
35086,29564.2161794149341141188380450460055
35087,29565.0130043412746834739930951155622
35088,29565.7129035360826048292469374848496
35089,29566.2130134115093079122715661059747
35090,29566.5900618058192915389345814783129
35091,29567.5750685212039555063408451328926
35092,29568.5491622663193912988193063166834
35093,29569.5192045379270592933465277048990
35094,29570.5054237431608384261147047398928
35095,29571.0466870275971915663428593978170
35096,29571.4124298047619963380805039579667
35097,29572.3834435028705322079907674477894
35098,29572.8484104756349758617401313625652
35099,29573.9358729658214137685060772154701
35100,29574.5608449246953196319619068013810
35101,29575.1992158271221189963858678006798
35102,29576.0433162988919581601596886287724
35103,29576.3763504906757645216961023482640
35104,29577.5153858393869419453360816265521
35105,29578.2727190260038477296955296908215
35106,29578.7986898401956905163164607688919
35107,29579.8322900212698906496240425916523
35108,29581.0090144663364174128196697859392
35109,29581.4168094503967906146881761314850
35110,29582.1271876688535941286904874939612
35111,29582.5188654319570998719667329419463
35112,29583.2886238391466075929334505850813
35113,29583.9419246510331352591243098203166
35114,29584.9509013920346294894897157285432
35115,29585.3783522621747369071972793319226
35116,29586.3673362179666419329310891415118
35117,29587.3171024501251236912879038628252
35118,29587.9726428982143392298699055596173
35119,29588.8686189298730292039443922913846
35120,29589.5681794356879566755008640053285
35121,29590.0236869191599680162635451982051
35122,29590.8417508086861592161927642159886
35123,29591.6710303792473776340419264629757
35124,29592.6573471057550081089754144846953
35125,29592.8599556556049710590264939811312
35126,29594.1241922712173160197637086201762
35127,29594.3566564902893827240678775901690
35128,29594.7621670365352938487060029894321
35129,29595.7703590308355313318255698708610
35130,29597.2775178706486912073325806331423
35131,29597.9332832255072639947149826009349
35132,29598.3743791949684081877663156438388
35133,29598.9834526791046920547086389538328
35134,29600.1864977137559440466427643020863
35135,29600.5179854750189006296971589426571
35136,29600.9588906940505119078536612545993
35137,29602.0073037201558447475158442566701
35138,29602.4934094057127301564454811725992
35139,29603.3474852089756210226774550101399
35140,29604.5400315406716399447581878767804
35141,29604.8202132430236576637663158564883
35142,29605.6969261466019286623429804335045
35143,29606.5722224395430393934072956798653
35144,29607.3722406153238120394147929227311
35145,29607.8505974566956220075523903803154
35146,29609.0301609752150401477617092383610
35147,29609.6418994484143088724241250542608
35148,29610.2769268807945681404335265635544
35149,29610.7772799687567789791403924335368
35150,29611.4369130938630832058142405761677
35151,29612.2573049291174130639083532387773
35152,29613.0716897680397764551570538553459
35153,29613.5619861909822893619878819221814
35154,29614.7250811753620910129162910886442
35155,29615.7469141347554447561498524592661
35156,29616.5425159084022557472007855136827
35157,29616.9679441841684973837459847478162
35158,29617.6981936558683841157709965785917
35159,29618.1286895774233777494629333070281
35160,29618.8221835180295121279778421649651
35161,29620.1712092023736066931811174222146
35162,29620.5230976858487897549468822493112
35163,29621.2692102921699324041581465780823
35164,29621.9271999049492257794466868014404
35165,29622.5333477534145625931628244403184
35166,29623.6305870129546747279122096479303
35167,29624.3913174526100318531070376329653
35168,29625.0140359666341849621672922490118
35169,29626.2249641852084996217215180169910
35170,29626.6191565648751120032845582560249
35171,29627.3290821554849598070485301162397
35172,29628.1035874109639279896784132776008
35173,29628.9133191281810609350958328257036
35174,29629.2184015524863922822432761868712
35175,29629.9561870202420666810439546845867
35176,29630.5577782845775210765441386993519
35177,29631.8449896726322043118867618900417
35178,29632.6144199110915606785519168599360
35179,29633.4986098819150417146869783115538
35180,29634.2266411161199834644299468946967
35181,29634.3901255274023260749435825487107
35182,29635.6535492384660920277353154716465
35183,29636.3277372843499574945815968993983
35184,29636.9268827776878547438363306490230
35185,29637.4475471806676405758237715602031
35186,29638.6106275273354093485272621829091
35187,29639.1008067049931361914881435607404
35188,29639.8949510059528038081799321089651
35189,29640.3033582956017065225164445200933
35190,29641.1039453716113736401771455595547
35191,29642.1360650022181030688101722496049
35192,29643.1840824610234501766873670281231
35193,29644.0267123063986294027367959074312
35194,29644.5496446450282275494287966569738
35195,29645.1482948435508172865965794767732
35196,29645.7480813209832231346582245725027
35197,29646.5720470195941336039977743376045
35198,29647.1037714834211606280008796205975
35199,29647.8182835270583767854772859656679
35200,29649.0341109162519718460143111317922
35201,29649.3841046655170864079106861506689
35202,29650.0047769973199649267342368582798
35203,29651.4220141572744403765503727145113
35204,29651.9329862036381371958262051140465
35205,29652.7935515490702255226242378231023
35206,29652.9143743097131982128855270763532
35207,29654.0653989297914315647924456939983
35208,29654.9708629070206766514098625976907
35209,29655.8829909281434494864405186687374
35210,29656.2268837830576001747598127939572
35211,29656.6169309639031919916319210592981
35212,29657.5149716666487618629625459000411
35213,29658.2702155264908188045328016889911
35214,29658.8976101374833663043301476035598
35215,29660.2811533600495006726382048529468
35216,29660.7801276990668986583309036646051
35217,29661.7425961876625579956621798630764
35218,29662.4557591429632615998389038404886
35219,29662.9322868473834767392330294485927
35220,29663.6333930505390512803220453978266
35221,29664.3550247324073896965978797696387
35222,29664.9383466506710864111101808187153
35223,29665.8865825717584873965641802182211
35224,29666.5155447452972571447352132867761
35225,29667.4935506402401874498892758086703
35226,29668.0090135134100978215761864581003
35227,29669.0315021919579224779045125655090
35228,29669.1668440912120931322333693942815
35229,29670.6971180638048911039331045504709
35230,29671.2789347264739595446261956352554
35231,29672.0173696745252976918525480706638
35232,29672.7820430987085108559643708437925
35233,29673.2611683205432037934870090992152
35234,29673.9532503691118056146447693369005
35235,29674.8473614790181371374264260344442
35236,29675.4869031865149563975229923118811
35237,29675.9274662706197974296578788025544
35238,29676.5626815608518726165102077512755
35239,29678.1326299140353742919506359560720
35240,29679.0075284751116852564549446418474
35241,29679.1701204252667477541879663338949
35242,29680.2091195720589242721002605138835
35243,29680.9580577888914620017846910999475
35244,29681.1343686565597282933228436051037
35245,29682.2838620383996645114166323107075
35246,29682.9722253515932327683357508651792
35247,29684.0695758812425739071014606060368
35248,29684.2430299260886587446417537821936
35249,29684.9192753021186953450249577600694
35250,29685.8883143130356197431713378048731
35251,29686.4107785992745952475466640091216
35252,29687.6316479473247990991564620707325
35253,29688.2467347189412645694273937430779
35254,29689.0642132602139645588943472905230
35255,29689.8847581093659091911146442917465
35256,29690.7616971546430737471248495407176
35257,29691.3025568087471019709970245079602
35258,29691.6893557582521369284218643337873
35259,29692.3285852684073335568660259855401
35260,29693.0312348157863286337485930231311
35261,29694.1872239371358932477624160481825
35262,29694.8181122705577341425520909607475
35263,29695.5335435456573492755162146817104
35264,29696.4364061242018934775684442366662
35265,29697.2872700918003272759887376170234
35266,29698.0095009560216019673006263764581
35267,29698.6159659844393238673352348533989
35268,29699.1704899763347213366469886657129
35269,29700.4032454866160371874656338082512
35270,29700.6442873068149874168174375035456
35271,29701.6008737460388077448919895076403
35272,29702.3909857389563368327692704582926
35273,29702.9024550389607734730712420870244
35274,29703.3637502603187953251390861353059
35275,29704.3472331703484619013421962257269
35276,29705.0034233482850313752316052069205
35277,29706.5678835416027641306981770402602
35278,29707.1617689806068176545499628363514
35279,29707.5769861182286685998838338198025
35280,29708.1732148025663550252014481536495
35281,29708.8130116071424934980415846011681
35282,29710.0344933736760154926439875602189
35283,29710.1536091095401726535016640029525
35284,29711.0742058948709184835691700758896
35285,29711.7444117079569699021840189838654
35286,29712.6638708213627893067027940327078
35287,29713.3909313627763340473429983204232
35288,29714.2445286377796350360141864365792
35289,29715.0798902944811373775292490076134
35290,29715.5616129949348334638274357690443
35291,29716.3158376380478535150137145137248
35292,29717.5816627671517840826547891500309
35293,29718.1346586588198971240235992464063
35294,29718.4310103693049494787424928560447
35295,29719.5844133957584649976312173864610
35296,29719.9554656486130654605455536637360
35297,29720.6334970474108005749106039097690
35298,29721.1329056981222127531709439097285
35299,29722.3237915956771682373789188760153
35300,29723.0330369664981077198490834483129
35301,29724.1024948983320542503978471194480
35302,29724.7398730142466636967062823459301
35303,29725.5138237266563784118380133859069
35304,29726.3912051534191992317906803872466
35305,29726.6559098273934497147226186075554
35306,29727.3067627543885623781332621208543
35307,29728.0650625338319014179705929760826
35308,29729.1891802005998627827328619063302
35309,29729.8815471677019871949021096569537
35310,29730.4787793555555710689006783567850
35311,29730.9933063636449809619166371627253
35312,29731.5965888429642212268208810765903
35313,29733.0035185672034615212153335542374
35314,29733.4885896616618063461325716611554
35315,29734.4976863060089318127578712192883
35316,29735.0531485076725284213353034701607
35317,29735.8903214654546542065511870367713
35318,29736.6580396394991086398412323704146
35319,29737.0545723198108033906635310903050
35320,29737.8191918394135952557266411121436
35321,29738.4960573142467544589025120986497
35322,29739.1515342717653279178888347745100
35323,29739.8638552621149437661006132810644
35324,29740.9854054149881467932678827808242
35325,29742.0761161324596561451650087040826
35326,29742.5069882244611224755584084758623
35327,29743.1241462858219379268349512200673
35328,29743.8928509480990005834964194143849
35329,29744.5344378672223034793337112909656
35330,29745.4324620490769660714715264876601
35331,29746.4178422038739792506146620719642
35332,29746.8334152130716988446931042580045
35333,29747.2359990331491681840127246153449
35334,29748.2304369374628633161544128608844
35335,29749.2242913647327871439771847846044
35336,29749.5015104856139643350979276713158
35337,29750.1678235192527678608074440893193
35338,29751.5878558955223526825631925826101
35339,29752.4426499470294128836532814509689
35340,29752.9318806198659716612644806415580
35341,29753.8701746686728943227402680640891
35342,29754.1550830688226281340468440348460
35343,29754.8778692675855445527724603979978
35344,29755.5493357013783454171654977551426
35345,29756.3441300113940340021913575054847
35346,29757.2097633801242946375480890044162
35347,29757.8345615473581518245573623814215
35348,29758.8429628849953415532479913674400
35349,29759.2638684119855364087530339210461
35350,29760.4716524627016719641621154617155
35351,29760.9415668167519363617530974938572
35352,29761.9103712613038030747040430473602
35353,29762.5655285967803214769772456265535
35354,29762.8816773066200311465181192618426
35355,29764.3147723692538102005833473904355
35356,29764.7851342073531911660529697520875
35357,29765.3204750772368914996221741395220
35358,29765.9354631095266935609877020513064
35359,29766.7157236891307370098280858104024
35360,29766.9994632071587623745267809281846
35361,29768.5801569749531223579133307947508
35362,29769.4513162540576354562341883176974
35363,29769.9666274840703413812598000040025
35364,29770.8110630909601727128491416217188
35365,29771.4424466713785608932291100726810
35366,29772.1074545131953054914733052849226
35367,29772.8835790485182096771409506812916
35368,29773.3328462759441958556128222646046
35369,29774.1388132294202588766862730811667
35370,29775.1295997916767205139155393070297
35371,29775.8655840786949310918048126833119
35372,29776.2354335893479108418289187019646
35373,29777.2878328129925400911130217258344
35374,29778.1437693378106709043298912485186
35375,29778.6070034847565482730943304666322
35376,29779.5437218248900420372012542715792
35377,29780.7238453659574934263340661509147
35378,29781.2650243314686508261868173644099
35379,29781.7047144834790983693544098039177
35380,29782.4039568971922326913858680361858
35381,29783.0142148738648076114740485186524
35382,29783.9412482640520322280033545107424
35383,29784.4846144509705621115938184679245
35384,29785.1650148632361299126860881247600
35385,29786.0921797853717558649398014520342
35386,29787.0101807684825928217745574927638
35387,29788.3224008747775796583926210341948
35388,29788.7420128822844555807023967373618
35389,29788.8342078293241337460336946369187
35390,29789.7542432460964427070655777783289
35391,29790.7243161634392905104757316821269
35392,29791.3433120616794364748330004982677
35393,29792.2535918927943646224958792231750
35394,29792.8679668453609617032698711247045
35395,29793.5676585466942399914607618485757
35396,29794.1854736344505117867736865687287
35397,29794.6790818507555974149611935497201
35398,29795.8865311921215659605900904308758
35399,29796.6592963464474343396498603066269
35400,29797.6673183967493059486972088374504
35401,29798.2017691439899351369009332034048
35402,29798.9794110678107966236553628339532
35403,29799.5885475377840257596620691074179
35404,29800.4548717708155543793923556721613
35405,29801.0289837132431556179973863274704
35406,29801.3865764107588320145517862397368
35407,29802.0875567485664536437872180683774
35408,29803.3150609935301611798468527559035
35409,29804.1368167641086011990777870650479
35410,29804.8550419710854356809648862058691
35411,29805.3670773390329766998360775464240
35412,29806.4640174842852891685585037761088
35413,29807.0037813925346952320577676727311
35414,29807.8976644986059597230908918312534
35415,29808.3345292701834437001478721190388
35416,29809.5356654155861047760690830325989
35417,29809.7142359608197501572557134637895
35418,29810.8925090537396263377170154070467
35419,29811.2563524485833265888568734993310
35420,29811.8938496291089188851491772543836
35421,29812.7886668875726193236983919406330
35422,29813.2285670209746204181973543833901
35423,29814.6661994672185051681200034778888
35424,29815.5113282275597552076063612914313
35425,29816.1745402841852129782066868956355
35426,29816.7288918235560776709510286038315
35427,29817.5001937629408298852039960809849
35428,29817.9111756222626501083010800211604
35429,29818.5098296751338972692979407157199
35430,29819.7633071927084539691438502192528
35431,29820.4264323025624400269138642001821
35432,29820.7757917704423783257591425886617
35433,29821.5721415039939816072854424179630
35434,29822.7428800072166306099753716417910
35435,29823.2849629979770559542153820129953
35436,29824.2925950432321308864575305066433
35437,29824.6787689592802038290252168580104
35438,29825.4708481876455998024148557774623
35439,29826.7202296254659936493338591171223
35440,29827.1304455601529733228540834375580
35441,29827.8501571847094979374150998956537
35442,29828.4426225214255555035652333304673
35443,29828.8812496418912354581857390608528
35444,29829.7994491507526769255757174856150
35445,29830.5497956893335046185986857331327
35446,29831.1670461253152691634175169889631
35447,29832.6577144608211744386070771709347
35448,29833.2905484222397488719618934899445
35449,29833.5517778231915923301939082940090
35450,29834.6503100401190014791891175773969
35451,29835.3549047842888320933911961488286
35452,29835.8575156954881271169424134344331
35453,29836.4171063677415059207917128236600
35454,29837.4396324417339617608325924292705
35455,29838.0276152590305667722112569362097
35456,29839.1515996225143681989445310891856
35457,29839.4497502722294399148503779729652
35458,29840.2392694217314126755981309788490
35459,29840.7383041551952224011068516587853
35460,29841.9155039460795948770329775087153
35461,29843.1426709957555692333570896724605
35462,29843.3772016964130549447106773111589
35463,29844.4074012902446541476427943398157
35464,29844.6742477319886885277166102837181
35465,29845.6331225885955630001135189639026
35466,29846.4239599121158143489038512982439
35467,29846.8754678445597941104774794076155
35468,29847.3643204142738648147131483698689
35469,29848.4134431112972500402159872871600
35470,29849.1496887630551117118970683461885
35471,29850.1865008383762314188580749926264
35472,29851.0174399247312476643301259352891
35473,29851.6945786291185848524781677890421
35474,29852.4827406480204705722218315840655
35475,29852.6608040674572604920528588454285
35476,29853.7085735513906117533959335225341
35477,29854.7264759643425188556420470745678
35478,29855.2918612595788987394466217426115
35479,29855.9888236361898839052128651526025
35480,29856.6687636011498550396088996883477
35481,29857.0051643935837494554261446474239
35482,29858.0119807185558271184114502647993
35483,29858.8875446887871359948730326507885
35484,29859.7346928185805439871666255971224
35485,29860.4031654412862271985773009005392
35486,29861.6719353800203011909059441401734
35487,29862.2174474297432186306157310058851
35488,29862.6236715802351698065181907978262
35489,29863.3959436079243317202871233751780
35490,29863.7996074813189284533932251652825
35491,29864.9563096466914440535746909636232
35492,29865.1351971302303694175564575804270
35493,29866.6601784751349129591998032037159
35494,29866.9563110024613345492906132704090
35495,29867.5686001675502874266110454922943
35496,29868.8088499274943230087843708456499
35497,29869.3961641328422127252149207731830
35498,29870.0573477374560871209925744825976
35499,29870.9155281289406397309973243426536
35500,29871.6938990995207281841667222911316
35501,29872.4522055926315321230847080184824
35502,29872.9292344938852740291031420846842
35503,29873.8124541937022518362673087687822
35504,29874.6420667389341346988499270210579
35505,29875.0330597620923102986768622338775
35506,29875.6060012641245757049582071808006
35507,29876.2405373935783451017092337557809
35508,29877.9549409283607451403302295530056
35509,29878.4943616145995899206952932716118
35510,29879.2092032816231821714419605104920
35511,29879.7954199902646248728041502164410
35512,29880.3172000486043832769935620351307
35513,29881.2666022795242370760374986509995
35514,29882.0069313128270255138804483026160
35515,29882.4654169261533205053184296173122
35516,29883.2984983357229170081526587975848
35517,29884.2607768586183000946859627703052
35518,29884.6990452252639800937531174278152
35519,29885.6432524468880212771006982275627
35520,29886.2851837344291848784218229862751
35521,29887.1221959291752814542666492912192
35522,29887.9155634686777104436162447265553
35523,29888.9129070722620982413828083835211
35524,29889.3837356226792281448991854827948
35525,29890.5160955058934826047392446637015
35526,29890.9544196552307141266770512930336
35527,29891.4583470224891430684880778747348
35528,29891.8639269040207720423960329932915
35529,29893.0903590549448499738280220410952
35530,29893.4291897243915002708957077434203
35531,29894.5985261130982187737111870203902
35532,29895.1824977319210215945381608887618
35533,29896.2725569207248748064448700016323
35534,29896.9955267775087783749565456514064
35535,29897.8305461793996418390190897119325
35536,29898.2382480350517631009561095694067
35537,29899.0009053004562564567820425443177
35538,29899.3314905894046078718716952742629
35539,29900.8043632342333303490081368282403
35540,29901.4387846855845383369155156016516
35541,29901.8238571356487190428007057226725
35542,29902.4116360996029811526692755900504
35543,29903.3403083097397386788369963879327
35544,29903.9302267611954732969874439252940
35545,29904.8684970977979174209196337358650
35546,29906.0943678562913394234481526760105
35547,29906.6479903130664259623700679455934
35548,29907.3042582560314499862481012703794
35549,29907.9583039881234210231791516253138
35550,29908.8386151240606012756250004533710
35551,29909.2357326740310149219341941671517
35552,29909.9612171659203743917954490756058
35553,29910.8169357154535231721171632937985
35554,29911.2226469608488891490466273068299
35555,29912.2461142868082408120258716593781
35556,29913.3136842650777687946728335136466
35557,29914.0827458640566824645134914314061
35558,29914.5907665131610816693205726079158
35559,29915.2070797386787794609155156188302
35560,29916.1226404889141155318215353469600
35561,29917.0306935783242804992689508301505
35562,29917.7056434241184324311933100958432
35563,29918.3013449134912047191853094656328
35564,29918.9552845342599266607958565417191
35565,29919.7381086582806782206783340608229
35566,29920.4392661276969840485805316895237
35567,29921.1061421495766571514073204482159
35568,29921.5491369544606394724156845751452
35569,29922.7181565051559730104236360456744
35570,29923.7927243909430156422017113056461
35571,29924.6938323291808420524923784951910
35572,29925.0726536422956094559691612475060
35573,29925.7710373440495448832451089540070
35574,29926.5543678096283895118092871615494
35575,29926.9783603127926974947441933783679
35576,29927.6735318849252235296002468211315
35577,29928.6926802191649171492109540749566
35578,29929.4731205066516699885911414925001
35579,29930.2130153406203987188492686629683
35580,29930.6728627436216672768860073214461
35581,29931.3517789041994959797046834751027
35582,29932.9402059802616301311316440211503
35583,29933.2064481046801134710053037767256
35584,29933.5965897305185241539780698687746
35585,29934.8810857617210480704424777793441
35586,29935.4582361630844636949706834872202
35587,29936.3782184287947544055380543996956
35588,29936.7843655752640128505291177926640
35589,29937.6297300697294726221634276240073
35590,29938.0282935554741153647357000062111
35591,29938.4923193272321638552981631890216
35592,29939.7961059276143896525629711248242
35593,29940.5944820296685947725436371474358
35594,29941.5377546301971975253805171949033
35595,29942.2784515015612982284794557274430
35596,29942.9071824040080160206419223991982
35597,29943.7022450229477362265903792537970
35598,29944.0223065650313695606078372491437
35599,29945.0694703207792970026857772359737
35600,29945.7380344900248983519251287068289
35601,29946.4371422036026663256524091304378
35602,29947.0909367831421027550808666120859
35603,29948.0179585682765127047856971275365
35604,29948.7279358271999933072983194396686
35605,29949.1000354322228170728408665295991
35606,29950.1691574591982950420824336825255
35607,29950.8611956395759204045123595066123
35608,29952.0521335477143127966591295585807
35609,29953.0073372483259561331945142665223
35610,29953.2690675065084887600698351208162
35611,29953.5668264477626166647115279261554
35612,29954.7381347090840810749191195041314
35613,29955.2083882499154492453522780243568
35614,29956.0389539624129486217414364213882
35615,29956.7200308097313656812821855733393
35616,29957.2591722503495229806408565246871
35617,29958.3812816526184479071547718344469
35618,29959.3845349064654624945650388894669
35619,29960.0362313911337529782008918857991
35620,29960.6377233847978781932452260185499
35621,29961.4126277434852120159735831909674
35622,29961.9659006517871061070656726481513
35623,29962.7553691031501124311229593113998
35624,29963.7495527983549728934458381384367
35625,29964.4360083257053223188444669471511
35626,29965.0395029833054417726569805912117
35627,29965.5384043134477782067655253441779
35628,29966.2578150002884531741187895386024
35629,29966.9235032035198118511318585970840
35630,29967.9585643226274921860582890802498
35631,29969.1507057503253562947716689184685
35632,29969.7140564972331445728565578481991
35633,29970.1340282045185634090946427774756
35634,29971.3739349416963976184827307242076
35635,29971.8595943813370810562148689598169
35636,29972.3392844924092096218821473863783
35637,29973.0551781303360546572874985717152
35638,29973.4144985944956874341186769660532
35639,29974.8899499006848784546302185224700
35640,29975.3584209059427973814627282663293
35641,29976.0145663616198000583839237656142
35642,29977.0033224534120495894034253229716
35643,29977.5673054547411956432855980386365
35644,29978.4713672214756539188947508800479
35645,29979.3058753554829872199983873028800
35646,29979.9347265036922038456095613410914
35647,29980.7117949292458893174222942939968
35648,29981.4723687237791608052789501529605
35649,29982.3975710107522100615932423306274
35650,29982.4717940010015362486964366236336
35651,29983.4093552694849877564214100280762
35652,29984.3096648325433800175484365727212
35653,29984.7138676556403633238223998315063
35654,29985.4089121499260802525793232903281
35655,29987.0790079293268874896960138374166
35656,29987.5112234260199499625175799520402
35657,29988.4939353359126356392972320760249
35658,29988.6586072844660643226406313101110
35659,29989.2990012863198989344447311396342
35660,29990.2045520543326739902948521954160
35661,29991.0257726831640391541628280843733
35662,29991.7382688373826454828745967047840
35663,29992.4909205502370874680543277196470
35664,29993.0621062167632138938718357301166
35665,29993.7086527473389442242404067409623
35666,29994.7931594986217567704928277560756
35667,29995.4894516403170821519384877379234
35668,29996.0105773959462700052597200140778
35669,29997.1652089904499624947109259943002
35670,29997.8089189496035401735720632257341
35671,29998.7282087778098922960932056212382
35672,29999.3792254530617755622565830693294
35673,29999.7100296214489227785729765739565
35674,30000.6377072681543564713620980242803
35675,30001.2483197214102620650242199997436
35676,30001.6383294331679825988550442534658
35677,30002.6390787171849842678578072625351
35678,30003.9869620351103427048685534879460
35679,30004.1969729202426426608041196167811
35680,30005.2579712384124527328310382817958
35681,30005.9876778853822988928577382818087
35682,30006.8656485828897108458573906174120
35683,30007.1598565148703289490907050382994
35684,30008.1401225947154448065594047679109
35685,30008.6298369151734826516517467903319
35686,30009.4778689424590379858195007700885
35687,30010.5595072179661253613647479565268
35688,30011.0138678773734746885660519141424
35689,30011.6939009290396967078908470583834
35690,30011.8987500408960378408022839777656
35691,30013.0759259387104328662390194992819
35692,30014.2814460236673627499178107673350
35693,30014.9813576457115572722328353798964
35694,30015.6351955593689359479398371043213
35695,30016.5827365764018101502182721026873
35696,30016.9113559772173554194418000979381
35697,30017.5186257726324480187738553054678
35698,30018.5617748561060160008235778132528
35699,30018.9267095486796509612847519521445
35700,30019.6752617454961781547873865436788
35701,30020.5431688192870796702904073678277
35702,30021.4051234241273028316792718181913
35703,30022.0749913152389109179828164471073
35704,30023.3307365935929865276009906407340
35705,30023.6471178765734217415294411512938
35706,30024.3945767145555134256343809342693
35707,30024.8301118946493441407212786473436
35708,30026.1702092410843630229641658281944
35709,30026.9908415922672148034980858435959
35710,30027.2449923740180021903417099625486
35711,30027.9522436910446557892642398329919
35712,30028.5856594905036487115715450995859
35713,30029.4843903503740891831595999060892
35714,30030.0534205071668618545516989227894
35715,30030.8571707332000399050852986092432
35716,30031.7716348837995295318789180387922
35717,30033.0298791315935474206758735924139
35718,30033.4711422422510042424747435499770
35719,30034.1769650619695564118342939872079
35720,30034.8457057965690018719020448729638
35721,30035.4597037256847266073269714914272
35722,30035.9279131847146116311658154190228
35723,30036.8844942822823506567984089228105
35724,30037.7880414406278255199714566507695
35725,30038.3504662573914291738868075466623
35726,30039.3222184873599879523510815043389
35727,30039.6826734803613192884848665441161
35728,30040.6222695247077370865184186362057
35729,30041.4260633479050127820595944086577
35730,30042.4892351271974505788413390210078
35731,30043.0372580575261103620964701307683
35732,30043.7600823338534694474474627073928
35733,30044.3714356287992605693553584646827
35734,30045.2999940883568768191975018433719
35735,30046.0602489511947494879011859728440
35736,30046.4936910087313045716269263170971
35737,30046.8804401952797645301519303203829
35738,30047.8363335912015553181970486419488
35739,30048.5628890107198773633559393089861
35740,30050.1518855447253265264962494093735
35741,30050.4497088778384868250251242926049
35742,30051.2622882998546916493090480179464
35743,30051.6417958295574518606973506799911
35744,30052.8832944126177472552583674874287
35745,30053.2730995343990525615459162769577
35746,30053.7103538053522064758853345245724
35747,30054.9650527097696330842549756696138
35748,30055.6731398786809546831101625537308
35749,30055.9242936059711252335871999390790
35750,30057.0278686506005188684412242896948
35751,30057.4725501557473374754371732659816
35752,30058.4544858220008769975229442281709
35753,30059.2025845244254644532876302200454
35754,30059.9287008426250386177422190457079
35755,30061.2935006833548904407951328838098
35756,30061.5488478440929670086535173890428
35757,30062.3629071415866337329318904686513
35758,30063.0873899773185627245870819194672
35759,30063.4003640127306369258030809571289
35760,30064.0325925452475316366407038922509
35761,30065.1590300680376604397057641711822
35762,30065.8338611385333564842781860583719
35763,30066.4937157147093503853734249997093
35764,30067.2180740464014545001969011982256
35765,30068.5207580506297454516218633047002
35766,30069.0146364716169493020858543926438
35767,30069.7349533909180160284926521376669
35768,30070.3361266740546710516177677647618
35769,30070.8791085906957867786499603898411
35770,30072.0969086782665475815018909192451
35771,30072.6128444928640509057929724059033
35772,30073.4057527239859699857089787066766
35773,30073.9772016926195491524453819310075
35774,30074.6556084343560555460694939680983
35775,30075.2750396169122414555193778203779
35776,30075.8287551847097424950851314765576
35777,30077.2365252416341405702540326329484
35778,30078.0675168887422596219552452122563
35779,30078.8312422780596092369225126777397
35780,30079.3492327857857531112058558858470
35781,30079.9701266154260696099977610843522
35782,30080.7595946975846050773572003169456
35783,30081.6382829305878431468084276514894
35784,30081.9894960039128236503397225224246
35785,30082.6245805642532927891360959957493
35786,30083.4937295478394371164608572101345
35787,30084.7687707509698652565926908062372
35788,30085.0966451942749637423355393059286
35789,30085.7529666259974734352188458393271
35790,30086.8049320901159339040455527713756
35791,30087.3727947399981655544205745902517
35792,30088.2388914454217416447914556145835
35793,30089.1943125865269363396586611037767
35794,30089.7117313528659454842540119388445
35795,30090.4938604323905463954889616030703
35796,30090.9306067045098365652073044050706
35797,30091.8979365851275334656982443303210
35798,30092.4122031289117236010198517905626
35799,30093.0695289391583229275842451932587
35800,30093.6633423031189743598998638498309
35801,30095.1230086872063879314459156650744
35802,30095.5368730979185867317453289374051
35803,30096.7424758628775579684958494672273
35804,30097.3826466361823573242269042739069
35805,30097.8161642056476867045297541888322
35806,30098.2776884168849508953634577468356
35807,30099.0752760125939115681809099752442
35808,30100.0173141462889806417578786984646
35809,30100.8853801839984629864444883856168
35810,30101.5728921856473399648274673115839
35811,30102.0883688132027454836237722872754
35812,30102.5409262206334147294357715709496
35813,30103.7525171339199986575564049097004
35814,30104.5407822400054874886499863531775
35815,30105.3342317149607831685344232475334
35816,30105.9215363496296582031096275589926
35817,30106.9505249954862852541467210911863
35818,30107.6365057975056237767737238808494
35819,30108.5273865869134637697926459031186
35820,30108.6476571840554031065868303770266
35821,30109.4112422256172430923177716337423
35822,30110.2938806474215722465400174396578
35823,30110.7211366974844381823770279506078
35824,30111.7545072026287232801043784514065
35825,30112.7044612753377849259964558666907
35826,30113.6827393252468450345340785841699
35827,30114.1789271526662643049623736800445
35828,30114.9014497148683849514665296727395
35829,30115.5510294569383968017524049158651
35830,30116.4501158936982609781215233838769
35831,30117.1823434203493338896195252525214
35832,30117.6118630279926788851881398365229
35833,30118.5916092063503640918772825633280
35834,30119.3981191915484421440925029153619
35835,30119.7774216584590715993733877654293
35836,30120.7769289040853464754994779082693
35837,30121.4182147323342692695028250802755
35838,30121.6342690590927725622017857952347
35839,30123.4722519798052694572781024391752
35840,30124.1629510743370887351077630517300
35841,30124.6598772686721308951134798867550
35842,30125.1214578849537984796347408777139
35843,30126.1548981890169806149351822460152
35844,30126.5104267728062213384927275722962
35845,30127.4648344734656866993004262067464
35846,30127.8142834853907850423669799125788
35847,30128.9202759786175143537030895580400
35848,30129.5515373903171586856138446809378
35849,30130.2499405609246196701875193266402
35850,30131.2960863412308895006452836284199
35851,30132.1893512500210654889986266491253
35852,30132.5221428204091200627443551574819
35853,30133.5672050374718967454675430097910
35854,30133.9535419965715138480148510612062
35855,30134.9353413990087217184973714063632
35856,30135.8801612943358390536006054873349
35857,30136.5428699816055765660618275705413
35858,30136.9589380010340502795036249282598
35859,30137.5426340456984947988727775182728
35860,30138.0864661551416099035892312606157
35861,30139.2934158378308988530521432257360
35862,30139.8991200542145298871125239648903
35863,30141.0983915855132294407763794150968
35864,30141.6541248921626064476490965498446
35865,30142.4884213514609327714412262892038
35866,30143.3151940140239987789368090613391
35867,30143.7926490765919594526597602957689
35868,30144.2702271846558156236329350932272
35869,30145.0537978836853727679588030904782
35870,30145.7955382575242306051687166585240
35871,30146.9850198403766598742651552754428
35872,30147.2640860044856989565235596669219
35873,30148.1218386187124672777001700896835
35874,30148.8331108892711822917455090695184
35875,30149.5668269172073726382604044192286
35876,30150.7123736908977292019536450541261
35877,30151.0157191183163571735690798727716
35878,30152.3605790213182919499685266074125
35879,30152.8050450274140932580700147662916
35880,30153.4525018520956088660601680251481
35881,30153.8701972824164476831469773180321
35882,30155.0704494160182212189877557889227
35883,30155.4244939395675989690617495768628
35884,30156.2522875869394612991528654990573
35885,30156.4985418012495423296408950452442
35886,30157.7422796432403884634804731033620
35887,30159.0392602589227464105844358255347
35888,30159.6386156179063681194675187214625
35889,30160.0895914533311639852854385334895
35890,30160.8540767225470698457261472624954
35891,30161.4193660411706482365102373077725
35892,30162.1825614293357184559598047171201
35893,30163.3910794329774368998014401618151
35894,30163.6658864926063746989928947255183
35895,30164.2443128027851209916314676935156
35896,30165.3521929235558501701227253529535
35897,30165.9518218439108960334207239514790
35898,30166.2939265485664438762141485788722
35899,30167.4126347348718628589526366660875
35900,30168.4444681242050798169323878115663
35901,30168.9392215479024170107860727771069
35902,30170.0334980926749583514830357033823
35903,30170.6816421575612748531382851846655
35904,30171.3313171069799691011918271367498
35905,30171.8826540117810619671552887219437
35906,30172.5182305124539796912035711190370
35907,30173.1214997803057936093203003333413
35908,30173.7724916171330829835974297321921
35909,30175.1881143780428144785854817197788
35910,30175.3777219777016334907057199763719
35911,30176.5152037576211442035252113672156
35912,30176.9541247503889602080796000094698
35913,30178.2639309406210012282335498908052
35914,30178.7236481377948884476120494072587
35915,30179.2700788062613126875635530901997
35916,30179.9161312862973444117802392646342
35917,30180.9228409337448416201621790121523
35918,30181.8457619928466895028333139562749
35919,30182.1571635706059751282046616801626
35920,30183.0968496001635292915059039703606
35921,30183.4797114999264508039315304223317
35922,30184.1166158171628314829537358915412
35923,30185.0625811560685849701169001329134
35924,30186.1522076138559201688666054781924
35925,30187.3098976605031087951658768105691
35926,30187.5958340215480597592059663689038
35927,30188.3362126162262166188733853138829
35928,30188.9418812750769661188284901984073
35929,30189.7126574045476219550497328761694
35930,30190.3323023417137313121331654993235
35931,30191.0453953881303517297131769327148
35932,30191.9834475364857648907084694724317
35933,30192.4002249505019358363468659451685
35934,30193.2766027649030605867186151075034
35935,30194.2712936671355180956818011617377
35936,30195.2430199792650659068585824088694
35937,30195.4130386690952663754327712986447
35938,30196.1844678166798617151698655479111
35939,30197.4670341637571507578514796639051
35940,30198.0755304902116297040780228227401
35941,30198.6909671597556371244940086797243
35942,30199.5390649189164865578384908221973
35943,30199.8409238240250446351659190934545
35944,30200.6414335782830830073909689119678
35945,30201.4012200768307366406996333617535
35946,30202.1646003971541149043317402620510
35947,30202.6840877592351422453681314626623
35948,30203.9579693979341872089388110797605
35949,30204.9051894585856606230762865373917
35950,30205.5502680225466331355811194812437
35951,30205.9835912965990952328194869877796
35952,30206.8977959455021083042632238721872
35953,30207.5485246065673088518642564672887
35954,30207.9317762679798070876865581077230
35955,30208.7922392365330705768001430577310
35956,30210.0645148211574475250412974099324
35957,30210.4496641597594903894408618561908
35958,30211.0467001752422296498846730595019
35959,30211.5683735326732048033800303944084
35960,30212.5647559749220752572745147208933
35961,30213.5187196756592806171481686153151
35962,30214.4329558710948339899335790676132
35963,30215.1937588062296527795710673973009
35964,30215.5485643759936685793014433424809
35965,30216.5678364151683340326109649441328
35966,30217.4255408817287842894862313912746
35967,30217.7571074196604824627744734060380
35968,30218.3728994385793094445642722662295
35969,30219.0964784138923101237647326891377
35970,30219.6894735866261439715385732966586
35971,30220.9166896546016054971167554651215
35972,30221.7378592525202018595682664503366
35973,30222.3592872320450138286719266291761
35974,30223.4321365525698558895011473563273
35975,30223.8649489388344125858631965231271
35976,30224.2816472182414415156591609230302
35977,30225.4883532273770107062829428844151
35978,30225.9604589663872748061130216864708
35979,30226.9745885084008851829342688450065
35980,30227.5304552198258494719203388788322
35981,30227.9047216090055646481564631143850
35982,30229.0602166123269005405371410215157
35983,30229.4878320281209333044416923321119
35984,30230.2755448723269948053024544574309
35985,30231.0337721668753729208355362403198
35986,30232.2041375206376805738531856813777
35987,30233.0356811708129765510613285721372
35988,30233.9144685248834995139771969544247
35989,30234.2748082546285819304783617057640
35990,30234.6554442875285109277879525925438
35991,30235.3822292994780364596075806218233
35992,30236.4656798926602117307819111552848
35993,30237.0468710746067028784530047461624
35994,30237.6082765436888538581453772090110
35995,30238.6838064013305982527855784696695
35996,30239.2206744343204536409231246465728
35997,30240.1490872914622951690816443834817
35998,30241.0990462988210001585060286810693
35999,30241.6815197542419385753437712917128
36000,30242.2458347308774669070393728850651
36001,30243.0656758680825464507835762928997
36002,30244.1494826061913008882673744655821
36003,30244.4921008799209301825899245205312
36004,30245.3966346292965190567527284964560
36005,30246.0379511190248042547532516399923
36006,30246.4978806087397897592400931624496
36007,30247.2809601845281978041451225884398
36008,30247.6734616595732870961874219713652
36009,30249.4569538743033422713915640217181
36010,30249.9846092994827634374362913434069
36011,30250.4857432221323215117567549680468
36012,30251.4427698918684047745756333303885
36013,30251.9844915403144415693661205752179
36014,30252.9504042325988269355278583075656
36015,30253.2696959670822929050815570500652
36016,30253.9150901719872602863158788135220
36017,30254.8179661080364026498656846979375
36018,30255.6875132289758475118501820967772
36019,30256.4419553736622717894615422178259
36020,30257.1633891099022722843227253482037
36021,30257.5448965385245039273563998518933
36022,30258.7037463431339947915807049654216
36023,30259.3891679704090683433367781599581
36024,30260.3132171629761926352659307128116
36025,30261.0736583999320445121070048265219
36026,30261.8758230094257945902181416196873
36027,30262.2833754689642534884217002074151
36028,30263.0454308704774287547605558048576
36029,30263.7332446133730294687556453347440
36030,30264.2202124244032364810643512470275
36031,30265.1869677262281713880661033933822
36032,30265.9350231378542779506451860167741
36033,30266.4451378757086536543974839763868
36034,30267.9970051698361540417815966610747
36035,30268.5983455062401149398440002722485
36036,30269.0434513163552637388377904208167
36037,30269.8640363216961013789837151035021
36038,30270.2381788033408462399886287807841
36039,30271.0907795623820630479075646798179
36040,30272.1685179170401489332260071097055
36041,30272.8927437196175241947177012903778
36042,30273.3864648067882305224188259823032
36043,30273.8989708190298570244691911748357
36044,30274.6634154084397814532881752238210
36045,30275.6526229970814506802129858503562
36046,30276.3259735082248553481885397305838
36047,30277.1584150978983162079632643613634
36048,30278.2615296607317223591113597312121
36049,30278.9131025405053076877739591417250
36050,30279.4435732670377185387363217851440
36051,30280.1089000329446131514157055598641
36052,30281.1183766294463201103758842410058
36053,30281.4630575785994082121253513179946
36054,30281.7508198894247036046932602943276
36055,30282.9660700012773621687386714684911
36056,30283.8049023563330368141055598227535
36057,30284.5208101721361279190024449335635
36058,30285.6286691496735681855661884055502
36059,30285.9665897143152306748114540076119
36060,30286.6974650250971513181939813825689
36061,30287.8946517223779187537214186062739
36062,30288.1856445017654280373232355179336
36063,30289.1515663740246401525673529172244
36064,30289.6724711699714474915758947764024
36065,30290.4493265537850471527354887733007
36066,30291.4333259671486003392949069825321
36067,30291.9129714466208682228247462288216
36068,30292.4161681293221587290593803450191
36069,30293.0141428879886801014780438671644
36070,30293.9866028905102474764964758959360
36071,30295.3609258290415044321561698321412
36072,30295.9766747686101116531692359738173
36073,30296.6153569570293698465206288466560
36074,30297.2770907712107836365065064371113
36075,30297.8300799951185176409180438966688
36076,30298.6525130277078720114127146804411
36077,30299.1071796744309410424083948484254
36078,30300.1411425134597649656189676851261
36079,30300.7381958195637566062144087728889
36080,30301.6779212726049566434714203213548
36081,30302.0399238780590564332120525723293
36082,30303.0348679921329844182097419817611
36083,30304.0642521375606377621991504078369
36084,30304.6287210362075711035192361594163
36085,30305.3419022659369919196981795049517
36086,30305.8495367374697257827142620385077
36087,30307.3349160870948183097376104712393
36088,30307.8266615147292949979899810234389
36089,30308.0740962518951859705409057266735
36090,30308.9097579510584850940433927805438
36091,30309.4272630010348720963796546510478
36092,30310.3820465122431852235273764290483
36093,30310.8807077390208647974738012385321
36094,30311.9668990070521646648366465882549
36095,30312.9103627226251044725587139568027
36096,30313.5905895235943191494716952733355
36097,30314.4817780011178248697231866467537
36098,30315.2599090392154766816716797504881
36099,30315.5482073070070098819771986521151
36100,30316.1458065680098678673472261624712
36101,30317.3240722217584579026130800575720
36102,30317.6884823022125459656714981841043
36103,30318.7258989923749894774473534925369
36104,30319.3097107992950452695640154742585
36105,30320.1751704917949929663964505167814
36106,30320.6176912795078262468051694254180
36107,30321.2661991914256184495856339795598
36108,30322.4431304449068875227536604173797
36109,30323.4933458483509677803818716375477
36110,30324.0515260894400253846313753208273
36111,30324.6254060810079751522181279556796
36112,30325.4056015949549557132371195536669
36113,30325.9989909380895438207347410116272
36114,30326.7240963312247087797862832324511
36115,30327.6127057115217698812664943279920
36116,30328.0044538294758922359910709067907
36117,30328.4118074095169990323913045906187
36118,30329.9080814702308297243769308557068
36119,30330.6623699058013759630884001683941
36120,30331.4350836865159412171625438660010
36121,30332.2084865837843171884150336605477
36122,30332.5150182548090500815927516382754
36123,30333.5929495029402544867586914708244
36124,30334.1118798391420561436061290765694
36125,30335.0885686154394874264842038466352
36126,30335.7122488269980826576374425524543
36127,30336.5238649899617283342999046737778
36128,30337.0667427368498140089879586383763
36129,30337.4877558806212740715269976357771
36130,30338.5564331675360431042012783557049
36131,30339.1960009383203931165480529983923
36132,30340.1149743389444087172957627649762
36133,30341.2255420592002052662909726370468
36134,30341.6881574548988188522173492801343
36135,30342.8951660190769415528674746157339
36136,30343.0165628634752811801403313224359
36137,30343.8888235186108995902927443439180
36138,30344.3087868889889100081647896849698
36139,30344.8942297808173955388042093554695
36140,30346.0838544154406674338777941311766
36141,30346.9161018628639621174886177484698
36142,30347.5127751103150906342148819255889
36143,30347.8461832306673493592223137422312
36144,30349.2836431428124879520344262804475
36145,30349.9708780076510142632762192114615
36146,30350.3913707304960790196785386660909
36147,30351.2758054542900261277150457120939
36148,30352.3210226160323287737480501594299
36149,30352.4929395115039851219027248094721
36150,30353.7427191941460905837465012621985
36151,30354.3810350521504101104757037402953
36152,30354.5428242005643077083051397670473
36153,30355.5916142206858522004929910466332
36154,30356.0461367920939350216516132741886
36155,30356.8138949370226558062778455565339
36156,30358.0371170758876626845316204584159
36157,30359.2816144461901575388831252272008
36158,30359.6134937636668472485919107544712
36159,30359.9653526271292663639746101737154
36160,30360.8124647177683285165607301149534
36161,30361.6979770027848333921942539337963
36162,30362.3576089231010352978365062518643
36163,30362.9596225634739003410382083773735
36164,30363.6785394896813730734821870855658
36165,30364.5125811556287282960561460903377
36166,30365.2329460944233259143973783303924
36167,30366.1315139736804538919635401149471
36168,30366.5822935890984250695764662399644
36169,30367.5569074828124140844418661259396
36170,30368.1564434528316437836750869534278
36171,30369.4251756079542580031397864515063
36172,30369.9775493041129316913399232239784
36173,30370.6403950031486102309068923006185
36174,30371.1781893409660474653869900717662
36175,30371.9855471479402552626516107830540
36176,30372.5235183995812173314826882444339
36177,30373.2206275093145149238188222976443
36178,30373.9228481428299820154772700647484
36179,30374.8158421440444399203975000623768
36180,30375.7796529525495021608835646805485
36181,30376.5286466710146131257867904840826
36182,30377.3847398064974767599264745432117
36183,30378.1999262161258657629517764252501
36184,30378.6896091713166291466212143235300
36185,30379.2751296823218379787345945424607
36186,30379.7733665901154713634941745121941
36187,30381.1877810265053891645500985300783
36188,30381.6661185274128091617652971686119
36189,30382.2936846755086138383105491353490
36190,30382.9595169175320375061479642945273
36191,30383.5837862456876548018817554520159
36192,30384.0844277068942545033575182979137
36193,30385.7166883732316362742256595430801
36194,30386.0649507039666880287083798491113
36195,30386.8914051841849766974723241105589
36196,30387.8682875612208748502102842582814
36197,30388.3455678710677302222884368803278
36198,30389.2276327193059634375143969092074
36199,30389.5213269063529889721793438656579
36200,30390.3482404186685975046819113007119
36201,30390.9675145829350540618618538610922
36202,30391.8421442144868103154584140450459
36203,30392.4962296036832944742696529028396
36204,30393.6975163564263102469404932334225
36205,30394.2619837002698841682303329300614
36206,30394.9532887079633154020491527731116
36207,30395.7828860851366059962894984524290
36208,30396.3822883140263422049505558657985
36209,30397.1392464732250586307813302145766
36210,30398.3346715838321577504404954168217
36211,30398.6455834952887683261203956754531
36212,30399.2219168632501040787102569894954
36213,30399.8857317744088636841385583264589
36214,30401.0845978434592432767024608008869
36215,30401.3546695931639110101168874053574
36216,30401.8891467965518878939471891914228
36217,30402.8447185373198218631183686757921
36218,30404.2253563873616078700358278967737
36219,30405.0420741798314359176759853459231
36220,30405.3987024031626860227706051023255
36221,30406.1281271977382841991765010453959
36222,30406.6725134377250114365593960657558
36223,30407.4389237667326594096924125555264
36224,30408.1241515208897661393001624668337
36225,30408.8977413677324414675333277775654
36226,30409.8675246759545783729916493808232
36227,30410.3042355061231428247434427595335
36228,30411.0750399585980056095876001800845
36229,30411.9341647864424323686614659047856
36230,30412.7049291460623835576196452757491
36231,30413.7684061372788126133430298720195
36232,30414.0645614698963154495159432596416
36233,30415.0822847643849530994758983425010
36234,30415.7572808180374748493146277584481
36235,30416.5664939726476928640876822217905
36236,30417.3829365216651150042379220919156
36237,30417.8760147260812107282517454168536
36238,30418.2202744994346836378120661100565
36239,30418.8689512731753611867444920739074
36240,30420.0071419838144587907895685025894
36241,30420.9378112013102908869877818773637
36242,30421.8189775886584637019993764459277
36243,30422.4580598678505428212126381160817
36244,30423.2859688169602569236781917388660
36245,30423.8593724725340651968527805335605
36246,30424.6218746426388019998994883160577
36247,30425.4106134577090167101961112752432
36248,30425.6399934699645862728901453706213
36249,30426.8103743395590509017625625481278
36250,30427.6641737191080740137415694290036
36251,30428.3188701096944706286006299056475
36252,30428.5736140839561260368824286231040
36253,30429.6380493393686474695271800130270
36254,30430.5137520806731275706102769479118
36255,30430.9641750248673627311587913754475
36256,30432.4539106620171051977322820994802
36257,30432.9543630059060989220484278299685
36258,30433.5956455995842313554594522020279
36259,30434.3565475362053070933496046919653
36260,30434.5727341409331493146359110708805
36261,30435.6722520184499856402674393734595
36262,30436.3076315024013815960569998027651
36263,30436.8384450006267687146303770015670
36264,30437.8582893818694883989799624362794
36265,30438.2711583329141948396019777004720
36266,30439.6471290845167751607391527127513
36267,30440.4466783244533160182637256200691
36268,30441.0955866625151295429388058313247
36269,30441.3405938184939090998807950812949
36270,30442.1714726062056715658088933102542
36271,30443.2694232480525260900691766125182
36272,30443.9259120288624349347673054059079
36273,30444.5794247310446838062496461340390
36274,30445.3107755639469927839971012509409
36275,30445.9255377818194318188125829230399
36276,30446.3838201973447180461343387507884
36277,30447.5224231452501362296887880584357
36278,30447.7981299382590130975309726444566
36279,30449.3737552566477747562222215577537
36280,30449.9273953581584474129806014437723
36281,30450.5684371382289732541512752839343
36282,30451.4363105371194727698927434016124
36283,30452.2355480869067127818761749621722
36284,30452.5197420557022456297861595005686
36285,30453.2630633961608709217682095175282
36286,30453.9995522263591872831084146404987
36287,30454.5628395125200168758238148949808
36288,30455.8628866667063266353127281598301
36289,30456.5040742386137567363783339903040
36290,30456.9009625235802242503453792882546
36291,30457.7648253451303392575807441754834
36292,30458.7609869685069560567303194199852
36293,30459.6017023404421559560422133841664
36294,30460.1423820105990699626726357993379
36295,30460.8142338002171755658368921047845
36296,30461.7355093238817940155494706593656
36297,30462.5452194329312393792088076823352
36298,30462.8312052994964239123577960718905
36299,30463.8409158317442211953445965410001
36300,30464.2739600030711771744688642006613
36301,30464.9275913615495018398925195626300
36302,30465.6503222609313019196796840512902
36303,30467.2100109854893089238589317955902
36304,30467.7033477365019982550164028429195
36305,30468.3962284454541843217164999063242
36306,30469.3433532352299133369619439019083
36307,30469.6376790341230077838283288426689
36308,30470.1443417375585854235931902489019
36309,30471.1597368230423759159308766998892
36310,30472.1123328700932462657535843184196
36311,30472.7512304225257478993954331095997
36312,30473.0617804691359328133988031843840
36313,30474.0849217553158217227525535035450
36314,30474.7757574957011175214487648510567
36315,30475.7967950145455821841331175223611
36316,30476.2697220459072610739420633735600
36317,30477.1200302778236600447850966652147
36318,30478.0047899623632383771332568358219
36319,30479.1327408676603482327056243567501
36320,30479.3960070180167107290189215000564
36321,30480.2459010968644445684462916021069
36322,30480.4596505017435047927431275680684
36323,30481.4751784404036105076820496667145
36324,30482.0059188375951190541637956814570
36325,30482.9144072981550794172853603353698
36326,30483.5953882591011980671855531766980
36327,30484.6700645791959520296630854405557
36328,30485.4763949912533277768277717298977
36329,30486.2382399929175674259068899793356
36330,30486.7204289746040775167389833147131
36331,30487.6563087615017190242522922181071
36332,30488.2417124129416483480070831141412
36333,30488.7509805057918989395018108199489
36334,30489.7812885395335366479534373342530
36335,30490.4534435050006701148378176686811
36336,30491.4149705031911584165982046623759
36337,30491.7517487455430423680814729859115
36338,30492.3622841593390239719408848310908
36339,30492.9540618037884345888101114170251
36340,30494.2974746821117687400323120213518
36341,30495.1752640012758546324104101108083
36342,30496.0714613797234539790370492790628
36343,30496.5452100544745268234459960060807
36344,30496.8126761639001981213626719119213
36345,30498.2337958545017655067757010032106
36346,30498.4933826772121350026310752798588
36347,30499.2122121676867975863038468777507
36348,30499.5863738878661400142940842574031
36349,30500.7614383644471310066554089807376
36350,30501.5980533991602643890156491485938
36351,30502.1276169927046868128893955964745
36352,30503.3746189853920144011254795332794
36353,30503.7935095300745934869319432127832
36354,30504.5711351765197705755287462925319
36355,30505.1342444747548493194878801288961
36356,30506.1152398208917228227453477763375
36357,30506.9319696707970017675807610849520
36358,30507.7854581810060912604564112133325
36359,30507.9666916929932445625348938358894
36360,30508.9840671052862267979856534588642
36361,30509.3449122618978060613909161050166
36362,30510.1732187234787384697415045521591
36363,30511.1526001620618676910255091552850
36364,30511.7466713413214197873221403267420
36365,30512.7522821216874922659791130088734
36366,30513.9883495889730147122889629419796
36367,30514.4356081217130173248102935125600
36368,30514.7745650742986912286369973454213
36369,30515.5957676754720880003169250701356
36370,30516.2537951355832376957816594391507
36371,30516.7434329700692663455049672551019
36372,30518.0775954474479152133475992615401
36373,30518.5355382838302726088057235994311
36374,30519.1136461622923964617590503221648
36375,30520.0327086888448970790197112537136
36376,30520.5767637805005140022056733885994
36377,30521.7628172159285251750591061418266
36378,30522.2755474064069541665604642709565
36379,30523.1177841199867135084811513926980
36380,30523.9748422438960357071910815565098
36381,30524.6491230278351351164813932059254
36382,30525.2492595333404993123124249216178
36383,30526.1253815374718861701053415212890
36384,30526.5495930728282422313607278309701
36385,30527.4613630079775024583463615656319
36386,30527.7909596218234265658929688343283
36387,30528.4005204917958613597555554650293
36388,30530.0201769382562533703613752528730
36389,30530.7267633066449120719185672794532
36390,30531.4073248043315576153014007943752
36391,30531.7380381601323323005013237843879
36392,30532.8388710231348681979062247399183
36393,30533.3753673585151140313034742834673
36394,30534.1060229143631700158474783390687
36395,30534.8024986024038908645328823344879
36396,30535.6487651915929598720760060658796
36397,30536.1603319753375358113336501733497
36398,30537.1877590621006746200987108684366
36399,30537.6669628114839098000317846073485
36400,30538.4462790594719208398030422587343
36401,30538.9385559277163465228451798009465
36402,30540.3929326955779778909076058733138
36403,30540.8723772903109343764688687091274
36404,30541.8104393642509582691719964532143
36405,30542.4998588675232542647830658861617
36406,30543.1805763962709135900647854467444
36407,30543.6349900346433152732208978333438
36408,30544.1110061638075147119904541942622
36409,30545.0913289892060394102250356161225
36410,30545.9844803616308119321525394465119
36411,30546.3958309826781636289108766794800
36412,30547.5373068881354973281878730768751
36413,30548.0615830870146607602827805284866
36414,30549.2653080477947197186475241600923
36415,30549.9061476700349959801793233713126
36416,30550.6236734592773313414326858706589
36417,30550.7457981197522163357050239928319
36418,30551.8500193761487262048619788408297
36419,30552.8603695993635027175265412248108
36420,30553.6418621528096063321538370971628
36421,30554.1009892859876969922571969830819
36422,30554.4598419116295678171826780048342
36423,30555.3542128203776078873334766909913
36424,30556.1377079917848907053303962324753
36425,30556.8336312149996136135488880506667
36426,30558.1328442383323970020327001151460
36427,30558.8172772436425984210750177668084
36428,30559.4455885918790961471237535920341
36429,30560.1906190202615883513877236316408
36430,30560.8882729170251194096518439910024
36431,30561.3440988757496643890571652499327
36432,30562.2734700534722638963242485097482
36433,30562.7638112858779809802849577460021
36434,30563.4173640912229081002704035586107
36435,30564.6087939102160519922055577641425
36436,30565.1191597717081766490941082659372
36437,30565.9664444260188879396582877979471
36438,30566.8105334308206407049875974764667
36439,30567.2888980494803172003929036333605
36440,30568.1344086234568490791224915360363
36441,30569.3551704001809423426700524479575
36442,30569.8898125899259917137863369146900
36443,30570.2218209677291488517160321733909
36444,30571.0877344843205127053377866035727
36445,30571.9875613811082266583912453944499
36446,30572.5011511417608035837605298359365
36447,30573.0970744142273978857421504349232
36448,30573.7680130931366099469159389856768
36449,30574.5340169099918716604732872498513
36450,30575.8497734005071596184982177551883
36451,30576.7238503297029635701776760297657
36452,30577.2232027648076632530519957776693
36453,30577.9462685460042328376516065366316
36454,30578.4179507528219585323881607828235
36455,30579.1491169797516957296318910734750
36456,30580.0694182573367219840414379952618
36457,30580.5019659676928328422131133260465
36458,30581.7542091188048272655030644437340
36459,30582.2635811021634067909621233407437
36460,30582.6784342711132680096258869741976
36461,30583.3080432719499218617318796106858
36462,30584.6972970554117057901920489336821
36463,30585.1994145279722715086940799763440
36464,30586.0073351998497346814102265092616
36465,30586.6965600061507583534197838256223
36466,30587.8462764637798793752220054225065
36467,30588.1878106536599242391938466823593
36468,30589.0871914259582418646354880121355
36469,30589.5665700258166899678419158237551
36470,30590.0215115407574049046841724544324
36471,30590.7124621703578336487583955536398
36472,30591.7342978073837891732801908509939
36473,30592.7284144027332549912760633058302
36474,30593.1991367735096821890910296934064
36475,30594.4378922096861747142799649774360
36476,30594.8251072175489836255306288182082
36477,30595.7234679161390512403419204052465
36478,30596.3856713267984390887990528261912
36479,30596.8191327109398751385585304239783
36480,30597.8972318454568219752221947861225
36481,30598.5701645411285104547201120330872
36482,30599.1679898093216704922992137372132
36483,30599.9472796502560866461653602161001
36484,30600.7223595731780012748272694969930
36485,30601.3176110760936136300967874173360
36486,30601.7709786247613311444470689492948
36487,30602.8479197336922225163856824873373
36488,30604.2277611783174601588939697875576
36489,30604.7438067446496166508711837026629
36490,30605.2608320027867763421709399170387
36491,30606.1187599481075859005484692771987
36492,30606.3433235199500933068589724342155
36493,30607.3678988718589639651109440239330
36494,30608.2083496052721519419308202839230
36495,30608.5358290063293704967852915137124
36496,30609.5811826652273244181516136370718
36497,30609.9838596814084389044385533303322
36498,30611.3551952997984416012397885813454
36499,30612.1152630320318828575978787499637
36500,30612.3082228565938948327126175749711
36501,30613.6507150485775680010337087789766
36502,30613.8935343918574344031768294700775
36503,30614.7497499915901202543237895938351
36504,30615.8211753671958592078137022305700
36505,30616.5162817569843307056639018646780
36506,30616.9040240803933250971039119119505
36507,30617.5393638225379830778847116262129
36508,30618.4551058611342430675279569795691
36509,30618.7867993374112421048756651727277
36510,30619.7029186809854654975863750696497
36511,30620.9267822672480599696139714486138
36512,30621.6527984057744240233584933421555
36513,30622.3582879251757231665544790455723
36514,30623.0589160383456040651188479553210
36515,30624.0177932336883790646427139156757
36516,30624.5202241215735286649877040144363
36517,30624.8215105754561827659180089034409
36518,30625.4768395630486815882804741020539
36519,30626.8543217800029785007746968933189
36520,30627.3035888242885452382476639120369
36521,30628.1994502926249172256912303205070
36522,30628.5719957824295524948750345779175
36523,30629.4131551175829424131761092105150
36524,30630.3734791980627356410208814858400
36525,30631.2836417467519993934155113623906
36526,30631.9020484267342042720922747731315
36527,30632.6612312175532223427559002590786
36528,30633.5533084964020952817975459933437
36529,30634.0675156851201149262083041262135
36530,30634.6772452629906744270868944759725
36531,30635.5619064560267278683240447304998
36532,30635.9634528291815271059950208298233
36533,30636.7098798546218033809761009420621
36534,30637.4287214251634561846949641236550
36535,30638.4213097358613826211622497642808
36536,30639.6800729392141847400634538917564
36537,30640.2786031519321979912382894218255
36538,30640.7452650008951704212031224264140
36539,30641.2705778851754324652219164217987
36540,30642.0403058063797274621469332949626
36541,30643.1199865167045345389035480392501
36542,30643.6220877348124969157054179855050
36543,30644.4087323283581038853223389899369
36544,30645.0446473362584149761196182817893
36545,30645.6444567574586081078485896430074
36546,30646.6645090762132384818599703632617
36547,30647.0253123091019691590072908657882
36548,30648.2392339812067862058593727608537
36549,30648.5474243357793146985005800678202
36550,30650.0118361927320408276763424610681
36551,30650.7019770641551843988940660249433
36552,30651.0703516927806319337004550246884
36553,30651.8359804139605569515039112174101
36554,30652.4486844796508456207413326699259
36555,30653.2280660086775577582529614639449
36556,30653.6471646227195818380854715896873
36557,30654.4741482155785308980388904736170
36558,30655.5722370481427812157023990799415
36559,30656.3402956094473256178541115323476
36560,30656.7168415299401119445892324617829
36561,30657.9806504381635697624643493862842
36562,30658.6999195038069897835640294501694
36563,30659.0895410540970276690473906022844
36564,30660.0244837555382822383728858337725
36565,30660.6596018480618642659643649464528
36566,30661.2805978108385548914387809385625
36567,30662.3952182985016409905567476422361
36568,30663.1472634311434652593006308027511
36569,30663.3157244163457930289847134227936
36570,30664.0960564751123458443401313298716
36571,30664.5800276760437348771876277409346
36572,30665.8028285255638480303534717050464
36573,30667.0599919536557204820915284874135
36574,30667.4067149115508110083280102446436
36575,30668.2974117665170625588954118728419
36576,30668.8817966166322770263366255981906
36577,30669.6819570835767726012606057976903
36578,30670.1440578391271644809618564250067
36579,30670.9213751170381449405828606535843
36580,30671.5953548749469701334651019245350
36581,30672.3882129487047388265415114736785
36582,30673.1567703289401004887281419083373
36583,30673.9771749522885189136989547315549
36584,30674.6210198111750946315098638574127
36585,30675.6968009247841569245469362886216
36586,30676.2110049053596398301489017037878
36587,30676.7261045562680082297783346419843
36588,30677.9349205568633388479037435969982
36589,30678.6919938973551778180845555082679
36590,30679.3573320689920111120977512440243
36591,30679.9447158811515398249874685917392
36592,30680.3604703697815479358061081323427
36593,30681.0871546920246175903680569042192
36594,30682.2971041784499703509838452217488
36595,30682.5536132069492786436606120725633
36596,30683.1103660372469153222793247302745
36597,30684.7554746825217922894543630730155
36598,30685.2297931157408918844583175448167
36599,30686.1389713933567598429630761764297
36600,30686.7991515484434106444988270745495
36601,30687.0963831858809748943375463235902
36602,30687.9844214693830439926425069324122
36603,30688.5177097591643517769760251820278
36604,30689.7765300251989373453689831091879
36605,30690.1704133255661779052133361746263
36606,30690.9324422723324954940038430810341
36607,30691.6024149816493782567480086276488
36608,30692.3511704477873655318797396988849
36609,30692.9238398517446806706990908792915
36610,30694.1105125941689116412983217891132
36611,30694.9668432359998245181365249987306
36612,30695.7604564632773551633788886722331
36613,30695.9834782402786718338336741953864
36614,30697.1687592472472295255008390016112
36615,30697.8430985046875751806149849855005
36616,30698.2899963443682323501058642880219
36617,30698.9273184568485763174198038779814
36618,30699.5201768033250755800552802064342
36619,30700.2576821517775124507037239037352
36620,30701.4241810142690177019619932315263
36621,30702.4100419927015533831838221081087
36622,30702.8845724057220584100222110276852
36623,30703.5590012269498672118468597560349
36624,30704.4253860569324365850280023347447
36625,30705.3173428064066197935632964643539
36626,30705.5476472832330899899704390798384
36627,30706.6277364150802656569328319729307
36628,30707.2632688274987954983123160812892
36629,30708.0892497666825006419681819922002
36630,30708.6661597126197263897434733987270
36631,30709.2919823533216508593954142480309
36632,30710.0744203669153043120314563894481
36633,30710.6797627678408338359229316696923
36634,30711.6756867428810213721046375933501
36635,30712.6612158704215315709736332926374
36636,30713.5854410496803446614569441258386
36637,30714.4211003332111738745568838277946
36638,30714.5524254461898244634199889034106
36639,30715.1789194052930687205847690418812
36640,30716.2082981132969018709729142088733
36641,30716.5013944183748834816962637425137
36642,30717.6340229184649694747044227579142
36643,30718.4546746829756840646024164204669
36644,30718.7992171613649756755400479213132
36645,30719.6646064287467072323695198520672
36646,30720.8374217642568726291235818781901
36647,30721.7172267624655584040900331091986
36648,30721.8905075438208661125958868846658
36649,30722.6641174365872506570591238766649
36650,30723.6102910139023442724816558465410
36651,30724.7466894159010831066491837463835
36652,30724.9948483796945887223276121983300
36653,30725.5979774752200090721748125686507
36654,30726.7495318524052357933124029575760
36655,30726.8857749240468769642296845076967
36656,30727.4480691525266017873170416749848
36657,30728.5635361567948228954619342761983
36658,30729.5641310315820715245379131675003
36659,30730.4877331206515579469422268762555
36660,30731.2571668230542388166278634168155
36661,30731.7777127466023012522366094411578
36662,30732.3232325674156740335414488471041
36663,30733.3893298935816902934569054203785
36664,30733.7876164450770667464469347428103
36665,30734.5275756204054489155240631228295
36666,30734.9987312428146567989433866754320
36667,30736.3070576294335970316449999529188
36668,30736.8992044254614376174360146527132
36669,30737.4547476601383240168523868741749
36670,30738.1799850728112547038564316593632
36671,30738.8768773048218339576264809280270
36672,30740.1422278475465941366890998905623
36673,30740.5857640802119125068495026798346
36674,30741.6664260446863012159055783213462
36675,30742.1526637153933266312008486858336
36676,30742.6386125769220198563230039766421
36677,30743.5769331526375976060709544293440
36678,30744.1971206589554777803306679757500
36679,30744.9120043888892416105882255379297
36680,30745.2020823827547151910808656314123
36681,30746.3641147745937245584301172550386
36682,30747.1189150061445326645750197775565
36683,30748.3308871804058611708521292109615
36684,30748.8519841733615396627741260449757
36685,30749.7466588189466631549328784941524
36686,30750.0459347332662672621864465843453
36687,30750.9591389309106115850419929394961
36688,30751.2620612750882246801128737888857
36689,30752.7690246340187478181661362140732
36690,30753.1520029831988735005540307594614
36691,30753.8915066130808595819299707083362
36692,30754.2543542331236961671386602777070
36693,30755.0909179742463850922836288700335
36694,30756.0497761162464067684064658019406
36695,30756.7407389240306964261393768018932
36696,30757.6532931893127139713652294385981
36697,30758.5169940075548327145343012215566
36698,30759.1892585289189967341020826865610
36699,30760.2102755917993053667860090024781
36700,30760.6153447578548024599974039447985
36701,30761.1303183819574739542781088543880
36702,30761.6637252778245212742146258392863
36703,30762.5552667599799430951616650789491
36704,30763.3813429909462401366707135062842
36705,30764.0733524737463160946816906198471
36706,30764.9612180753458308637951614004037
36707,30765.8575944245519422734916356166864
36708,30766.5292307361013631317142165102962
36709,30767.1384836793707004109197260616523
36710,30768.0743852137396241525383101728260
36711,30768.8059525984147953799733300999778
36712,30769.2893321911749876507044997260738
36713,30770.3365382173116773817233741598851
36714,30770.7528191735703865219613944211775
36715,30771.7473516452017327215855096426391
36716,30772.1866469330791951228741833080324
36717,30772.9938338201422078162324797140947
36718,30773.5576260813165903243512164880541
36719,30774.0107173515627959427983917250676
36720,30776.0531244736504767103985478977387
36721,30776.2573733932159107089842506558090
36722,30776.8622850411386523141576702801089
36723,30777.5428074657265060719878804668447
36724,30778.3745556551687020954993961255899
36725,30778.9223253389706829911715089275959
36726,30779.6358582590316675106262336446985
36727,30780.4775333754759120550644822389648
36728,30780.9361528903673528876260538021538
36729,30782.1122713678252727939432207997945
36730,30782.4762889012802372683449365619780
36731,30783.4152508402723746213712092949627
36732,30784.2515105152159230412148881615304
36733,30785.2208732431755318871427653828547
36734,30785.3678120774848422769137245717738
36735,30786.6009502771400430563870658073404
36736,30787.3433660348481607898364214153357
36737,30788.0219430879669905475814237468706
36738,30788.8910849545121013989220337207013
36739,30789.2709056061593185656585144526184
36740,30789.6023070428839067273208445041695
36741,30790.6861066714635602301469890310247
36742,30791.2816911332371472697755548480145
36743,30792.4024755228822708504427865139571
36744,30793.0609416813739388289202823486160
36745,30793.9231567923258726612030577920099
36746,30795.0872478268475120682149692719830
36747,30795.3008813621657940851519061914472
36748,30796.0982863270313575336220918891574
36749,30796.4650296774617720254513009022805
36750,30797.4011623598207459024538499081585
36751,30798.2477528051278774037793686199013
36752,30798.9965020625092703842708299619459
36753,30799.9380142180641822187548376056793
36754,30800.2329991911813539784270504437195
36755,30800.7328329819530744635823582761649
36756,30801.9531787682720259137120989575270
36757,30802.7001851362599726430220274100420
36758,30803.4892591051608182770167882616088
36759,30804.6365080524987391467952301416868
36760,30805.0296362070346854692800489036305
36761,30805.6040216374343731101448888522192
36762,30806.2937531017004035856230124377406
36763,30807.1761994333218275829951657302965
36764,30807.7856261123179954398718919515298
36765,30808.3576209750646568905788554561327
36766,30808.8307715483812857697024888957744
36767,30810.0186959200170480052398180244824
36768,30811.1007813225155286006684246332803
36769,30811.6909405038373544436401064343000
36770,30812.5268454037073207875870230118198
36771,30812.9518021753756526969806146502941
36772,30813.5518543822154404074522446868536
36773,30814.8248656105609794861619645389880
36774,30815.2557906842350462948480653876326
36775,30815.9959491273891372052124777800511
36776,30816.6816623742765604737547882955996
36777,30817.3114241363687105902693760178954
36778,30818.2487723198501232013859965246947
36779,30818.6568286438804119596820482378601
36780,30819.2983711824172341611265240897199
36781,30820.5262848299929129376515677871212
36782,30821.3026837615191476515574394572256
36783,30822.3745925158803875256059612500936
36784,30822.7049684579979351584482301993727
36785,30823.5457812166781523397256411559811
36786,30824.1563079211450872388188110393394
36787,30824.7296055974854777936169121636212
36788,30825.1601889059125782340947680431414
36789,30826.2553535480917829902723563859220
36790,30827.2450352389595787580085992564336
36791,30827.6552641143527706161220814293143
36792,30828.3975323262812821867221231756704
36793,30829.2509360105053819683708141735213
36794,30830.2011201794559232050966101473290
36795,30830.9951820725649919676714177206746
36796,30831.6701186791129246320212842328244
36797,30831.9473008723903738951896176018049
36798,30833.1759473511737423669579854283562
36799,30834.0221015865056398920179058401036
36800,30834.5302129107542217297484441613982
36801,30835.0410830800246264471168187312729
36802,30835.6069485913562071937107476962397
36803,30836.4971767655779329790632553501101
36804,30837.0057280340512418563601333901037
36805,30838.2827886459725704072989363639455
36806,30839.3277778892328204379127381442633
36807,30839.8392568777765461939334484092101
36808,30840.4724566144199173152130465291701
36809,30841.0920180722646135412579402965224
36810,30842.0411589158235470576880446098485
36811,30842.4085084673139829846959416371858
36812,30843.1510416045742467198450621111787
36813,30844.2485290215978858410379286245839
36814,30844.6980243329028684041157854122453
36815,30845.2041112939723790538209297632285
36816,30846.6252077891667718298134013603302
36817,30846.8647208311140716330193438577863
36818,30847.5483719190554728477811872383187
36819,30848.4842640012799570148425402991442
36820,30849.4983008808446251136717065763527
36821,30850.4510228194906323072920955595822
36822,30850.7922374447698900909958032749037
36823,30851.5245955708784975262863513475289
36824,30852.0234427088368957535464311017643
36825,30852.8537886113976014975160118460375
36826,30853.6053669375804724877966225605950
36827,30854.1326623192995081050169237157598
36828,30854.9535776892032295959612064182138
36829,30855.7578232061832065176912614948528
36830,30857.1334998448860983736191033679748
36831,30857.4446061681845487840707203758631
36832,30858.3443928215106504751619459845273
36833,30858.8359572906128803245424534098458
36834,30859.6215314166659225995040924034679
36835,30860.1803043027764018512744182422185
36836,30861.0274660422782865441545829177911
36837,30862.1408279486446703935150152203508
36838,30862.4630526990511953516220749123978
36839,30863.2596197929956627478537230079257
36840,30863.7897781825927579472603126572325
36841,30864.2805333179504855708658653822476
36842,30865.6190392699865358639701842085158
36843,30866.4906823782126885139412379584519
36844,30867.1726049261073114080412012041253
36845,30867.7873881656349933480737024895177
36846,30868.8839629813966219833789038218828
36847,30869.1217093086795557073206226425636
36848,30870.0913345762262481990965736299159
36849,30870.5512645788642864232209022199123
36850,30871.0608881138365023972086695283484
36851,30871.7893011739000759661596440113807
36852,30873.2137744017372588289706492947184
36853,30873.4999233293304547627963708223739
36854,30874.3355405923206433701067469006333
36855,30875.2648980703118269344881434570250
36856,30876.0490100075054223172608794592477
36857,30876.6048216254045179206242000480125
36858,30877.2126098705086791064261089524652
36859,30878.4476738499861266501245940517717
36860,30878.9183732059790356228238241015131
36861,30879.3802998419381447139050220419404
36862,30880.3268438143356428056158092643639
36863,30880.9778146534332806093347679952837
36864,30881.5257870547999323554254474876361
36865,30882.3734671948266425984769072789989
36866,30882.8453322718857402851530690337168
36867,30884.1458283817617778702052616118646
36868,30885.1990170083113480933395793837285
36869,30885.8317080079429934547181387792256
36870,30886.3297651606687430223840739341908
36871,30886.9874017464879582333798277691789
36872,30887.2218620373655790888751401416366
36873,30888.6405582173467097104216328836641
36874,30889.0109577954938740163128049331522
36875,30889.8485721756304131601850194420493
36876,30890.4864720651784058593225693280920
36877,30891.4226071874012274683857023839404
36878,30891.8477221145324579418637675054537
36879,30893.1624546826625944695715106448117
36880,30893.5806822219578058536546837061690
36881,30894.2432160851980676982971528495177
36882,30895.3397663220502194725949733162194
36883,30895.8973598554527236325394499276294
36884,30896.8080038171220815138607501368475
36885,30897.3761975026337262418074284887284
36886,30897.9605234717888780201585543068849
36887,30898.7017237394953986047093147384608
36888,30899.0849318386475087350784430727431
36889,30899.9290512978878153290018504066445
36890,30900.9049679768671105617105890948996
36891,30902.1445087522786439045684375862567
36892,30902.7060695653043106579799881624043
36893,30903.0209140635036646968694384681823
36894,30904.3320245268355467474051280599623
36895,30904.7820124092064580068507403966611
36896,30905.3391351159800624075129129714946
36897,30906.0248179082529527711968600321283
36898,30906.7232757490504619306134064762969
36899,30907.8111083220042651191317062497282
36900,30908.5005153617145696836411206805647
36901,30908.9534220314157193020833581403780
36902,30909.5794229108993572305392570234894
36903,30910.4521303619122240874452193401498
36904,30911.2174801828093095499702861849172
36905,30912.5071297359956901469386560049942
36906,30913.1051426543075169814144328689744
36907,30913.5518334493587040974644196640315
36908,30914.5265255157282292280333126438163
36909,30915.0545775510516975915306726806344
36910,30915.7778220363845772227356623349336
36911,30916.0932298214528369022585451084377
36912,30917.2887698506478001712718336686976
36913,30917.7818493477415872787852905908538
36914,30918.4403000463465700815020924440301
36915,30919.5070661393404960257374610995676
36916,30920.6676279075956967454840788644811
36917,30921.1496501542191957851928562844119
36918,30921.5633600363168835130740730590831
36919,30922.4605662066089269045234508800771
36920,30922.9774576727761698659258145266103
36921,30924.1359451905563266775146601815841
36922,30924.9083655437482005506039692423491
36923,30925.4524790283678641796462284047523
36924,30925.7568056727024026385646411706258
36925,30926.6882286745311982753242833915057
36926,30927.4104807019026937922506556356883
36927,30928.2993439453392702665321063645944
36928,30928.8124189740060044701124575117381
36929,30930.1838531484676683900080256194009
36930,30930.8152086970161202569756590931083
36931,30931.5571618467639208657350331431426
36932,30932.1078401390717207944378486700792
36933,30932.8219257692772680634751708728505
36934,30933.4153649846711345326168853504359
36935,30934.0218504488516600812420884203368
36936,30934.7266583283834128213997597325714
36937,30935.7808026970462591607534184306408
36938,30936.4566560450592024761734671676572
36939,30937.2321987588624060947715334883632
36940,30937.8004512653148548344110830644270
36941,30938.7245799317591462825661230425179
36942,30939.5446350042926634428276277701263
36943,30940.3730425406284948297856418235712
36944,30940.9463417926594429341162898454225
36945,30941.7748180316285874176017232053494
36946,30942.3533966619940430918582251658362
36947,30943.1531915779703551275438747649071
36948,30944.0376723027642686894579175149462
36949,30944.4938121829019643304952353742270
36950,30944.8661621978726228717261133279294
36951,30945.5368087878376413696262903559754
36952,30947.1560004986014976058502251707933
36953,30947.6679698655707159654702007347033
36954,30948.7642625156992845445264766928262
36955,30949.0601785101558400521276109855562
36956,30949.8090430722495425365831434227701
36957,30950.4163668879964625850648898139672
36958,30951.3307017683657972385377654951497
36959,30951.7707786016801968310873837894591
36960,30952.8296005602807481795548035073061
36961,30953.3802306308942813474683903680024
36962,30954.0776655260413795961952396177407
36963,30954.9056460680705486071309562948357
36964,30955.4353325298251074083177237628558
36965,30956.5821685834323940932897113866778
36966,30957.3505622537549199834332359911412
36967,30957.6114418861933392214359768035916
36968,30959.0507876931139466773240328608081
36969,30959.9248507224143504383355472109567
36970,30960.0671859960490429127122068405276
36971,30960.6361075118276836223664673094942
36972,30961.4469410279903895686883998263569
36973,30962.1278779820336901114956952391555
36974,30962.8532901895216298763534902417688
36975,30963.6983199791522116648592962058204
36976,30964.5533408665053467740707280998939
36977,30965.2297877562175614947594975758375
36978,30966.5267454654927346094385072726447
36979,30966.9054586343072717574156953599742
36980,30967.4834289627677418140420670793768
36981,30968.2937744533917912949626693397202
36982,30968.7627571115065424218551372680645
36983,30969.8134343945430255086113357085117
36984,30970.6515589877709248711450601694171
36985,30971.0829045269825879399654265932426
36986,30971.9485080134423960252230446200455
36987,30972.5192910864592678089720165903883
36988,30973.1212702629428096208924590311733
36989,30973.8032443320752960137891372966201
36990,30975.2697605976445899222201110067797
36991,30975.9245306418713276096199074610688
36992,30976.6419628615681217471435790754239
36993,30977.1398759972985405833386084635960
36994,30977.7803276577485999712788879938834
36995,30978.8166314895418599164155644729199
36996,30979.3499729732872125930501691011725
36997,30979.6448434542782975263643949276487
36998,30980.6244639920058649960766387570967
36999,30981.3123953137373645781613609435690
37000,30982.3961427799982656978662775183315
37001,30983.1880056101373284440667558498241
37002,30983.8710199998693176294498062337948
37003,30984.3900005181512800233879557483469
37004,30985.3156494053853091151007572087319
37005,30986.0799356955637782474470724957582
37006,30986.9649568511108399365099143423319
37007,30987.3265753127406929670357242456443
37008,30988.5670034619538218959040674501770
37009,30988.8106678497752274591926966343175
37010,30989.3774417766638437298409147526496
37011,30990.2208290405112849849312899807276
37012,30991.0782211980792471260098947874367
37013,30991.5192804170408002837624964642951
37014,30992.7228665245935758360700212731178
37015,30993.7991084089308797110784809195382
37016,30994.2858208996197322860013693387744
37017,30995.0542581937065470341327030462965
37018,30995.7865587169742143740643148016320
37019,30996.2634415918222235633552153601709
37020,30996.5741757351621867867056745641933
37021,30997.7439683295911381892591521751731
37022,30998.7665675744322796210221319109389
37023,30999.3532500117494637329858615125286
37024,30999.6696075096267221954883802198917
37025,31000.4928338918237446210023666327164
37026,31001.6991623747558536415577628431680
37027,31002.3276202165964533420179307127373
37028,31002.9747754320646531799919937362605
37029,31003.7913565577332225577362535226440
37030,31004.6908029844745758321889655371031
37031,31005.2671802285759552376144194361571
37032,31006.1877557084245050216442730207957
37033,31006.5743816116970882725925979998854
37034,31007.2879494156343997397120537950100
37035,31007.7241725186288405857305686624450
37036,31008.8409039480091981306651859252664
37037,31009.1437772901315836294536014586991
37038,31010.9483002840197558789522679870584
37039,31011.0903412093868074395245365712583
37040,31012.1081627844276296788030548746108
37041,31012.5833418541847675360241276837276
37042,31013.2870830998695119093311110900981
37043,31014.0662774820702700975971816832802
37044,31014.9120739520238964935397082185026
37045,31015.5540115955715975599828484949730
37046,31015.9531853125345486796371117778608
37047,31017.1261773609552358302087045043053
37048,31017.8178988412176613649798289047524
37049,31018.2542520902658782860651321643956
37050,31018.9988343310876383323600838406628
37051,31019.7989433250608171741139504881783
37052,31020.9069545864200760559428120419183
37053,31021.9050139812288306127575671007093
37054,31022.4052184292383272846192062299070
37055,31022.9501846461144380289833546679912
37056,31023.7284439908391820570159424406265
37057,31024.1688469863683257600286295232670
37058,31025.1516997651770712373177011368503
37059,31025.7190100246544900376304206430844
37060,31026.2111449382253868711554706026297
37061,31027.4506938227152866118504755727909
37062,31028.0242199661192317809064975539660
37063,31028.8821168272001624346619183801708
37064,31029.8231003845274217258240642614194
37065,31030.6466972995713450951272388194150
37066,31031.0790117077405175961444039510276
37067,31031.3602505372654835379510708795076
37068,31032.7384890007839110998511000639592
37069,31033.4496903349598138514754481568830
37070,31034.0557547514679642101675028737465
37071,31034.8056218172592665449020869830110
37072,31035.2515280512133726989924297581968
37073,31035.7579369608403250962019237566793
37074,31036.7228718827779380099585094672405
37075,31037.8695767585686725148619451188102
37076,31038.6010962103116290175604768797536
37077,31039.3229896383645462483543934663226
37078,31040.1364742920315369769128479328703
37079,31041.0800338907434068053592621623849
37080,31041.2659867893304734035344710808134
37081,31041.9642233820450738630185725691348
37082,31042.7478475974896053701513185692332
37083,31043.3540898474638143267654743686527
37084,31044.3041283888303121261648607438947
37085,31045.1750964777898144468082647927777
37086,31045.6377161373084445016106640746216
37087,31046.6909497386279979666523159036906
37088,31047.2409749902168895256107754338636
37089,31048.0533890407737306676354166033799
37090,31048.8686959258414605053007636241643
37091,31049.7134867753370839626851974032208
37092,31050.5315413100924705571200864014541
37093,31051.0246806505881380576597235824770
37094,31051.6061050772708968006956169694846
37095,31052.3842599760817372248194905392046
37096,31053.3275856530549442774205689701917
37097,31053.6336735109693807193069230224652
37098,31054.3324914218967808648293248413097
37099,31055.1127022605102304378718179814091
37100,31056.6975242993141735157037102783073
37101,31057.2950062724582204989422407192972
37102,31057.8776189212635356384009083418896
37103,31058.1066426351478832052775404438986
37104,31059.2308447608157302276447755089960
37105,31059.8190891175685106163115326877218
37106,31060.4000128267549344942443333845341
37107,31061.4850251347275738693478065997250
37108,31062.0630719687265054121631127392165
37109,31062.7157591049178979721827135581688
37110,31063.2723271352226880495611386547577
37111,31064.3298024584365358902841653866559
37112,31064.8901851993636530145387112901487
37113,31065.8330769185119307555217826276244
37114,31066.7191209662744379876696830287288
37115,31067.4026805494696599168005659987265
37116,31068.0600601092202307876903985124586
37117,31069.1929851864183337049696235966157
37118,31069.3637552656080804898146401120631
37119,31070.0959138159111751131660303347074
37120,31070.7471446607339958030801846316133
37121,31071.0714663572781904348746532228281
37122,31072.6707547547573571187112640323262
37123,31072.9697678976899039851343922474039
37124,31073.9253049915073508274249394246781
37125,31074.9842211995456770604517421802745
37126,31075.2979242158790621660227629952470
37127,31076.3817343740939877734179572917721
37128,31076.9258428614434696873836519061761
37129,31077.4777817203335417603552581348941
37130,31078.1227650336777535447710333523354
37131,31079.3394777879945295038398194441658
37132,31079.8769956304093312690134500263428
37133,31080.3899850278122381455019690952947
37134,31081.1247030956871233328402598972522
37135,31081.8006738209905069437812499238294
37136,31082.4133896720930883993127991155905
37137,31083.6332867927091790896857327148722
37138,31084.4928662832089774385464344329446
37139,31085.5456732946728871197271949432548
37140,31085.7439516323449911390679169616496
37141,31086.3748280758146685707389762460359
37142,31087.1774639477032450433085779140759
37143,31087.7643816578296142107583554287360
37144,31088.7811989197140713857821783281627
37145,31089.0893262464297320638718553010811
37146,31089.9745188204529414940021361795716
37147,31090.7347730586836200468748570255771
37148,31091.7193472322159458229992015197969
37149,31092.6111210045647665463097744782273
37150,31093.2664764413580753046400452192721
37151,31093.6645393425046165365798213756604
37152,31094.4777552105350743949691484059609
37153,31095.5881232346083392036609879234495
37154,31096.3365470692836516183584723354281
37155,31096.9009613967737845755022495446521
37156,31097.2568006993870888800846118875656
37157,31098.1888033380577595740437333800757
37158,31099.0667150491096153674474564602478
37159,31099.2504927123852249239153123742674
37160,31100.2049372649644058895458786888799
37161,31101.4117955170722932615914931312724
37162,31102.2880797466386337107830673162682
37163,31102.7364320130752653825410040472530
37164,31104.0053052682288274176496739251532
37165,31104.0823205572269966509155637027636
37166,31104.7975319767671987309610893900829
37167,31105.6219642114249315671345073674437
37168,31106.0862801658849487695462955656336
37169,31107.1021101474450675445536294274302
37170,31107.9329399990280460704335207642854
37171,31108.7746792588899697552295906352033
37172,31109.2078406531688581543429026687353
37173,31109.5719031367613827867983320595674
37174,31111.1568230732077790488100260521740
37175,31111.6862312121372411016997130015293
37176,31112.3481334928714896636064986066286
37177,31113.2851817460797215057029541665512
37178,31113.7532586381102587538695348412866
37179,31114.7205258668865820393127745796238
37180,31115.4153959277724078899656450284998
37181,31115.7009145610223364040932562717817
37182,31116.5850332145315657787705670170841
37183,31117.1036973908946402889040547169381
37184,31117.8758949822015120486945070844797
37185,31119.2580611852617387802706862060506
37186,31119.8591728965255149589881799746931
37187,31120.6065301733790797660182196139751
37188,31121.5621742880639408161665023726049
37189,31121.6484761523842833588806542588259
37190,31122.5709858125749285697062347488349
37191,31123.3273382519521379643603246503984
37192,31124.4813171196735082246647381032869
37193,31124.6200883190297227671406320178771
37194,31125.6332356721867346853468018702684
37195,31126.0379705831867406831407601262427
37196,31126.9745396302298943828387721616006
37197,31127.8083265028960984275692083005554
37198,31128.4214938716719161123247925832947
37199,31129.1270715698744197265642089879821
37200,31130.5705405734567343041419500888261
37201,31131.0135871876643981031132314472367
37202,31131.6625938122172664421142614801466
37203,31132.2415474064650284246944873583522
37204,31133.0448776803089327449535264320462
37205,31133.2777575826324950837446752264807
37206,31134.3383524042999946695720085851310
37207,31135.1900071390640850415598911166825
37208,31135.7199524025049520139687251157534
37209,31136.5581495622522482689517768297849
37210,31137.6545463257403635003857031083651
37211,31138.2171309139972365879951299910499
37212,31139.2328217867079839412472709239508
37213,31139.3985572082009968027451636930302
37214,31140.5493939645945235451521927676997
37215,31141.0656805745192605325975194286499
37216,31141.7576488394884046203723521031970
37217,31142.8749066826800415521190366861391
37218,31143.3787736731491654589562868442328
37219,31143.9569845137923740514713464720684
37220,31144.3542798310395563640577086252331
37221,31145.2252948999541518709931841232139
37222,31146.0677824631699418012387738065360
37223,31147.6035789905751767794245237492315
37224,31147.9351785111525929818773016600273
37225,31148.5625386612679318957421503016137
37226,31149.2219862409280187972813636715030
37227,31150.1312665988294810813791132127142
37228,31150.8573699154706476029212845683937
37229,31151.3321303905585443456077408664894
37230,31151.6647802297162814557612203799375
37231,31153.0124054770135779096626116780661
37232,31153.5468523534774793073108426131521
37233,31154.4808618203052452086873773844189
37234,31154.9517891893806442553988390891624
37235,31156.0282132786510536584797971287791
37236,31156.5568196588074179992474160685252
37237,31157.3914063869949451995166170820855
37238,31158.2188632256588940054232912401462
37239,31159.0840186805723248792362437235692
37240,31159.8359098445543793136245564406179
37241,31160.1662436938546922922262204113462
37242,31160.9887436671997497072581439944333
37243,31161.5198070644833825722502620415977
37244,31162.4342888195845757808812935042229
37245,31162.9551765889479186027339923579658
37246,31163.8481282414930004541150174742181
37247,31164.7318448892177134224285013052043
37248,31165.9414480938939095247911669831032
37249,31166.4971244591097499425208359517627
37250,31167.1597606621603399471120399191538
37251,31167.5992289134425920106638814950921
37252,31168.0981123291856845794098065225192
37253,31169.1198551778789112421625814010325
37254,31170.1616881971107102994085305259837
37255,31170.5457036924192814341927535120897
37256,31171.3583858158417043267728502830911
37257,31171.8463745194032209124494783335785
37258,31172.7691322649802996258152737891098
37259,31173.4131423938507862945641162172319
37260,31174.4680910357851435853198351259272
37261,31175.3366894410588166638536383840797
37262,31175.7285490217926698605127854625537
37263,31177.0752136141803787588098964082334
37264,31177.3456232092944289224614509957883
37265,31177.8715527902642192207039149512420
37266,31178.8110372028704526530431665069189
37267,31179.5125393772426360006926474393043
37268,31179.8297381645912621420913427393808
37269,31180.5047570540538107187394759221410
37270,31181.8552221399481115859323510478288
37271,31182.7098504373345704164487233337494
37272,31183.2592853628739781941847606965358
37273,31183.9824996573734333825981049914752
37274,31184.6982999637615971633670124399256
37275,31185.6276679276116159674928216762037
37276,31186.1176364008499811402627627692449
37277,31186.8213301471010575133828642848858
37278,31187.8352990036949525650813525836440
37279,31188.1221427797054165360336351556429
37280,31189.1611953839800345900102557571585
37281,31189.9292140292666308693926923902681
37282,31190.2958705749811055484934035062390
37283,31190.7932458320193403209861759360221
37284,31192.0905685661986974568040680303797
37285,31193.2787208797825485597738537761799
37286,31193.6058414891365531292346387106110
37287,31194.6517111748904952712986562808377
37288,31195.0598980505909137731968046063555
37289,31195.6980586282907587248017972308845
37290,31196.2743268010822631668254910669631
37291,31197.1560165048287339909227522464079
37292,31197.7182649498775021815819548624850
37293,31198.8092774176998154721669949475497
37294,31199.3414570550987368923823672087677
37295,31199.8363602874104614350693795448648
37296,31201.2112210662478334371577713327797
37297,31201.8444207544844531204912394877628
37298,31202.3915264968976638107522045343622
37299,31203.1584650179204015012212233639331
37300,31203.6886120194006794717522208342624
37301,31205.0135214815555269932757890387314
37302,31205.4885881522516105011673983968060
37303,31206.1340144075979205265054382490535
37304,31206.7748257767473790936063440880929
37305,31207.0470209675177086763890252339385
37306,31208.1226953357178590695275027279146
37307,31208.8732791906427949044449770602568
37308,31209.6769915679044948691307251063700
37309,31210.8083084405501062852108805447308
37310,31211.6346832922602101849632780652504
37311,31212.0491413735733936401140702540117
37312,31212.7883367764954261282995856029898
37313,31213.5623044832173465694838703439011
37314,31214.1580715011441509944142510436704
37315,31214.6614177505315608829961932014951
37316,31215.5966776177589770143679227104910
37317,31216.4315083290102355635352932170183
37318,31217.2708919051666685677317203692606
37319,31217.6611776703319203816489756090157
37320,31218.5582164601062218142419537393037
37321,31219.3739550180378528246642519488768
37322,31219.9009965161484925600262163166717
37323,31221.4408879761797689774608441693074
37324,31221.7239320809842725205157415959370
37325,31222.4086530850312376032766697463601
37326,31222.9028842847316701948163629481406
37327,31223.9509188172844698636320876219229
37328,31224.6725690873049436149275272164149
37329,31224.8676069822937072962340492200929
37330,31225.9515202086477067920082864481664
37331,31226.2056358909849413792786317761294
37332,31227.5050701701371098398168017612980
37333,31228.5900487700984957494612368195774
37334,31229.3825836148382561724555324990064
37335,31229.5670485536005968971598345976064
37336,31230.6251672197857816864599325324292
37337,31231.0283287021880573390624912875174
37338,31231.8611689393967502222955322411091
37339,31232.7607795755799424194355375106418
37340,31233.4020352203198910510682830308537
37341,31234.2635609119548756733934322950529
37342,31234.7350564066274498860684472555317
37343,31235.3052706746864263653644834405050
37344,31236.0783760232433199832870493867991
37345,31237.2523023610701654231492364720876
37346,31237.7527390669057857224863956435793
37347,31238.7398290656850031056043518864084
37348,31239.5298909189180729147012220864138
37349,31240.3054247808155264820230955405676
37350,31241.0932293086775553538338877848088
37351,31241.5028450639388684177263074800588
37352,31241.8231062723389605225221739249082
37353,31242.7366484562859167236963014193066
37354,31243.6465065683574188385368375938984
37355,31244.3838587298141880432768564067534
37356,31245.2832383189892786110540981121338
37357,31245.8687949638223112854947440502643
37358,31246.6649512215347887060180516815358
37359,31247.9660844981760742553397750489773
37360,31248.0905533505239394522472251967191
37361,31248.7196986136550317310074192970189
37362,31249.7066199777756957689594023423373
37363,31250.6319232775565955975482346739762
37364,31251.0482012855160435794700935724186
37365,31251.8606173921548517276246663751662
37366,31252.5098657241343895279647581602474
37367,31253.2524274866368244942968936856674
37368,31253.8366428883252320919059276632860
37369,31254.2083343354783856925241437292305
37370,31255.8938599024229870661717719450934
37371,31256.6845231903552690508932336253579
37372,31257.2420906917680406826680928558604
37373,31257.8813272172834371108930027320099
37374,31258.3884448439846115814186063411769
37375,31259.2444953553977060227450395539573
37376,31259.8383972896493709513160506412271
37377,31260.9015088322143280993694375386308
37378,31261.1461994013713229548792273443504
37379,31261.8839208422747785829191782472897
37380,31263.0894169468198618379096778989970
37381,31263.6240839566121589186609441341220
37382,31264.3807715570270410844321290851792
37383,31265.1296531911438043061237760011578
37384,31265.9274195689752038373734284310617
37385,31266.6610572847367915693225076286827
37386,31267.6592786778341863496667906836567
37387,31268.3074710161172371029859536646343
37388,31268.8029852492175238678438424097435
37389,31269.6354651408085309305739940863893
37390,31269.9998708190728902593896522528703
37391,31270.8978070731041183201126777580163
37392,31271.4329580434585581652696825196222
37393,31272.3670967505014273716558345088803
37394,31273.4425040402951074913411499208139
37395,31274.0919842956122023303193977536942
37396,31275.0040820643936820228475119885662
37397,31275.7198079695819828858302508344024
37398,31276.2994709839166116757387972988575
37399,31276.9282117879632174014169310942307
37400,31277.4181144286926915106785841064024
37401,31278.2041436398225809436315266783481
37402,31279.7018595643639022560525127489694
37403,31279.9334745626365053152531636119061
37404,31280.1580563998421941585646491863616
37405,31281.3168850791125723958259011883815
37406,31281.7209656455911471855430615747195
37407,31283.1392187112639777569266297574447
37408,31283.5662425998141591952128879879592
37409,31284.6123595066715876902733258848086
37410,31285.2635518188790548721459991234147
37411,31285.8858940909708174852475735427276
37412,31286.6296204616556639978192281442266
37413,31287.3297100013315389949001491651677
37414,31287.9061048360534850160765370888914
37415,31288.3980950404183054728310900019557
37416,31289.2234459430788739000891083791023
37417,31290.2240519172970651380031795463545
37418,31290.8166455748102188298957626461634
37419,31292.1949601858384516179722141009704
37420,31292.7367470801267141309868799524639
37421,31292.9845991597358229651364330487502
37422,31293.7592704986610400768436170749610
37423,31294.9099971663100373172163564600839
37424,31295.4302001409853424461425099620912
37425,31296.2408746908228023810624933366364
37426,31296.8551695088414159183829939400618
37427,31297.4877494105115009482227414081044
37428,31298.2174990823450967184816939873777
37429,31299.0129996021110417802927093725808
37430,31299.6977266934883536641432163264048
37431,31300.1657366923602107200239692028457
37432,31301.5189766409224573032605766375485
37433,31302.4635521249530496730559723575843
37434,31303.2195314411143383524921832884346
37435,31303.4964227463453189962168061239199
37436,31304.1235391916208885585053909038432
37437,31305.0065658033717371176031539125516
37438,31305.6814655742279076390890945741204
37439,31306.0674716076868928736519321390463
37440,31307.2481496945247990780225274855071
37441,31308.0814933075109275656227495025870
37442,31308.3644165928225735686686146439257
37443,31309.4481630816865242661848993823521
37444,31310.1974823910442640078603662905687
37445,31311.1720452788881258408885482264607
37446,31311.6546751541987994529022949054628
37447,31312.3958828517099616869906125883741
37448,31313.0686534872726555678248604824728
37449,31314.1339993703671540727228903218809
37450,31314.6883877366884732335522915103942
37451,31315.3990781474576925297796672307811
37452,31315.7891804870094411581827027965884
37453,31316.5590958975211894294036185987285
37454,31316.9764340433598621768351862238410
37455,31318.3841452806542297999303008494439
37456,31319.4999610510001236600459570284382
37457,31319.7051518774221036356989188417235
37458,31320.6369554856381171581166871469930
37459,31321.5039009505594627246546616267502
37460,31322.0373616498209735241297601954449
37461,31322.5198776400392632099487665726780
37462,31323.3150199591067997077987867744948
37463,31324.1814886743268601913352676188748
37464,31324.8110664264060672480944348211092
37465,31325.6494101240363336718272490183184
37466,31326.3311282467076370968291988645413
37467,31327.0661930750842977587296333268327
37468,31327.7137587046514566839565352715257
37469,31328.6725874295149577496263792342719
37470,31329.3565264115669880318965822361979
37471,31330.4059012465704282869753064944808
37472,31331.1037448157127258118739211518861
37473,31331.8424451366822811678137184624993
37474,31332.1533303058337950088318453399991
37475,31332.6569059467236792005569858626786
37476,31333.9040532563535347720137003338627
37477,31334.2885978781304707794444303329445
37478,31335.0697650328488671103312478406911
37479,31335.5737106334303039553820801698888
37480,31337.0187474734004023050930412002404
37481,31337.7915060344523784729972170022707
37482,31338.3202085328073820427098855386776
37483,31339.1703993362861554501928421359421
37484,31339.5854803035139311990919442889962
37485,31340.1006976285362931514360749035299
37486,31341.4145896562594666783107348067483
37487,31341.9682155287171485324886309409107
37488,31342.5503218557265160931826958151081
37489,31343.3775142159536156662210169617511
37490,31343.9672279141518600345225233252256
37491,31344.4805321548050692969284154898969
37492,31345.4368077142676147239691556410150
37493,31346.3264511101138865008488272281788
37494,31347.4899833288916033909334731930261
37495,31347.9268345263466074029057885160888
37496,31348.5756651619621230340892485440465
37497,31349.4563481357415908338623984716303
37498,31350.3025559263351571271887735259102
37499,31350.5373294160845235258612989467979
37500,31351.2788749064427630367643936155517
37501,31351.7818121445182045904194425995263
37502,31352.8811793278002035189658488196554
37503,31353.8480769729153793426565110753532
37504,31354.4902402211222368484478356101078
37505,31355.0511774878632156527079196354066
37506,31356.0906549663156527663080596853473
37507,31356.6909737532489116177335180805451
37508,31357.4926600930960836433470135779724
37509,31358.2689638872585339220435551066896
37510,31358.8124890782624259470296722996239
37511,31359.6800685282696022872347245945723
37512,31360.3647803107179871672333973797985
37513,31361.2523668165712727400056085658705
37514,31361.5278968010881956228910033729570
37515,31362.0978222604084431513947858103626
37516,31363.3043153870067465462447652260759
37517,31363.6831663010749149553779167807315
37518,31365.2305756776894589013847856840286
37519,31365.9438842712197926491948795824659
37520,31366.3412809707122501267138054294045
37521,31367.0138078616715699474705423223091
37522,31367.6629047139365651304305296917989
37523,31368.2419149603825723362944034283989
37524,31369.1665678043914776576149750804871
37525,31369.9021300095353790382482304419905
37526,31370.6863645505576163829559016412490
37527,31371.3204770631721444071378965814621
37528,31371.7505745285791069906947723791126
37529,31373.1436091697173255500526082765097
37530,31373.7717026562448212839637073056948
37531,31374.2845011981050165214094359481466
37532,31374.9178051733783652416317589031591
37533,31376.3537012311021609390624288169704
37534,31376.6317849596685556183033900657541
37535,31377.4453476242204413253432608494895
37536,31378.0625717533876105454824102126553
37537,31378.6187386224780228045616622863826
37538,31379.2962006883173023938415418223357
37539,31379.9518090084237637666321272225195
37540,31380.7789515493243754141017906519883
37541,31381.7647523339284378161182117264580
37542,31382.7503193690196427234211566764251
37543,31383.3904613478205730566224947296080
37544,31384.1827671565835922206488678685803
37545,31384.6056310359385154156410846479713
37546,31385.6558311264152395378356310422667
37547,31386.0736759077113258399110437640187
37548,31386.6296867591466042602940583639870
37549,31387.7001382993202994081337373727028
37550,31388.3505293219795268478345797993093
37551,31389.2469716617277250790127890256263
37552,31389.8628591566934712553890090990989
37553,31390.0892116367476731220265307423360
37554,31391.0686036893376613518102129464510
37555,31392.3633510799960346096353259183945
37556,31393.2069455027400981533776681175600
37557,31393.5624254815518925682036893608318
37558,31394.4375732098249059995691084835891
37559,31395.1758048762793382667416523506943
37560,31395.5892612220152268511455096178361
37561,31396.6199391850426574694024538085346
37562,31396.9551906406279921460349199917250
37563,31397.6701474889370101488251247678225
37564,31398.4511721805098571581071233351800
37565,31399.4923869197184638871373495818384
37566,31400.3378812106452756441114121160620
37567,31401.0702542767165978043620716907691
37568,31401.9237501879015693000181464618993
37569,31402.3055863780872183615959635861164
37570,31403.1697981505159614209878700596009
37571,31403.6438177799667253785268815230914
37572,31405.0455560030738676627564906374287
37573,31405.4649682551549385517412508539417
37574,31406.0659415644378503173762048730122
37575,31406.3337429283822580576302387607375
37576,31407.5320578344049385034531178010157
37577,31408.1763084301522570689828693136627
37578,31408.6695845026246499995936492561904
37579,31410.1460617253643023363372369671881
37580,31410.3922413453894584384802324261080
37581,31411.7125569365578828275330872757077
37582,31412.2967554248004889508969107127651
37583,31412.7842608157707129235255035339807
37584,31413.3135205163842633816733384741180
37585,31413.9507181388034716694341649609173
37586,31414.7258222999075878824145526626045
37587,31415.7473149747795926889827087970944
37588,31416.3087616637578018727363569378116
37589,31417.0706789097175875249012131097189
37590,31417.8050379633437980595560779645419
37591,31418.7299149114587758213027532745995
37592,31419.3182318077060487672991947557713
37593,31420.3476818036357793721291837625664
37594,31420.7976511891356263625871288851086
37595,31421.8768814118042877437634420451569
37596,31422.1924569302628861452057181864246
37597,31423.2656229973749489802141444687964
37598,31423.6978579721662570588550940346021
37599,31424.5312462235804992798149056097225
37600,31425.1976567542617320879889621697988
37601,31425.4895000921692470266874785438620
37602,31426.2929768515618452876040627650476
37603,31427.9259670786779580241540437945106
37604,31428.4682248560183759746085381945989
37605,31429.3089036394814915936745240518167
37606,31429.5732884050620876995362334247494
37607,31430.3484048620151404261797342952164
37608,31431.3294979002958814033673710391253
37609,31432.0038105063882323314611546599510
37610,31432.2747421405430339750819303229473
37611,31433.3872702558096031878089272441032
37612,31434.0914470621291615646589510966116
37613,31434.8980523603129408679157800846237
37614,31435.2856835695067344035566951256947
37615,31436.3332902865437839808812174534518
37616,31437.0694278358263155119121692192064
37617,31437.7539951778984854645669177396961
37618,31438.7434164203623246910824434995547
37619,31439.7083737370468118861693787745109
37620,31440.0998379378836869736165285258182
37621,31440.7479475088853704961095210616877
37622,31441.6342637923298961258965472592288
37623,31441.9422756945738535625277001249704
37624,31442.5213676125294723865867774636340
37625,31443.6808945352957339821248870439717
37626,31444.4057606162228356556605892294587
37627,31445.0226304944477426356113092317708
37628,31445.9976282120114556445989743977268
37629,31447.1148501925188697717677696903743
37630,31447.5931935606289735736132001423149
37631,31448.1372545719333035072180155135805
37632,31448.6076305399644507683947725823272
37633,31449.6055780589616521691823574343901
37634,31450.3690531685997749763934231098611
37635,31451.3135607983040764119591260442585
37636,31451.8224369148535586835506604021227
37637,31452.4663219576409329821733436204108
37638,31452.8207002223329511021068229454294
37639,31453.8545758670593642741708396664316
37640,31454.7547296452487362050881863797456
37641,31455.6048193725466311325367829127642
37642,31456.6859551473546375310017774073421
37643,31457.2501017695368797642973669565476
37644,31457.6088884093711359687697968969653
37645,31458.6224895483595826201889096921537
37646,31459.1493624275175578038721739931947
37647,31459.7967464150767393008984028068739
37648,31460.5851241216822154754065408992672
37649,31461.0139906755409214969674845452324
37650,31462.0097153837989129077319448119015
37651,31463.0859829526193955985781534865279
37652,31463.7031116754815117539658652968657
37653,31464.4606411102740944092280909367095
37654,31464.9603561977952689978192010310055
37655,31465.9823042326688977047983181608643
37656,31466.5446236123063153637829444007873
37657,31467.8079277353375246541563142793545
37658,31467.9615171231474002529699108718583
37659,31468.5730780076002331898697837576385
37660,31469.6700793958573180642715288207717
37661,31470.0482529791814858743527247064117
37662,31470.8998490411728654115966733655493
37663,31471.4267789134219523373091585971776
37664,31472.0749887199339813687238111641104
37665,31473.6591037714669328429916917802518
37666,31474.2524318749984916044448237633873
37667,31474.7203038816655284063951684833154
37668,31475.7889757259796209919048724504655
37669,31476.1921679693320782348350642388818
37670,31476.6795720142906343399423431738509
37671,31477.3141746647763520111321361163035
37672,31478.4449023948420555891539448936246
37673,31479.2066325222907590340250294217065
37674,31479.6770157341196925476987136226353
37675,31480.6005031215501138419611375722618
37676,31480.9788052860739673333248642228362
37677,31482.0861383305316752051017585808189
37678,31483.1426776694785089557446802570596
37679,31483.5358173585466139531615647522519
37680,31484.2188892646843494364786481769035
37681,31485.1044556709576414150913699438205
37682,31486.2305997499941842655976451866429
37683,31486.5483327960955993155131875245134
37684,31487.0472300288902871589993076640166
37685,31487.6898519985739175024246342849852
37686,31488.4363920012332835774257514930683
37687,31489.1178381742163364293661163635160
37688,31490.1336081087907470759949172023151
37689,31491.0788719609141987037565918549218
37690,31492.1246235466717081087992183516422
37691,31492.2393302829446601991433256866311
37692,31493.3094806830999477847393527602531
37693,31494.0365784609062640786719508631243
37694,31494.3277587758643606808434131438369
37695,31495.3857214454703926573016425912202
37696,31496.0677664721646745425350210790754
37697,31496.7853973361669341516565047161798
37698,31497.4205987979802546113505130994092
37699,31498.3312177949932103349043277690687
37700,31498.8228076442653430638862096684104
37701,31499.6578916620525732665056360346440
37702,31500.1787325089440700466432718931756
37703,31501.5731659220156002531774264720112
37704,31502.3945057383673883295701282707376
37705,31502.9574639090674561220711036531204
37706,31503.4933965724960240821369406143306
37707,31503.9600944101317347218758668071820
37708,31504.9094255804806347601164233646378
37709,31505.7166309343501022888489258522396
37710,31506.0842517534953037383337535393439
37711,31506.8389064249967055516164199225089
37712,31507.9020004290620409935475489420855
37713,31508.4346987531331098067998439910080
37714,31509.8206315654745764578284294013277
37715,31510.2310669803282147321124547265572
37716,31510.7023321489667211506752442297104
37717,31511.5879530521557641016316699254889
37718,31512.2842736109691693833090574148643
37719,31513.1054124377710093233327175515454
37720,31513.8627114582546143526528324943402
37721,31514.7036611437930205108039648539207
37722,31515.1604913534969713388834007696947
37723,31515.7907596456268287032541028536806
37724,31516.2813893232289284962090901614486
37725,31517.1937828291645707781764228079641
37726,31518.5649057431248517717686382916669
37727,31518.8441682462131100339358127026608
37728,31520.0290586194494841978787249184111
37729,31520.5106358331458153592773325575235
37730,31521.4323104749517893449455355067202
37731,31521.8411857862574828474203676277498
37732,31522.6169830857314192198725050258822
37733,31523.2014418965712601130676848269033
37734,31523.5613542451076771187248623427138
37735,31525.1457360712628654947652664664526
37736,31525.6129027786307582651358330033335
37737,31526.0269925885765367040019835995161
37738,31526.9144655603494076327388167836604
37739,31528.1297962355614806137825371212850
37740,31528.3456636855007868981828076266503
37741,31529.4050375241418597346526373228261
37742,31530.1246777741439781607674130268703
37743,31530.8758699151885536421522671116605
37744,31531.6354396556607461784383793034573
37745,31532.1337508459363262365822607036079
37746,31532.7881316531313982032462826552711
37747,31533.8005524183998367526541697637888
37748,31534.0391691357088126003476687046060
37749,31534.7632447693759983586418159432281
37750,31535.7323081128150423542786360030763
37751,31537.0241710076666492830025406461675
37752,31537.7872388413685620864710918361169
37753,31538.2902896032913821338089570465754
37754,31538.8388583750330176964959921817443
37755,31539.3473862544387808399152423358685
37756,31540.2903538818283163402823963655406
37757,31541.1304075728834092512474174339553
37758,31541.7936560053389731798100710521070
37759,31542.6449102393968325605024775225271
37760,31542.8200928181042261052581695565633
37761,31544.0460363707222896959564781502444
37762,31544.6774728838173488238645093424864
37763,31545.3453047359599059923837164011780
37764,31546.2326930774323048719952315896358
37765,31547.1111543112592914309014686033763
37766,31547.9061244601866715453726331478497
37767,31548.7108746122501455440793126836440
37768,31549.2426949920584213925418057380358
37769,31550.0896323688437252753906546166064
37770,31550.3477656974666919094536689255287
37771,31551.0571045210168780268874320295694
37772,31552.0818811808264137618024633600333
37773,31552.4213029405951291437531951579147
37774,31553.7507991248548632315598432462370
37775,31554.5210767370087603708833801278058
37776,31555.0301165523107560160121028925272
37777,31555.9045533285762570773577436829287
37778,31556.8575883321955270730856343452122
37779,31557.4374130086741445424526779752721
37780,31557.7149409444285636964389248520031
37781,31558.6186928076992424076191228698204
37782,31559.7112119616376140036254388730930
37783,31560.3018903193031298465173889123878
37784,31560.8927505154430535977139357618394
37785,31561.6420413682870765712941398582336
37786,31561.9812070169684033268216739349947
37787,31562.8634844948710540378464387001724
37788,31564.1156207238768025937042651252933
37789,31565.1539991874307111475858529351493
37790,31565.4408932030866712107179114854052
37791,31566.1933113565633358754367341863363
37792,31567.1494694203269904479838688838678
37793,31567.4639655850230357962394495447130
37794,31568.2762947540381633025444682046585
37795,31568.7786674501792309007099356541221
37796,31569.8061250063073663932902498094891
37797,31570.3855535796235437969634927393128
37798,31571.0299287117201871213832526099271
37799,31572.3015376822777206645222698080431
37800,31572.7125424901244707079622881504650
37801,31573.8617815248665573768102826948762
37802,31574.1399480566073320236023164448939
37803,31574.6656526617160584116860039249040
37804,31576.1654311423821379671892518349160
37805,31576.5585788657264555205850778571596
37806,31577.2972926588668029099441885687882
37807,31577.7713969709701862701045775502105
37808,31578.5624442856778226307591942665708
37809,31579.0651131759754107709327415681118
37810,31580.1610226075632460662720851582364
37811,31580.5077158495222818102229833905504
37812,31581.5013199013284329635716163283398
37813,31582.6999841714075267890406129691145
37814,31583.4779871737750972642849065646573
37815,31584.0200516291767560753009761493347
37816,31584.4983759433474865219777345986386
37817,31585.2962180963539856178250316610762
37818,31585.8742859895664039467071957065926
37819,31586.6129332254176609935014548950028
37820,31587.4243195907022333182727386251202
37821,31588.3262979396508148519788747864769
37822,31589.0417346884152063546576981596225
37823,31589.5057280234620941264790822748532
37824,31590.1349668794776260416353675364883
37825,31591.4951244027998109857071785980236
37826,31591.8667645681934569740236484224165
37827,31592.8611250846247251058619798481069
37828,31593.6814105721514817055169782678927
37829,31594.1396579241317196010344102277454
37830,31594.8103347944130465975403447893119
37831,31595.9147626561204510515014371751232
37832,31596.4418571816721351733968819711892
37833,31596.6626487514858920944566642284069
37834,31597.2781570900459567106688606775370
37835,31598.3828329253747924946694792047810
37836,31599.5439058540293332029358258266697
37837,31600.2560900527538947879912368449662
37838,31600.9006607570421257559398415618535
37839,31601.7002705258626843388914661725426
37840,31602.2091803854022319707239050042520
37841,31602.9768270885382480610148434342063
37842,31603.7668415621255809677632155359719
37843,31604.3860796825206272975454475628785
37844,31605.2452633144241823857737120386232
37845,31605.9005350342660534489898327174548
37846,31606.6456468412462829038587734936258
37847,31607.1320038032908993370756234320388
37848,31608.0254884248866712116212933918298
37849,31608.8027123727634631102020115917469
37850,31609.6136707048812589132430511697417
37851,31610.5551635798751887429509097441297
37852,31611.4988155783578179057510270361510
37853,31612.2850319917121135826967250630336
37854,31612.4086633517271167621264131764362
37855,31613.1605078021877319120533406350563
37856,31613.7768578773876188259917810605423
37857,31614.6760316314132863872024941533004
37858,31615.4072130436933603134984085665705
37859,31616.2857452882286710949648792831226
37860,31616.6566256585610712100658612796065
37861,31617.8367223108201862057643734613212
37862,31618.8413829953358073804070610006090
37863,31619.2461096045040266038170218273894
37864,31619.9996922507812992682076927136406
37865,31620.6119223805051684879173541766488
37866,31621.3129058977119971197606783505630
37867,31622.4317767186731023269477383602231
37868,31623.0945876038785174506510401774567
37869,31623.4985668792203743449352392255840
37870,31624.1223950317935205595579512395056
37871,31625.1882231043452306383454885018640
37872,31625.3249564411398263958660577650492
37873,31626.2244626027957381357075174925590
37874,31627.8009296896531350621601458288132
37875,31628.4208946478835130296928675156728
37876,31628.7210442201107296243453210574040
37877,31629.6598861466923602771357397930031
37878,31630.3616222098672256815413210075744
37879,31631.0966304665265433878522050748635
37880,31631.5705215263635280997873092141518
37881,31632.2960138584283448183325526933947
37882,31632.9064596240336690212075114836573
37883,31634.0826383809090800218230577063728
37884,31634.5750696993739352717936248676884
37885,31635.5313198041806321274919148765649
37886,31636.1409763879246362695043290490275
37887,31636.6303412992630417256024073532336
37888,31637.9117025638788811242135251030819
37889,31638.7095221478763269918112909744691
37890,31638.9340043876406725818594899869351
37891,31640.2130862877758869486792019277021
37892,31640.5594761688121809232191455742474
37893,31641.1450347809324149856485680998450
37894,31642.0796613613577094211564008524762
37895,31642.4600741949833826950126827302732
37896,31643.3785307420645332191307736033016
37897,31643.8817338794271475730672752557761
37898,31645.2048618626318474306840768022818
37899,31645.9384530168427011062171524081770
37900,31646.8985902521926280869047384904332
37901,31647.4229699325277577202190785003534
37902,31647.7869253521110168241313967478628
37903,31648.8106599405590023906540414004453
37904,31648.9546908904556835646183324853619
37905,31650.3709367905332985625672201673307
37906,31651.0024294506797918326868468707590
37907,31651.6491313571370202153708927336365
37908,31652.0978826298198009984227869494762
37909,31652.7557861531228282884406842897060
37910,31653.9362646386966049857747708446493
37911,31654.7123682818183458654004802361589
37912,31655.2335051675176598670274922345871
37913,31656.2405067715103508638526011335215
37914,31657.0548127078786814755217881377409
37915,31657.8322504735326950426751180599048
37916,31658.2652690521266220522773315680153
37917,31658.9374937015996651671861578629578
37918,31659.5484126227933063375970772322777
37919,31660.3780131463511114224937429521093
37920,31660.6793949005554665754807782165192
37921,31662.2232149934540306051129391128283
37922,31662.4724287176245532355136469776248
37923,31663.7804413099092026751496567751341
37924,31664.2184559233463884223429827281148
37925,31665.0189708317674956623987576008429
37926,31665.5658942828923145608806769792974
37927,31666.4646627956303798690656125247948
37928,31667.2568724639470365680360032302929
37929,31667.8890839902834141243376601272939
37930,31668.2831447226772188385088263529246
37931,31669.6430821700027037677908555371588
37932,31669.9456437602133196643553184092777
37933,31670.6364866958999143452967203423455
37934,31671.0514612277011117177666112649849
37935,31672.1054028325827998217718419745745
37936,31673.2898343116070401887963259672448
37937,31674.3466055869609030657519244223563
37938,31674.5675962356331496395669651913922
37939,31675.2612266345200283137651515765954
37940,31675.8205560138124141293195447606318
37941,31676.8647926401997409528506676306065
37942,31677.1830253254912060160344354937921
37943,31678.0549008270672815572733863013641
37944,31678.6772883227538597827185671910821
37945,31679.5997782914585045790460243208390
37946,31680.4432134270628671060853711481971
37947,31680.9255508857231380295369993118046
37948,31682.1855199207676469197781035959015
37949,31682.7032024092994247050746681758124
37950,31683.2731379503979241892936410005514
37951,31683.9267961657469397246844274019840
37952,31685.0956281886904691295606332505373
37953,31685.6822188791821612179228632146549
37954,31686.5548162103524698435438827170332
37955,31686.7556732314671660771924898573355
37956,31687.6505425855657185530730140035760
37957,31687.9451847408037078811290162260541
37958,31689.1580729129035174382213265843407
37959,31689.8344565091934173996152878729345
37960,31690.9115308861450540901521179483625
37961,31691.6183368060971240706900298991574
37962,31692.3892888854517052209690440437006
37963,31693.1273561019478396850213740074709
37964,31693.8636392806610732192741407388944
37965,31694.2272691728717435533976846851245
37966,31694.6516481558496408438739453576996
37967,31696.0491607682151838098897106916549
37968,31696.4855880317673533218295164980081
37969,31697.3702241609939947808740192963385
37970,31697.8832656959790769501771499957730
37971,31698.8085150169142729021580945835816
37972,31699.2941528212761718198515601217590
37973,31700.3838567039265577305304480804918
37974,31701.0947076950850097405485603533954
37975,31702.1423188232103764792465139307402
37976,31702.6342231722525800812255872172468
37977,31703.1681052040625735156392131040749
37978,31704.0822013880384297829719917105657
37979,31704.6204916044911005714161611759745
37980,31705.2485112915685631182145933583508
37981,31706.1820989944839446810771910579557
37982,31706.5027431479451066919946327628653
37983,31707.2141822550784352632821976480311
37984,31708.9350040387373031609407498574168
37985,31709.4493630661516093101739456819276
37986,31709.8170874309431556839659577719482
37987,31710.5911220697462733179824902790265
37988,31711.3429883590827662314253666395142
37989,31712.0571881252387149095500915831465
37990,31712.8074869106345078853686497835628
37991,31713.6414797743243290115268941096376
37992,31714.3220399005546943953173385225556
37993,31714.8329933385121597988324694752303
37994,31715.5706829526850536032603452010159
37995,31716.5974961728915589305793966302880
37996,31716.7657362028773779107287956002637
37997,31718.0054327844209369079581542580230
37998,31718.9141268834499905226372806431388
37999,31719.6394431324030893673710956860121
38000,31720.4757627089426922701086222324334
38001,31720.9793134927873000273308897213708
38002,31721.9302483288984131812883013893766
38003,31722.1756385403185156527802657745648
38004,31722.7321590845707409399179546460637
38005,31723.5847330676868858856691960323972
38006,31724.6159860804401639634362041108134
38007,31725.4795324654145181473928491194732
38008,31725.8387881147661104435875941343009
38009,31726.7729632075174944386321801763400
38010,31727.8541823126681358518136344218113
38011,31728.4219777027146793095181283446377
38012,31729.0626298871899410293037690437330
38013,31729.6439400308827089995128387330267
38014,31730.5056839100456862031075543392505
38015,31731.4000794769228605481275579721412
38016,31732.0848495502035478910837962074343
38017,31732.7436631637096464111622529439441
38018,31733.1145255718957656872346154353210
38019,31733.9819743175505816314398860170268
38020,31734.4304886850223519389601391743744
38021,31735.7352887898708258533494054587355
38022,31736.7120997357030216636722182757070
38023,31737.3212573283680954681851732503561
38024,31738.3395131354391690736253791791613
38025,31738.5817277093342956388870394276451
38026,31738.9756874922805043101573646600845
38027,31740.2364170381629364927379011303812
38028,31740.8644535160457107254873911151277
38029,31741.1467188238656544238861368124011
38030,31742.2558101333328973513698002418792
38031,31742.9051478617106705167102903528345
38032,31743.6797249952945860640571769728092
38033,31744.6158739484002435622470247087591
38034,31745.2559945464525924467219779686191
38035,31745.9202042475506141907839819399090
38036,31746.5667407638919405383032255169895
38037,31747.9217445626391538717740444629789
38038,31748.4165406727634140328631358777246
38039,31748.9197234356536745378970370362371
38040,31749.5196097302534245980834858971276
38041,31750.2428319898932989977460294417943
38042,31751.1028187151137921200655775223467
38043,31751.7156837152818240269853374370855
38044,31752.0476690547596678226135417624849
38045,31753.4492398019117283756605329384850
38046,31754.1415569696257643910238157677163
38047,31755.1400438648581058240508950167534
38048,31755.8088936444339636476204707136530
38049,31756.3430964435577720328819564432211
38050,31756.9738336619145498947503816538733
38051,31757.6659399170563100071737303161102
38052,31758.3168450253130118944545665547931
38053,31759.2021833077634648866988364439437
38054,31760.2273491661706162410528275129078
38055,31760.7064640620967860423365353105769
38056,31761.1115832660694284643300890611803
38057,31761.8657888485032490211934140307766
38058,31762.7747318111400593520996020509676
38059,31763.9413063280322319825772074003902
38060,31764.6366691053960864614767446047459
38061,31765.1168592319435250578064371636831
38062,31765.9680300544348182171902937165369
38063,31766.9221842606091915217107241143587
38064,31767.3387378010038276470180193354831
38065,31767.9621228908962229970522387945796
38066,31768.6331196693167609720474411300860
38067,31769.0657361627162714526661122383611
38068,31770.2093472029589604854124460330030
38069,31770.9334263061663937287562522616040
38070,31771.9722732583959925120415979971000
38071,31772.6777365005078314749768348866309
38072,31773.2293642153559764113548757904765
38073,31774.0922894077405710099841919576545
38074,31774.6526058829570232504098320460156
38075,31775.4463994678346240508649634767804
38076,31776.2367141966049542661601733563217
38077,31777.1469345870966822645828415671269
38078,31777.5672290720936194664776413129052
38079,31778.0728460456161321687146465808796
38080,31779.0854013282144640418150683705632
38081,31779.7504654648223665864571548540286
38082,31780.3765549965515804428938568280751
38083,31781.0107129090761019556622464358044
38084,31782.7062631366645287718901496461178
38085,31783.0417352500199337336418822238550
38086,31783.6459152822463638877702753225739
38087,31784.5098211827354284799715644531131
38088,31784.8001816416918495913223885683820
38089,31785.5459303414594200572055440599682
38090,31786.3131926429647444495526046248933
38091,31787.4044703251346887650847972544559
38092,31787.7046134711277732176357328989742
38093,31788.5103667135211274251813609226186
38094,31789.3936037473481487777062167092091
38095,31790.3636151560570771622602465699758
38096,31790.9399487735724296620640470662179
38097,31791.6755133812325036544161024769891
38098,31792.5074673684241685185092580372557
38099,31793.0579759593989266519174899426760
38100,31794.1372609969299824879741346299713
38101,31794.5580952358391454560137200429951
38102,31795.5798936575566778782732894588754
38103,31795.9038720072970267702834755342096
38104,31796.5903897295884112705559158487869
38105,31797.0248718153262110077728728375022
38106,31798.0394439829949704464986859027219
38107,31799.1711580354037535233953034771773
38108,31800.2119205780200056494297009945622
38109,31800.5727749975572246448630560641419
38110,31801.1180678488065201157143278593344
38111,31802.3398738750141305833138896444382
38112,31802.7174833065331785201439913442558
38113,31803.2220119122450732122422953357948
38114,31804.0311876368892284086065504346664
38115,31804.7159640775323475255627563744967
38116,31805.7255841980749857573874201182202
38117,31806.4670300773747592349678939258996
38118,31807.1078676152621768589402625227586
38119,31807.3479215103870460440344570991534
38120,31808.7878133581729368322799820955986
38121,31809.2676781366552596396757003554754
38122,31810.1790847936044421721140158595830
38123,31811.1914730446882495504396412335366
38124,31811.7445490715975782266213311184950
38125,31812.2036770371788524377983821449607
38126,31812.9319395329575575508435109012727
38127,31813.6588932934350142779960273136790
38128,31814.3592282768466687443785545337734
38129,31814.8926250983612119732285613617202
38130,31815.8142555579277520600477007378905
38131,31816.5162347243175113771572082637553
38132,31817.6145652727802426548478435084799
38133,31818.5761455397829658250155256354822
38134,31819.1702673900018248785774088306356
38135,31819.6748313879764089906941254707619
38136,31819.9678415879367393282523379013207
38137,31821.0773763357266773365514555083084
38138,31822.1706568495284781605436014747233
38139,31822.7288093513948797101416463612288
38140,31822.9959476385083799181119014893095
38141,31824.0701608253597379921292170336794
38142,31824.5877150786622316843506057407184
38143,31825.1632216760742523392725772395781
38144,31826.3855718721634184951517864497211
38145,31826.9166818316726907576379528846342
38146,31827.9907653745660597576773182838659
38147,31828.7989314829452041160734527471751
38148,31829.3436641315064991267210136092701
38149,31830.1977048028419798041896314250771
38150,31830.4281935247285663062534720579906
38151,31831.5417532568240220978908693175582
38152,31831.7965062857730442354568114848793
38153,31832.5429514366755395465583122393911
38154,31833.5819775690163167201112109758520
38155,31834.6185922753332836322951455301625
38156,31834.9515543072496412788209187392398
38157,31835.9604851963873293974966856415809
38158,31836.5014648591298773776550552620009
38159,31837.5422267927716426807047359804932
38160,31838.1327664773081180564850193064195
38161,31838.8640968607380399700323495924390
38162,31839.4678495254387641714692205448238
38163,31840.2969326573163236369679412538012
38164,31841.1630950983811391555024850869368
38165,31841.6119738486892088383004564297532
38166,31842.2886893760659844018306888130549
38167,31843.0071872784729369446093930248663
38168,31843.3436462634316547029803827178873
38169,31845.0804300040674533804818115550827
38170,31845.6901895546181249920161039849152
38171,31846.4068890740340784937242357884382
38172,31847.0070672863081986715546804437157
38173,31847.5920216953100076920430909583946
38174,31848.4406165837072263883361140225189
38175,31848.8986852540054131891602608989211
38176,31849.6012927586774412730613557065717
38177,31850.8104471877561158491956352690698
38178,31851.1751570058648501890442640451529
38179,31851.7589151284801551124420797279229
38180,31852.6570751241791695007659175137061
38181,31853.7916074145986160446974337876400
38182,31854.2523947265662007355845899512790
38183,31854.8551726316431575886663118285394
38184,31855.9146460934884061544882432715873
38185,31856.4879192890031227799347249418203
38186,31857.6694870934106339635236587094530
38187,31858.0678818765585905744092491174214
38188,31858.6042322815821361915949603080655
38189,31858.9774411253640205344015353834524
38190,31859.8927080303828737476891315625893
38191,31860.9265025014398876512131449331241
38192,31861.2405353524570073332826092239349
38193,31862.3971074061303881086259060691746
38194,31863.3177976656336050730448352819130
38195,31864.1784022521967550654300036371448
38196,31864.6348233377650062282597170794434
38197,31865.4005019767507871057494761867030
38198,31865.9176180689476750851450525217228
38199,31866.8899318512879721727658133149005
38200,31867.1348120732713279859735942666374
38201,31868.5485492025312709201851492458109
38202,31868.9193691209350852896028103275531
38203,31869.5539274707430556339342056998124
38204,31870.3813752175150920444001297584275
38205,31870.9770614189567233183691113576145
38206,31871.6209386716265603154510092855862
38207,31873.0572034250126410679706082649697
38208,31873.6464248828780565203890626910985
38209,31874.4604144621844503025796492559129
38210,31874.7893237311274230452665837643743
38211,31875.5850271590815637755176347346094
38212,31876.4710240072969551310704286799604
38213,31877.0328699059283076951811807301587
38214,31877.7060898417662712074303905963523
38215,31878.0370223054480022872528796268713
38216,31879.0955087393531469902236840113886
38217,31880.2875114960546797855765374456201
38218,31880.8209355531430286626364079774406
38219,31881.6886743103958089500987430510705
38220,31882.3872171032215381376889840068178
38221,31882.8401226119323177159258360293360
38222,31883.7297686909476218640216395973426
38223,31884.5373493584295265803252351326380
38224,31885.3956903434223190278799408460075
38225,31885.8269289886602490609129767335858
38226,31886.7038360910709924708464164868596
38227,31887.2311521694347838453854925079287
38228,31887.8845392036880337556065337354162
38229,31888.5791732813687137855270249958054
38230,31889.5249498892104062592454924504368
38231,31890.5779034010041772462358348210570
38232,31891.0471603049352034393013009640269
38233,31892.4909986856367362481651128008342
38234,31892.5887823300878409803132942047292
38235,31893.4189218519004962677402142585720
38236,31893.7723443851874744623898907967808
38237,31894.5015110328247540747757995404389
38238,31895.3262377553127032856019705530730
38239,31896.2757719372892892894590221039735
38240,31896.9435694605674510670562234222417
38241,31897.7492186631701511285040695103066
38242,31898.0640995930906229071734264505780
38243,31899.3113945063406620806249320021709
38244,31900.2607807504603859878691519209180
38245,31900.6703426595101349607428242782057
38246,31901.1489222428951560961844838086690
38247,31902.4769107593235054312940505707955
38248,31903.0218779652580517439051275539618
38249,31903.4888894529523186048709995209052
38250,31904.4041070705625469724839325216228
38251,31905.0540122432468124109060704298087
38252,31905.4394599955508546843566906220473
38253,31906.2082740156118330489773395706573
38254,31906.9457261933761541716199413744505
38255,31908.3933838890931024425673393336282
38256,31909.1519694218912621032933950396859
38257,31909.6146788360048266281126356717739
38258,31910.1554841288205868484685098076010
38259,31911.0647448234804035043973183995041
38260,31911.5957434594036911466244014050081
38261,31912.5133072088605650560511584637086
38262,31913.0624247196455841486753567042358
38263,31913.7734334657622267517775446696913
38264,31914.5010181356335929526551963972348
38265,31915.4461387494015924725018111242767
38266,31916.1492805319504516394034729361552
38267,31916.5411830357875964390763906417904
38268,31917.5633859570946247532038108631352
38269,31918.3190947370640958534498633731785
38270,31919.5694370075196938155982586735236
38271,31919.9235388970605343450519315082665
38272,31920.5785201575858840021227587956066
38273,31921.3390143997961074490437037424210
38274,31922.0063102786466203700784818344436
38275,31922.4947779004511153223630574384597
38276,31923.1618704250641295896511937983294
38277,31924.1395963702916730239264314182857
38278,31924.7710822924780191093595549574822
38279,31925.6078780546766024469059869539875
38280,31926.8538146110215051009924740019575
38281,31927.1764320000988413633517801500092
38282,31928.0492710902764568108149820451721
38283,31928.9517329066371964851889870345259
38284,31929.1380039514002075722341127300703
38285,31929.7464016228896850297163250910357
38286,31931.1863499867654197541302226654140
38287,31931.6358441127361493377668285263971
38288,31932.4450399938288062544717591808528
38289,31932.8210141675680169058416721788080
38290,31933.2227287609888870335303722419810
38291,31934.5196279837899427948676382957355
38292,31935.1338874993854138205502674468337
38293,31936.2954766191649803223043566093834
38294,31936.9085796899034592791103341983830
38295,31937.6886727878554617902585082602618
38296,31938.2412232466208990301907220017592
38297,31939.2519434113443351441512052460733
38298,31939.5510825223695561927490242204247
38299,31940.1328668519890946201295974678009
38300,31940.8811953470338385667932338662570
38301,31941.7785685228079780422513174797466
38302,31942.5858767554390681143534466532064
38303,31943.2385431176059630956823337870838
38304,31944.3759432358359597898648291591772
38305,31944.8852315002262144503006807307812
38306,31945.4853637626630844665169970227623
38307,31946.2750223491920496979639966800739
38308,31947.2341105555551932982372604414225
38309,31948.0291662605238184683453710841515
38310,31948.4588775407915573297083170929744
38311,31949.3993735730619144531081666090530
38312,31949.6189828289798836453555333806644
38313,31950.8908226044569777939210294410222
38314,31951.2564381076159257341016059531310
38315,31951.7944898461946565010685177490519
38316,31952.5937622952642215650342133420343
38317,31953.9574128720501088351471136505963
38318,31954.9297064904303822506021797318231
38319,31955.3247634786237257078814540285063
38320,31955.8620731222605676890383758519508
38321,31956.7153548014187048147048780218755
38322,31957.0032688763946143922027966323448
38323,31958.2376034200517406165176279937940
38324,31958.5976992999115288492439581266398
38325,31959.4503468028645353676164314557781
38326,31960.5111095668788391196524533547693
38327,31960.7360114826047671553370768652968
38328,31961.5456062707501572737740617304373
38329,31962.5664988832174977820572035591209
38330,31963.4008628987221478539069667422855
38331,31964.0619548334415283642657630123168
38332,31964.6817644936283675376621916145113
38333,31965.5882385467157147641897988577122
38334,31966.5610389966128054711330081576199
38335,31966.9586492751472219821215784147634
38336,31967.4829572316926621436302037629810
38337,31968.3260335190419069767382023097577
38338,31968.7512379933487063230146035059140
38339,31969.3629021766588319362821076237504
38340,31970.8629564622593432698788720976017
38341,31971.5227449394369774855392606212189
38342,31971.9379813813329134410308748039117
38343,31973.1826144186011973228317477526179
38344,31973.6941341797906368473369816366483
38345,31974.2804641298626924880967379024056
38346,31974.9333730325026497429793721615206
38347,31975.6306932051472901674855085560592
38348,31976.4988136963031504413355721136210
38349,31977.2414478540956434054020747303934
38350,31977.9994012348329677305593150654773
38351,31978.5446036034733168800932413218955
38352,31979.2907206819693617558878036270717
38353,31979.8699434096112635312309336625403
38354,31980.8690117683347639359241683332440
38355,31981.8445345449915022934902774220551
38356,31982.7262848793742083364955935331326
38357,31983.3899635439808174748206598785133
38358,31983.9705174505090955897438722157823
38359,31984.4877595957110893851492117006909
38360,31985.0526376801350513635514652474750
38361,31986.1452254541353335164605826436403
38362,31986.6626224267798453638626878184386
38363,31987.1977125428505677920095862645810
38364,31988.0708346733721340348804783243469
38365,31988.9951862382255391737419150851813
38366,31990.1942283335752969441289033157876
38367,31990.5729571202271469476676266563074
38368,31991.2534018998309811395376049105405
38369,31991.7132821117350112524985296282638
38370,31992.8060164583153645339797103021784
38371,31993.5057584876391361875468061766628
38372,31994.3026890611185835345225405557972
38373,31995.0671803796808207871294600038633
38374,31995.3493289864275836476786524904300
38375,31996.1733573070676175800961865811934
38376,31996.9204235772604814976763858221917
38377,31997.5545924442893565483598362880490
38378,31998.4529279239805795781405600391848
38379,31999.7330847214483090807091454153064
38380,32000.2276577172892341440316027761189
38381,32000.9047291111865788257198841659593
38382,32001.6118318342487591043016751598398
38383,32002.4975047564038813014733583266623
38384,32003.0320548049146323838422971040389
38385,32003.2541801069067800037713794251405
38386,32004.1220710660953720287468685364364
38387,32005.4263304076608842771211387129903
38388,32005.9295841284317367865792570813382
38389,32006.4859040191818427255412074904471
38390,32007.3921605296268728905217208666666
38391,32007.9954699370548896087614006161214
38392,32009.2283489974044321410126935255364
38393,32009.5450812050887223510421631268337
38394,32010.6982143149015575686096151942114
38395,32010.9544621866395390829940939679373
38396,32011.8448618719147214982966132435424
38397,32012.8385986838554020343860550526962
38398,32013.3357585511419139473744198256859
38399,32013.6267817551440672715340223614775
38400,32014.4993121580010935102967080898338
38401,32015.2487636856518440124856272716788
38402,32016.0067066734335022452462004794444
38403,32017.3489724597840662917874540444941
38404,32018.0998070394085214936856762003005
38405,32018.5779227822402747325996025899233
38406,32019.2064211136712655935735070522536
38407,32019.8297552017393136041430642104397
38408,32020.6085654233497013238462038743826
38409,32021.2514612654515566503683456870865
38410,32022.4133054253752246296359838699118
38411,32022.7513458109412486889879564642532
38412,32023.2817345417051430768553582917686
38413,32024.3112944445371596891814162306798
38414,32024.9068658685916581357087957425550
38415,32025.9297671392031576162399597089529
38416,32026.4708023329254078504649690282631
38417,32027.1641207895434627370874349748457
38418,32028.4569289842868570775507835643157
38419,32029.0889228380138263982638307353609
38420,32029.6216661642028584724297669137582
38421,32030.0109296383204743015964116997770
38422,32030.9243647356074463746657602151564
38423,32031.4768331223764145580556769393936
38424,32032.1351965602133834334779119804516
38425,32033.1233849203366362128411293381864
38426,32033.6443475488551885763701887620315
38427,32035.0342991294625186014674742434608
38428,32035.2759915385608160542857785361525
38429,32036.3107733741533651255852708270701
38430,32037.1093424094772590184735096564523
38431,32037.5477410406792316158340184356869
38432,32038.1222148737797841841194460086534
38433,32039.2142384435446344668117495690573
38434,32039.6875597556979659442953364420341
38435,32040.5830423726766259406746342798081
38436,32041.3929075116459765357657173234796
38437,32041.9069114520915512926402438404493
38438,32042.4446728787722635688746908802222
38439,32042.8482987044419669492938811671167
38440,32044.6250842320306396301506350290070
38441,32045.1115273677568146982127051699750
38442,32045.9400465972481065080809136540061
38443,32046.4912401285136685778825203701965
38444,32047.2653152833688949919164929933930
38445,32047.8820636427045095115426763730083
38446,32048.7283329073386545715368859030385
38447,32049.0625613278826222612795786443717
38448,32049.8965472663068212949309857309961
38449,32050.5556560090005506113797179711406
38450,32051.6882792755582406784740954022014
38451,32052.2740822529158035058143443352891
38452,32053.0878174864132568693679862977839
38453,32053.8355601144010624356364600702033
38454,32054.8217798254442608330196898152438
38455,32054.9663908169429513977360598640304
38456,32056.0166115681176545709890271427414
38457,32057.1847767606838722055874511822107
38458,32057.4556096408382698131537453248915
38459,32058.2096480146934238169198659992133
38460,32058.6035464650267565493826855493552
38461,32059.5876934826333332931181435221123
38462,32060.1296746468748805527478527428359
38463,32061.0246032415192471708296216235352
38464,32061.6087857618227984311530535878873
38465,32062.9171541301852034417358137438740
38466,32063.5798588038082931699357936745402
38467,32064.5788444515427451761522905120719
38468,32064.8871666139657738825877640727505
38469,32065.2922443146742904120617116109332
38470,32066.1641426303722282807787606784834
38471,32066.8182757782513087347714795000362
38472,32067.8321243950793936590783400674794
38473,32068.6497708704531571173270273829851
38474,32069.0193101184620231270308666806964
38475,32069.7177861035732126145542259276132
38476,32070.6365386216388432616204404309167
38477,32071.6848086475270623254375496754885
38478,32071.9117280022598077638615307707946
38479,32073.3827467627719051347518615094172
38480,32073.5934974205002946753970718075886
38481,32074.5224157539705417368997437730367
38482,32075.1814747796500084860579921738750
38483,32075.9821394777425943142953649044865
38484,32076.5984286382352214074751696400557
38485,32077.0463448706783876544614316714249
38486,32077.7614310997882524573848010092718
38487,32078.3530260061200571347336442784530
38488,32079.6310759531329433274256086432909
38489,32080.6244825245267347819571969468581
38490,32081.2382126777455634835955029441043
38491,32081.7726630158176521190644242196852
38492,32082.3221198895007929008580654071190
38493,32083.4660608862127199188559597370036
38494,32084.0663121864643268488230426485595
38495,32084.4284181898709782962879467657668
38496,32085.3249574571886112506264882692102
38497,32086.3151225134320171395968277810863
38498,32086.9098481955485078972078040137921
38499,32087.3030315456713510842544194424488
38500,32088.2954938394661616812054665896479
38501,32088.8715497868738618265448376817389
38502,32089.7264260896057189809289584869848
38503,32091.0304204927694166309231092871622
38504,32091.5089426500997008721224276418871
38505,32092.1762808863348701796385702278548
38506,32093.0752416235704851191465324111582
38507,32093.3608429417607835751287884654717
38508,32094.0182943366322420091920232996080
38509,32094.8286448617351232119202208696683
38510,32095.5064202351462775759563743783238
38511,32096.4477323779072800672070574488261
38512,32097.2320387129209148478844649775969
38513,32097.5682908590736741332086934233903
38514,32099.0756929653709271713260379024397
38515,32099.7171358524758446495256275707552
38516,32100.0178389628573390849373950385552
38517,32100.9041136811461379333465719749313
38518,32101.3589655073788950799511789442819
38519,32102.6342190951473334419731325990059
38520,32103.3207679200937495614202418711163
38521,32103.7624188280810521810162515886511
38522,32104.4484975051019589235278919037007
38523,32104.9498554790534555608756432579470
38524,32105.8099519196733755702242281027493
38525,32106.4700292617325913093694839869288
38526,32107.6145897181797106748543819032438
38527,32108.5902281194312796912669878867194
38528,32109.0577083443340975797415140008803
38529,32110.0088092061566112784026469177860
38530,32110.5297078372242444650503215430529
38531,32111.0483823340534255013577242413088
38532,32111.9219831659988454910835374152042
38533,32112.4417118899430486213948058157424
38534,32113.2951164779861382430975713029254
38535,32113.8107755691221502190536955296809
38536,32115.0761593096246893303822501581828
38537,32115.6343567349906294445490852675595
38538,32116.0962120747669898240402448748978
38539,32117.0659769926063793492751819399667
38540,32117.8047316220974170134162605621629
38541,32118.7404142320989004120333663473369
38542,32119.4603524180400699218430528303710
38543,32120.2373434614522955818879054288223
38544,32120.6943957126789595434720718664095
38545,32121.3099589286543589609656556424821
38546,32122.2528004335972106314068332580523
38547,32122.9922222351662327200511566387826
38548,32123.3430849988081312121726197978536
38549,32123.8466394523417564679211104597249
38550,32125.2494929223245614346009455821853
38551,32126.2990940657255949915753036805708
38552,32126.8224690256690527919226990743185
38553,32127.4701574967258662125557627371320
38554,32128.2477020294644833977088981060730
38555,32128.9027340409305268589591896964531
38556,32129.1358426845457732187122797883744
38557,32130.3958150152168855259734024056186
38558,32131.2012373053579887912471956207218
38559,32131.6444380004097692725152597156302
38560,32132.4941123769881695272822173063113
38561,32132.9945904195621440210777956219828
38562,32133.7072857120438786102366269464343
38563,32134.8445471970614855009936502529650
38564,32135.7295178091540018330987796854956
38565,32136.0047624243294902603713716811141
38566,32137.1513958134874974114162839164736
38567,32138.0801057868282419945456754663261
38568,32138.3827913919475889184456554294466
38569,32139.3270074287735264017086394736868
38570,32139.7706720248423440119684502939459
38571,32139.9671021344709233998830235637246
38572,32141.2291199888686917148317794253582
38573,32142.0251389758725354241359705797847
38574,32142.7284196018244711316171055462564
38575,32143.6434861550893880669992187703049
38576,32144.4941292762277770163478522264975
38577,32145.1603170964040546557192209750778
38578,32145.7681010229257193429526279125506
38579,32146.6469939297352186331487566518007
38580,32147.0384427379417657480279683222523
38581,32148.1157568463288118172497169390474
38582,32148.6362429181846529221954962129658
38583,32149.5249524626933916708004954603997
38584,32150.0534472242075539493068894490293
38585,32150.8300777548299700103287742502254
38586,32151.3529476814970724382101985617768
38587,32152.0631735877592348729195708519454
38588,32153.0479364794605954467179212164016
38589,32154.5506809862578082049917662106814
38590,32154.8894744418014712337149381442751
38591,32155.3274608360730059099612627940160
38592,32155.8244503690391976831475140984231
38593,32156.9342815681286407883840884310568
38594,32157.4976826950633967472113316374961
38595,32158.0727418258193739481203266582871
38596,32158.7556126741132312804431892437334
38597,32159.8115498605476437492756132207948
38598,32160.1064635679968915861372507237394
38599,32161.4109707741489500821381303212775
38600,32162.0322497837011770920566980682614
38601,32162.7964549381725526526790236958751
38602,32163.2874674655565618456058568712054
38603,32164.1716387323241124689773001336994
38604,32165.1230452577802705727740488153081
38605,32165.7208118535694326462388359851422
38606,32166.4066153830741656504798672957892
38607,32167.2573741517813845737008461985829
38608,32167.6986923669204569108078755467405
38609,32168.1034283419458137920739494595977
38610,32169.0753492738409942572692109541316
38611,32169.8272372182948585846141268782647
38612,32170.9349218288818674606220697328532
38613,32171.6483545532920939382249522249710
38614,32172.4398134506139808015219295364706
38615,32173.2549831405190118403763209057724
38616,32173.9051663963928454743830443821026
38617,32174.3381798859784347588883665854315
38618,32175.1602091830906229932649568564193
38619,32175.4466182846523733532859901045078
38620,32176.7705559660080857044795489059293
38621,32177.6088167165300826452317239244917
38622,32177.9906740734008769615889719846007
38623,32178.5859582401467419998015486972202
38624,32179.4041551611142157631652840125342
38625,32180.3864133264750677035338775670093
38626,32181.3470185720405797956974195050815
38627,32181.7730317655083212219782897610646
38628,32182.7467018482622278950533140569392
38629,32183.5271026417295263777010800154497
38630,32184.0012985778252729712428515177250
38631,32184.8016151817423862707902479119423
38632,32185.2399996110032928862323525913393
38633,32186.1827789919346102304312520341129
38634,32186.7930618108256874231131513898583
38635,32187.0803826350765017273643113006093
38636,32188.6017177684324136779852889151235
38637,32189.4468498815735430893493258597260
38638,32190.1254658564811511040043648536522
38639,32190.8099627317095094541146412780729
38640,32191.3141474913871616840005763774490
38641,32191.8649346177397431318284338685166
38642,32192.9712372868293109701369099121450
38643,32193.8467924259865258798616574367425
38644,32194.1374159361408335449644485300434
38645,32194.9524970702394925130505382925384
38646,32195.5633639773571560329875822717838
38647,32196.5713456594339894185945642800834
38648,32197.1844163467044102460540688858862
38649,32197.5440196303539384982103450093585
38650,32198.8580696646515826874363164500933
38651,32199.8290917229631707720372950712674
38652,32200.2828991622625712624930563982133
38653,32201.3672593791405663639370364476038
38654,32201.7899532904908833562064170927253
38655,32202.0693120212702094446984103056772
38656,32203.0080317302436299962969811341033
38657,32203.8384235206227748448117214569273
38658,32204.1943051665320725466276272979148
38659,32205.4004443527765180980217922471764
38660,32206.0335232863031872848402731768585
38661,32206.8514806357725089641235391119348
38662,32207.4737954862692678448272118124295
38663,32208.6453319922230119378110278876787
38664,32209.0887172702098753837255761357473
38665,32209.7391394099353656951021080421776
38666,32210.4554278641732126486933975297331
38667,32211.1546519621174905477084071846421
38668,32212.3702099201940877481935220385088
38669,32212.6611230564117520830739538475968
38670,32213.3701401665912164699267320207299
38671,32213.8262029138632892823609500877672
38672,32214.5153314043734815507608070625870
38673,32215.3691498632552775347365290023614
38674,32216.8313222391571435193325740259520
38675,32217.2065018118885624844263195952700
38676,32218.1847987058513740898361355288240
38677,32218.5406128811420315041532085000076
38678,32219.5029741266602476468610669744075
38679,32220.0549309126967598390964779014982
38680,32220.6018004754479102692488275126335
38681,32221.4093720762841845395560512447116
38682,32222.0538292851835648283383229262081
38683,32223.1832483897814650685898959368097
38684,32223.4691969212437863538593021732277
38685,32224.3409734492615417342738689311557
38686,32225.4899601936878403339415576286265
38687,32225.9076812654690932793276757929091
38688,32226.4211278164641980552782082736124
38689,32227.6009999610715228956868724203815
38690,32228.5681037281173754926473620259246
38691,32228.9969830233661129262618515374027
38692,32229.6173983749346241244938806543240
38693,32230.1804220118763893515964342968642
38694,32231.0424156217947298536604495056964
38695,32231.5395883966386788122073777966483
38696,32232.4192679101157725872816005277485
38697,32233.1296159098956186067281001958017
38698,32233.7399447041885012239789711002697
38699,32235.4382601158708146624269461135058
38700,32235.6128446908214117719849163603858
38701,32236.4598689635775851869623027943936
38702,32236.8110398649844179311625588118833
38703,32237.6952114910777091097933901104150
38704,32238.3318857953507328485193388140979
38705,32239.0913664884653612195706999204963
38706,32240.0657996920230292136376909107031
38707,32240.6160449884098268322958113198084
38708,32241.3553788017789739002633691976937
38709,32241.8537223328708293318563981137004
38710,32242.5241939209421725563579731262717
38711,32243.7396776410107883685138046787071
38712,32244.3605846324514135689099035582675
38713,32245.3490623156362967069210333603093
38714,32246.0954506441430646518911690288574
38715,32246.3759278879573071072372502204023
38716,32247.5317523209623509855133434559144
38717,32248.0645963595185303170470466352010
38718,32248.6815216536676501094753634612870
38719,32249.1292008568921116707623969554739
38720,32249.6935837926252073159741047396855
38721,32251.0159228632624512624929908403465
38722,32251.7235090434175127741708317637270
38723,32252.6332494793662235568543083156121
38724,32253.1469762822095380680625011007822
38725,32253.9081226482030739538570568301581
38726,32254.9223715151255545016667874224817
38727,32255.2747436650415853945629508102877
38728,32255.9739505384749383687399427124973
38729,32257.0517002278074322866559239449308
38730,32257.6096850061499748187842727194665
38731,32258.0753347544087955530620624153920
38732,32259.1725767128359605863115539473327
38733,32259.5495760429633360515600163143503
38734,32260.1173773716572766893880062576198
38735,32261.0770049902828478329353756361714
38736,32262.0302927781609223516471689912380
38737,32263.1066248081483061972476176392550
38738,32263.7154513947631372700607974660992
38739,32264.5570791253770080780389085268809
38740,32264.7774462415468600803782259743179
38741,32265.5773008242699980185484773746807
38742,32265.9962545235458960518653183716001
38743,32267.2449441609328614730286617426763
38744,32267.8389724287854423638433018742694
38745,32268.3612966015063051911771589641683
38746,32269.1192806436738178723352476667981
38747,32270.1564599358277050602213995009662
38748,32270.8692681953870896507207996802341
38749,32271.7769650292334259056720693172656
38750,32272.2704851724698950808412525022213
38751,32272.8303721886885892195244324861612
38752,32273.8829786887575034854033189263646
38753,32274.9364458014301227796436957851929
38754,32275.2893289911676024393564133169896
38755,32275.6364792879932593901410107922039
38756,32276.6864492699257055308345713260492
38757,32277.1480838934875025918603295916658
38758,32277.8481199549140454600297769844853
38759,32278.5441633773179038001334016124237
38760,32280.0714407886945132819518496543081
38761,32280.4994992006266788401581534034984
38762,32281.2574295803248464006998073583275
38763,32281.9025689183258700510236764545387
38764,32282.6858629436181063108099469717502
38765,32283.4542462961886716829016925798726
38766,32283.8030512105636560636160531848475
38767,32284.5616095232075127832260653621417
38768,32285.4486022261646419347006160975162
38769,32286.2482855035896710781767128343286
38770,32287.1823778823901803224766233393455
38771,32287.4714638472686601546118223110758
38772,32288.1705653310884583112377981235650
38773,32289.1099367379692595036619392625742
38774,32290.1179877170884221874920234046513
38775,32290.9980555679354666581538141703370
38776,32291.5596069704111688164638349108568
38777,32292.0787666954262326194267479787711
38778,32293.0324915153425398477604624844254
38779,32293.5381132317168244056866952783215
38780,32294.2193490873714374712275310676322
38781,32294.9245686643780221781070931104948
38782,32295.3757678673032961699134003302154
38783,32296.4262241293430733431819517808627
38784,32297.2324459284761092511071955488765
38785,32298.2485154011968313326956444754557
38786,32299.1504628848095935781637681703335
38787,32299.5840834903684931374789662169444
38788,32300.1339768326612141657773949803214
38789,32300.7352176499624805448261442630188
38790,32301.8327714804339762003657246760917
38791,32302.3337261122217847303296167800920
38792,32303.6061245592897086894969541313484
38793,32303.7128743916144443924564105997157
38794,32304.3265127384207571861180410214018
38795,32304.9601464102787224065868940622157
38796,32306.2603303674676497898670324372966
38797,32306.6333124236727153586414919184569
38798,32307.5840181514729089134088762155122
38799,32308.4926603089062800247313583491575
38800,32309.4699046033100942644554642649905
38801,32309.9771432078236915209779315618286
38802,32310.4775099696069238572153581815126
38803,32311.1820916620372534731032649023184
38804,32311.9156053463292291725534655151390
38805,32312.2699446064903435974052040569091
38806,32313.3806864010223767283110110936605
38807,32314.1454487070932178428596646285559
38808,32314.9975269035165349685127905760912
38809,32315.4559675540659406903646082198175
38810,32316.7692319892358748793926462142680
38811,32317.1040855247394563378393371388117
38812,32317.7443626980891041230540905995138
38813,32318.8607855533761437044579101948446
38814,32319.4638002312459857018053947046910
38815,32319.9178905283856672808420550267421
38816,32320.8702263065463551752584184509059
38817,32321.5860234970852759286677739653261
38818,32322.4111797309053754769556439838943
38819,32322.5963029991924322213961873998560
38820,32323.5171642928959807697311922929637
38821,32323.9290452666179832431633914350384
38822,32325.8439411120136738165294984313740
38823,32326.1219468632823919719960252887032
38824,32326.8522285135240025637023041266159
38825,32327.5519107663740191712661714161476
38826,32328.0434334769885225098712244265859
38827,32328.9204848634030996253395273927516
38828,32329.5925083077387574895515937392059
38829,32330.2235926576770007583242225022162
38830,32330.8951489105012025126859305178207
38831,32331.9310251082799353168851871537949
38832,32332.3490419723254804055706581882532
38833,32333.3292759949616648997105672424302
38834,32333.9506645647395957719000619778625
38835,32334.8424654595404997746265174530853
38836,32335.7228527203996812548572236707029
38837,32336.0408675258064540754281985763709
38838,32337.3445645701799839336135681755689
38839,32337.8869264628741663108508317428752
38840,32338.7157416642815050646782039057468
38841,32338.9871597559050023591637150906037
38842,32339.5526955937633628400081397153942
38843,32340.4414636002745263443015180653491
38844,32341.2719888519140292485747237087192
38845,32341.8681517764197934309576838408377
38846,32343.0284640887560679279992479165491
38847,32343.6846017588217281264662430901239
38848,32344.5270966902694489374594224613570
38849,32345.5405642497910624038132969046310
38850,32345.7619879577729550002382951028236
38851,32346.4332991005934350328421624119302
38852,32346.8685872762476031317618962523926
38853,32348.2157290907657079855754667181698
38854,32348.8982259335161762690105671125576
38855,32349.3073546116716909676695828502745
38856,32350.1019336483415398771397047126577
38857,32350.8643799207704672533378819344212
38858,32351.3157962309889080081435043978336
38859,32352.3706866613909884210779417119732
38860,32353.4316706476019446251586980090391
38861,32354.0991529056524066093597134723436
38862,32354.8246750402030197007907849057445
38863,32355.5576698365887000831176226578702
38864,32355.9618797937596905183879532675598
38865,32356.8680302991274748391238939171895
38866,32357.5762744728738495858942899670765
38867,32357.9610733985763069137182902915681
38868,32358.8539380552167520674664818671757
38869,32359.3818958684337806621625427524788
38870,32360.6891924066617078648616287205437
38871,32361.6222837672992876306647966979641
38872,32362.0672673559554058056116394555520
38873,32362.4935483317998190839688485016715
38874,32363.6231069533773234864633722207863
38875,32364.0952601716032817213637543762673
38876,32365.0979622943049382332753512801121
38877,32365.8321940844067664074920670900869
38878,32366.1971963416320408245206585530516
38879,32367.0598677846484517227914906284281
38880,32367.9572967843222038576403799661104
38881,32368.2449530931080904551096987915680
38882,32369.0426116569574475647986617351508
38883,32369.9019080358534366072008653003330
38884,32370.8947620729233431249221587377379
38885,32371.9154790598405142716972646376231
38886,32372.6445014538639351039970777508106
38887,32372.9705664245842642912657889859835
38888,32373.8784233245659981432920609945231
38889,32374.3894026973706936520089709990595
38890,32375.0486682119091997222849654951414
38891,32375.5128892253916106998263885999203
38892,32376.8608208099275155017166882436273
38893,32377.4862423624273583729753462013868
38894,32377.9513542295433542607892803822414
38895,32378.5715639117215164321672394364429
38896,32379.8574060627027946045561970346973
38897,32380.5392683168480993605665220551607
38898,32381.1907844471366536550237699957033
38899,32381.6401758581336884126447135513560
38900,32382.7740437600034894171124057106245
38901,32383.3845191755905674653366912301093
38902,32384.1857838199194063165825809790310
38903,32384.8534725326011904993765034876302
38904,32385.3135604801000427206276436408339
38905,32385.8363763332925333530559758450799
38906,32386.5442512314960481405048031182461
38907,32387.7669542576886231049848539003329
38908,32388.4285349501570078394451192908105
38909,32389.6153047643739272903563519152172
38910,32390.2912081514566796115705035124554
38911,32390.4330843446817366178498711114567
38912,32391.4563058520249733073296242295294
38913,32392.0724996266132305707125100965550
38914,32392.7999145027563439295073194630155
38915,32393.5814633905203327924269033810926
38916,32394.1251343902459471324379164387538
38917,32395.0200221625725604364630916762974
38918,32395.8360656933974146974484329915131
38919,32396.2903990358444437801399863770734
38920,32397.4609405936571412832848203500772
38921,32397.6150546552482227496634366718720
38922,32398.7483354799389339285463201864327
38923,32399.9603090451117631985434474068939
38924,32400.4094162953047622942679927486500
38925,32401.0686477586409902098752216804855
38926,32401.5967712584267935899081229503467
38927,32402.1984229876628664420883849629356
38928,32403.1602000464671718165254067662743
38929,32403.7278729175663003490177386657424
38930,32404.2915897864856082559252914106645
38931,32405.0639521784485903814455216272438
38932,32406.2200942147696592530092013988818
38933,32407.0012053556220252602214987159795
38934,32407.8213757445473547698764622595365
38935,32408.3617427832392957071822703443518
38936,32409.0960172476293205232089510151040
38937,32409.6291642628172410329483351729422
38938,32410.3571050275361274611280119275655
38939,32411.3323497157427865982266636258711
38940,32412.2428762519695798237249522346454
38941,32412.6041421425112584156250903671896
38942,32413.1527298538096048184567497299000
38943,32414.1159324101843860950623423443456
38944,32414.3589576047820157506568117920247
38945,32415.7123592396203915370432633716593
38946,32416.6956468812963040915237872746800
38947,32417.3949279005493239223829679755816
38948,32417.6449574365050337973353435112911
38949,32419.0150611917915204448810848503834
38950,32419.5316065403493328611909287458973
38951,32419.9185321827753545419726985978072
38952,32420.3660031515741107006183532098447
38953,32421.4430897770932354487626079835385
38954,32421.9175598927856891717837689292680
38955,32423.0860910701120463168790876223527
38956,32423.7642617396735750551620406022537
38957,32424.3262741825473697311021821228833
38958,32425.4254393303527981897949450546629
38959,32425.8299277378742479626203990394014
38960,32426.8822298367432598029131009384747
38961,32427.3168703340146070032237956539390
38962,32428.2620528295152721180854849836668
38963,32429.0343791824939906999232703454591
38964,32429.6289536181789684437970646264830
38965,32430.2568388700275203164138866342624
38966,32430.7777621662783254022642216448630
38967,32431.9262080686446693388725466985474
38968,32432.2864931713184974915485038294311
38969,32432.6846863148036339671506965706078
38970,32434.3084215802839157841818920516249
38971,32435.2283585653932044022172527641958
38972,32435.6954163567884653038180089292504
38973,32436.3265085473829669979158330646226
38974,32436.9160699619814271229919917894044
38975,32437.3765670440075559692244145784307
38976,32438.5276453089547948682724977410817
38977,32439.0274418654739196031757716735417
38978,32439.9435798089472181858194300975963
38979,32440.4192049187648160341242147432642
38980,32441.2291160769632984322871891301420
38981,32442.0047886639154919575732784034208
38982,32442.9133208775781879528901196369943
38983,32443.6804399185802437361541316939423
38984,32444.1252554918052104162887913119592
38985,32445.2940602929715134223909620496381
38986,32446.0136226733483723269099951714336
38987,32446.5031423043133472231696379396636
38988,32447.5248807325441360777467366813711
38989,32447.8060879130166750022454423317290
38990,32448.6850787405010004852283007071790
38991,32448.9717504946466778450220094265576
38992,32449.7889590976623653577891523419357
38993,32450.9813700457620896228052547600576
38994,32451.7829906989055352726969527444846
38995,32452.5359537602562434968331551589097
38996,32453.2081363599373030318861802759617
38997,32454.1699403402557095972357867033662
38998,32454.4760044063119345952936448307619
38999,32455.5539982658119366100296944894511
39000,32455.8110169600389079739356264515170
39001,32456.5584870719192002091426820777452
39002,32457.6540118731088573701978786571112
39003,32458.4784238712582257715061228078053
39004,32458.8986818111143493198411240552336
39005,32459.3588269137931309572326677712995
39006,32460.1216857190886554818175995573907
39007,32461.3512804978992886590048805471942
39008,32461.9766676657570171023777180738367
39009,32463.0142191779760160519022426327720
39010,32463.7603724612083718857401133144870
39011,32464.1495712188409925457292714685746
39012,32464.7689188818097782217885467289913
39013,32465.6380909725340151162166254018961
39014,32466.4056717287022056255638095588133
39015,32466.5879432880749328628181757000231
39016,32467.7677856842814871752095971895334
39017,32468.3642524879053453398770018800488
39018,32469.1261518036244052145204909978144
39019,32470.3712412864711801162748072642460
39020,32470.9675343861748312145103901588968
39021,32471.5874101823404603621054600874941
39022,32472.1195070919739318815943263125453
39023,32472.7153832914290884547203683385019
39024,32474.0933043701498887581379869419464
39025,32474.5992531140838550668494403994808
39026,32475.0673305997854656772901235720779
39027,32475.8417758328486343333692428678866
39028,32476.3168036612202961797186866404597
39029,32477.3682550067006819561579814083637
39030,32477.7562401675521804209468230070890
39031,32478.6905422779188542459573628764530
39032,32479.7149635963804846388184648641711
39033,32480.6050376672171313211568798922622
39034,32481.5213556588562913218136863290848
39035,32481.6749468902848523112053490898877
39036,32482.6704434638794118153908156010416
39037,32483.1248141245632456037521158969838
39038,32483.8111046719605514629805149269629
39039,32484.3866482262628125577408967185385
39040,32485.6985928146227504528418086749469
39041,32485.8830962052789440026994186156299
39042,32486.9930112261266052204406395713664
39043,32487.7449418718557766864803152276426
39044,32488.0328663374369690876052540231152
39045,32489.2975644913171389671065667869496
39046,32490.1629084563258259040519717193161
39047,32490.6314905630767664844075787088989
39048,32491.2771473040890930695246284758610
39049,32492.2735503724921341852006044667923
39050,32492.8023663844523737489309708643671
39051,32493.5935704751505351030786281187076
39052,32494.2781916231458044758893949250569
39053,32494.6253315162071066510581626320448
39054,32495.3017729145210191369333361399884
39055,32496.2095817384323932231604155482212
39056,32497.7242105783274736768789553888352
39057,32498.3064113358450414676375437475951
39058,32498.5122955260566014854019684059100
39059,32499.6356971498554036166640640576504
39060,32500.1808884345656499959221507846325
39061,32500.8438742865332675220595123859955
39062,32501.3985442473717643567973361315778
39063,32502.3891148507384925955318341085155
39064,32503.3021724637637566451888825834161
39065,32503.5387783774402497423223129423490
39066,32504.3318245081023107489193711455053
39067,32505.3292173052823220892437952963923
39068,32505.8859115625211945253276644166295
39069,32506.7651808862558932792897939904821
39070,32507.5001437495240327304592349065894
39071,32508.3687869207185460069775210530918
39072,32509.4326362891712863256843655547082
39073,32509.8422160162851977670664213009180
39074,32510.5369762387799617479790237560236
39075,32510.9293678014773948310194916661901
39076,32511.5627586338590763318653497474499
39077,32512.5526353223131386880421396718270
39078,32513.2313366299153778941267754887293
39079,32513.9740252112013197115534928712765
39080,32514.7260362107551754822023431970055
39081,32515.7901698106604086909117868637783
39082,32516.6721375006728105082943577443401
39083,32517.1729498209138822785361606657564
39084,32517.6533078335309873435387322283159
39085,32518.5052862839224268024591321612344
39086,32519.1636914097159573836541065731193
39087,32520.1709442641543408648335217803254
39088,32520.6548209644058088361266121973587
39089,32521.5807917031300036407545877319068
39090,32522.1641729146294385031232701225866
39091,32522.4571390346760853500504283952952
39092,32523.4047380461113565458810837916978
39093,32524.2280407492468992652298910757917
39094,32525.5538794605842451248972945558192
39095,32526.1913678673924119493484361238583
39096,32526.6573707468185960831353470809767
39097,32527.4220763155273082258092601867218
39098,32528.0202263400582520792753897508900
39099,32528.8915747342047806527890447098560
39100,32529.6350109617008577705805013748288
39101,32529.9053464124303493415466409646501
39102,32530.5130896976888626339992846105209
39103,32532.0180382440642652611252256030559
39104,32532.4111445765727527739573008703956
39105,32533.1422968262469355003248831530873
39106,32534.1034919255411827316677787634073
39107,32534.7961265997124177061788678316720
39108,32535.1875846141692289674376225400475
39109,32536.5028780031054167036845866798605
39110,32536.9231712175483437601821601781863
39111,32537.7395585242495778157131604528196
39112,32538.2787993372993435734968090776191
39113,32539.2367752550952090635295375316652
39114,32539.5136895692981150389224605281128
39115,32540.3738796821364705176520378763450
39116,32540.9523226704236313109877064364339
39117,32541.9127522140323418642240918278124
39118,32542.8649530407765879104770777284285
39119,32543.7549440090019516657230050933612
39120,32544.6249621551330463523663681847750
39121,32545.2136738948455235018401652218641
39122,32545.6587558546811916125649244329543
39123,32546.1513340336012621353271087553543
39124,32546.9625486066367901180990805856344
39125,32547.9609381685327492634269848436127
39126,32548.6620739423412542441182637712082
39127,32549.4798182273966422083387113891101
39128,32549.8487090491224507922891687155381
39129,32550.4716447301527188439785531730236
39130,32551.8211970403883684070357539140424
39131,32552.4174142797341909861695160991584
39132,32552.9343338982387622375756840356136
39133,32554.0182008800555244431530264922673
39134,32554.5553276880340292646336568855567
39135,32555.6258260938027336297409707297479
39136,32556.0088539485583128940789533988140
39137,32556.6194916989388323905869810102079
39138,32557.2059367513379255605404556226424
39139,32558.1014743125341992763287921080847
39140,32558.4735733601191949262785691120596
39141,32559.4420003026979927672401282865592
39142,32560.7803423451777030816743652809195
39143,32561.2916114264838298925360108093708
39144,32562.0935831722681028647783825577982
39145,32562.4251904421361468823830101235052
39146,32563.4991876860991950110201925489405
39147,32564.1633286672897415488927400077204
39148,32564.5912143731589395516552504226023
39149,32565.7384785827011764688049142300735
39150,32566.0454461524659248182335146937360
39151,32566.9279800166220652776369526762461
39152,32567.8593753241833736141974881830274
39153,32568.2902646869617374846038660931792
39154,32568.9988339379115448513932401603406
39155,32569.5479208041577990013063351493239
39156,32571.2014411668631918180446179804746
39157,32571.5859478998593284501893807232774
39158,32572.4943984904149114995347859394363
39159,32572.7766184836461625454421256975655
39160,32573.7136180116207343703281512972718
39161,32574.4201533959302027534415781598087
39162,32574.6726749934368330391585412173129
39163,32575.7481314063695333168172609884392
39164,32576.3820029027958373905299928410382
39165,32577.1479814092368975381196741078839
39166,32577.9180797244556891968939781727799
39167,32579.0254468752431834570279665224000
39168,32579.5166729797173233357545100011195
39169,32580.4917165685673819716122854082642
39170,32580.9709635070840300164949174333867
39171,32581.5714060978106304540210778121893
39172,32582.2999488909777015059400262508525
39173,32583.6716844491362226876840914192460
39174,32583.9553535635368619894291158398985
39175,32584.4846892476588466499346862200275
39176,32585.1273788059094170461434836916030
39177,32585.7913551950396693656157734891675
39178,32586.5202555851320569789667967676595
39179,32587.7077510440356986242835627176294
39180,32588.3317193581556779370801504600014
39181,32589.3187257732344854678145040302884
39182,32590.0445107454172415708368892088977
39183,32590.6050614683714562346366528947094
39184,32591.4069439169641485007803799754199
39185,32591.9302871086077923542550383582515
39186,32592.4149999538927321886815323883725
39187,32593.2235896312549195198325218680907
39188,32594.2081387073074411858004544813497
39189,32594.9332156955729406669681579267754
39190,32595.5003512887385532803077679019174
39191,32596.4160032829651817479887972491163
39192,32597.0318172516726758053737398501336
39193,32597.9497513098076865612305459081994
39194,32598.5728791246928557254351750272169
39195,32599.4826067912322337128186942099784
39196,32600.5570460525886885870751232526928
39197,32600.8470589548573380029339650323877
39198,32601.1249365444885811149595222246464
39199,32602.4405159819006312511037136037764
39200,32602.9572841481755473392539171821301
39201,32603.5290599802902968568681130031903
39202,32604.0275080763539815138967583602165
39203,32604.8839226143767597351018858910334
39204,32606.2085237612483287580835117687633
39205,32607.0273570553558699287180971157063
39206,32607.8640781659721798021237223193250
39207,32608.0554469224531895357241506334616
39208,32608.5877290449842436832992881253737
39209,32609.7678376394676026976336413100457
39210,32610.2077464994629650259536426758870
39211,32611.1660662509528092034879098590563
39212,32611.6604453687548763401545525442702
39213,32612.6129268564280483787194802782312
39214,32613.1295137319771054607107075343801
39215,32613.8054944272579175066509186108133
39216,32614.5351180387952111163800630617301
39217,32615.8109682703950480124475514200900
39218,32616.0915369824850065452367399418971
39219,32617.0713468125857816160719653540221
39220,32618.0693485202029207033013037191492
39221,32618.5250307391297918640622125566743
39222,32619.2735668022307379970415363945391
39223,32619.8393490207929006070259944100779
39224,32620.4712618413270750334795781003199
39225,32620.8686729379389876047935516522746
39226,32621.8804249784749954266617437742483
39227,32623.1584057098877662686178678416898
39228,32623.3088125216927016071757806262929
39229,32624.3848771299262696926723062605016
39230,32625.1174839270821516370203749999860
39231,32626.1724932517003171882212866282310
39232,32626.5160462888283434773598710528500
39233,32627.0267953754838315963661353580197
39234,32627.9895653789079183542659805020562
39235,32628.6744956765116315359601430977558
39236,32629.6728026185918713920740769153034
39237,32630.2040548084304882653049544995870
39238,32630.6104977665188817695877919635421
39239,32631.4860260328781805425927502061822
39240,32632.1066405613246167167893358615501
39241,32632.8102887360220991020936823592323
39242,32634.3304727645452527407599961060711
39243,32634.7728119526546477415669997136472
39244,32635.6007214910058955246201088490815
39245,32636.0903755186916051805128538079605
39246,32636.8014632188427965402383846688739
39247,32637.3514931696416195406161704160859
39248,32638.1775961742256278916703885900112
39249,32638.9405321611506783114307890880848
39250,32639.5605390460795478650676036418451
39251,32640.1808822511182585879094860302790
39252,32641.1104013668302788676750095306740
39253,32642.3409756743585204972106607015232
39254,32642.5915037473638741708271828374102
39255,32643.3828271056401266135613828369978
39256,32643.9878858522462824531593664822738
39257,32645.0568099051621261117226795418923
39258,32645.8047324049564172128701575157530
39259,32646.4305824904405208910928527307259
39260,32647.1680346710723256253991771912491
39261,32647.7560056221692810193731830635757
39262,32648.1183210831736517375334845706879
39263,32649.2294118022540754884300684028928
39264,32649.8525826291177659675310371254974
39265,32650.2581593474395873161074345710818
39266,32651.9140083797845715629265932964873
39267,32652.4114889402018679743038677914510
39268,32652.9945508344719633337768262739714
39269,32653.9311473221380962099452223611952
39270,32654.6317672518006327684420339315530
39271,32654.9162367287691101603224789662177
39272,32655.6725253232795290088548941848132
39273,32656.3711186424983819127838095168845
39274,32657.5305290065958724220463944467575
39275,32658.1592296822343546388603714141066
39276,32658.7824444572576429912944241824932
39277,32659.1016739522460408281617370757508
39278,32660.2132446637550705127397335404051
39279,32661.1213059052081497788383770261628
39280,32661.9567386415733300085028925881043
39281,32662.7447269936373854012847020247404
39282,32663.1225564606760309221502588942409
39283,32664.1353399800111236857305844081009
39284,32664.8980430142815592036584155460620
39285,32665.3705810093396342718026260496228
39286,32666.0138744434964999532808240200759
39287,32666.5624367912741111600055158579898
39288,32667.2570963734223721573019023628577
39289,32668.2549947133102583727611350463770
39290,32669.2601845045046061737397509094559
39291,32670.0684184389664454356287635798455
39292,32670.7785325890065527333458295480630
39293,32671.4244695368160794499819216751463
39294,32671.9541524492813870219040378500592
39295,32672.5815079027953893357263669263750
39296,32673.7623559699061156673673435940587
39297,32674.2262536821079400060262879919712
39298,32674.8894560173235561175383645771577
39299,32675.6661463232531826852189156657533
39300,32676.2258244488660349645689508880119
39301,32677.1628300174554761379350968511771
39302,32677.6205381945833068257718021942625
39303,32678.6948043828484987874731681240498
39304,32679.1870558095395312370217648615725
39305,32680.6126509302067462314701643030432
39306,32681.2250135249313278420508363733435
39307,32681.7702364851129590641707213673236
39308,32682.1088834278192951763215185006107
39309,32682.8861878015963520885526330880651
39310,32683.6658453371767883072062764881460
39311,32684.5222199024906798077959210848322
39312,32684.8394585498166839359063947879507
39313,32686.1268856458781169675122126714245
39314,32686.5186222398091270328609653980417
39315,32687.4593569002866755166805217595583
39316,32688.5494736899761298514004204144354
39317,32688.8849035218390278047056698177520
39318,32689.8204818657779621372753684936257
39319,32690.2165015189955067188116995117545
39320,32691.2121018351530962543897832027939
39321,32692.0272119309109229966378305849225
39322,32692.5698193895028504877530982192582
39323,32693.3713114347513688433485917227403
39324,32694.1706110847185199560560763389395
39325,32694.5155778735273064064508347168134
39326,32694.7692737828249141679397842966878
39327,32696.3500865477264430034876428339801
39328,32697.3123841890683681014653121096874
39329,32698.0536022167481007108754025229000
39330,32698.4550452021794101540814823252465
39331,32699.3525843559034742433912450084749
39332,32699.9958278102166084791918559839997
39333,32700.8081365622532821725875865165256
39334,32701.2558641294797944880036360117756
39335,32701.7099535097286823102538511311834
39336,32702.9674016279052440259484032099843
39337,32703.4617405092018259964198246433614
39338,32704.4392785352666416661982515307575
39339,32704.9301835053652130390131594274214
39340,32705.7410816124115447858422189674679
39341,32706.6140532842957643862601381310448
39342,32707.3126800096666168166377770414307
39343,32708.1475173559395062171734288153897
39344,32708.9566237225461153530973227461162
39345,32709.7389565167703239806557233527450
39346,32710.2491853619882794984025605000618
39347,32710.7145259944088420692411781299710
39348,32711.5016005993040932981534664051798
39349,32712.2935127376816714608123951925955
39350,32712.9628945174453158708436417031878
39351,32713.6175429316521877197096096147808
39352,32714.5294838428647314127413668071127
39353,32715.9839260599616695924334046566523
39354,32716.3534505993350561223804114076662
39355,32716.7079175268449010291723957357453
39356,32717.7458029300389304686437848225170
39357,32718.0852295407146994479993807916064
39358,32718.7242488396487647576321390255764
39359,32720.0515932541408961550475738831715
39360,32720.7022963528451776322483007053772
39361,32720.9489673927880765753062186736425
39362,32721.6730208674706127124822883938564
39363,32722.6537882041919025392016092560099
39364,32723.2740836323689357725513893960283
39365,32724.1234445799336396947117540619397
39366,32725.0079578899771908344935792882346
39367,32726.0458502674409893963022836185020
39368,32726.3719842996875258243261196590620
39369,32727.2314152853961337934679091196831
39370,32728.0508585300282158121480936198082
39371,32728.4677858599971843212076000765475
39372,32729.3066231362992078647756755486930
39373,32729.5326702512086277270882655819355
39374,32730.5273983064715121485644717279916
39375,32731.3974449859437753817153071074424
39376,32732.4325315345228407589378758858080
39377,32733.1874422567720701834131825203199
39378,32733.6799616474706563832222712448280
39379,32734.4371009661728322625051133716199
39380,32735.3150715374314504339504663270130
39381,32736.1323231938795810661436054312308
39382,32736.5171284468376420469292302413990
39383,32737.3063915961664367092118453966846
39384,32738.2054482812322591194079861402950
39385,32738.8686484334925393052766508694499
39386,32739.5469027489232577081613685115398
39387,32740.1370270412522917830932610418267
39388,32740.6193896070112134302822516767203
39389,32741.5603312406357600727460331901416
39390,32742.8533892301077214323894991386743
39391,32743.5606262570889599393861394649597
39392,32744.1989039973917728831637153450213
39393,32744.9563774723293896408805190720044
39394,32745.3847073124338965915688169260598
39395,32746.0173265351312177860197674130016
39396,32746.8759680764841582379701482450339
39397,32747.4156671323987836972601442050000
39398,32748.4681920556643052109695455269080
39399,32748.9069494597136162997661832382632
39400,32749.9472417213658774447344440285206
39401,32750.2347354585510645288455537377717
39402,32751.8249299720443446064193939695821
39403,32752.1807747441712874297055869648179
39404,32752.6112309492424405810523545769411
39405,32753.3468075251195311850807146259567
39406,32754.7091263218364560856331575153362
39407,32755.1132782647971353858174713058443
39408,32755.8564322210203427451439515094881
39409,32756.3791367226638577532198185745674
39410,32756.8936647615801971159868787627588
39411,32757.7312835215221720148819918537823
39412,32758.3826417164053458856478469807123
39413,32759.2390443984503948289999427870171
39414,32760.4180528391091232180893632104582
39415,32760.9422725157276097667829081164359
39416,32761.9002534769742264974667408186328
39417,32762.6928311322631920467275151887886
39418,32762.9708859678455493718833808228795
39419,32763.5895486987133639197830787923184
39420,32764.6546516942285375467823312808957
39421,32765.1066615580324090229771463490341
39422,32765.7742883945477195829361011066553
39423,32767.0078737831739914953227511665671
39424,32767.3714975563206674080110096917799
39425,32768.0672219096732229935939740497267
39426,32768.6890871289171032694350415695604
39427,32769.6397988253956464875213147146457
39428,32770.5990334331613821940843334577749
39429,32771.4734692751007342704535504643508
39430,32772.1227708392792449678833734892592
39431,32772.6002560053951214777067511871862
39432,32773.2531986704005582633735662167696
39433,32774.2326642882860154837020184099698
39434,32774.7345784326812249745619125375515
39435,32775.3145201318533654167702333505089
39436,32775.9874291430927313945540410952566
39437,32776.6029479607757727970830771704584
39438,32778.2301274545072060049427529126347
39439,32778.4955126663015018098855394340093
39440,32779.4836675187873704359948367565833
39441,32780.0316634561978729919307019882760
39442,32780.6636762939995056890453776816652
39443,32781.3548341869327184321692913590534
39444,32782.1475405782786547317198675353841
39445,32782.9384677463356291491700459596737
39446,32783.9053706289716801083672803192017
39447,32784.1613247580679434567756516106673
39448,32784.9500012587720639120362323369219
39449,32785.4598609174998680061947748070046
39450,32786.5836550800690518975218287513988
39451,32787.1234026987986774393932498477812
39452,32788.1582938808033312123583467999825
39453,32789.0031834935284484341358000894449
39454,32789.6651281311791994362875467329291
39455,32790.5686747053898583308370828743139
39456,32791.1995305804299392710661031094232
39457,32791.4759985868242856580218135856913
39458,32792.1520268143017074088888879417126
39459,32792.7822609793445787674221496958369
39460,32794.0612107239325551333667664752464
39461,32794.7103828899942810106902791412666
39462,32794.9683221779513824139284698318989
39463,32796.2590333623160145553466804905739
39464,32796.9554247368462997047900892623801
39465,32797.6358148651554528323609383457446
39466,32798.4807499872743459136753712260669
39467,32798.9850497668620163969032264493480
39468,32799.7817021860589601342267941120275
39469,32800.6762430467061856832095909667266
39470,32801.2790121896860610524976856409530
39471,32802.0548273436339486110594827792760
39472,32802.5443292947367577126609196085305
39473,32803.1712553599173698782797901527100
39474,32804.1276134242077967994151622837198
39475,32804.3006958419175664483270168289251
39476,32805.9977742718704989513916763055959
39477,32806.9759895349772266320319974910535
39478,32807.2165168740128227550214647203820
39479,32807.7902829209346235641155356884080
39480,32808.4567732810219930095006819162759
39481,32809.6662795985897220769196384814420
39482,32809.7682852084108477874797606037454
39483,32810.6298724135655791482094127740827
39484,32811.4814754576675587012221007569613
39485,32812.0309677930093667052319102038451
39486,32813.0196422681589115265365584997405
39487,32813.6829197109297969246542218684460
39488,32814.5880345743433270592553271397034
39489,32814.9307687755212995202942585734814
39490,32816.1063406656830603356903096473354
39491,32816.6740943175698786162955663987923
39492,32817.7876734740031417531131884082305
39493,32818.2418941762899204202220544631352
39494,32818.8763227162768656241222140088117
39495,32819.4454043504357887769681563645051
39496,32820.3551850273901942991789796955928
39497,32820.7180372225952553955319038135555
39498,32821.3961713560785468216198952298239
39499,32822.5724387447840767944166975653122
39500,32823.2447434854186948877831822345090
39501,32824.1079844731322770280503223813079
39502,32825.1110154833313891667168760585379
39503,32825.5757655032867819800155259302118
39504,32826.4939846934417007553815458639213
39505,32826.6894976550294449803807537722689
39506,32827.3395759172453933834664351866593
39507,32828.4689844401327459737102066038604
39508,32829.3156136500347724341222647213304
39509,32829.8529763944449185508314520402969
39510,32830.5636782160725419546948793973393
39511,32831.0196266425514670832947157651038
39512,32831.6586703219371137979806051616446
39513,32833.0678189570639339258097138500751
39514,32833.6834544167847177625583375131818
39515,32834.2587998250355213432493353055886
39516,32835.3995320196358142530148606845575
39517,32835.8451562607245471449751998706399
39518,32836.6087664712804320935882456745701
39519,32836.9846929750955179662809144561185
39520,32837.9745301553423285752071971229309
39521,32838.5276258044558178617251120553559
39522,32838.9150342456933548523833204198743
39523,32840.0519446108668085597992190587918
39524,32840.9390045691032507589563375138751
39525,32841.7881052068048900599120745900309
39526,32842.5616366083664913826725407487101
39527,32843.1243902601524742763069806862662
39528,32843.6861612935392809452557008831130
39529,32844.5442700616245066433063676121990
39530,32845.5128762522851814096954645071640
39531,32846.1423927735495888290492578743585
39532,32846.7955538459286634455023942503671
39533,32847.0973873213665439363736778466413
39534,32848.4695800737858138306420802999201
39535,32848.6314244215640978010506134545917
39536,32849.5823920587642876524072378056537
39537,32849.9148036790543400241661066923182
39538,32851.3245267865600141274251810212242
39539,32852.3073789340270438449977713886300
39540,32853.0501949780843950645371506300640
39541,32853.2715493613232930067089698421984
39542,32854.1458032551018292933235755385393
39543,32854.8839570178376295039736343697121
39544,32855.1439978160980532865548613025844
39545,32856.3421725465181185545487948706664
39546,32856.7712155517136868072162773353793
39547,32857.8397187522253970758852024283248
39548,32858.4440721335242913012766449773849
39549,32858.9377140526158659011681243124124
39550,32860.1476426993799108921794921317082
39551,32860.7581374322584555242005264451315
39552,32861.5183849521553356339983854601022
39553,32862.2814672062281972555603798197120
39554,32862.8245945142173728054778747680779
39555,32863.6970167649138473134631142298669
39556,32864.7733273855633734030923055711716
39557,32865.1922099670418796627183060727998
39558,32865.4808233345065658122204236877105
39559,32866.1453286482913251805725654441389
39560,32867.0174333585681542713525823409253
39561,32867.8474989636898143798572230297851
39562,32868.9877696119642455938077575967248
39563,32869.9372210904803599852741975586904
39564,32870.1333768337655322789414536116370
39565,32871.1370747656686260793296874351184
39566,32871.8620608404104355939854120642420
39567,32872.4199039656339215603294924110430
39568,32873.0227849936009451615309298205337
39569,32873.6620872041338523585540158952262
39570,32874.7557027379974438939177476874596
39571,32875.3776479144359581959767081624817
39572,32875.9243828960469530445593798829246
39573,32876.6949309802745729108840296610266
39574,32877.5357955644494522934534313441009
39575,32878.3061452684470427934304159856881
39576,32878.8056111702316378774629848164115
39577,32880.3250466705202514206028471855503
39578,32880.8274683259480349713024461239427
39579,32881.1023957637067790299516539440530
39580,32882.2254937921208871367574578560937
39581,32882.4865990650129372461464484497455
39582,32883.1660029142111764774045888924899
39583,32884.2314723585282921209187525949081
39584,32884.6959849004924442053521866577479
39585,32885.2662562963198588707601297195645
39586,32886.2694458720649687642538265240088
39587,32887.5204798727526064083494894418416
39588,32888.0754517386713347603633863091092
39589,32888.7571383438871208962383011650057
39590,32889.1762323667011624751882152221224
39591,32889.8920631845974304464217412652809
39592,32890.8390079468427251565403506924577
39593,32891.6602938200484317711890750474371
39594,32892.2322445928472527175004316537095
39595,32892.9924385210645899964709851245974
39596,32893.6681548392055653604770927451323
39597,32894.0867940434278346114808995774301
39598,32894.9486097324055310916891353286897
39599,32895.7422231029022732121647911989630
39600,32897.0241810861106525771555680015294
39601,32897.4467971232556668477111963130597
39602,32898.3248628933232735751207133404695
39603,32899.0162404086669936823031337627499
39604,32899.7152407248041517847557700442523
39605,32900.3604765124807051156782009915534
39606,32900.9038941142334099300834900492643
39607,32901.4741951215666577897437881377151
39608,32902.1519803116818676085679660303031
39609,32903.3611628595599796087430963404495
39610,32904.1355779085588099333010852107978
39611,32904.6414840547189449544763042867904
39612,32905.2509440409718973402772155679773
39613,32906.4758341597154921224742987967366
39614,32907.1252505314907567082520184557818
39615,32907.4752519640908563104801274538129
39616,32908.5516803355285257871067443308429
39617,32909.1861990259851354888854842866237
39618,32909.9569061088332710620140661299995
39619,32910.4767684708282363111016455859960
39620,32911.3212378206404917685285766593067
39621,32912.0334403981387682702045904542208
39622,32912.2428044687164497907304140873782
39623,32913.2079104699034559514801874124719
39624,32914.4719489859832551796354349590150
39625,32915.2308323442653890989564854262090
39626,32916.1165916669674389761650089305464
39627,32916.6877671671638287956877269897683
39628,32917.1490069667614177764963665631580
39629,32917.6438933856386036859733610374494
39630,32918.5817459484545398672536252021418
39631,32919.4407440868072702119576352719090
39632,32920.1037084154062376721728962673319
39633,32920.8560168759124856528125638160265
39634,32921.1930542870808397963192838124428
39635,32922.3866528406082147000016467431565
39636,32923.0655626919279320173829345853028
39637,32923.8374131680623317865671374743990
39638,32924.6025680196924277455831154774707
39639,32925.1101166045433044537802502952835
39640,32926.4048988349935843414971522310215
39641,32927.0426069923864537860570015762094
39642,32927.4604007673764106906778989354777
39643,32928.0159466710209636097167789543738
39644,32928.8929018461100884685514336797833
39645,32929.3711658608691632487080871756076
39646,32930.0839160414973438694422582339696
39647,32930.9949245306431795395846605063457
39648,32931.8378493290200712303845461346487
39649,32932.9884949923854060101895911159827
39650,32933.4520103740393423563699237984719
39651,32934.0674401038391314918900030285478
39652,32935.0131799754715821001364336798066
39653,32935.5175144174228876895210158362707
39654,32936.3982127198081008221363748033555
39655,32936.5304284471738679343120837464452
39656,32937.8795130645307914153168352095020
39657,32938.6845467598415758982601954747803
39658,32938.9642926599352400693138607395184
39659,32939.9674590003051585841790493573666
39660,32940.1979736538957634120453177317738
39661,32941.1546882837404905486321142284862
39662,32942.4371997490447213055146754350417
39663,32943.3388731820617304375025659454469
39664,32943.5808750550907147097936348672433
39665,32944.5382002086492995548884890357135
39666,32944.9171726112417573378556036377070
39667,32946.1158845319464821017001981182657
39668,32946.4568555155918870996631348874331
39669,32946.8138705842525033425920959333560
39670,32947.7320901752381687095986608305473
39671,32948.8700957428478955677183576180807
39672,32949.1204151952068434724222920081662
39673,32950.4421163407390493605952710473093
39674,32951.2024020102022376200491721938005
39675,32951.7708940818672029886810848659138
39676,32952.2468372601058111860358358333066
39677,32953.2316816282491149112739632845618
39678,32953.7821031570636667973463660820153
39679,32954.8876803565505317314296804296139
39680,32955.4953017271562869373939336663180
39681,32955.9780642650030911602304395060760
39682,32956.5817273463008994038670337696638
39683,32957.2177278256509926348926364906672
39684,32958.2155659391485814363073289970840
39685,32958.8835596579750793539431558364134
39686,32959.5631522118339502132074725293143
39687,32960.8563507979611331059238972575346
39688,32961.4616456858180734929027757563141
39689,32962.3259778124746771522938366486092
39690,32962.6782121466095911503706497249022
39691,32963.2624392380872036682813377409404
39692,32963.9235350504313760177014231537341
39693,32964.7265970249495202778987835133662
39694,32965.5215731915261310420979689271048
39695,32966.4759470704995196438252975676055
39696,32966.8870559993262188468266118402693
39697,32967.6764517893419568362601124653067
39698,32968.5540370147813264496601364738799
39699,32969.3530195063420387702636220505150
39700,32970.1632152704312543841426429696270
39701,32970.6981238132964579525017198970222
39702,32971.9085644053737043753410588876069
39703,32972.0406394690921984028113919938687
39704,32973.0739739690055984829199377712997
39705,32973.6509940016035265004180117313165
39706,32974.4954960609510795426989449159227
39707,32974.9183696274807339187202217394746
39708,32975.5983565297835547652314638145968
39709,32975.9817047105054836587116044217174
39710,32977.7411050320589830940100543222833
39711,32978.5331594603885909611024193421468
39712,32978.7255088716995455611051118181874
39713,32979.7086240125760479632664711176838
39714,32980.3123249922022997800400767339720
39715,32981.0141263843294110745632701279736
39716,32981.6560681209133870545791139334664
39717,32982.5909890950637611891010871854638
39718,32983.0128434888037544934544550369347
39719,32983.7864876471408160984307763808628
39720,32984.9534802305673461248852060271323
39721,32985.2188086019953497635046603459292
39722,32985.7596393284779500761419655449996
39723,32987.1066764149816122137928117192024
39724,32987.4080285648741393403889880077827
39725,32988.6991860684688454557820358128916
39726,32989.1220533252583446349036609139417
39727,32990.2633224928605377562582519742908
39728,32990.7295419308975415706133858960618
39729,32991.0123974203693672876649021536505
39730,32991.8160655083605315708743187434099
39731,32992.4912635960327893731122736682958
39732,32993.5138282619401956527728732340693
39733,32993.8531288526713857819047981321745
39734,32995.0643517260380697015751379531893
39735,32995.5629106112424982814988911337246
39736,32996.6657550198870509934889803526267
39737,32997.5984794190623536284516689788645
39738,32997.9295482456832889951231172614675
39739,32998.4041480091071531347140729254032
39740,32999.1228745924607975482583518737231
39741,33000.3209104747682620571046893750536
39742,33000.9288912725686179803556151620269
39743,33001.6403035370679948194041608807786
39744,33002.0932868904719118979294056969561
39745,33002.7622363606546151677269316161913
39746,33003.4692250322601727864520169973668
39747,33004.3264050559012035701404177368517
39748,33005.2759522531478112656164944894623
39749,33006.3550490030673320527090500808287
39750,33006.9688394402432482087401468414506
39751,33007.4016727217371185688993697093668
39752,33008.2276714622304837580956067366608
39753,33009.0702256689556828011993994786448
39754,33009.3873153069824570067693345732917
39755,33010.2408384676513126912862760242651
39756,33010.7979806117084010311454941583812
39757,33011.6174633405189963812087557824799
39758,33012.6354656615966071863771476377217
39759,33013.3246200503104047728789640418435
39760,33014.1688364080032781489518639114599
39761,33014.7806869311999973471977024344490
39762,33015.2443939465966877405853650478508
39763,33016.5546437155883683488069966685292
39764,33017.1139313592813686547300256240871
39765,33017.7477865497865484373898715190680
39766,33018.3297497759937574522658245298803
39767,33019.2758973785573541070716682938152
39768,33019.7526775658467123206801356107039
39769,33020.5117060858498066001930930640739
39770,33021.0573246642507815460297850641421
39771,33021.7584181373660829785696069685241
39772,33022.7296909360008924741478117616829
39773,33024.0206681691570703377043390653093
39774,33024.5884023983917068980631313791587
39775,33025.2003529185096229759342202285681
39776,33025.6577944544291370215004365023967
39777,33026.6232538878830483023489947236196
39778,33027.1098409389527211624799092488864
39779,33027.5428118075856715363026891053605
39780,33028.8972696730272335273413100677612
39781,33029.4952867218003036237690840203875
39782,33030.1047202627804090256768588908990
39783,33030.4354871625682509217461776889420
39784,33031.5599476349879654929042779836779
39785,33032.6158195034632342008934766128057
39786,33033.0792911048099079982910524146370
39787,33033.8786139383335471620091338130630
39788,33034.5728240702450278178203953685679
39789,33035.6608957015418693803013194877118
39790,33036.1363653251862079145930229388014
39791,33036.7916262885649854252813217257840
39792,33037.5006605460610935600563465213171
39793,33037.7411729869486832406532719228524
39794,33038.6214175215804886436299724314761
39795,33039.5731238830401808136040743991573
39796,33040.4561397036963829435319917282923
39797,33041.2625375463028319264272478126533
39798,33042.1702240887181924518295554844337
39799,33042.8336850213064630269893916771295
39800,33043.2546059100983572530620632312114
39801,33044.2408702944838120156671120833984
39802,33044.6742482843617834639500365288189
39803,33045.5529693380049716364408082395503
39804,33046.3573010499816996055232846166056
39805,33046.9329797488517636785172972446622
39806,33047.6035517177799878478694502759751
39807,33048.7184063054396420098062615512151
39808,33048.9552674779795506174363630242536
39809,33049.4565046021466515313885358519061
39810,33050.7941805094230692348435179189913
39811,33051.7146674893277487829896191823162
39812,33052.5548607883527730677742416263430
39813,33053.1147698625664922106837767345952
39814,33053.6246593130611141600755430030234
39815,33054.0697729211126363007098826178255
39816,33055.1474035507518640408389122426394
39817,33055.7853103088024418140222325002922
39818,33056.3322430289706760689468959371901
39819,33056.9335391206027392601241405156692
39820,33057.9940527468151297041101146692012
39821,33058.8385422054804793459247889395615
39822,33059.7928208861048034199616640486863
39823,33060.1394072816540232802946613976095
39824,33061.2156291688232699162884993365838
39825,33061.6053691804992207097869086966343
39826,33062.2139755236848609153820156481370
39827,33063.5670306573281375971561358456866
39828,33063.9050065864220711912733526285596
39829,33064.6005907578445389059129497199904
39830,33065.4166318554239529816048544835382
39831,33065.6544737206646865975371236179085
39832,33066.6954831502269766449866480402186
39833,33067.0889524341829820001658378376949
39834,33068.6722648742648160041939784005006
39835,33069.1285775490093396824714118196447
39836,33069.7748411067421662282688767785763
39837,33070.8344513393348527598467297704001
39838,33071.5510063215476752988502651609282
39839,33071.7962074196666184737086243101955
39840,33072.7591386318838747301239198598512
39841,33072.8928076458081022193226968212200
39842,33074.0354122767435418509122064788284
39843,33075.1031880945903802860874578664759
39844,33075.4871531034970615043696361718680
39845,33076.2896252341618639717701513481033
39846,33076.8867336872313345014263172311512
39847,33077.9063861327161848138725791133673
39848,33078.7328372688379369575621851963096
39849,33079.2447689947233086477646016741800
39850,33080.2928316515087203046336837310127
39851,33080.8253888004453311902054258150587
39852,33081.6073108174497623844525316673504
39853,33082.1898445830749209381945059343114
39854,33082.9155879592225067818232304317677
39855,33083.4831452191950413995104984354595
39856,33084.2374845577446555451289771605293
39857,33084.8382115313470771285984263963548
39858,33085.5795194577917769012242304997963
39859,33087.2175166998973354892785442453548
39860,33087.5849607827016028195602231409575
39861,33088.2668820670808450969808111892582
39862,33088.7759914976908690708547219867212
39863,33089.3651216305296615045753153485837
39864,33090.2844090217278835523179139379839
39865,33091.2285756493776864068251512112270
39866,33091.5513625975274652319254025167369
39867,33092.4800619770048070040487383542602
39868,33093.2464904482424274929585347269844
39869,33093.5673902964844547059119490500671
39870,33094.7073080165629859219512308737224
39871,33095.5154139040339946972525859854126
39872,33095.8405511802987517711952468966377
39873,33097.0774250243111470148424951193384
39874,33098.1120558835570330185952324192031
39875,33098.4134799249409659618760849990134
39876,33099.0769994202295122661578556317972
39877,33100.0729745956894365348787079144728
39878,33100.4131794459768468590808094341663
39879,33100.9199208013554073343763549156037
39880,33101.6884897905535794983802372597391
39881,33102.6867070318532995235835804290896
39882,33103.4935250803082692466841055636376
39883,33104.2502715501256120946958266872586
39884,33105.0152564070100495809118246230695
39885,33105.8807485656620844257636481782806
39886,33106.5731948172717869564454832841727
39887,33107.2558769189385095074303336278036
39888,33107.7451072836610168180478521302846
39889,33108.6002005189895419293618371765106
39890,33109.2514008641118211226117501516712
39891,33110.4599869293791509159267815492950
39892,33110.9104874885374296925043144333646
39893,33111.1422099430277444459267272050791
39894,33111.9009044300100257022910075397153
39895,33112.7376611209698990199912791803214
39896,33113.8236936122236294304536859081401
39897,33114.8207201744167015478101815190191
39898,33115.6112535713159577593669592851490
39899,33115.8597510844352261724451426425609
39900,33116.9344374212937979359109981831800
39901,33117.4130705141164481148746403018905
39902,33117.9382352026258711956138141751138
39903,33118.8336488881259900618011574643852
39904,33119.4263565532664593610981336315217
39905,33120.1806458318612043465736668516984
39906,33120.9797658451753273785339620329046
39907,33121.7908065109907274566179970828038
39908,33122.6814236011023512511842368851296
39909,33123.3995664202557702078597843628389
39910,33124.1442661585110655266978433080332
39911,33124.4565172875438204714059527478482
39912,33125.6427620066989551715788743801020
39913,33126.5945387229691093183778920535207
39914,33127.1671404826383811259061551745632
39915,33127.5005852330706570690803736072880
39916,33128.0773209641048180314632289935093
39917,33129.1766292746939405642674715093729
39918,33129.7164659000102327661959591065711
39919,33130.2730144380770282997737979822001
39920,33131.1074430328947166786639190278040
39921,33132.4682982153899850909560966232254
39922,33132.9831467084564622948792526319776
39923,33133.8880485933576236649952395207917
39924,33134.3641519864616053416950231639353
39925,33135.0586157848872098695507622028231
39926,33135.4507681622637400869484455537584
39927,33136.3425840812809397058502970804582
39928,33137.2863406154826997097920281488039
39929,33137.8616236699683666895853259275414
39930,33138.6623934101658208085449783647613
39931,33139.3891262546378210518545999775506
39932,33139.9282383795947604609279153331164
39933,33140.6016213486673689451019910753883
39934,33141.9592692595409960727912936944642
39935,33142.4675327603992784433844303950008
39936,33143.1620158131070811876860813997194
39937,33143.8719039428026963116706616181383
39938,33144.7041581076879248318778625794903
39939,33145.4294521478725765169117233769149
39940,33145.9300850529908281054276406715391
39941,33146.5941306616981542853125164532403
39942,33147.2963549282035566737880167969176
39943,33147.5380356329722867728156504894477
39944,33149.1701376103334942296242984370001
39945,33149.7456322563730947852214765081935
39946,33150.7463179221924971979258200772761
39947,33151.1152658491381591268991709404108
39948,33151.9192210115619239206358169267387
39949,33152.7046553292164625939755547941388
39950,33153.4660633916826933888489568879525
39951,33153.7443425521710948699976262377150
39952,33155.1707306922481882388266546750801
39953,33155.3641151984515993697248276938118
39954,33156.1339414566562410701869079159591
39955,33156.9498309051232342475351551201956
39956,33157.5046255437725794162051791834009
39957,33158.3243804360795182677861638309982
39958,33159.1124212780537440493611956224323
39959,33159.9889119151654304804387361258596
39960,33161.1171830846587266172429544145063
39961,33161.7762974732250800290267543162875
39962,33162.1693184484886868600964375280862
39963,33162.8476419335210445523263529003499
39964,33163.3210532998024274748373723173188
39965,33164.3348308059549382190637451449209
39966,33164.6946956372737708803692997906730
39967,33166.1139252337327606232591149442073
39968,33166.1994552277032933753512393058321
39969,33166.9563099952237391103660402543407
39970,33168.2921503057634819209661162322400
39971,33169.1401634185909607261617196639886
39972,33169.3644325361178811837016328644396
39973,33170.0315689249353421986091528646941
39974,33171.0604705909771442926276894412855
39975,33171.6880497479318384354239391831917
39976,33172.5199080606185105350441227069566
39977,33173.4442689357734482384700579127039
39978,33173.5738875362597178209588415867101
39979,33174.5238541536134491928383099785325
39980,33175.0088003265996875121255755459347
39981,33175.6324774680722858057431325534188
39982,33176.8067849570071358072893637966654
39983,33177.8090280392461341197460388464361
39984,33178.5958294106111412276615387583117
39985,33179.3652943615339520404536215177616
39986,33179.4015754962379284698056156657580
39987,33180.6532703061211389632824791514889
39988,33181.3099011673392075973044152547484
39989,33181.8157229424850080940806336754164
39990,33182.2004777801069553237450283101819
39991,33183.3083401784563898752133125536564
39992,33184.3097847518656667317399425970493
39993,33184.8100311371839427483219246522859
39994,33185.4191339870388336465915415610615
39995,33186.2889533256772314602484610315001
39996,33187.0344624583211964775008789188325
39997,33187.9188865872495325134589684900326
39998,33188.7974377806314237089359916590706
39999,33189.3985087283568015644764221246135
40000,33190.0121450551110989444811726001421
40001,33190.8049670598142716246117751176876
