n,gamma
10001,9878.6547723856922881889374071462806
10002,9879.0367333965687307100358186647545
10003,9879.8844905968000893612007420245718
10004,9881.1023608653537870149695201097516
10005,9882.1922159663332571635235105850089
10006,9882.8319608450388682638674951629025
10007,9883.6480494375128205371515302951690
10008,9884.8209805002718868013905790630218
10009,9885.4172357860227646394314984336374
10010,9885.8312090036904435508916072248589
10011,9886.9277107358406537623102081124067
10012,9887.4956187367711831489941327045399
10013,9888.3615578932027440678997692867574
10014,9890.1235083974776363487165496604089
10015,9890.4575239428004682978134187832718
10016,9891.6286252082844650387969975846115
10017,9892.0177846604998094723616993726426
10018,9892.8829515962444084510592815928253
10019,9893.9641404441503321490262473894862
10020,9894.7731483187468826511581324520355
10021,9895.5973600993072392311912696302024
10022,9896.0233388001582232973254874356119
10023,9897.2874390893475250381521972351895
10024,9898.1829597458873295651876973382225
10025,9898.4054557950659041013057523873231
10026,9900.1252868175583794163254180407904
10027,9901.0661400058951779717236780241589
10028,9901.8259662366845526174994269935056
10029,9902.4144835380970230262618785776674
10030,9903.1566189687683202367844368557390
10031,9903.7914393954310314836955761971631
10032,9904.8927607322665886663042361179022
10033,9905.4932543812188213439417818413654
10034,9906.6648730624181684374729273317823
10035,9907.4343850376642456239215218516264
10036,9908.6021501166924856853558175562797
10037,9909.2720606136065068917472048522308
10038,9910.3494480258567594653211734879787
10039,9910.6814296517632716623337945471546
10040,9911.8319816655439820704340175590903
10041,9912.7384675299187043500124757834243
10042,9913.7387051393375989864554580842768
10043,9914.2114245748375618801905902122044
10044,9914.6535652321478447744418094940929
10045,9915.5961736341914874057631133211672
10046,9917.0679134235133226070734451168218
10047,9918.1384312556507744878746930051083
10048,9918.7059729059983634336694834810569
10049,9919.6258352471001964563021303821967
10050,9920.3766106975969555114088936557011
10051,9921.2435194273593602979201875240711
10052,9921.7155303566803720858084733124809
10053,9922.5540202056913731887651361288932
10054,9923.8799351386647441932441741380234
10055,9924.4330661536501119681763808106625
10056,9925.2730416474083171646263809096418
10057,9926.4130618085840944848862988219848
10058,9927.1514351497436536117382388666867
10059,9927.8643837111849446018962950686038
10060,9929.4429997534946719016225952068114
10061,9929.7614730665526121382935911006828
10062,9930.4262133788457504668708094610887
10063,9931.2560527431419551045664164247948
10064,9932.2691318446218144560331110369790
10065,9932.6509547582334510867761594209137
10066,9933.8264540843560656340742199976968
10067,9934.5271617849265056685882996083635
10068,9936.2972153196166367594575648953848
10069,9936.7998627638181649625027904968486
10070,9937.3750817770394031790621876842981
10071,9938.0902921996184679918877847349481
10072,9938.8842244509782915305529207636215
10073,9940.0576878463322323299745933946074
10074,9940.7958595986523159505261985857414
10075,9941.5004845142152174316789483579508
10076,9942.4871134715168674613339494767770
10077,9942.8969821249820775245586348452684
10078,9944.1959738104679825928548914018923
10079,9945.1654202466621511252173928654836
10080,9946.0888486121861659932308276274127
10081,9947.0646287454178494740848795458366
10082,9947.5911019865498395026154464453829
10083,9948.7420447378786449697254374703717
10084,9949.1029997431718024956250686524902
10085,9949.9909121111677549364628555849726
10086,9950.3988455319559399143873587521281
10087,9951.9073649287110932185108750590877
10088,9952.8543727435918357332580830757092
10089,9953.8667836031514659127512746797857
10090,9954.1825843687031152485649029813623
10091,9955.7240335890228891306171642846872
10092,9956.0683366906473465207952371657077
10093,9956.8101399226146276783927565075689
10094,9958.0079994546804558827260471699354
10095,9958.6496984491248995187749665635662
10096,9959.5129871886235562593120406753070
10097,9960.2953556280366712714847763241728
10098,9960.8565478433913893362672028904345
10099,9961.7708683042987110890048461123498
10100,9963.3269319907364226649687807341503
10101,9964.1552674246420875159168002706140
10102,9964.8384698041838788215639940377615
10103,9965.7260871731017347437746963296569
10104,9966.2082176779627772721637012300480
10105,9966.8663433845341691647154152652083
10106,9968.0624741337537483788385873624415
10107,9969.0333717909065543986206057118610
10108,9969.3106277819152281536399156474097
10109,9970.5708599350578288987494594621538
10110,9971.7900122012324842337049606339040
10111,9972.3963380911936770343868867924394
10112,9973.1158303645141887970177020236437
10113,9973.9880189036993369604606267835450
10114,9975.1851486297969374962041368131753
10115,9976.0764486381547100602904522113350
10116,9976.5562701674531579907645459133565
10117,9976.9566715112670715068352146135351
10118,9978.3327709058726262005488833343675
10119,9978.6251884985964418596890896872816
10120,9979.8898598331094596225987066154931
10121,9981.3290764193070915582585924661788
10122,9981.8310915648401460789922577373908
10123,9982.7328728152779593510076824559707
10124,9983.5530131380422511597805280638822
10125,9984.1527078304241068911545626537566
10126,9985.0676248953077592056513040894166
10127,9985.6254698443536367588833388031702
10128,9986.9811634992853190797604524416416
10129,9987.7024309277937642587827100013051
10130,9988.3131415336206538728119287057061
10131,9989.1332834815873527009886198758605
10132,9990.2303328836741079556481311592916
10133,9991.4458909776034637470562399101675
10134,9992.2531503203287631229501836968096
10135,9992.7351435056077679719390692190120
10136,9993.6669482847551253058036997348497
10137,9994.6200854726695122320594485877081
10138,9995.1906008512830250269198879459564
10139,9995.8772319609728632868061526944269
10140,9996.5569339621118690934944911959318
10141,9998.0948603349750323751056063150804
10142,9998.8503970896740490576317566258305
10143,10000.0653454145353147502287213889928
10144,10000.6518473237679051652519936027656
10145,10000.9181789556117257570213697629462
10146,10002.2791222728886154882113785932532
10147,10002.9803275122251253273894016685690
10148,10004.0470538281690426979856729696783
10149,10004.6794041660652330272536433445530
10150,10005.3103317276405654268957740534390
10151,10006.0527568746541575593133193220939
10152,10007.3728759723866854547804630977750
10153,10008.0342452428144199785262473546490
10154,10009.0992647234766631588223847087191
10155,10010.3962601978812851575738360238718
10156,10010.8591451582473968805847877460454
10157,10011.5516428824581079699892445371321
10158,10012.0983748600153726376032650707553
10159,10013.0330666851026614714928843275353
10160,10013.8368104905068608664433733200038
10161,10015.0553974139132309268904668763087
10162,10015.6109601522439855398154706480087
10163,10016.6555086606756456846114276040437
10164,10017.8286068546771195875125165436631
10165,10018.3807318777427104207177376827637
10166,10019.1211524657803903125318384569296
10167,10020.3312516061626168828241508550098
10168,10020.8104921832855049545030532604750
10169,10021.8831785422965042072212462363903
10170,10022.5919748397634735918339929765410
10171,10023.3276906183922168866923685875750
10172,10024.0667396399921327329785861931151
10173,10024.5380955417413586410432779502913
10174,10026.5333895400228704703307286056299
10175,10027.3348157088100358384318645963777
10176,10027.6934478747153393901380736698289
10177,10028.6124920245213568181427468582132
10178,10029.4312753348066231882501415856888
10179,10030.4069453622643454331967246271633
10180,10030.7479208925525179630995843386577
10181,10032.0139974285644635984924876023991
10182,10032.5443730200436765750655105378912
10183,10033.8987634987231173133835656727528
10184,10034.3622650172631393008520285876544
10185,10035.3550326245995795895661589502871
10186,10036.3571790577226054723921634203085
10187,10037.2010159114633684618391072063897
10188,10038.1853952825543616292949853526735
10189,10039.0911084439150074864148850267097
10190,10039.5869056092771071793201181138709
10191,10040.3236334842289259136807450352453
10192,10040.9216629035224459975827263441256
10193,10042.1655113921751441222002929656282
10194,10042.7408835313709767753694229263795
10195,10044.1060763467829035350308807703301
10196,10045.0278035347015698827779774699680
10197,10045.8577571603222490651442543527038
10198,10046.6966565815642988229209854272569
10199,10047.3170835025480902231704797436165
10200,10047.5924396019995710448715302419414
10201,10049.3913282782890284644071673065587
10202,10049.9263254623127878961607981251439
10203,10050.4863408849404798702722434476565
10204,10051.3490575942561322981129996111879
10205,10052.1635556700942265332481045217576
10206,10053.3271930072922384096305071048546
10207,10054.3548502983694322418981553809352
10208,10055.2031773004785303349920926354321
10209,10056.1439562798753372111367920144756
10210,10056.6172492753842080877774956050775
10211,10057.6030149087245295855935163247572
10212,10058.3291234193884711821863038100134
10213,10058.8119341920196306713134459957668
10214,10059.8447759597814642922614251497903
10215,10060.7753291797154287576354200394643
10216,10062.3095123537727674016824055344014
10217,10062.6561918689873046655721936216784
10218,10063.4792548287469928017697722897364
10219,10064.3110953583932410396195246828744
10220,10065.3254532336785902585686229301341
10221,10066.3453781878194493669940166455688
10222,10066.7134060513013249962646172748821
10223,10067.6360206173479551731571478186778
10224,10068.6989693524218947679333712154094
10225,10069.2535512397856668316887039443803
10226,10069.8326706787723132800630525568016
10227,10071.0996190674156100855882298808128
10228,10072.3557417830754910880483987014092
10229,10073.4792142530780051027668778707069
10230,10073.6486430705625522697957446759813
10231,10074.5896540159679172428614933421122
10232,10075.2918725284226773727745643101862
10233,10076.1129375750764739669630993457701
10234,10076.8351414309776920337607902461817
10235,10078.1105336613647181061212156781556
10236,10078.8374576019166898322323111105468
10237,10079.2438645013690364151251090110717
10238,10080.8601667245409679415583445778751
10239,10081.5499878343680340152885072242668
10240,10082.1717898278746356099796032945279
10241,10083.0068316505228259627277510584945
10242,10084.4145665266324229737721036775472
10243,10084.6927852274386349524317018417673
10244,10085.7650526993992994732794762933525
10245,10086.2990547191840731710661937727094
10246,10086.6884072002115449252213349955624
10247,10087.9851492526880698979319511755549
10248,10089.2714098182245122864148328994123
10249,10090.0589936324962169134618610643618
10250,10091.0299584347247559243253065661876
10251,10091.7991435515537203299618209498690
10252,10092.3387676108497748725323512768751
10253,10093.2205395520837694343315235933827
10254,10094.0851668566052929597604201725540
10255,10094.8520381212106660487841315844434
10256,10095.8713787962706988749973952549130
10257,10096.5935344306335831987696119723719
10258,10097.4354738812735235639003943610933
10259,10098.3490340043381245785764377880231
10260,10099.0693238654243344508912567264573
10261,10100.6921965230212276193997583406898
10262,10101.0573032144133273662458949370630
10263,10102.0521805781082238336806092825033
10264,10102.5062728764833296770568379216663
10265,10103.2796501051439068598011014230416
10266,10104.3999156742591052709370708791803
10267,10104.9890146221194425355109906387387
10268,10105.5460353390682784064387220787916
10269,10107.0480631476859964965200162232985
10270,10108.2781906509132446716451344807455
10271,10108.6495609332289243036968496121061
10272,10109.4779102960557641174232309222341
10273,10110.3415545270100489227093427341010
10274,10110.9891282819817445607843358560709
10275,10112.2042586324042178080798458025409
10276,10112.9408793968232563273135692599758
10277,10113.8490202956049138054837140824752
10278,10114.0141533314146845701491812787605
10279,10115.2774314987819796663592228294961
10280,10116.0124986788282150384954096564835
10281,10117.5514032037189070874353633040612
10282,10118.1752934081326664264719549423660
10283,10118.7905800368844330586264819717979
10284,10120.2587624753679640449274072714156
10285,10120.4739866507377398254792161473506
10286,10121.0756505177240747771782641919240
10287,10121.8118723884405129584731513837762
10288,10122.9380998108588304967799081840987
10289,10124.1036830345445857946954568469385
10290,10124.6182050045830439050470395953491
10291,10125.6855793052029309690177799852637
10292,10126.5965467283307314885118761008997
10293,10127.4471357799663349334632091472072
10294,10128.2812822257759144766654981844474
10295,10129.0283099298586573392692201655196
10296,10130.0457544099775490312321496201361
10297,10130.8498109229087661520028981000648
10298,10131.3354578251097399861735202127983
10299,10132.2999139953060467210418904675925
10300,10132.9971043057780593330985846081134
10301,10133.7420028628731441532162414398759
10302,10135.4060366921849084211461286341520
10303,10136.3029860371226538111836918294510
10304,10136.9619567443868156199949945565396
10305,10137.3477190680679142324842550145214
10306,10138.2580816648422347727354476904766
10307,10139.1785106219706002771037172482668
10308,10140.1717755465370031936208906892879
10309,10140.7499960611550738481930151333353
10310,10141.6251827934170616022622043357877
10311,10142.5573236981052891822175583455511
10312,10143.5538340665360871009090474211591
10313,10144.5591620337900589578242981260175
10314,10144.9218243893097588500454855159795
10315,10146.3755334322337108680960706486002
10316,10147.3609319542135646120825497834388
10317,10147.6070439875042177151451154872118
10318,10148.5590614781811119326610904976269
10319,10149.4521049975305997252896848154893
10320,10149.8341390021858933091830446169046
10321,10150.7601945666126725391280224901347
10322,10152.1794697177341524495739815089829
10323,10152.9419221522966258993687093186475
10324,10153.9657553214452762427507188701991
10325,10154.6806562114423282929526913981400
10326,10155.6445402635240846313443179573198
10327,10156.0612745178713326769825857996876
10328,10156.9980889000763659775816300164790
10329,10157.8214231238546299357222251998215
10330,10159.1017647921939530640500709213442
10331,10159.5513018885945565554979631241722
10332,10160.3456786784813975319370550473185
10333,10160.7441665517481212943865917892556
10334,10162.7284963348352014904805036824114
10335,10162.9526659409376512925034838943529
10336,10164.4970459036623031140788375552280
10337,10164.6827370744391793379149105542644
10338,10165.5906231485723999808375894708312
10339,10166.6152469688033460470115408161155
10340,10167.0129705145057646347995245615817
10341,10167.8426650676807929679915214434225
10342,10168.8387738779122418197450367731379
10343,10169.7392760196205728085555128944867
10344,10170.9928974833248219885546711251033
10345,10171.7535415164770870519303280061411
10346,10172.6022298971218799397535419987155
10347,10172.9903019011458908965541235686553
10348,10174.1292388169500071651622796566217
10349,10175.3674879294667982305296719446934
10350,10175.9131660565596439288157971674713
10351,10176.3270659172262465331883836280396
10352,10177.3029280062566663560312173484597
10353,10178.2687234583396457109427189231164
10354,10178.9349787308229561028668969523382
10355,10179.9473330140238463637779410581427
10356,10181.4037795635961302411411113376433
10357,10182.0155760319270457655869112069263
10358,10182.9354996749668714491163964915213
10359,10183.2709415328969037914529476733318
10360,10184.3701035693397675344455402733514
10361,10184.6642982153743896188984985125205
10362,10186.1111725213348588157109185880766
10363,10186.7972021139253472558482404364416
10364,10187.5044708418129239435551503565254
10365,10188.7541591147693625170489130024153
10366,10189.1802397886631619846546922287616
10367,10190.5432019846843822640601207471741
10368,10191.2227194727056185914129590351263
10369,10192.1016481857766433170484425710594
10370,10192.7325768148774322332707520154053
10371,10194.0230700673911103170098315350579
10372,10194.4334540499587899451732059692533
10373,10195.0982574330776341194594555108008
10374,10195.8564768766028188599163267485104
10375,10196.5830029537309254217665496111604
10376,10198.4067698806702144785759805426087
10377,10199.1055547267500736011669207207952
10378,10199.5827135090257137224001694587386
10379,10200.5298872775479367302541007110234
10380,10201.5150286741828642342646168869153
10381,10201.9778779829600949013000822137301
10382,10202.8531091838713677245268700484995
10383,10203.9142492724859195057664140011390
10384,10204.7231610446022271393867026304775
10385,10205.2833549155422635582483248741688
10386,10206.3629004573818157465046130152705
10387,10207.2250292411386873364254014156905
10388,10208.0603814197252188902218249799871
10389,10209.2686946822224561525531237191046
10390,10210.1094866911439604490132919576635
10391,10210.9988360233854678690502912369693
10392,10211.3831289873932228711329054919685
10393,10212.0187967853332205832599820468203
10394,10213.0432824921891711422175790143413
10395,10213.8856434213754124680617182352018
10396,10214.7819730085364080350391974801368
10397,10215.6573486768154270968799340707029
10398,10216.9314557240131667426798894481550
10399,10217.9476540644954592069287019881222
10400,10218.2830799100661535089592202622093
10401,10218.8107874175200052106950598691256
10402,10220.1264137790556000658724061682180
10403,10220.9687716562054102674167612856796
10404,10221.7513677914922989383079594015654
10405,10222.5664001813044621103728279745700
10406,10223.1090254305884144889942310730688
10407,10223.8782893710751328764577375017422
10408,10224.9898764941604436697582829221995
10409,10226.3558415841829688850399512452563
10410,10227.0557033664085822710149324989640
10411,10227.8029231636039602802433869252439
10412,10228.7019324581457525578817649035953
10413,10229.1618431426103756926976736225372
10414,10230.4592678969421499437685892162746
10415,10230.6577465357491486316286077953411
10416,10231.3862645564230130050726666725745
10417,10233.0814224749254500113289501601797
10418,10233.5371391601184713533711481907149
10419,10234.4314784432798009075993361180321
10420,10235.4370228628635115042266839471747
10421,10236.0974773383191527429061631397953
10422,10237.2415371387439949762272158900206
10423,10238.0296794561870608833587153343446
10424,10238.6681250892697789986055638241038
10425,10239.5404774044777703574409716468235
10426,10240.3278039366678016141223591670282
10427,10241.2141776554474298992584603498729
10428,10241.4918537541817295923794564015439
10429,10242.8323159957348677328803468723683
10430,10244.1730442047219166201278766870628
10431,10244.9133896165116231011766963988979
10432,10245.8347798678137892975996398886804
10433,10246.4331783556903531564596192870207
10434,10246.9333262873510978791231690631755
10435,10247.7744141087889926389444905175842
10436,10249.0655892933154562655474006464709
10437,10249.6902785422974513904905697020502
10438,10250.6577908689714043016216945455857
10439,10250.8946775785867653583043294191712
10440,10252.5287963897584824212843308836788
10441,10253.1874009056266132073535200556742
10442,10254.0429116968274477752837994741022
10443,10254.8898481434336270203475685855214
10444,10256.0760138328537845364888243863539
10445,10256.6991406471199171334140930017985
10446,10257.3868347391575487191203184524517
10447,10257.8946975420414223672174342020660
10448,10258.7479465441017604962080809974990
10449,10259.7333317333110287197366722030157
10450,10260.6638663232221287380556285085654
10451,10262.1550240005748686559942408946361
10452,10262.5852511159563160742172792095790
10453,10263.3063736730666576541048087358824
10454,10264.3177921045348728853763371378827
10455,10265.1589023332562672534165177194159
10456,10265.5925900140418589967069863072015
10457,10266.9380701924065706339067429166694
10458,10267.3614776420423125455876257074596
10459,10268.4333949711151145970318192655325
10460,10269.3416745213376569728255788217876
10461,10269.5943949843202824296101105600411
10462,10270.8536446602348218270219909600258
10463,10272.5323334104879657677382431489533
10464,10272.8962135681664004157540396478612
10465,10273.4616897081288896725369880559446
10466,10274.3959134415703667802188987422484
10467,10275.2610441628072567118173228152345
10468,10275.8823007625967928014479953721103
10469,10276.6034455031811762586821429012712
10470,10277.6805303693169930718456627714329
10471,10278.4138560846518150490065261377998
10472,10279.7927107044718936173584844975615
10473,10280.4606276090003953754904272129039
10474,10281.1943287030355298367449807878407
10475,10282.1653463101822705943560282351825
10476,10282.6141289089614733904122227742361
10477,10284.0161286494787104377593247859006
10478,10284.7760824424363653217088573983084
10479,10285.2480816346323446151910629368625
10480,10286.1391355847037992422113875651801
10481,10286.5652197190511955983956046826258
10482,10287.8387068744944253765360297299975
10483,10289.0309666163338673471248910013008
10484,10289.7040130724740734358441231526927
10485,10290.9552109979379310820165132475667
10486,10291.5506686523958306361718422123860
10487,10292.1925336901124515671579312869002
10488,10293.1023009581926992713498339870567
10489,10293.3403797457621508367347411326305
10490,10294.8008687632377794244143926883363
10491,10295.5553288383725069430619941226918
10492,10296.4927239849482836644027442596421
10493,10297.0227127340782789070742961528855
10494,10298.2655703103425617374984192429774
10495,10299.1552984269131796114380162521995
10496,10299.7869351045112521743590888357698
10497,10301.1078934081689362933296112321509
10498,10301.6596397608545973411382398129030
10499,10302.2074790118566868462956160599261
10500,10303.2171111865787324936918751973307
10501,10304.1776234986083298718043248897842
10502,10304.5292845980611978144640584489919
10503,10305.2040671032167988343857472043756
10504,10306.9377304375653534794292563909359
10505,10307.9532730572485900166615606071979
10506,10308.5061125245797231648628348975036
10507,10309.2710721449766679816909172663514
10508,10309.7146780907446121380802385533618
10509,10311.0496226831191902575257998945389
10510,10311.7000486192840293404442940715041
10511,10312.4845015049060691839252406369147
10512,10313.2697318742579630203457644791174
10513,10314.3285681847551968629447948689927
10514,10314.8147800214510872696144235234516
10515,10315.9320247076851751125283222866113
10516,10316.9185818072448529041350482454910
10517,10317.8403269252730102805167079593781
10518,10318.8601301310923897329990968421926
10519,10319.5329690802082790904462132264402
10520,10320.2885824381002883042406274377898
10521,10320.8718141514627855673750364635806
10522,10321.5304847729204897029398451056238
10523,10322.4907479731496218715751758478221
10524,10323.6040174661260730833342481864111
10525,10324.5940905140832003703742408642136
10526,10325.2223142360135479512944322839997
10527,10326.5971728486599325930803766308642
10528,10327.0603245581809124436711289738124
10529,10327.8642152683676151711470822587790
10530,10328.4944983785480331622474608580259
10531,10329.5734888122880943206584246525504
10532,10330.8182329126820173437893529549878
10533,10331.1436708193457165289856591025424
10534,10331.5908025854136784442631914183698
10535,10332.7757568559217085737114559562781
10536,10333.4667556085425162944674778530623
10537,10335.0837663972550033257535596158416
10538,10335.7805133540211642102192981232916
10539,10336.5099285119572525910804339617559
10540,10337.2075681837432992056769001008683
10541,10338.1454936709884247820464676815513
10542,10338.6126349992539578105245545367065
10543,10339.5973531718433000006106603164494
10544,10340.4491066293058605037194690683160
10545,10341.1804518826723868295215520775192
10546,10342.2944415781352408294262044981544
10547,10343.6120774232742981463732483388575
10548,10343.8190156912093787144847482788807
10549,10344.5794615562107610910109563480772
10550,10345.9693014018583586300162299070254
10551,10346.7751817693877545798688968006749
10552,10347.3740705143804011255785655581550
10553,10348.2723395599397335724824585842144
10554,10348.7849563413572553032178406222181
10555,10349.6777793368369309227387054911250
10556,10350.7705008550878742901282439253254
10557,10351.0485293027208482019534529993333
10558,10352.9100873294901337679437116098454
10559,10353.6066284625981164799949556315366
10560,10354.2968832532322723727075809000068
10561,10355.1793101384976641370212050858555
10562,10355.6850440703562986847056132692603
10563,10356.5469830442139968605749158821391
10564,10357.3096311804645996788148831292193
10565,10358.6847759433951382370836585373603
10566,10359.1278735238016775106539325481136
10567,10359.8284185069953468066082047877595
10568,10360.6879917727232341449353403256333
10569,10362.0221484018295602934793526278248
10570,10362.8130966144031052284982786229904
10571,10363.5690250541341986876376386923173
10572,10364.4677736882058524438956230244019
10573,10365.3109421110767639990223339087550
10574,10366.2941388638539006317103078153143
10575,10366.5607893934936560035072744222799
10576,10367.4057860624809989788455636961042
10577,10368.0508262839360058481804639878665
10578,10369.6164709991353657900244097125793
10579,10370.3963849424436013248159864710891
10580,10371.4021074480979975594318182091422
10581,10372.0079518655788592231560942319161
10582,10373.0500738342671685132907044548838
10583,10373.3397620869322345623524698233530
10584,10374.6342332146716947361398662000169
10585,10375.6033032096076801355657367632962
10586,10375.8089118915024177732231725763854
10587,10377.1200535655468013099672970459666
10588,10377.6869332567072819635482534157010
10589,10378.4991634340686450485445894823516
10590,10379.5282396853660930266736899377702
10591,10380.5671964663392705982709309147075
10592,10381.8563428737409653970615062286370
10593,10382.4654285388585722653679138715146
10594,10382.9447140371372271100927039884049
10595,10383.4199410416259710457983392946156
10596,10384.7558887541250435584014617172820
10597,10385.2526745348188475390706657309531
10598,10386.2735108289942856239129939621777
10599,10387.0046666529047108521098476790262
10600,10388.1975849429517094659131706543479
10601,10389.1897741443190685468610793347167
10602,10389.8390785970730668662699802066036
10603,10390.7146531253162072615534377993035
10604,10391.2454524406670050900903522726783
10605,10392.6742816570636047104712595088821
10606,10393.1823593577306879465336603067955
10607,10393.9371827661245634666674714197459
10608,10394.9040746875805490835487485739174
10609,10395.3081097754498781254703809290713
10610,10395.9948349707680236294649797037652
10611,10397.6970151729817898007497332806983
10612,10398.5475129552470368154263328517083
10613,10399.3882723773271182015893711017864
10614,10399.8228381293659087221043366525668
10615,10401.2556660487006800222922751794813
10616,10401.4530584591210148929924274046576
10617,10402.1998985973968926763901574288865
10618,10403.0178854992583457937311374014977
10619,10404.3927290790138916084610109253224
10620,10404.8797625843343011252261489643611
10621,10405.8510339872737770426129745287819
10622,10406.6122035250953217574444971753954
10623,10407.6208763039384456963351619148633
10624,10408.6369011603103206511094979429458
10625,10409.4626829897415932038902823770942
10626,10410.2132278413357595346808568334657
10627,10411.1590079549555012600399500646043
10628,10411.6082523188475288277424314574139
10629,10412.5110732865165801692887231935337
10630,10413.1814606301973886517275335218738
10631,10414.1833918680147661580631839639175
10632,10414.9614334125959410852606799840427
10633,10416.6132805874975224364743827720395
10634,10417.3227578669095023650972416011920
10635,10417.6067376577607427960430854817960
10636,10418.6596571680208917850605806505650
10637,10419.1279409334614672380516398241745
10638,10420.3188118994842860623345001602255
10639,10421.4337665331485240810757409887029
10640,10421.8629776514757949750489414996418
10641,10422.4094336564495626398190724153996
10642,10423.5287385831138155996670800220143
10643,10424.7177619687774155136024332378423
10644,10425.1271825560413916178649849596964
10645,10426.5542127948265602213431238530843
10646,10427.3277969426609626817217212839245
10647,10428.0578942558156189251148355847556
10648,10428.8847835582039845945728257869132
10649,10429.5196156688088582915066523745767
10650,10430.1478320968442225601614409247506
10651,10430.9576439982068922920055544238670
10652,10431.9774944477992656118865088247452
10653,10433.2206625489109644578746471238750
10654,10433.9057954474770857540759227857465
10655,10434.8542080485487922127383194424147
10656,10435.5518980184857830425927102842223
10657,10436.5164685260802683013127751205002
10658,10437.3715295130327843781376931503222
10659,10437.8939281206496027493546783175762
10660,10438.9642631459164022078386863298513
10661,10439.9146536890560733699170827627251
10662,10440.5162162253899288530036319908468
10663,10441.1534355002406013425163886442950
10664,10441.7948161400026913111885720644731
10665,10443.5144830059256068158053618531396
10666,10444.5099204108213898572145044410726
10667,10444.8784753742391376040859152078620
10668,10445.9580332096622265203935550550159
10669,10446.4905234465272366630819185794184
10670,10447.1460609360392485795801822917876
10671,10448.3700340223696902023797320369218
10672,10448.6841085325906936376641730919679
10673,10449.9545353497303932553983809289651
10674,10450.6765169316736393563812728117501
10675,10451.5945224190112156422970400501723
10676,10452.8446526680409205487664836600047
10677,10453.5028546641285827393867022401673
10678,10453.7631148022158944762639636402224
10679,10455.3907373134749471844869717185188
10680,10456.1514829203509409357464697331545
10681,10456.8408503789651257161669222685485
10682,10457.2312154035263372568471541538216
10683,10458.0927979414391333404161627596615
10684,10459.1417842001095218627595439406852
10685,10459.7583723506705993089139006675494
10686,10461.3117933105303371961994888690923
10687,10461.8188176271812672429132741705594
10688,10463.2156868327778055362981563841460
10689,10463.5868430267110385479743273748338
10690,10464.1597573404578614446823140801151
10691,10465.0139912444848452352041489661629
10692,10465.9611994409047485481918809893065
10693,10466.9038635943294067532262157033367
10694,10467.6468642904787434796544036243254
10695,10468.7102198887413240766759568609085
10696,10469.0046144921246354385158388431790
10697,10470.2291300041473586985945752612627
10698,10471.2561312354708669534160178659304
10699,10472.4135970672992340072482799744600
10700,10472.8977095251945629585703284518285
10701,10473.6636167709081531180143202690094
10702,10474.5207442620284779936981741388900
10703,10475.4240745159384115704216560950264
10704,10476.0133513964665387262379327394435
10705,10476.5605691567661727103881752745507
10706,10477.5810478319200287914658693417212
10707,10479.1949519601628619672116082226257
10708,10479.8496581500696662302254070879786
10709,10480.4615974294628645753813967206023
10710,10481.2583846923269581804634836375003
10711,10482.1768188802891930805253572879480
10712,10483.0049039937891742011981153734970
10713,10483.7666639454121704895249248498635
10714,10484.9287523609772062614593091148928
10715,10485.2550872280384426950956229581995
10716,10486.1081309374147257729796231982546
10717,10487.0319645271354110632873514062603
10718,10487.9630824571477272685026110943647
10719,10489.0045710190507574123021657565181
10720,10490.0677565937944114895385192594991
10721,10491.0097903088583065816855348997902
10722,10491.4467723985316622215466757810156
10723,10492.4275042659703454665573958190823
10724,10492.8869088478578106886076039595764
10725,10493.4229483589500621824732233263743
10726,10495.1865347437970287638681342105586
10727,10495.4434959397068925708053609995271
10728,10496.2465561566572332889626100528489
10729,10497.6875933382012085556043304442215
10730,10498.3341054994585429242068463523475
10731,10499.2018114062213385833670329885221
10732,10499.8023114275464349214931701654841
10733,10500.8082625512489830820084769118630
10734,10501.8386027983692441552424902164599
10735,10502.4912734397982096519188824893344
10736,10503.2072883125677967122180049222150
10737,10503.8869558084986346432283023279779
10738,10504.5500819397547142837841269447691
10739,10505.6489397102295272433963728036244
10740,10507.1199707190620332480414957261303
10741,10507.9491388718215092986411775464252
10742,10508.5231382517108103403571803176081
10743,10509.0145179743334718854687560573770
10744,10510.2292116757514524124106627805341
10745,10510.8331799511565331264992305669093
10746,10511.5617113407420421237776352994653
10747,10512.4548235113442308714081042030633
10748,10513.3433445683167157879131330688109
10749,10514.4430238587569064783473269332466
10750,10515.0841804615099435182911299708217
10751,10515.8641736625366868843097220878915
10752,10516.9496117663429673800549091616189
10753,10517.9219544279788471504739559531598
10754,10518.8985604438140520789650996263513
10755,10519.4751149464150026017898190145275
10756,10519.9322095365395131224043040453397
10757,10521.1453210251304706812682672394430
10758,10521.6562919266154957887318097763445
10759,10522.3166412036574919630847524598297
10760,10523.5502032392768165926224900093282
10761,10524.7520336628518645752474346982816
10762,10525.4353919043320212717640719472862
10763,10526.5904931065197131669790480598710
10764,10527.0421150790581411865568161976000
10765,10527.6455094786553549230148096390498
10766,10528.4047736649526242744468775480852
10767,10529.9258195585730394897718196094342
10768,10530.2211766726488214749432203271380
10769,10531.4067983965872406465545107248581
10770,10531.5613988691129375648297812024754
10771,10532.5996586842297934534399969826809
10772,10534.0649332405554553545310922767747
10773,10534.7842630039486365580151987526937
10774,10535.4901705663059489033181709319496
10775,10536.6650847008528189387872817900035
10776,10537.3550663742678301456102434528565
10777,10537.9265031276873842800039330066599
10778,10538.5387115792710425289521308276742
10779,10539.5774333127127487270950246267460
10780,10540.0855010438874057362535260611355
10781,10541.5242555335691121172099674085931
10782,10542.2791671052444276892043520426809
10783,10543.4638245056338132832690280738722
10784,10543.7925066981734993966592958346451
10785,10544.8557377832889188138217071594731
10786,10545.5547477645652624860568555346136
10787,10546.8625868541529928704469400375526
10788,10547.1533705124956416145004048825407
10789,10548.0235049856971710320895011672109
10790,10548.9564571899687859427896618198323
10791,10549.7149291409262309938464260561854
10792,10550.4546739621238379890858442178669
10793,10551.1395972903869807230413946433356
10794,10553.1680034694701309638966289989156
10795,10553.3429836133539250871346783208765
10796,10554.3175281610508288408858738082808
10797,10554.8239802577279008449423361106242
10798,10555.6465985897830610899677460143370
10799,10556.5058827965034062753334415354019
10800,10557.3158876461529910841962712219697
10801,10558.2131434846020780737314695760525
10802,10559.1379734148365593342657303632607
10803,10559.7733228321211803836004432878755
10804,10561.1552352429318681829059555625279
10805,10561.7170512368616370498924057205985
10806,10562.4762430917087127525149249876169
10807,10563.7799791662714168722944882451789
10808,10564.0066926788513439924340716537895
10809,10565.5187092882858682236084762421684
10810,10565.9131825116871874002914402342605
10811,10566.5877721026859314480743826666987
10812,10567.0013200484179693075179490156537
10813,10568.2213882968714163747815874972936
10814,10569.4333777468555748056588187475914
10815,10570.4565900294403533633780892499129
10816,10571.1446179421556451603496469531378
10817,10571.9821779521637517988895562385632
10818,10572.8976646024525057054519108552585
10819,10573.4915519906295040375375329076787
10820,10574.0484930586212664352919890582068
10821,10575.1498807926246415330108179577624
10822,10576.2311192362313908226298439971906
10823,10577.0030255948059270642498504509609
10824,10577.2449540662375513784951031602531
10825,10578.7529762412640191003639257009637
10826,10579.2609688352893763700109110164914
10827,10580.5335371951699702345375378084958
10828,10581.6700542584010693475927145457982
10829,10582.0128891145677441986131222869437
10830,10582.8122085832011216703452931019175
10831,10583.6333120148860931900487960133052
10832,10584.2840158173549960529051315028537
10833,10585.4435949793407284007527845517612
10834,10585.6828456191797417398428348931401
10835,10586.9241538413734697370039713275695
10836,10588.3593214614809235683036362040020
10837,10589.0486756272602189657125944125611
10838,10589.7397786700542356521279289015023
10839,10590.1801349412752600941809991383558
10840,10591.2376312245803420129756040832773
10841,10592.4351705205148399474508150454065
10842,10593.0158606727578868315506951561942
10843,10593.6840517846997014944533228587859
10844,10594.4820736704689785976890757132090
10845,10595.4863253071821628708717279095124
10846,10595.9075107671955988726093607702432
10847,10597.4203763779044042339827871188719
10848,10598.2820715405694471483190207134342
10849,10599.1361706599491548348553358799521
10850,10600.0411484025408002988743347527321
10851,10600.6236431623594573178615868733219
10852,10601.4338957727027439301448042899578
10853,10601.9552959095016102704601279852559
10854,10602.8043899625793966014522807173283
10855,10603.9394753162755642715985494532806
10856,10605.0173447879052936644314955910805
10857,10605.5879579008879522746999301077213
10858,10606.3906101043757880069501783049782
10859,10607.7566018162971947163978279388378
10860,10608.3099204528989358514911390977761
10861,10608.8927957966612798044767826645765
10862,10610.0779475839643024734815799438363
10863,10610.8480823764866986726762475991431
10864,10611.5370915260120022419973646761859
10865,10612.3552339325098322747863083716642
10866,10613.0791581136415729264530910011024
10867,10613.4686422329055144571791142688817
10868,10615.2464877547909785534081523185803
10869,10616.1624215381798054468211521424263
10870,10616.9365553293556991810883620649618
10871,10617.6960351204523779821394706096252
10872,10618.2073992749267091410847555341320
10873,10619.0954531623874127823478072602430
10874,10619.8967749599595608460084415779846
10875,10621.0265449854497098423058611870228
10876,10621.5820604256604692815870749265629
10877,10622.2296057399692754275452843391672
10878,10623.6379181227780241746403653024102
10879,10624.1986445150318907761429474761640
10880,10625.2212557981378707663744277066337
10881,10625.8063877427157267285117415146486
10882,10627.2982799968853236652623783020740
10883,10628.0164744415452069388845934738488
10884,10628.2705943887367921475263693259548
10885,10629.3278552840771502663611749759550
10886,10629.8103193039255601435578045427967
10887,10630.8432716800860914833058699577197
10888,10631.6436946842446771733527268822426
10889,10632.6897473257713537839351810065674
10890,10633.9215496326235167483287801495639
10891,10634.7709758880953896487284886130918
10892,10635.1776342963506691807111864604273
10893,10636.1699282042356145353144434645640
10894,10637.0217519075621677246254640537101
10895,10637.4489127888277101649867087703879
10896,10638.7822629063608575690695841333051
10897,10639.6175641205773939106728828863810
10898,10640.2014434910052979490940756306042
10899,10640.7796267386500427806105347314399
10900,10641.7610705752509077340183267911949
10901,10643.0804471704757757220878236503689
10902,10644.1887629707069812319404715769330
10903,10644.6924213461374384070639715786445
10904,10645.3220538775721531800781225367137
10905,10646.3777254985143359332192483047275
10906,10647.2477344859812878489739511458552
10907,10647.6850956952771587306288416289459
10908,10648.1892252474091644189184179014297
10909,10649.6630155397634542813955121717854
10910,10650.4006979691455300012035012812182
10911,10651.6321325825574845978680871451281
10912,10652.2137943568947008458665684274025
10913,10653.1609117368672405775609399411362
10914,10653.6388813195714670328447012346526
10915,10654.9356685173429164225106105776384
10916,10655.5962827441764826704132299330540
10917,10656.4608108642887729877259946968053
10918,10657.3024348170689211099326555999637
10919,10657.5698133212281089345900174076231
10920,10658.8213471854119761237064942185473
10921,10659.5355567882553616748966575799401
10922,10660.5765334521141260651325753825038
10923,10661.8491385905029878663700314964556
10924,10662.6543558767391608111763485374949
10925,10663.4537010530675886315655359196310
10926,10663.9003886686037453173720241202362
10927,10664.4032376700712686618763727218609
10928,10665.6058491166277776225170859640918
10929,10666.5419958182544772123264363533380
10930,10667.2673278613099920435721107399123
10931,10668.1038738690789314740233598231869
10932,10668.9010334183609891070365168158042
10933,10670.2837411711923555260019070764903
10934,10670.6260737692708228164021437882389
10935,10671.7214326569864686941324518790125
10936,10672.5073354522015077781328914320796
10937,10673.5982144266843120234697199776864
10938,10674.0476588677243026827402223061041
10939,10674.9948522956441966496691161415162
10940,10675.5927102491298984494473937512669
10941,10676.4023421895453050596899987150312
10942,10676.9093716618128447661339344400071
10943,10679.0262511781406859675246258648044
10944,10679.3835322756745427555025307370289
10945,10679.9442940552938563800583290246167
10946,10681.1254032187086366871402944163654
10947,10681.7343028867649066765210739355728
10948,10682.4407869242045468300688462922147
10949,10683.5429399676293158943836811332904
10950,10683.9290315445529759263143871274399
10951,10685.1454818848778500949450180894356
10952,10686.0525516094370127390362184023309
10953,10686.4908215200312874704848837374915
10954,10687.4632349127390260229126302582062
10955,10688.5975025810788568900179689006842
10956,10689.7112521775820486295678902394139
10957,10690.3055133503192804373102886980016
10958,10691.2695883998986926563848090415169
10959,10692.0509864524945038295485309461646
10960,10692.2315158300587941920330691034655
10961,10693.4288735822593422817086574121137
10962,10694.1519965529498566325897910687266
10963,10695.0982173524103935163779809196276
10964,10696.0335777599011714972730935178493
10965,10697.1817076578529404563869682037264
10966,10698.1167659661512697864363726632998
10967,10698.8400500602508356039419343384589
10968,10699.2039544341900855849191516743362
10969,10700.1157508483364740114912608258794
10970,10701.4596473667853723040125142629868
10971,10702.1965191815055361356430423994669
10972,10702.6485590348449471700575875140382
10973,10703.4097205954650936218829203083986
10974,10704.1483214024223442823799890758479
10975,10705.4114357028727294854113263430582
10976,10706.2460419884264431169485890393132
10977,10707.5554504780719901827276343052764
10978,10708.0198723975308784336685946479218
10979,10708.9218626442970947545414156842647
10980,10709.5648454737814851138413381456201
10981,10710.5030639461079983032468298055379
10982,10710.8904805122131470156846717624878
10983,10711.8507347308847348764633509554142
10984,10713.0598482398212461000745839047716
10985,10713.7214625583441442785294700150103
10986,10714.8853831054383794301184735276715
10987,10715.5573454161150824145221527214841
10988,10716.1565737148892514421811163227276
10989,10717.6202080123269386675955418713542
10990,10718.0794217292926927647092814315622
10991,10719.0701393570506127596380747983074
10992,10719.4337176457258057626429308332596
10993,10720.8868183553818373210548649564208
10994,10721.1314316774010932909924545379552
10995,10721.8607505881557417062067543456142
10996,10722.7341069977454635384734665388347
10997,10724.1941821558747790288231095128989
10998,10725.3515930037088452015593960099482
10999,10725.9500458307874842149796126046882
11000,10726.2575582989577155258697791657968
11001,10727.3641263331673448312117485666552
11002,10728.1506116778171855659083998750930
11003,10728.6901129691043677927098612438277
11004,10730.1702029146742250048265978366521
11005,10730.4845277672749152528349891468379
11006,10731.3374545152318615827135648948209
11007,10732.2125417936897632344282055863663
11008,10733.5408949032518291268920168971867
11009,10734.0888023207843005139747814170215
11010,10734.9111323840721445377492762461818
11011,10736.0095358595122207323632051366727
11012,10737.0457226101977029881642249575072
11013,10737.4106976204202561822267326759892
11014,10738.1142451294488842765755287531647
11015,10738.8119835875757073275283622241545
11016,10739.5818524517785284663636510036859
11017,10740.9055833465339222066099429699949
11018,10741.7110314972131431137954593779044
11019,10742.7659951919513255136910599937163
11020,10743.5859078497551615245430997164112
11021,10744.3343154995201975816538674827188
11022,10745.1302739832788670041983070726890
11023,10745.5965296845682000571887953910760
11024,10746.8983624946650284850488671279702
11025,10747.6046576679780083130101832237079
11026,10748.2644896743301382123047047959350
11027,10749.2729534326539636641194971359921
11028,10749.9594581142017448098361707978801
11029,10750.5030264972865857414357424449921
11030,10752.1937149623922334764629650954164
11031,10752.9496961193749067892212515320054
11032,10753.8680455362045266421945095787580
11033,10754.3052100575018682814544541317009
11034,10755.0207768598175252852355198372011
11035,10756.0072339644902033313524376271272
11036,10756.7522019850447971177189709591358
11037,10757.5493866740466242167678878501806
11038,10758.0923684192912674034725689625896
11039,10759.7519416964617941663413145028083
11040,10760.3697466557920856149454485838644
11041,10761.1974760423772115450210101382190
11042,10761.9414250862084750444657327518332
11043,10762.7261828999465155764611151093889
11044,10763.7417573579605633745256405195680
11045,10764.6873114065775215882241765297981
11046,10765.3844110450674512421524936976801
11047,10765.9054471165118165126504769487602
11048,10766.8173534877905387726568668716501
11049,10767.5099704996759261324954408399228
11050,10768.4584777437959919091565187488811
11051,10770.0677582806506672168032622341639
11052,10770.3225225241102257033636857375688
11053,10771.5199535864292151340715241873818
11054,10772.3185393061363219438360523924972
11055,10773.0018805172226293697201920584872
11056,10773.3640913362036569652164658999189
11057,10774.2528266193187283936609318390676
11058,10775.5155120314272317917727599876561
11059,10776.5125197853431958302507353489006
11060,10776.7754462407437422922341418656701
11061,10777.7759380359759725436188045924563
11062,10779.1261453135628517091768464141771
11063,10779.6472498598062842323116961895761
11064,10780.5991263631723562229107824689078
11065,10781.6102996523106560102007029298868
11066,10782.1337581750766009855849280103115
11067,10783.1967603840191928565505797352809
11068,10783.9559627330214530411364906211783
11069,10784.1718774662047195305260145246409
11070,10785.3880033244849177524557336608846
11071,10785.9879025660354762097909257790811
11072,10787.5912618026106168601022328421576
11073,10788.5372292199560922478142814462126
11074,10789.1330688041411362872926024039537
11075,10789.6850257945566383791420774274538
11076,10790.3987448024525467267426468166649
11077,10791.7197999057117321104352286636318
11078,10792.2071021500458770163692736538841
11079,10792.9897189963932697719277656103511
11080,10794.0652877786787215453211877343548
11081,10794.5054809347435995988661191939639
11082,10795.7141432121313035250342833566376
11083,10796.4928953764149438770857034469773
11084,10797.1929519399824393110896981573679
11085,10798.7607677517157394303319617045425
11086,10799.4144213703777815659707104589125
11087,10799.7733246589664904816862587262792
11088,10800.7978940914318724594342341922231
11089,10801.4412514614064428576152319700573
11090,10802.1166765722400254212813936226112
11091,10802.9918018589103818708868151406981
11092,10804.0984838553876148815642319380025
11093,10805.0168279984316191631080548059143
11094,10805.9141055890008784177101650101864
11095,10806.9480257591099587240461385266431
11096,10807.5736080555512959489767421274305
11097,10808.3125251934464750938066607178409
11098,10809.0480274638777559582862675055453
11099,10810.0511009467083039264544946387980
11100,10811.0758543660800691939038269907761
11101,10811.7527765399852228063264478705671
11102,10812.3223518283892110483754012216323
11103,10812.7703831311339033647048081230019
11104,10814.1740286793870217668445282005000
11105,10815.6940807136605195809882133574823
11106,10815.9077365209423087482060363490164
11107,10816.9397448058427329129465602208654
11108,10817.8074424259966046919525498698457
11109,10818.4707035687725149745215786559961
11110,10819.1165887954170281579344751393416
11111,10819.8783778519005295478070952363320
11112,10820.8365110021494307218227809853839
11113,10821.7347316624653457213841529947363
11114,10822.6451128766695286323619704018876
11115,10823.8254118187871219119961764298872
11116,10824.1839608717046331470161135110355
11117,10825.3822667715283031362857688494454
11118,10825.8990518351574376276650372465073
11119,10827.3160560089785234183779982783869
11120,10827.8683951956558329715217826913340
11121,10828.6097844624651814594007497622706
11122,10828.9060808029772276079756426346496
11123,10830.3773233692440277492574338360711
11124,10830.8063176711943633216934376035999
11125,10831.5109143876173036003830616280541
11126,10833.0139379135676450906713539786197
11127,10834.2769004575767284348961663775795
11128,10834.5071015289308749427190016656086
11129,10835.4016652557192749677080305592628
11130,10836.1565204945361990633108327480783
11131,10836.6011081502771851624723741467803
11132,10837.9778897881671126512716438098362
11133,10838.7083638897243941625127410802630
11134,10839.3530926531312510093816787342345
11135,10840.2538963943769682597237968039776
11136,10841.1037029552411785984850257929488
11137,10841.9833414532342198260676755822813
11138,10843.2779222785279507456739289649436
11139,10843.8042515056591974131379201956086
11140,10844.6595524449890578516713529189021
11141,10845.7363925729588277972347360232258
11142,10846.2379400663973256041682281319985
11143,10847.1004626538112214380368582042243
11144,10847.8506630470715701860100057900502
11145,10848.0200717220524246769718342420551
11146,10849.7312879511456484190066773041831
11147,10850.7301410516080922724507976611300
11148,10851.5812982443293218617274376592946
11149,10852.1603166735935623819535088764266
11150,10853.1150251355543303011032514886779
11151,10854.0874287887728477015520364797579
11152,10854.4713534481128051902705619364596
11153,10855.5021413599118696909073358464932
11154,10856.5460849310091055695357310063237
11155,10857.0748324457751075104154272723195
11156,10858.0724609667561278014474042258413
11157,10858.4633516831982484749653716005988
11158,10859.7338053738258372889271790974309
11159,10860.6455060482767371453276635048733
11160,10861.9139596176449900439225229014467
11161,10862.7582540745825813231435682168096
11162,10863.0064092087335305359504401605710
11163,10863.8821586089542924610824002784420
11164,10864.6185352209255098958995716793789
11165,10865.5222871926081668068366472199471
11166,10866.3089044508553031996577412286654
11167,10867.5055280594959800700265021307309
11168,10867.7244199750007315937180020412310
11169,10869.5478268045169881182565141691340
11170,10870.1269257272933165285460767588961
11171,10870.5187486927404162447178350200186
11172,10871.3961539026412395539795547333446
11173,10872.7356755083798829457481553873791
11174,10873.3229372403059273110850083627971
11175,10874.1851607656392166052962028929250
11176,10874.7358902272246527289967295917074
11177,10875.5952774533219421511612926352875
11178,10876.1415372442517608003261159456303
11179,10877.3777488558636924319019664348517
11180,10878.5649398237083933894944980547458
11181,10879.5568572900500243505280716581653
11182,10880.0596816653696459911868340968664
11183,10880.9382042847361289141949801072776
11184,10881.6831882702180010210211834556654
11185,10882.5250512401693858202393729709733
11186,10882.9845407999325181190022379281626
11187,10883.9998190259399257458689830310612
11188,10885.2750316223440557869278867790461
11189,10885.8297265042541367339971516386686
11190,10886.4937629904626782344630105248315
11191,10887.5691891245893937281940830921950
11192,10888.5528205681576582921248572116575
11193,10889.5511632410249815569910413924711
11194,10890.2910390660528525221206716598619
11195,10890.8162660333979574975126044054871
11196,10892.0956042445893873129989985143206
11197,10892.3157818841280814161831184801330
11198,10893.3475094261590306282620843169230
11199,10893.9336874281509337316949166895383
11200,10894.7809874102480920095860164047753
11201,10896.5226082919333633416321812972372
11202,10896.9400139302955135383464192756225
11203,10897.9166433387826924375348198381027
11204,10898.8745621414677997833405395565349
11205,10898.9511571467425813092794211728492
11206,10900.0227719129294699380447755821623
11207,10901.2730824625998131601297303939799
11208,10902.1041187430473676401813468721470
11209,10902.3375863195698449884460719079983
11210,10903.3376277001683079695064624283412
11211,10904.3085725386399866065363041598424
11212,10905.3747166317698818427244932487638
11213,10906.0486732571703652410995543525065
11214,10907.2299140609396721162540331868010
11215,10907.9806964454638822179907043663571
11216,10909.0986424760206206282500071497521
11217,10909.4450444926974499835250948204118
11218,10909.8382296481369191393169159365759
11219,10910.8836218256000382429066590070131
11220,10911.9951145405809877421461770896876
11221,10912.5229656048462260674417909315963
11222,10913.9286140920327846822358057503301
11223,10914.6413613075593381189573627513406
11224,10915.4391412815566580883564436857155
11225,10916.4837910307774069500366533351395
11226,10916.8814619552783146828092356955148
11227,10918.0332108690977356009067766552006
11228,10918.6703357469135915638273216734516
11229,10919.6301427230298854756703563467243
11230,10920.4707434960592808116434207631340
11231,10921.0572069096719331473961554125368
11232,10921.8814611007858666564341671538751
11233,10922.4174719251220036403659294875835
11234,10924.4764314971392558884326257271275
11235,10924.7977571384427853848481886390054
11236,10925.8272393741835957449264272705330
11237,10926.0601089880123546566228876106387
11238,10927.2380510259375961239061543162104
11239,10928.0847979746836818155373576802626
11240,10928.4679515368864969790650905667303
11241,10929.5161938834057803088282322041045
11242,10930.4472083360402365373418525645948
11243,10931.3787026325409099635611530239970
11244,10932.2321174158915494669646418888311
11245,10933.3260941398836073303804078023357
11246,10933.7579232193225461806113068155861
11247,10934.7454432856987596787194586816587
11248,10935.9148276575812908280534861137184
11249,10936.5394700710197062246252932420605
11250,10937.3207042552833983195394629941962
11251,10937.9592262104284407163141289664207
11252,10938.6327094518071773100539211406761
11253,10939.3726966396780932671995914026155
11254,10940.7445849429785852721807028759530
11255,10941.4148463025313900485439327365650
11256,10942.6183902278388843018066008243140
11257,10943.6103970903259404735171709784624
11258,10944.1783248258013514316837610621229
11259,10944.5463509637111428988112835447096
11260,10945.6191287214352303018412556928266
11261,10946.2432650103613564115256964863182
11262,10947.7155118115305146412127832010332
11263,10948.0913764879007823838299708596417
11264,10948.7758871564857293091125005238806
11265,10949.6656484166677821888501896404781
11266,10950.8536996054004079571949236828190
11267,10951.6802870701372436873147906238037
11268,10952.5622895351622232634479940965212
11269,10953.7348883045480952534879199768301
11270,10954.0430122393300620883141944960154
11271,10954.8033976950936197924567357825399
11272,10955.9429048190435835489499507978202
11273,10956.4607730880609084238264134441591
11274,10956.8945670106033051488694499227374
11275,10958.0816167136601248204123657553996
11276,10959.4718126435211558563113377529925
11277,10960.3403560152706864317164084770374
11278,10961.0946773517328455544584092213420
11279,10961.3247591487276260854890668439373
11280,10962.7227755748800070122706585354626
11281,10963.3081887292998067698951741135965
11282,10964.3966505724793242121457429490255
11283,10964.8634911845630378601118226185796
11284,10965.7768144195400204230368005094962
11285,10966.6940372868705350471596495015162
11286,10967.3908851219837128267198029600799
11287,10968.0412080761015625395997260384818
11288,10969.5333365586493601173230090022174
11289,10970.4211641618603970672601254304179
11290,10971.1417380638370127619421744457751
11291,10972.0987504376638924427619120165952
11292,10972.4729637336922001332189043997019
11293,10973.3040730984753142464109739109642
11294,10973.9254925443452529753979957441014
11295,10975.1019929715628693831787118642848
11296,10976.0424921463981976250469093531207
11297,10976.5967086995503718714251547329157
11298,10977.7978364613026007661887873052663
11299,10978.6635231612894991308432421421292
11300,10979.6082782457955726117078806539257
11301,10980.2365069299395068877149264623965
11302,10980.7295104762086256763704009067992
11303,10982.3589430216093762439941035513409
11304,10982.7963439129616086828044709054178
11305,10983.4230773672781222385995062446297
11306,10984.0541620099755123657385335193932
11307,10984.9153292857789244814065681357986
11308,10985.8219563662155086075519649737322
11309,10987.3041813809848269282807304982347
11310,10988.1782141836907126724421830078077
11311,10988.5781949084384972629639519759298
11312,10989.7075979300963181969398022778274
11313,10990.2708024187476069057912375257064
11314,10990.9329649822200126972298279294713
11315,10991.8682918979189135362952611270804
11316,10992.7797729675867395583250268860813
11317,10993.4434793654563048156562306670407
11318,10994.5393297457366546549819033480342
11319,10995.3456694219426081254648803572069
11320,10996.2433168118635823084407310678486
11321,10996.7869544020861979931079920247918
11322,10998.2759849036463658057257610387052
11323,10999.0320827974749158434779929237511
11324,10999.5808655002438463996927249408817
11325,11000.3038522963932965735783225284506
11326,11001.0888421166422841251010939748664
11327,11001.9643728201917034875383670064999
11328,11002.7305147219728543687436274807779
11329,11003.2835437269953936146981978015830
11330,11004.7802305021624902353485417372893
11331,11005.8991150682372515202831243142674
11332,11006.4620897974358011874425080785841
11333,11007.1629785682926458127466440146134
11334,11007.9235591702464316681467151761701
11335,11008.5922151592645600476934753548477
11336,11009.8096455940008259778756313481597
11337,11010.3519687639353421868111493039534
11338,11011.6381639103943076570581816440960
11339,11011.9168026426776320273394139802093
11340,11012.3953357330457507700586515949255
11341,11014.0681298920382699202388837886546
11342,11014.7585078914847712780891628177214
11343,11015.7730424343684201545722498217771
11344,11016.5294053521397555215459471145918
11345,11017.4006159111962652307876725390667
11346,11018.2290363385625625101652854436363
11347,11018.8318101578998236070937107841374
11348,11019.3455912311134990058827536248655
11349,11020.1364056663230436669971245795058
11350,11021.5114886916976421276852413631932
11351,11022.4442030914547241716535700779574
11352,11022.9614237921123474965777638161058
11353,11024.3416966404882248761197174951644
11354,11024.8098376080763524404637658882045
11355,11025.4944724792896355468356807993346
11356,11026.6395427018933533861654493830870
11357,11027.4321556049881442212797530734103
11358,11028.0246009491249895251879673340966
11359,11029.0521357254000757925480119901468
11360,11029.6378019463848681202613909598357
11361,11030.4416430182149425848035306010403
11362,11031.1687295216903138168241953765237
11363,11032.4080264317827095967395472431821
11364,11033.8087688237012558331718576031316
11365,11034.4005833712191322752772059608234
11366,11034.7954450452247553517084705101480
11367,11035.6805818191986763857496449393109
11368,11036.2684344938877307334935351757878
11369,11037.5263042222897221509298209233227
11370,11038.0512730920123796359003230765605
11371,11038.9184920693553555425238306485711
11372,11039.7592746881112442884075742723491
11373,11040.9455690231570165827339718221994
11374,11041.7307982099012871899692827743748
11375,11042.4211306228992841827090756575609
11376,11043.2997928324081539618128053689126
11377,11044.3264985357277747870267589437310
11378,11045.2200764550455964292312263933839
11379,11045.8525343779787883019371714720947
11380,11046.6335281467050162795985334369586
11381,11047.1263336892331815850792575128565
11382,11048.0593858111859158940753950315780
11383,11048.8093443923271320600935196009287
11384,11050.4162996071991332313296863330474
11385,11051.0987805005898520311487310675676
11386,11051.7162477625060647707403263609303
11387,11052.7541878434130788314304702631608
11388,11053.5583886708274294837945109627457
11389,11054.2501631960720874695516964262751
11390,11054.4749738117436994482782630127163
11391,11056.1353722524199589200747243915092
11392,11056.7515232446467845565757496140727
11393,11057.4028826645793901881769044921330
11394,11058.3551266454371907355227888600426
11395,11058.9155232058971182186731126248509
11396,11060.3898203307505943531364228369999
11397,11061.2654308124697638374752794247822
11398,11061.8376181085843252729922926029882
11399,11062.8975344981538510760204764611290
11400,11063.4183893560957985069802594580476
11401,11064.3341093492175951403493905943196
11402,11064.7907729572431846957933667897738
11403,11065.8407784853091901938936959602424
11404,11066.5195853865243371827617402141383
11405,11067.6043452772120945788234937864851
11406,11069.0569941070888366851256357784648
11407,11069.5269770312804000907127707809086
11408,11070.1951132802758723337054005690014
11409,11070.8900204092268170740804108229468
11410,11071.8179596546329596667146531708596
11411,11072.9606982236634504874389217683252
11412,11073.7526316418439697731354541913051
11413,11074.1520302054973407316415753063198
11414,11074.8682400104295697640510569530948
11415,11076.1641944310451574096121818314593
11416,11076.5595264697099493437429598277676
11417,11077.8469246627806749075604845437872
11418,11078.7888835033284984273506341428835
11419,11080.0673317730617184845828229925215
11420,11080.2848627624241284016695631590866
11421,11081.0851419835661442699308705984289
11422,11081.8124520409234812221969600166953
11423,11082.7590169085945464448524427168280
11424,11083.1408430774752369369954504334503
11425,11084.7296784089465542451448009986827
11426,11085.1144843361126397413837453784096
11427,11086.2458439571849481481488244878414
11428,11086.9940814893089001740909498410712
11429,11088.1404008108112897699524617272007
11430,11088.6175265147348601460844650189428
11431,11089.7364646345297580587077083785183
11432,11090.3389920951719934489771761433466
11433,11091.1898713974064625511044407017916
11434,11092.2562110862481896314158879322695
11435,11092.8665003650642565694977784521372
11436,11093.2270836306631395760473661545567
11437,11094.0012381558052068074191398037361
11438,11095.8593261055655485452333511107649
11439,11096.4737348600628057184544283654682
11440,11097.3311884628888811841613692785407
11441,11098.1409797494410554778611031705578
11442,11098.5751380319038824249541274086696
11443,11099.7010825820628527669935939087336
11444,11100.2637934003778388048260899268874
11445,11101.1638874381117780141945965072469
11446,11102.0901269776857210300007343638823
11447,11102.9789431491204948628166930452877
11448,11103.5362495659473792940712235175310
11449,11104.8794399384240994521821583300182
11450,11105.5138829940520167429746304294027
11451,11106.2043837014192575764755172383129
11452,11107.5779889730777487614920637438415
11453,11108.3639300117871566164688626381366
11454,11108.8785948988245407044185470377581
11455,11109.4534006700338073714348186830449
11456,11110.2606366480855092367290865436097
11457,11111.1680569069034824213031072349383
11458,11112.0873006050840553145580426743714
11459,11112.8774864632645793543719840818023
11460,11114.2579688383345241024125266837881
11461,11114.9556679857072848256473250623268
11462,11115.9022716853365545430299375121723
11463,11116.3848437990330412868014642256579
11464,11116.9101294061960226427272613750298
11465,11118.2023011434570160410300500519796
11466,11118.9580601477371814433740671469665
11467,11119.9246479804418663184901295303430
11468,11120.3498470887908836663751768958178
11469,11121.2647306134127277946862802828247
11470,11122.0213657601612878101660789700812
11471,11123.1658400960274696635042963313030
11472,11124.5867572578776310481488201513761
11473,11124.9497732445489076601766194401429
11474,11125.5511958915164874119175001639077
11475,11126.7037760393825124637340773794323
11476,11127.5893467424895977610781901900580
11477,11127.6699889684343202518280600614027
11478,11128.8755083027661872827468290336573
11479,11129.4154426339335663188834260769453
11480,11130.8138792912606040994578734332203
11481,11132.0378410582566657537505682158147
11482,11132.1976337019042903777619675964632
11483,11133.1991508427797030469762685308797
11484,11134.2012194122917403976717128614345
11485,11135.0097908270982444110953855658366
11486,11135.7156681543135844232755257669876
11487,11136.7933020844695332548433118950490
11488,11137.2570003875324844470982357841283
11489,11138.2364875080690593186028363713996
11490,11138.6992210439925414973229451356737
11491,11139.7995149718950676428757077632304
11492,11140.5616934177974315808023530995449
11493,11142.2143021957464095532994908334378
11494,11142.5658446975650459263314178593260
11495,11143.5695201371552645143322504077844
11496,11144.3368649893141240619106003174603
11497,11144.7153588950620182308956553954572
11498,11145.4112438772814493413310929675403
11499,11146.7448098976385169340541583959662
11500,11147.5854001264824458711245486858875
11501,11148.1172564243505812943688634826797
11502,11148.9117580494743388730910970407939
11503,11150.2718190957862908143261930184647
11504,11151.1536952393566706052828357408078
11505,11151.4752123315882015174330703650796
11506,11152.6420471851299180503446702229274
11507,11153.6269079929569046409210057947012
11508,11154.4608451421083905120925106023334
11509,11154.9245364449472551953210475271739
11510,11155.7413481491610811283172185192449
11511,11156.4590845868859651687522620474820
11512,11157.0906059393165142583229142987243
11513,11158.5077878788073457587497526123271
11514,11159.6260996437783092087018821406192
11515,11160.3342177354297067966149031489549
11516,11161.0935948991557558505487481588338
11517,11161.6373088691948579101987600603712
11518,11162.7308795181587132790520454631561
11519,11163.3862973153425959597002940684833
11520,11164.1915439261221959096000743456455
11521,11164.9233622634677570065120402749039
11522,11166.2025555599148510802685666063292
11523,11166.6666119962823065855920391195180
11524,11167.3334751732374958317971718260158
11525,11168.4432724289997031973639467250261
11526,11169.5651114466953843977431333058708
11527,11170.5996340513658359377063615620314
11528,11171.2372018799516483760639756332381
11529,11171.7820552174538849132348418016456
11530,11172.4988686268187890690264731518932
11531,11173.6859566591214553917730211535413
11532,11174.0357853485080241333170592601893
11533,11174.7462720908804128401474570740435
11534,11176.2006657212386331316268388918837
11535,11176.8255429940346934414282894061877
11536,11178.2215832638801253609501936817479
11537,11178.6122473497898235081067030950070
11538,11179.5347608537034639255188379606045
11539,11179.9793425888623409245671934258218
11540,11181.0692361975547685532095619647980
11541,11182.3122054338724846139678883692787
11542,11182.7264774408296309389229377174646
11543,11183.3994266378741548497426881870232
11544,11184.1376556424742639931252732870632
11545,11184.9226092054976487131303907204002
11546,11186.3225628134445057211243625880043
11547,11187.1622677883086319712384851029950
11548,11187.8742243614566911726001333110986
11549,11189.2677153101477224745823561362155
11550,11189.3624563176760140411262282109603
11551,11190.3131236229909757317812061452284
11552,11190.9712394986842424342360950551775
11553,11191.5620242164550282302396711396190
11554,11192.9632059846681001698110001646069
11555,11193.5090575248769750694516975811659
11556,11194.5235123380789370497322530974881
11557,11195.5280205262199415048797117018901
11558,11196.1799690654909014206222337991427
11559,11197.0457242265827787900056341996103
11560,11198.1880436235973319828406089315000
11561,11198.6923066469875820283150995112967
11562,11199.7332053105818243393260787149820
11563,11200.3085666301368134589544142247206
11564,11201.0590553888914337775174268287168
11565,11202.1055068565202088299215015107529
11566,11202.5286226527321652218828317719896
11567,11203.2642032742248387854950224379680
11568,11205.2588447446840774103126439541459
11569,11205.7282398440335766626504853733601
11570,11206.4689863724518095555123454953761
11571,11206.8628094463309379912339045298592
11572,11208.1005653214444560443174570995470
11573,11208.5579321807326037360544572583629
11574,11209.5815635787837799056425521661249
11575,11210.5066216088241128406745035648895
11576,11211.1208503801035894747432784647631
11577,11211.9419316838406288571480671324018
11578,11213.1597898380054450024069906924171
11579,11213.6542537131368265005939098595495
11580,11214.8480192161066676634903376065269
11581,11215.6034844703809100539985157489017
11582,11216.6045763423581325949437413080439
11583,11217.2807565759805783988858588733053
11584,11218.2876949970055188552175020993957
11585,11218.6760527647208981886006940958376
11586,11219.0602289901925672167863462878796
11587,11220.3754768756856259911287918360651
11588,11221.3026339366201706414611752208347
11589,11222.4922120319747467702773996049908
11590,11223.0498847813143934283401996760856
11591,11224.1946434083620362177232586194039
11592,11224.9846177740381015748980258043659
11593,11225.4309819391063392693280255186624
11594,11226.2245477727886291627708253239607
11595,11227.2149369736488156478265080871460
11596,11228.3218638360414162863384574925413
11597,11228.8457564402495064226408491236589
11598,11229.6219860670415481509965187489713
11599,11230.1448568745957308048752146197041
11600,11231.4325986977512314946258094428928
11601,11232.4299015283403331523625188134946
11602,11233.5959577892441416420207112520454
11603,11234.1176272599140998775017542590120
11604,11234.9546076871932009787867905512840
11605,11235.4154685461549948665062966689600
11606,11236.4653950741284458966005615602739
11607,11237.1776967520192804078978689421616
11608,11237.9102040662792372665812266927481
11609,11238.6712729679095936134767715371813
11610,11240.0451844349698723135874670691453
11611,11240.8603065633719208925600161866241
11612,11241.7436196377656383389704364040327
11613,11242.3182495315730119372081206952802
11614,11242.9072267316531936792554872842861
11615,11244.6040608304529113189743240192900
11616,11244.9803779084651128322534164847040
11617,11245.3585735126735731580202144185259
11618,11246.6295610616585260224439591609107
11619,11247.1159425960679982907747985947018
11620,11247.9735838092796525829985901158618
11621,11248.7536201578976581462560270512320
11622,11250.1927332178185944411385622976963
11623,11251.0034872927249801148929462765501
11624,11251.8581661476791261568641252741955
11625,11252.6316415667001420272166062255489
11626,11253.1961619389615020170180963151603
11627,11253.8880905588084089636576067612429
11628,11254.6953866304680220317046978110030
11629,11255.6684242966018059571112948257784
11630,11256.7590718505489138205887690040383
11631,11257.4735726307279063016970422753613
11632,11257.8815825063461462731056724711227
11633,11259.2525392337353700716113773340136
11634,11260.3937063482637357227253118820948
11635,11260.6581961382762447743098018028067
11636,11261.8020347821924581423698722519343
11637,11262.5428916339574024037121163526195
11638,11263.5513648354460168093302694926950
11639,11264.1214138921304897573586739174687
11640,11264.7362891052684728334812930421877
11641,11265.3572402068885179559490277414556
11642,11266.4064822337993004373133971424456
11643,11267.8159847319174807866851296999631
11644,11268.6977667308256085276053910614797
11645,11269.3818062692601788287074122930120
11646,11269.9971935170185945945870673009757
11647,11271.0003104755864184091263764250100
11648,11271.4699734393463633858938783092571
11649,11272.5907087846421189561901961763675
11650,11273.4766474450910117647315576270925
11651,11274.0573974460254810913779485599322
11652,11274.7936129293716455944148215809303
11653,11275.9556571183098623901022490039409
11654,11276.7253287246530931638856759173827
11655,11277.3179210826610275877635691459823
11656,11278.8480282877764973503249791997646
11657,11279.5839120651860297072251388503722
11658,11280.2891805617798005763987321831904
11659,11280.9285052400341247691112276495488
11660,11281.4695004737464968251570424586843
11661,11282.4561931908245911565961150769352
11662,11283.2267867894130842877848133617702
11663,11284.2401310511757922849898236160366
11664,11284.8604016723812604572807614122166
11665,11286.4141148587559141384724804527116
11666,11287.0411052549827631092234955137747
11667,11287.5050623816886771589925173967481
11668,11288.6952985848525113074527934754239
11669,11289.1587659012351523370277971804782
11670,11290.0999309330951387405917249020347
11671,11291.3055191076314617728670434732074
11672,11291.8108303244840662746628862798437
11673,11292.4129900731532484182304137453478
11674,11293.2699688123001250299597023708707
11675,11293.8706252404628165621643834303445
11676,11295.5846610806457070842096930630716
11677,11296.3143760779287853655089595059952
11678,11297.0801866840189350255953400799252
11679,11297.6358579817863933524906267467865
11680,11298.8958980027989795785307635182999
11681,11299.2035299615902509107566255603325
11682,11300.1232941160622855939189244046154
11683,11300.5178776615052307119433160588238
11684,11301.9788099055555555611179848575279
11685,11302.8049838656965693951590505441235
11686,11303.4189451488218902445843869830679
11687,11304.7194761535868254549483015112287
11688,11305.0481478480094438873413878693792
11689,11306.3193048728610951505249665523445
11690,11306.9035740713137236150147635432650
11691,11308.1643731695579524184653742802795
11692,11308.5860880676790505775377199751505
11693,11309.1990909331624012099700322371569
11694,11310.1809192475432695747859895592493
11695,11310.9695688676498829644155989147943
11696,11311.4957509922028289288422443797612
11697,11312.8223703948249379265221637776662
11698,11313.8599432406089412115328775760953
11699,11315.0932108104979318696492147340901
11700,11315.4093219903310149370932350982501
11701,11316.1126468448921734196349349158330
11702,11316.5519998439497217906738798902059
11703,11317.8807662133284781618470615105763
11704,11318.7543294076075220805836679725865
11705,11319.3928910016117542430377869610367
11706,11320.1624033727461562441070572301371
11707,11320.9916283983113404640302464001383
11708,11321.9726796969614030664054015627203
11709,11323.2434011301197866071707426656182
11710,11323.4300099185582632004564176382965
11711,11324.9056270082025984004197527056618
11712,11325.4910864449629858140461880271274
11713,11326.4537877120131727506181328443813
11714,11326.8050881300420116763234041427055
11715,11327.8056534593440714548666537688403
11716,11328.4761644080150068849537450920294
11717,11328.9684240994413859168835356025690
11718,11330.6566969408173578070578692051208
11719,11331.5284306511333276152507859281475
11720,11332.0861197881428505835695916104044
11721,11332.9939611537778672847240309156981
11722,11333.9104128042633987853838801416958
11723,11334.5437969048796703855896737238421
11724,11335.4170937735291907425083808079752
11725,11336.1376163293345677588894056376009
11726,11337.1102826453642660649324458103468
11727,11338.0668968825504018995223116865427
11728,11338.5450037229503225867833199576472
11729,11339.1555829843255030475196845105252
11730,11340.3984348979297345569409659293077
11731,11341.7268643993088219327109206752352
11732,11342.4808701212785195723562098095664
11733,11343.0039320178075628325770584917003
11734,11343.8787112372652202523180328523943
11735,11344.6966562753089822095613135420142
11736,11345.1202766711237791446151939671587
11737,11346.1020749135384927715901063283235
11738,11347.2657077178075138470416386252102
11739,11347.6033607405975160284177156606044
11740,11348.8954612229167072117182808807163
11741,11349.9437599100912090301223917352678
11742,11350.8323751954347715893333821808862
11743,11351.1182460037014540339883063052330
11744,11352.0549013688221427716306606628094
11745,11353.2853163996482711437298309712777
11746,11354.0311452435644140405914475241128
11747,11354.8475952375496375436338662616955
11748,11355.2515006924958338638652320557092
11749,11355.8198147333077746093327663114864
11750,11357.2687187487626531435236035288894
11751,11357.7559245223736798022529060071969
11752,11359.1538626036980903384538218414317
11753,11360.3174462099947724974560220138865
11754,11360.4306533593853338920893257874436
11755,11361.6187121540670062330164797560224
11756,11362.1980081347129385113389355048500
11757,11362.8335186583400832982424439255886
11758,11363.6306166438454299709608926583135
11759,11364.9027492940435134082435588387638
11760,11365.3921198439247262325961987717082
11761,11366.4707115026014704122094872785705
11762,11367.1214894448655949574455230083009
11763,11368.0929990550446892868337458450958
11764,11368.9950955814670065122608079706596
11765,11370.2515381524064511959145160756170
11766,11370.7101313740294101419405942650744
11767,11371.2645314146227239121625240322251
11768,11372.4272752569775464034463000050027
11769,11373.0903626951599652979675119883856
11770,11373.8291170905701564911197334015274
11771,11374.2477196064062792807116692812104
11772,11375.3501256229894741841331391431327
11773,11377.0670144628824646678139633947121
11774,11377.4776681138328311726475180424636
11775,11378.2520279641647648901412280117390
11776,11379.0712378469529253960567873594176
11777,11379.6632646918342012573917969072426
11778,11380.6684888864578947044096328620597
11779,11381.4901629838687868435917236478905
11780,11382.3840428469143400562522719671120
11781,11383.0811453091030374049886311293705
11782,11383.7787093020487305198642493568163
11783,11384.6336558355155586736696601810142
11784,11385.7308401526066071373832952745591
11785,11386.7618008291942038368914268431936
11786,11387.2826018975206461034340096182836
11787,11388.7458125523862805323025524034227
11788,11389.3095832713649924910594277475084
11789,11389.6661052116012632627921020890971
11790,11390.5409787288246763360726006012819
11791,11391.1728453215386880716564637338092
11792,11392.2070022994402901677119426670900
11793,11393.2531305869083637695269897707181
11794,11394.0455021965830293585825695948322
11795,11394.9124540029552359222541288398398
11796,11396.1854735727606590029233854035637
11797,11396.6366366387694632198223334011733
11798,11397.2694320036774699195383384553277
11799,11398.1670914151264310647022282129509
11800,11399.3580115919288061514287263415996
11801,11399.9241218209295814922321344689972
11802,11400.5792451965538433334306874209895
11803,11401.7395608964135660906410675885182
11804,11401.9356597233710453943966140329172
11805,11402.8418044905071699740980697926953
11806,11404.5682894095243007339426792291870
11807,11405.2596337862945271801841119823218
11808,11405.9801381637581738472104135405318
11809,11406.8447036822756990861091181562596
11810,11407.1251673776539307566286530087730
11811,11408.4001914778894111775311289181672
11812,11409.1429912608853106273890336534575
11813,11409.4960964072587325715219774375801
11814,11410.7416040141086729729512808383765
11815,11411.5949407737310048417009119169927
11816,11412.8452816231426907115716278451088
11817,11413.1490955197287163701655499258504
11818,11414.0990525824537885231608553831421
11819,11415.1617838244023783307696812285719
11820,11416.0202993075060354132481221525209
11821,11416.8725654724725076595507226583274
11822,11417.5165318548945732490607524638034
11823,11418.2095991408407102259137009859732
11824,11418.9687439993351682536050813277061
11825,11419.7281996179254401763182026818059
11826,11420.5556284582805475105809494823159
11827,11421.8668564263990224300619942758870
11828,11422.7594810934226273746637158644940
11829,11423.7427135903642329311455723611967
11830,11424.2836873669600104407638902957921
11831,11425.1345665357073657101331423093798
11832,11425.7591914546084205910920291983078
11833,11426.2636003045498781647119435334348
11834,11427.8303038823030138000169878277732
11835,11428.6151641057575638811310408282217
11836,11428.8375410556695752283152124979711
11837,11429.6679974994748408240966852984255
11838,11431.1220758059686959434557872639653
11839,11431.6945713333910477572525240739000
11840,11432.8871642294604231507571071322210
11841,11433.4916983809491657226860130761154
11842,11434.3830198866101419733900934068849
11843,11435.3239568330625010487417838189350
11844,11435.8191321272403222548189100544416
11845,11436.5391442924615049226485727509012
11846,11437.1640070799159082259791007061234
11847,11438.2549095154999711570130041189047
11848,11439.2286653863343887474063644757743
11849,11440.5698611057031601357316638573512
11850,11441.2106041880086827326837178147449
11851,11441.6306882524601888197327009104355
11852,11442.5543392484182313372505025059215
11853,11443.6072890946344575273265767990561
11854,11444.3045386181012853061379324863518
11855,11445.2534242019971825442591769757307
11856,11445.6506453687632846118705428151886
11857,11446.9196432751488816390034696025773
11858,11447.3203895439840053039249235532516
11859,11448.3857135051332005218398323358094
11860,11449.0246629478009261193055175127775
11861,11450.6422006621127180678653730975414
11862,11451.4574369913734978752645111425087
11863,11451.8475594304337795045873198192616
11864,11452.6296881031043171208752707780453
11865,11453.4473686634421984200507013666531
11866,11454.0459601192751684214222884596152
11867,11455.1271772438618460346172267423299
11868,11455.7274661153431546945496026772746
11869,11456.9247492589311487966797557285061
11870,11457.6027470601725714301541029595470
11871,11458.6400522696860345871385518821064
11872,11459.6684042331508585439481128699833
11873,11460.2120140740578740944377924724803
11874,11460.8368360379567193085938939943713
11875,11462.0891709724597979743241409392566
11876,11462.8093281547949462974378981185951
11877,11463.7114232550610845922970954819537
11878,11464.1407627911246353463472519944671
11879,11464.9147313736445660704860343999027
11880,11465.4711643908721640290257025219027
11881,11467.1732201989956600816557075785450
11882,11468.0411838800133318036839418229270
11883,11468.6248248457431155829017207643004
11884,11469.5779254647434657774576110318331
11885,11470.5919344119526632213605611924851
11886,11470.8890452594581811148681654498550
11887,11471.5330957407009552765027299430699
11888,11472.9015248875191396191580780319795
11889,11473.2313448997255351152386521326662
11890,11474.5805260600338189701098461242323
11891,11475.1240398619536684532321834762524
11892,11475.9276446133301357767691903300617
11893,11477.1259716538963836401254200720353
11894,11477.6647371074228479927819533577273
11895,11478.8875817271590679249920342627580
11896,11479.8365804848832225723474655308663
11897,11480.3014559909617545095392442120162
11898,11480.8399869229792881316482831513926
11899,11481.8455514440050678796114915697147
11900,11482.6696968987407018490403942117004
11901,11483.3956053315532149420769953696343
11902,11484.0120275466465759660164995611747
11903,11485.7242805330416269046087810631521
11904,11486.4622090591115152512926682568135
11905,11487.2276557719330441297990113157473
11906,11487.6809183113912578664040911510256
11907,11488.4552673743419781910801970253143
11908,11489.4615816329298323881069015778918
11909,11490.4697081672752151686892283024250
11910,11491.1516908461697399680561061537407
11911,11491.7846984410881591670141325663926
11912,11492.6647681266186269730717991948977
11913,11493.4061062076931754421096372947034
11914,11494.4991210009210631253568648979160
11915,11495.5140731181400797547645258235724
11916,11496.4674718808490708811989696137264
11917,11497.1631161233799179452904393994401
11918,11497.8799664733422386676801055587165
11919,11499.0855682317098492467163213045720
11920,11499.1959944632934840921193165932216
11921,11499.8669475836678161052065382629340
11922,11500.8445679053747551282832418554520
11923,11502.3878974562009137674521272174715
11924,11502.6162303529985936711967962002649
11925,11503.9956209110990192153835433882398
11926,11504.4565892180564254819317597182061
11927,11505.5323358831314128129601052290729
11928,11506.3486263290845162045034141116197
11929,11506.9875761082502109329465877796877
11930,11507.7750688090738425494707103781094
11931,11508.9595256441467259686327630530389
11932,11509.6247451597134932552466832550769
11933,11509.9275675088378316400981803820743
11934,11511.0136388418509257307777470334674
11935,11511.7178566493196176495210127161264
11936,11513.1561540950302754281136804018714
11937,11514.1707356666962663408198809360865
11938,11514.8536442751413866518126052898096
11939,11515.5345312332890738875699429524172
11940,11515.9103273501302973378615943425963
11941,11517.2370917426814236115079909174770
11942,11517.5165222550663421654334644506701
11943,11518.8025804603875104015024898864693
11944,11519.5624039631393680496679879319153
11945,11519.9870602110901804099523909605908
11946,11521.5837788169922729081878371691743
11947,11522.3077686149034628647598107268864
11948,11522.7294314295600036131473463080604
11949,11523.7131394177111021465023938848653
11950,11524.9950509781200912221388525756041
11951,11525.5958965066598648022772299045285
11952,11526.4754857819365947209766446171225
11953,11526.7004992637137616822791643228071
11954,11527.7874776599826604178247702172835
11955,11528.5217733434727974286303276811455
11956,11529.2626912009565280915140570223699
11957,11530.7424210461342451621121828377626
11958,11531.4987698509361038414475255536571
11959,11532.3601551140892000800931599014626
11960,11533.1745239807457612867241500413013
11961,11533.7107465465063862249433996352279
11962,11534.6152464397900474595493138917361
11963,11535.2439669045266600027503442285414
11964,11536.2089906048062487423917780019452
11965,11537.3900268985626885456650936115266
11966,11537.7703339352181458400200549479484
11967,11538.7714150163586850106523886392935
11968,11539.1731634682243579445746190314607
11969,11540.8551719339311824559088276836630
11970,11541.6334827688642260722727729155366
11971,11542.1628481095375011696819415876650
11972,11543.2315335809714675823597423901534
11973,11543.8210619484543198997684369688686
11974,11544.6084500952502920594506670361524
11975,11545.4775465153437664084504633460084
11976,11545.9225058635467095002843578218085
11977,11546.7628777228052525541791621066532
11978,11548.2106702723865270729830916946373
11979,11549.1416891989476725307044855424970
11980,11549.7408225824875120058674938565781
11981,11550.7936266877218558056363140067479
11982,11551.2642395527090069683359879497033
11983,11551.9385778150875855205041165103166
11984,11553.4222112593025102018100156057163
11985,11553.8224678680885714094161184202992
11986,11554.6715652132144133295720879591543
11987,11555.1689441520099279889388818647370
11988,11556.2553546654104294350764614344790
11989,11557.0206114623333172908213828596673
11990,11558.0269121294896497781525081745332
11991,11559.0508419733723824535848542279736
11992,11560.1101577674660508826804258325933
11993,11560.8879777044550926429653022567585
11994,11561.4258982972540436920122989389201
11995,11561.9934213778052888590449781392671
11996,11562.6953096577048972225459948276574
11997,11563.8432158833323829502465914747616
11998,11564.6924156475899871974589595587430
11999,11565.3981289725783769420969156256344
12000,11566.4019123684210171185811207884503
12001,11567.3915519915974416457453602895638
12002,11568.2383874786119384402023025148209
12003,11568.8615845879300949850127481469610
12004,11569.8568394510673049246578995912152
12005,11570.7135603435770680701908078739786
12006,11571.3725877178190248376738577601014
12007,11572.3734771006287690372855368530217
12008,11573.1102481521042754512652847928824
12009,11573.5337803383580953386832018654622
12010,11574.2297835918608963965782303628810
12011,11575.5327161612820365516109510154847
12012,11577.1592211178623492246099522376325
12013,11577.5592892704819608458927030624106
12014,11577.8131554840661868318031855994690
12015,11579.0519472651470615675795061305348
12016,11579.8447500658775347387610855789158
12017,11580.5629163911503649161375718074392
12018,11581.1002638028324142369786665588439
12019,11582.2459649491177583056726758648851
12020,11583.1620047017036459049433416478815
12021,11583.7810598917659605185022708249764
12022,11584.7188329641050168785695544979301
12023,11585.7977437966566968974760436202403
12024,11586.2628978577730166909268795763067
12025,11587.7853746881755794945579992141546
12026,11588.2376783136390804613143926027377
12027,11589.0333051230238388351899761100955
12028,11589.8202385807908464704703040698156
12029,11590.5411330049895259203440604667432
12030,11590.9363475496209071610147446107215
12031,11592.2248695791152769249609586706115
12032,11593.0211685389400517698932630521649
12033,11593.9518016262556544572259540880729
12034,11595.2738973182942210786451979552888
12035,11595.9216334352720251022831273093979
12036,11596.4771181386016917080593212216836
12037,11597.2706057619319019459786152259383
12038,11597.7865841145694082417914975650976
12039,11599.4528945912404624951874881633127
12040,11599.6346604724396880638455786238463
12041,11600.7548934288452140626571586990885
12042,11601.0643643485141624319986740750293
12043,11602.0291020679553131234215184174694
12044,11603.2759857386983341583575008500928
12045,11604.0641571571825601151433981306714
12046,11605.2781202110259221398890410098146
12047,11605.7158730712813649235479071215187
12048,11606.7516578732394398063200017717283
12049,11607.2588825722613629702859171592069
12050,11608.0372909016256676730384496801469
12051,11608.9848977642832712724398792032326
12052,11609.3163808065516555890275684361497
12053,11610.5427249295677411774932297072473
12054,11611.8314142106292367402899764711887
12055,11612.4868931232446407436371354184945
12056,11613.1716898354416213478569236769355
12057,11614.0171796714516630530649239510255
12058,11614.9846658444127623885561485582470
12059,11615.8152244766278915887600690515611
12060,11616.6179158748765578559020360989781
12061,11617.3467434140446999748088383675657
12062,11617.9550776144445798653390087846024
12063,11619.2299052572231362894016612283041
12064,11619.5734474391569066024825015175160
12065,11620.0865377812325598144216851738070
12066,11621.9462219243950006297834342097904
12067,11622.6940265137285004574755777089872
12068,11623.3923325240777516232382602543338
12069,11624.3988775638858878970151747954980
12070,11624.6738709032501237509912559577911
12071,11625.5133179357025507000158103090515
12072,11626.3493718098233476385136877884438
12073,11627.4333944849507679221253135390371
12074,11628.1607824289965574370271352252639
12075,11628.9094791338867120138555441377424
12076,11629.7268493095559899843322439894290
12077,11631.0209760326853135637380810518462
12078,11631.6283026636071498147507248064520
12079,11632.4880628266349928227339147993762
12080,11633.1011773954358478719490278777491
12081,11634.5326777422975956004333874065339
12082,11635.1380989621094903069531215100016
12083,11635.4634679296471478798931248699794
12084,11636.2637622609972566314284880054616
12085,11637.0797245123987577557752690760891
12086,11637.9515136798221107480545621089491
12087,11639.3961987198370574113086309754368
12088,11639.9886899801626111666454194550128
12089,11641.1544988548535682493744655455880
12090,11641.6208696250643967943979672124824
12091,11642.4001939038050548207856380344568
12092,11643.2623441903842871081668501106523
12093,11643.9042656017154585058245583609072
12094,11644.8719571156997970865580563012981
12095,11645.8657405755809653638014105373624
12096,11646.3774837011015736401901696538006
12097,11647.3508673674557050073215101896893
12098,11648.1758131524776494602122151963738
12099,11648.8847491284755772901423401451659
12100,11650.3449839161395617904497486491510
12101,11651.2276957266274573455175799284591
12102,11651.6909822547639664500616822479571
12103,11652.2289580115299953956383121193291
12104,11653.2416658082257746805240180067173
12105,11654.2455601178475270067369117413152
12106,11654.4586576038724478771490027964307
12107,11655.5184812187197623672781493175532
12108,11656.4735757319374023324954345408766
12109,11657.8021885830829984469777763967023
12110,11658.5597162877229268334241588599166
12111,11659.3778487802799838976254535849581
12112,11659.5586417184033637570368346438570
12113,11660.9706648728711426622721968215150
12114,11661.5742717210131364262835799604382
12115,11662.5444690797596992927645675897660
12116,11663.4253342483634489157885189898637
12117,11664.0284407723960988620922986553052
12118,11664.4513670531818352302532519875118
12119,11665.5699484886905053809501029773265
12120,11666.7876672088514556867803929705090
12121,11667.6177689663535041498195005783960
12122,11668.5842060329099651589248215114759
12123,11669.3085108722253038181521352458856
12124,11670.2038404506839830725955943290224
12125,11670.7828021185486034756064496938373
12126,11671.4034471202109303678192780904525
12127,11671.9720390741882661627685314469683
12128,11673.4370675104009998489939293198348
12129,11674.2057316065240141500891939158314
12130,11674.7813667055435728397312049554477
12131,11675.8419508005410414971152779490607
12132,11676.8454169270251599441415470711668
12133,11677.6589555087355638797780373808851
12134,11678.1725734767286493157132968434395
12135,11679.5203711183322420383209328978330
12136,11679.9290375803725317099576951675407
12137,11680.7899512723068900782951628680523
12138,11681.7798950802758967486504815816781
12139,11682.0338901721653213000457722457630
12140,11683.1691904284594867936247459602700
12141,11683.6865851239040790295184889704657
12142,11685.6294378861560606006362446391208
12143,11686.0194199452300564638804649454557
12144,11686.9530943959998036639916922189258
12145,11687.4116774929986818521511142497068
12146,11688.1890866064146571015048360853033
12147,11689.0395336008074525661121625896585
12148,11690.2324616377992926259340159193795
12149,11690.6780551288274544807185056300278
12150,11691.2940512088055551113779432982849
12151,11692.6753522507220327430211872125031
12152,11693.2065263045848748164638008392227
12153,11694.1684464284790504758362356481537
12154,11695.0399278963664938400991277317408
12155,11695.9876884744590304446006454446819
12156,11697.0899587633954913386321151940066
12157,11697.6094470907372298703610726885196
12158,11698.3544634710757331344941511717929
12159,11698.9898848851836236225514660132813
12160,11699.7328258128454644547486584274123
12161,11700.5796531432004236684616802780367
12162,11701.4692868385811573116743775932538
12163,11702.8162107593235510208178068742869
12164,11703.5687958043315808836940990832162
12165,11704.1346295285172390112937836227209
12166,11705.6351625967474662771748237820084
12167,11705.7092235091989980195906084316104
12168,11706.3186567443970512209705318915905
12169,11707.5329155949788270171041716372452
12170,11708.5033162904816514110785905129142
12171,11709.2509425799256171682018711901675
12172,11709.9841815319801809211609713070663
12173,11710.3116818598050683192851534619948
12174,11711.5009633292916394063040640551306
12175,11712.9507100377026084581220600549463
12176,11713.5215573233248751375472324401223
12177,11714.4967030479058808622973874855166
12178,11715.0168958096679872512465878633263
12179,11716.0984807975940974678003763667116
12180,11716.4945366317080613345247099736946
12181,11717.3576403136346489700313281348180
12182,11718.0435433165478701907498338979592
12183,11719.1446478807004851790782204526518
12184,11719.9151110789594547101253297222726
12185,11721.1574130988227637025828106546635
12186,11722.0370796369950190079539965430363
12187,11722.4115481762387884199010004112366
12188,11723.2042275561818293700661962353960
12189,11724.4594156553973143461569546395364
12190,11725.2996165252956481321576898537096
12191,11725.8788417465611421733477183839710
12192,11726.5140543765082923590289252712121
12193,11727.3756684709762720211766094942594
12194,11728.1765176885738891170404558867615
12195,11729.0274809412921271193850022923299
12196,11729.9064520940241241775447172607442
12197,11731.2654911558034382611595186708483
12198,11732.3198236158604942018387122641618
12199,11732.5931605409512640551281620012342
12200,11733.2114452314843366413677677312373
12201,11734.1962931332386580292824823233658
12202,11734.8675059993195463808184393426853
12203,11735.6843719351774630917565992931619
12204,11736.8333021499319893250200616174606
12205,11737.6849111413072975009449444821085
12206,11737.9054768950465140603796829105358
12207,11739.5094726386263307018926573781230
12208,11739.9762999864486289043202724575412
12209,11741.1105052347752392587127749070376
12210,11741.9084532094585072630868382868946
12211,11742.5468659263655914455443629885459
12212,11743.5308316549204887427644342944271
12213,11744.4287735837740759054175161992827
12214,11744.8362342787351583247953450212892
12215,11745.7533346910873326291478636688744
12216,11745.9498204007249709391348763060537
12217,11747.9086718370873719315447578181619
12218,11748.5952529156331397064511274926162
12219,11749.5082000249667125845385735952355
12220,11750.0955506622493247381025658037864
12221,11750.9916236447564360640148711536865
12222,11751.7286536789607509840908181669787
12223,11752.5005441379014959349959590246536
12224,11753.2570078855208732522901621188778
12225,11754.4577073422456270980067773524822
12226,11754.7945352050257527551960068670509
12227,11755.8072159252435980740313408168750
12228,11756.5984894929569828208638604210761
12229,11757.5112297022352055315213813559981
12230,11758.5316525142498084058326960958524
12231,11759.5722503510754602635910774026172
12232,11760.3996913592648328761406031276646
12233,11761.0943139317239677529124275983020
12234,11761.6517650781586364022367868015005
12235,11762.0657727249515896563280870913647
12236,11763.5949767699572152051931173124157
12237,11763.8650598645092217268504845238360
12238,11764.9074663460528936934925343551162
12239,11765.9217497598282535721638742310177
12240,11767.2068120877473635809877675596772
12241,11767.7045496400497316575219736730218
12242,11768.4797402697661969676038713995275
12243,11769.0697582675766311908620457936819
12244,11770.0085084408136147832419662759849
12245,11771.4764120761261222122252842794472
12246,11771.5799440559383981745159376638100
12247,11772.3111864013993665782296519708741
12248,11773.3595910404097192618616129258482
12249,11773.8732775669011780170223441066480
12250,11774.8268410803406039058575546173639
12251,11776.4921102725991449041878086885172
12252,11776.9247554434490753827756230483674
12253,11777.6409885660110701254401095670386
12254,11778.5817182890651858834173532518389
12255,11779.3924573738368969480286430318476
12256,11779.9367366366032372369645244950685
12257,11780.6328806993564503808744615122876
12258,11781.4962610543820068651940054024765
12259,11782.5503474637637704248473430383617
12260,11783.6457084939682005748509168822299
12261,11784.2148614985404424498639395405794
12262,11784.9509326873248912275268204459331
12263,11786.1480163571729057506700652904777
12264,11786.8117338224090600310068353635703
12265,11787.9798022899648023120319619852259
12266,11788.2288243005318237009969222614680
12267,11789.4324533817017886313073523264629
12268,11789.9649600203519749076213506430179
12269,11790.8101510680870634205495715012314
12270,11791.3903035170043865371439795864535
12271,11792.2678953357392406544297753360947
12272,11793.5496059487423363847453642224668
12273,11794.7195143586659524595414165631910
12274,11795.4075855054474758829030288461340
12275,11795.9525986920373511842399322331144
12276,11796.8622774867580001851958615158772
12277,11797.2031965994839819536486006947835
12278,11798.3821524480999878071902529875051
12279,11799.4722808467828483757793859229857
12280,11799.9900263284578411665272183052299
12281,11800.7023364691599392651037834700944
12282,11801.4581021553828039539193563365830
12283,11802.9573437627628643659745745405929
12284,11803.4514652702181038734106761462712
12285,11804.0773447251202180147133767385807
12286,11805.6197082759964835033096597240192
12287,11806.1079890781874816878631419023382
12288,11806.6998636935221285613431795855569
12289,11807.7014085643805043252005244854253
12290,11808.1291063621838721852612471983909
12291,11808.7719005950322682273411717215571
12292,11810.0416392025735967798431440479323
12293,11810.8801082809350210692500921619832
12294,11812.1323013869327978229030679491427
12295,11812.7002974526974486057470252764023
12296,11813.6110801395597487735894147223342
12297,11814.1798961105602758983366749389330
12298,11815.1437448889641418661994296564900
12299,11816.0805290248450509937653385409845
12300,11816.4719148895645080626574138549973
12301,11817.6941156029713413892108968937683
12302,11818.4906647328062898640431991785751
12303,11819.1247256547876965600529882632231
12304,11819.5615725226883426752734182484773
12305,11820.9194092660240520047020549872642
12306,11822.2550640959918284990748007700185
12307,11822.9541248950662342313888185712964
12308,11823.5307113491971211634951996198179
12309,11824.1179799347937191018087401769998
12310,11825.1376688661908038512383706280318
12311,11825.9987806617045096884819763513963
12312,11826.2885361599166010685199146399239
12313,11827.4789975901751149609209206570876
12314,11828.2859483479268418778620565576828
12315,11829.4345436112870609184626599670763
12316,11830.2210022271634639283872933321613
12317,11831.1063065620802452514466537976616
12318,11831.8141755687585312089522983487400
12319,11832.4161250879615779753495053000940
12320,11833.6377005575818056872220760728875
12321,11834.5703024650528458563316850568248
12322,11835.1181046729609669485205158556713
12323,11835.6101750641703546739681017587368
12324,11836.4323826388027549213431121194305
12325,11837.3795587371387078816348600404739
12326,11838.3332961557119254859279592293392
12327,11839.6658825319124588593814468050450
12328,11840.1120169593387666930195602379823
12329,11841.3497990095263902538057500182894
12330,11841.9712937186819595393266982511410
12331,11842.5532750975682471790245719159403
12332,11842.9753732177563602687120237457357
12333,11844.1369587144056637131702291088528
12334,11845.2610978564341497948934624245483
12335,11845.8222698777622220603817596039547
12336,11846.5303224058384810582535212028328
12337,11847.7409021793397524279998003309734
12338,11848.2423441397584956721910297562271
12339,11849.5003061815480145032736449556855
12340,11850.2906835337277499700441549179079
12341,11851.0002728205035323858333498276391
12342,11852.0252090519859963309669074886083
12343,11852.4604770562191193647060432863717
12344,11853.3567304646650748006621075162646
12345,11854.1122104479150121960688208890438
12346,11854.9921815026944288534086273419721
12347,11855.2128562389495235440070519719841
12348,11857.3008118003473189125249627854379
12349,11857.9097230169476075655215153075286
12350,11858.5451324384468764444267685639387
12351,11859.1887490807425244070099064862677
12352,11860.0069115061273644338367258816063
12353,11861.1145552735215004236314971351313
12354,11861.5712801785210906367695085064348
12355,11862.7012223615657467952436142984726
12356,11863.2177903937970788473357453928379
12357,11864.1674554291693834544676060330571
12358,11864.9314275988219281425382097511920
12359,11865.8172095451122068701955895081607
12360,11866.7415506696079881724509951877804
12361,11868.0609517676453710732442682477762
12362,11868.4368357939178716770024674956395
12363,11869.7556600198356196320800419276066
12364,11869.9631517261554739726602011813944
12365,11870.7016366859236831858558165477176
12366,11871.6165063289249959822054358058949
12367,11872.0901225586561773348701482122531
12368,11873.5980312999764007755511802071234
12369,11874.1939309321984756572200377685819
12370,11874.9544327915843452115256258935399
12371,11876.5018048600042506340645429813840
12372,11876.6925101154404441637183296265695
12373,11877.6557808265697195002447220359970
12374,11878.2138130834242079755202990246354
12375,11879.3353388186921632810594022544593
12376,11880.1907555118440386733364458628868
12377,11881.1395799349111957334032704090351
12378,11881.5021742135368367002707335535273
12379,11882.0977494363487392676781646246154
12380,11883.1192214698847208466477788282544
12381,11884.4405782245639224019828951390949
12382,11885.3239796085842810512171563795377
12383,11886.3400665365554118123971685245320
12384,11886.8676532524957288134565693144663
12385,11887.4154324540300896380272126399509
12386,11888.4368912774402082860154937757254
12387,11889.1396545622204373727828493776467
12388,11889.8820648103590796942240320795255
12389,11890.6320037197199216776584696577942
12390,11891.8189571322140574650257917687049
12391,11892.5065123758110322933192803701747
12392,11893.7359357788746434098420053088534
12393,11894.1144088734704814011494647629357
12394,11894.8926911441676610556491154363748
12395,11896.3395655998406029191453803279057
12396,11896.9537251587647996081239432192342
12397,11897.5904589374445453543616507487419
12398,11898.1445900276756164638443021574460
12399,11899.2268884325852446952163807527804
12400,11899.9129038070319488049315204732381
12401,11900.4584529822358054870596739775098
12402,11901.5682068491482849769857913281406
12403,11902.9386166676477211348555589403886
12404,11903.7785024221267966287716174734511
12405,11904.3092055990627714988111866097127
12406,11905.1589592621965379011085359254553
12407,11905.9685734714701062976311957790289
12408,11906.2646388407140860922954680926363
12409,11907.6319298689364966757489506256631
12410,11908.4982369214404285782210616738403
12411,11909.0962292350379119010193065379683
12412,11909.9966516781657232112591337388660
12413,11910.4483985291428097479620241888842
12414,11911.9847220170654186369957090561528
12415,11912.7135046062314897724873501635394
12416,11913.5458736934276058189789991889807
12417,11914.2362177850481461996842050191764
12418,11915.3452121572049646701522479200961
12419,11916.0315646576767554576092333707145
12420,11916.6375341285211239722897625310764
12421,11916.9635884486822476740347657222658
12422,11918.1569078892902809075902859200731
12423,11919.0505165611723181612845138880850
12424,11920.3591525379792653065634609699906
12425,11921.1077633325436225381663339798252
12426,11921.6988616097104458290984053621171
12427,11922.6761219586062861813481092853429
12428,11923.5452132878238364692735043490888
12429,11923.8847519533801534872240517217423
12430,11925.4345936306542266759468536250213
12431,11925.7110819964068513186379975443393
12432,11926.5063815473244910557939312343247
12433,11927.4212146467267439068944776964927
12434,11928.3691578949275273770234828082387
12435,11928.7926711558439103014734527081636
12436,11930.0542826157245049016097267967660
12437,11931.4758716852697725016286135991099
12438,11932.0177284825224949638347087005300
12439,11932.4835207392391062611073378775680
12440,11933.3757057327145012366954921144113
12441,11933.9415884729432055470530446152088
12442,11934.8442907037705248889810265752312
12443,11936.0029317597280805798128969428605
12444,11936.2870786809966325489651696516654
12445,11937.4190241293500955834368717595695
12446,11938.5962926902587112822120496454698
12447,11939.3887647942142868776796430605598
12448,11940.0140369464329993593542967746154
12449,11940.8447666662786085081628864567532
12450,11941.7078244979501732359170915730580
12451,11942.8120471500040009227017076093538
12452,11943.3001891024671322982549927622281
12453,11944.3225875052119605404342292183355
12454,11944.7866683912405298086768966150774
12455,11945.3866082660835082391717881211796
12456,11946.3122769337538758499302347207693
12457,11947.8799582161579643374216739904010
12458,11948.5807991421160683755637093695987
12459,11949.2852077819402407768760459654828
12460,11950.2549007448665087692106523217789
12461,11950.8298044513102482147737377037042
12462,11951.8112222881891295955065339667403
12463,11952.2096857672797142567896048019337
12464,11952.9603069642168700048982851199371
12465,11954.4211859416999683503558666768119
12466,11955.0234122609772549713664019753517
12467,11955.5411349992843799122176156492601
12468,11956.5554571902620538008532104194450
12469,11957.7587697305362458860998750158163
12470,11958.2575536756245114646169235481120
12471,11959.5360217945821569874825600788711
12472,11960.1624557608128321733757473585808
12473,11960.8058891678846508431086744392769
12474,11961.6136343778888956932839988545337
12475,11962.3195998040335568442232294347965
12476,11963.2518046875676599793690420271322
12477,11963.6242570052000033010327569049524
12478,11964.9448334673070319965252751969535
12479,11965.9888815174446454873899466235746
12480,11967.1758654546854474965890593912312
12481,11967.8180924392400144208350033540674
12482,11968.0403747784974202295851351374854
12483,11968.8423966317797193245877176013823
12484,11970.1987798038896029254855806981365
12485,11970.8401898701998599870559660285741
12486,11971.6359021906305161025763104490881
12487,11972.3455172617617151458979155307265
12488,11972.9190215230928648872526127546929
12489,11974.2562403632219046722145225852935
12490,11974.7504714731790149820848215276078
12491,11976.0193304094302355423181768470638
12492,11976.8214543890193405856398076890792
12493,11977.8193194444059670065269169328108
12494,11978.5091315976432085365786513324614
12495,11978.9112856455575500165347262890012
12496,11979.9403094183849813323738740627165
12497,11980.4209807912586613275234144298027
12498,11981.3192807972680189515005170536356
12499,11982.4698567909859306451890191621647
12500,11983.4591716833850027242575566896388
12501,11984.1832583118155422138961844696229
12502,11984.9882151845812892271455565166254
12503,11985.9317328885845757294795693020715
12504,11986.7925884785656574665337909773676
12505,11987.3660166550020893281091772208585
12506,11988.1878936362452777397196908708053
12507,11989.3190369853104111405378602796016
12508,11989.9880771714564397745678657318397
12509,11990.4493755278795650653336097932136
12510,11991.4963816303286139778989614801456
12511,11991.8195015997441775356093656977534
12512,11993.7962993785163263893467209145560
12513,11994.5320320315633411984436898626403
12514,11994.8792954753600294967994919144441
12515,11995.9066341426511158404031150898939
12516,11996.7627428817253939782206179552126
12517,11997.1088313576092035176319116122229
12518,11998.1115521448700071657300230348424
12519,11998.9990091812187951802662803749158
12520,12000.0251668735620797400735689588986
12521,12000.3230196306858078040289316714679
12522,12001.8692944873883797240580026963875
12523,12002.4491795813208156713725506238622
12524,12003.3133302761368279844266783878379
12525,12003.9828406770674414115361498166669
12526,12005.0992085413691260890942576719475
12527,12006.1670370360588456386130494529841
12528,12006.6170642680503891811264365637322
12529,12007.2594705293636240980550948449062
12530,12007.7954633941391086677742499952722
12531,12008.9160313328237813374614599169517
12532,12009.7474082964173846083011111698126
12533,12010.5885623172537578097998946823011
12534,12012.0706636758978524178353063322192
12535,12012.5182938873192379498209846755270
12536,12013.5370230273581847343141122405646
12537,12013.9951972238614171091722780976708
12538,12014.7480406910585821621860517565783
12539,12015.5129072744578259195945926846730
12540,12016.6961715402421951890454980585792
12541,12017.2704367726728991689584503360055
12542,12018.3296355239938108659483778742339
12543,12018.7261141243357363230552448550238
12544,12019.6595867777810252399079999617694
12545,12020.8169132769247274958202572476481
12546,12021.7888379258680426692624447304774
12547,12022.7250524283041689066716667174627
12548,12023.3470858813755050135841360026124
12549,12023.8343607016844175365627453903919
12550,12025.0955108695622255299712297466005
12551,12025.6406968100622415578388020601998
12552,12026.1909681401577416991577572675234
12553,12026.8078338789881999928633208198835
12554,12028.2983940563167184309655962664104
12555,12029.3635800480539179577987578686207
12556,12030.0089671558682220677301909310749
12557,12030.7439018939783586393818393933387
12558,12031.5394114585575160260760864022296
12559,12032.2957554028625699127159456461876
12560,12033.2960611424254209580757346250000
12561,12034.1983458219007993423011071632790
12562,12034.5804879051823256511269057082388
12563,12035.7539311633671801601525032570292
12564,12036.3531485565550313758995063239421
12565,12036.8271989246584444139828525616372
12566,12038.4490347300040809416934121851874
12567,12038.8517805428991838644739098326403
12568,12040.2858337327119838967929954060793
12569,12040.9756185314051804663525363571960
12570,12041.6978331986564147126004152499570
12571,12042.1617079852228242420968638832277
12572,12042.8568008648848776856288696493745
12573,12043.7573859384009476226578658755113
12574,12044.8209845603678655654085319626338
12575,12045.7500964224121516544186653151075
12576,12046.1506004944576851800393127367298
12577,12047.4112997792817077484268043088725
12578,12048.4830475048118405339493856590923
12579,12049.1437578203353311651087686011344
12580,12049.5229099152531639889828368787705
12581,12050.8300676972626180395313419550987
12582,12051.6601263186999941638468449368027
12583,12052.4239087645672890492186753225896
12584,12052.9263300352914622985255869271549
12585,12053.9017238537045774941832266527243
12586,12054.3327672896417782884080248705542
12587,12055.2762524632022336126725153606681
12588,12056.8423961751061019602357226578836
12589,12057.6948410259932059884515290365524
12590,12058.3272407220981265268186909947412
12591,12058.7992713684929369713042693422243
12592,12059.9205379922113525348264151583622
12593,12060.6081373130304333902749611379612
12594,12061.2067720599077344131943158263596
12595,12062.2608426240644665426297244723570
12596,12062.8551118757970112561084937222198
12597,12064.0885470446347190648665810377107
12598,12064.6705951232475369825639544442404
12599,12065.5945014244737811006282475731477
12600,12066.2075816248452010581375492656288
12601,12067.8549598818241728536999520190525
12602,12068.1289605492215054944300360205447
12603,12069.0171432523219953933985189945628
12604,12069.9401331186154308160971995403274
12605,12070.3919331887393441069872034508735
12606,12071.1711507776487213807998171494605
12607,12072.1025518175244998764260737150605
12608,12072.7259078340405341181482439951604
12609,12073.8839668069690569210043379341399
12610,12075.1496136150471259972097328587597
12611,12075.6887585761442054515019075786847
12612,12076.7992437304248362902881971896671
12613,12077.0536982008012239983531047281681
12614,12078.0400673924520430074859250659509
12615,12078.5802575740203338340686208803198
12616,12080.1313409327014343472777397073197
12617,12080.7711250873272041848890335122027
12618,12080.9276852652610301513745917611372
12619,12081.8346017080532507073430079572099
12620,12082.9893802180529832139906043189845
12621,12083.9487074071082457389024599989381
12622,12085.0190442967322005632522563001118
12623,12085.6227608311841464136375336660649
12624,12086.6385954199470124880411859597899
12625,12087.4115399672845635435439753210592
12626,12088.0515242361937810891112807789859
12627,12088.4975935206695795826038962082522
12628,12089.4676880384107370734733739357793
12629,12090.2651995807405952123972094987242
12630,12091.4476300019693068065066547515933
12631,12092.2067368799133432072482118406199
12632,12093.2732099977990472655110135461394
12633,12093.9921721706027941020695167325717
12634,12094.4985106123516632789975634166952
12635,12095.6744449478344750958552731844563
12636,12096.6297358632692394881621682019680
12637,12097.0476917425479627035720614135672
12638,12097.9654394108640159082984082533985
12639,12098.7281937872500440094195424175254
12640,12099.7395705670708600298825171916593
12641,12100.0854941872308991196308386656233
12642,12100.9107284361729939382744376350075
12643,12102.6192289562899313233621539167733
12644,12103.3409744072229817728090449146398
12645,12104.1526408231595610727942887148384
12646,12104.6924999684928640626869479879912
12647,12105.1371002751852906095572964816266
12648,12106.4130458607959694264272761761818
12649,12107.0034695527871704594852066403611
12650,12107.7470095372169613954904438454685
12651,12108.8619022662759265458739299408801
12652,12109.5116900404922812914499403043089
12653,12110.3467725085147768346626857608656
12654,12111.5929767347299745747677739308475
12655,12112.1973326514463442848537263328778
12656,12112.8589287644377021502907113360053
12657,12113.9895904437485806356482189137882
12658,12114.9859369515556109877642659842028
12659,12115.3536285629508673314378416819578
12660,12116.3653756869217480020748908845383
12661,12116.8061394289650345730719219633388
12662,12117.3632931860493159478030596675690
12663,12118.6829654984388432941601537419808
12664,12120.0472569173295264759526796354330
12665,12120.3619245032773506955552471232227
12666,12121.4899067165911062543668450279580
12667,12122.5198080265612313755736538552558
12668,12122.7809957954306641179120120556963
12669,12123.6316559523906920395073523194025
12670,12124.3720504845335637606078772247618
12671,12125.5352267466860922811840965477527
12672,12126.2232086643723540270150531671606
12673,12127.0601979124049751710249791125134
12674,12127.6189880207702798225202608843311
12675,12128.5940082019785155614643571076012
12676,12129.6443688750465355548565413961377
12677,12130.6313418052810065595659193603109
12678,12131.6380097384187083220600469403650
12679,12132.2773509712382144728349182592559
12680,12132.6843611477512736202329320203022
12681,12133.7507359106124119782856789636908
12682,12134.3367805371777058608959889760831
12683,12135.2434670512821482251937089520378
12684,12135.9584854851472580592699247934635
12685,12136.7445668960721665099353640190978
12686,12138.4797978565221129387827422456560
12687,12139.0602806436787694931499934914608
12688,12139.2347814835884645216483212347619
12689,12140.5142565546094254051713981259540
12690,12140.9749580672544027043171746177302
12691,12142.3309508580845313599980216915717
12692,12142.9056649289302073401153486223210
12693,12143.6222308027520389183793018200571
12694,12144.3347120645541476205020407677567
12695,12145.0992538631090209826260064240360
12696,12146.0320797075227120682002468499779
12697,12146.8284133565579520840590969534794
12698,12148.2502728410842448905668156974402
12699,12148.9452539306596784755975412207823
12700,12149.6074636240240399488234924461826
12701,12150.4695347371576127576594673381146
12702,12151.3432163318220447901219768018292
12703,12151.7511323005053387281024921333912
12704,12152.2262552620197086647337690694908
12705,12153.9472706624473915446726482832920
12706,12154.2625233102054031945834522580037
12707,12155.3471631260868527894178897683035
12708,12156.0642128869258933389974099191119
12709,12157.0750928940594469466998474820397
12710,12158.0702726621822128839948774511369
12711,12158.6968893996399299045004686303502
12712,12159.3912800867993019341998096309684
12713,12160.4635971642092541770881387800100
12714,12161.2293417601160376870042870036912
12715,12161.9664180796040617088438354608702
12716,12162.5095249232009764207102719162731
12717,12163.1230450738956224193012397572726
12718,12164.2432012879551384126944218308935
12719,12165.5845154430215732409967294870456
12720,12166.5484067542400319095869108934380
12721,12167.1137869813742573590386514352832
12722,12167.7509323645108981702940495767167
12723,12168.6064820990644065311258468163765
12724,12169.1839173272178022893560301034781
12725,12170.4327532447092723147384054309625
12726,12170.8878405648563883988872086507442
12727,12171.8612949686790091271895679230483
12728,12172.5150210581944606368826064132363
12729,12173.6126283150344246218766355952975
12730,12174.5555431003129954914550096737315
12731,12175.0833603214731123154267575386459
12732,12176.1046885405466259474109745840799
12733,12177.5651028512748288187329627150906
12734,12177.7874263524132748904756605269375
12735,12178.5422375445786732776123940957077
12736,12179.0628255136735307837572897365197
12737,12180.1606900663871807375080399525336
12738,12180.8078763034620930443651625118904
12739,12181.5058274487470419171647363303368
12740,12182.9327364170663475396674874173164
12741,12183.5834536620887201841316847601249
12742,12184.8068756237452790390804923305150
12743,12185.2689167597607881690352657313306
12744,12186.0235614193710728492433280203571
12745,12186.7020756773581410569447817690720
12746,12187.7285664557723901621681160788063
12747,12188.4564574189110706055406671928767
12748,12189.4980653378123645393841077238828
12749,12190.1582815809156097876453180186521
12750,12190.7378251236057071301250171618786
12751,12191.3051760266473372582793912075893
12752,12192.9550340298579799027475852710741
12753,12193.9073551919079562110043587050438
12754,12194.4058116039700293624691911751125
12755,12195.2278209095257650076330852684687
12756,12196.2795981274507211189619027898258
12757,12196.6375704833506318347967115431385
12758,12197.6324045470754142619227405165783
12759,12198.1191382926048070702545230038024
12760,12198.9157695333004866719553307960199
12761,12200.4758044714444030570183416125401
12762,12200.8097831682710239833446326170917
12763,12202.0246716087979439968515433666215
12764,12202.7787650760774007783158315049526
12765,12203.3210342573821146490852872136606
12766,12204.3853363194170625208753326389064
12767,12205.2464291510176701161252256688835
12768,12206.1034420905402089040980016091549
12769,12206.9488094051092261709031903359657
12770,12207.1247486044914436470300861750485
12771,12208.2729261410800492790340862996055
12772,12209.1731773526858144631485300004271
12773,12209.7579748148566865346971340281878
12774,12211.1209680074717309940170846932693
12775,12212.2975635655479985366388530130304
12776,12212.7618605238240888069583832434858
12777,12213.6086836008183828789008578355680
12778,12214.0453235635853531737132972812951
12779,12214.7567486306200829002149407811444
12780,12215.8432838489488985284471712905121
12781,12216.8829225591030292577736952229744
12782,12217.4395308398856410626463679944228
12783,12218.0577117844056914073853147790277
12784,12219.3451571054707702531162486725976
12785,12220.2460118862330893198362969964276
12786,12220.7382669594292075605268511992304
12787,12221.9941503559491008127484977933708
12788,12222.6724252858388211238329061553298
12789,12223.3536412966689510601229475930454
12790,12224.6547041977355500968877905288105
12791,12224.7432947558114048667692409428202
12792,12225.5777886369765109245321036571765
12793,12226.3407736639548347386439266378931
12794,12227.1375931361737025461428896046051
12795,12228.7727004465928528217317017767580
12796,12229.4767224940149370487460451898172
12797,12230.1965743071314546221660242841443
12798,12230.6173733006756541904866471273815
12799,12232.1240301760991789653664254535211
12800,12232.2896438579550733578057737832323
12801,12233.1139073302980488149250249343293
12802,12234.1068394193313078575555215644225
12803,12235.0400942965356013251613413049803
12804,12235.7802943616525762474239760802657
12805,12236.4301861300298755215437277035256
12806,12237.2449323986563999511441038608575
12807,12238.3616916758341490489452075595991
12808,12239.3902915901361175645690633139364
12809,12240.4752360527624642179410237539469
12810,12240.7252822943731270671290256863718
12811,12241.8347503531573609825396428138903
12812,12242.1626451921859931140812695676181
12813,12243.2100137128235336747865400336491
12814,12243.7005263307951227611585491501440
12815,12245.0437696872132132111781590954048
12816,12245.4351336288610219157510709857425
12817,12246.7776571131573822734366491563175
12818,12247.7310672371200382612353414458896
12819,12248.5330461298243387645719612550999
12820,12249.1846631487390955542732988481561
12821,12249.4043459981450596004696778696609
12822,12251.0627384773084946222964839427540
12823,12251.7643511478114694569393490024614
12824,12252.3991851001939164561665857923326
12825,12252.9079883844648325926657524885732
12826,12253.9701488146518365234842939016650
12827,12254.4019030335162735065333282796568
12828,12255.9352807697829619837087932914650
12829,12256.6447449652583578680252789465663
12830,12257.6859941940253411247551441050844
12831,12258.5898803089062435690529931435748
12832,12258.9812956806761112390080302243768
12833,12259.8395272436359670257288348625494
12834,12260.5705380628630016094649436482693
12835,12261.2847841932329253817077513101453
12836,12262.1294475255405827387001353715807
12837,12263.1780039931911298986825550139039
12838,12264.2614368977224074611373459768894
12839,12264.6834027229794287886149462654261
12840,12265.6370936391712759710003301277437
12841,12266.7265348001900947237176624664103
12842,12267.3583305267613239956600036653260
12843,12268.4681754535013004833244315284929
12844,12269.1235430223438214552078117031483
12845,12269.4790730258689155886324489832826
12846,12270.8992558186739689563049887937804
12847,12271.3221111993343462426367053471856
12848,12271.8395092533676232079587447119663
12849,12272.7043422333243465670847205159951
12850,12274.4105462787457246347187059116566
12851,12275.1559287581342595625522080002996
12852,12275.7503919731622448513746083261550
12853,12276.5951151675717482925615602371857
12854,12277.1713084326138202277201993591878
12855,12277.9811548677678838785510739477965
12856,12278.8373559067096137673478280172992
12857,12279.8592083340270937467033268941434
12858,12280.6569939013528229633620820967121
12859,12281.0470999060862039324396483129650
12860,12282.1452601674883260346475410675937
12861,12283.1856472571487411685591488646561
12862,12284.0634797960575865627531767949601
12863,12284.7029215113482268837339911387037
12864,12285.8250005292550999920050447842096
12865,12286.6711868311589582883729007809891
12866,12287.5430879713531227535797875350430
12867,12287.8000278510882579633307955268281
12868,12288.5169439761451836631278228591394
12869,12289.3290154849643381030907365477561
12870,12290.6659697453746392434243917441897
12871,12291.1719582287097076816581742467255
12872,12292.5126693775094774181495642515963
12873,12293.1993950456492346903460230843048
12874,12294.1108467709381500580403923159381
12875,12294.5927617405929948634772190515208
12876,12295.5929223483374118737022384250628
12877,12296.1726788734496802629580620377598
12878,12297.2577450122694020811470375809657
12879,12298.1804570164145767037556052222502
12880,12298.6177113401409453954535319214047
12881,12299.4095129337496257410756502753923
12882,12300.3963665739800709555070929127019
12883,12300.9988520632974481530878497847316
12884,12302.8517067613085745293605724678695
12885,12303.2450274985968968954213360417882
12886,12303.8119328680833612132708541380400
12887,12304.6309339922983411480362204880227
12888,12305.3956729172186548565634017487400
12889,12306.3941471539111754204507690187190
12890,12306.8050333234333180906218594585228
12891,12307.6582196371588996576518663555464
12892,12308.6968011919003524770397460255670
12893,12309.7142176698473387574440595427380
12894,12310.9113758177767193385378315485150
12895,12311.1244345867066373747612236027330
12896,12311.9908818768582740035453682267042
12897,12313.0672736957913233437009506909158
12898,12313.9436787164532221295244906745315
12899,12314.6351987938999671904642697602826
12900,12315.5422543768553286922567113174537
12901,12316.0842788294788081792245200532893
12902,12316.7368071857862957317801224076148
12903,12317.6337793822861680442925285636492
12904,12318.5500827904132499447043316890154
12905,12320.0392302645793893431712673301684
12906,12320.3507963779876136880545418020342
12907,12321.5815195754732065995377089887539
12908,12322.4143369156982353138318369261906
12909,12322.6959751989147345942451807286182
12910,12323.4398186134275568564931481685881
12911,12324.2669764180219881938679977178835
12912,12325.4371667165658001152275261952623
12913,12326.2627562571634909339489031997730
12914,12327.0318535484525944084069652410505
12915,12327.3659738335583105744322709289927
12916,12328.9795824824683716401121940093142
12917,12329.5930717523734071312735213712008
12918,12330.3962697117156880386533179192754
12919,12331.2906352334723128687916142912911
12920,12332.2195763400597952440603836723554
12921,12333.0328673222780011111413844511719
12922,12333.2987843826386823051472591655098
12923,12334.5064049886912034240885090285847
12924,12334.9859381429294709849328114622806
12925,12335.5929351300173857292080444948551
12926,12337.2079630108329842958434015171313
12927,12338.2514409334695147827261428485371
12928,12338.7064514845091148919734127403994
12929,12339.6943581726675342857115657072348
12930,12340.0175651558055438992694562753696
12931,12341.0455781432023352754693219989757
12932,12342.1597694216459795562923973747269
12933,12342.7841378136226489264364115580794
12934,12343.2236971838574672494213455658794
12935,12344.4375800313974630031891292448533
12936,12345.2359084512008305865444301389758
12937,12345.8133041496996729100054435773032
12938,12346.8400413691407928552249388276231
12939,12347.9546785882474609847246290125584
12940,12348.9864451540461067730858688814069
12941,12349.7091221755235803097193082794664
12942,12350.0659451309249250471964811855507
12943,12351.0929762935573820814385191562614
12944,12351.5585295837928191537544421699209
12945,12352.5147345356998640810642071204163
12946,12353.3139352087960419193881518245282
12947,12354.3581012742340103187984352615114
12948,12355.2626903720593964910848801420576
12949,12356.1699602864145588722615884885104
12950,12357.0933396086686832134272945874293
12951,12357.7169760417698293618596661591922
12952,12358.6496754940402762209768121996612
12953,12358.9820601885386483134435323430457
12954,12360.5039922020879926865774971735752
12955,12361.0480886543987214945123385550285
12956,12361.7768354576427823633450651973134
12957,12362.4224360237996657355066139281057
12958,12362.8441402480374888194710529022972
12959,12364.4075711528233074891937915727456
12960,12365.3973225249446569598135752518617
12961,12366.3209981651296187351417106135177
12962,12366.8996042176452312482773551734291
12963,12367.6119520379205662945728339589855
12964,12368.7433817529475316028705703273412
12965,12369.1218687441041451217470050860118
12966,12369.5873233416055264318951215015733
12967,12371.0093810962839048773497581702465
12968,12371.6465125367182440913803873125069
12969,12372.4422214421522361187228928448666
12970,12373.6591284445937402189441561513895
12971,12374.3133008229068744690769597659028
12972,12374.9149747598631732980552287342072
12973,12376.0011350255623307408185271607473
12974,12377.1971889574978636796612838770228
12975,12377.6045021345575293916125257433054
12976,12378.2746372001323652020384241097900
12977,12379.1620246329646524489895215318267
12978,12379.7690688252901909267005853471245
12979,12380.8069623361000801078136814229840
12980,12381.3114472379914539500954947511024
12981,12382.4328640270525849299277934283220
12982,12384.0186438517629189670743482833684
12983,12384.5057816787534849016488983999896
12984,12384.9400850508749448960014770140821
12985,12385.7522558958331350994570591783722
12986,12386.6191781208557911112391038093099
12987,12387.3089993527950320378500547478732
12988,12388.5141689949580701215543530573906
12989,12389.0441247001408499696879628909256
12990,12389.8648635353633037332144085374555
12991,12390.5913177361484181102547741446294
12992,12391.5253815611761997421566954536191
12993,12392.6862894960208695186758007976066
12994,12393.4064519638057764117367349090358
12995,12394.3311134982787371676640620472560
12996,12395.0696532408953487057746235157179
12997,12395.9378133598889447996544981971976
12998,12396.6698579787884514642106573176932
12999,12397.3023132588255368953788370097150
13000,12397.7782026867352078138761419276076
13001,12398.6919139622262275756328552902073
13002,12400.2081676031693112320938511750324
13003,12400.9555818676962377882375477869202
13004,12401.5357971811983865530908472240746
13005,12402.6086673936938244461751636342954
13006,12403.4244505212668409002862571055590
13007,12403.9315216006830343846752044019866
13008,12404.8436753407123732092515475964466
13009,12405.8275777477393821150149269177836
13010,12406.4588646408668145662341701480819
13011,12407.4021218062839330416445370891652
13012,12408.0049543687877771046411465929454
13013,12408.7288369100971224280812067011886
13014,12409.6331334518813731673194170114616
13015,12411.1469346290988045300587722217703
13016,12411.6082710793398797964313493583455
13017,12412.8678920196231608806556802310351
13018,12413.2672573769076407978853814572853
13019,12413.6981203962841109925495662645868
13020,12414.5509915258649201394563408109762
13021,12415.7784551945273005369837148962750
13022,12416.2269111998944328089249760436098
13023,12417.1135544269026213202506286336296
13024,12418.0410667442073614972630525177514
13025,12419.2509205701881769223227937477496
13026,12419.9667041040420678718342653660335
13027,12420.8413332506781578407615339218668
13028,12421.0267493858108635535156576974714
13029,12422.5771780267740304234350311515179
13030,12423.3368554331956403615373449206286
13031,12423.9426102984479368649709118281136
13032,12424.7110516615851125988147926889485
13033,12425.1585661947946370631346257345771
13034,12426.4442572796414747744008886629970
13035,12426.6710721311622644865916655504757
13036,12428.4063268208999939533934157552934
13037,12429.2854046472167997487477293393953
13038,12429.7472615563917611559771743755454
13039,12430.7693164304150314108728895411750
13040,12431.4983007294135185142005375375965
13041,12432.0318963851085006939147019790540
13042,12432.9765252197230623339784776351567
13043,12433.4608374314788136010138649111188
13044,12434.9838854723552080768566220544643
13045,12435.4600308652036572200818426328744
13046,12436.0966014588219379473588975873381
13047,12437.1622914969658061797853179565460
13048,12437.9428493474484082153240794256622
13049,12439.2812559170120576814736764997484
13050,12439.7840411975900800745466064374674
13051,12440.5260532019904966334417327792545
13052,12441.3014686764975197473258742605801
13053,12442.3830467596843872182703349228490
13054,12442.7538823519854421635999089331097
13055,12443.3717210826620247119275568746786
13056,12444.3528888514459058682357019016976
13057,12445.3316339271064772650702542348070
13058,12446.7032796562126132779683672550386
13059,12447.3660434654870839079830556729642
13060,12448.1979704283407645099769505905767
13061,12448.5835983506195197183648646687920
13062,12449.4868804494593714954391321153049
13063,12450.4149839544893288511840951493249
13064,12451.3185562073498936955388431792932
13065,12452.3033037007903229820573475654605
13066,12452.6133039211430715487291173204785
13067,12453.3054739343925464908535878109159
13068,12454.6137706796778714089917427449961
13069,12455.4825215829126271767906363853825
13070,12456.0402819579899175276052190786017
13071,12457.5083381506536756277103989417764
13072,12458.1023154122349115541756349224633
13073,12458.9458602413212037410468542361428
13074,12459.3597000838998911065763909230420
13075,12460.2007826980014110446447944977891
13076,12460.8036456240087472249938301813995
13077,12461.8633405977442699145710900857849
13078,12462.8818044635047999048486461952488
13079,12463.5025773052085734705052581704708
13080,12464.9230519992573227391796201233376
13081,12465.2233721088373638875897730305821
13082,12466.3262071647883269190737565183613
13083,12466.9554420476464136139250362995033
13084,12467.8139036213009181767788346699102
13085,12468.7564965773650026441594256985580
13086,12469.3638512962883437096626517743008
13087,12470.3365508773435843011163253680115
13088,12471.2072158813772103647007520420023
13089,12471.4457711947089929290643800266368
13090,12472.2313771626890089413864505369810
13091,12474.0202409768211756877711949979629
13092,12474.8443552860197665366558056319541
13093,12475.4221570067066113118242523563129
13094,12476.0104979348318896642870289172141
13095,12476.9757344824554916572788129004650
13096,12477.7142882422050462836344600643882
13097,12478.3742642035171519164508929162326
13098,12479.2090247365744034744237155310652
13099,12480.0369426811501292055561766545942
13100,12481.0350613269297009667728606759797
13101,12482.0276752136804482214627377088580
13102,12482.5179701955080627817772218407470
13103,12483.8161537087889556999919655069246
13104,12484.2483862267210839227855236604438
13105,12485.2112924478255404467396914420185
13106,12486.5106165963926500535057910011216
13107,12486.9230299321434813288746572639985
13108,12487.3948539580524069299740808602356
13109,12488.2432309886184399855678263439873
13110,12489.1332448859459730117347098545520
13111,12489.7871103364031057539400651183963
13112,12491.0371458733874893638762334373049
13113,12491.9030667205104051048431815269822
13114,12492.9790625950342925098508181937816
13115,12493.7126925800154919679385359222428
13116,12494.4813206433612929824343445554787
13117,12494.8544409122433460912725880839973
13118,12495.5447440546602127205523932631823
13119,12497.0239773094525615481156373140785
13120,12497.6998913350945701646647106970657
13121,12498.0723511139057355941965475025185
13122,12499.2665723446218534080041120230903
13123,12499.6709253812387390567545161760569
13124,12501.0822446161256652039122593959140
13125,12501.7677624401587670685941139532850
13126,12502.9515003634449602168067659463186
13127,12503.4212234993379377537524387753048
13128,12504.3884711061385705633265902825292
13129,12504.9346721673407693952378875045390
13130,12505.8442618769625139713503676136611
13131,12506.5412799288469587464743801792438
13132,12507.0033147900682943192227664116737
13133,12508.1218089046486496702419429398365
13134,12509.5030833687167012266928755296345
13135,12510.3015510133259104196458049889096
13136,12510.9528303287563686161602293147984
13137,12511.4033316066102026982407915886978
13138,12512.6155339683776836380174898988588
13139,12513.4657501799382975170835933296004
13140,12514.0629634545022910396128504625168
13141,12514.8783912285576493356556001343079
13142,12515.8662781086608701637610728504303
13143,12516.3663971112503688417885885917973
13144,12517.2875221650024254876250045749892
13145,12517.9470860187180916497553287934599
13146,12519.1485180131040794352228923946936
13147,12520.3454638721657680341182357845458
13148,12521.1577054449912865363557438026056
13149,12521.5363832088414658309087256740069
13150,12522.4485048812872271269080344354451
13151,12523.2715076209130875295848729400244
13152,12523.5608998549709880936931531458734
13153,12524.7261840442717278107171786114469
13154,12525.8627721378557994285142094903024
13155,12526.4236041610900873969534785696071
13156,12527.0708117928169523549327873244355
13157,12528.6824708380970127228446613653288
13158,12529.1516390903212069373474694619174
13159,12529.6269324401058713403014672055128
13160,12530.8147625219111761554263485260730
13161,12531.4640048868452644026423429034382
13162,12532.7311565435425275515344804724607
13163,12533.1251362955352536768393206532547
13164,12533.7742025620090987906971518326833
13165,12534.3028237168611633292541680721149
13166,12535.3622023934351563389984065117600
13167,12536.4671664399846068310039333259930
13168,12537.7631029404288132946988499426855
13169,12538.1871473253174097578395212111476
13170,12539.2298066892876761954285771645119
13171,12539.7805261895786457283639787304721
13172,12540.4270818215877208687940198157706
13173,12541.4918216230329697212105565949622
13174,12541.9852969537304953477208792619265
13175,12542.9940291223092781492619315292936
13176,12543.8520142238319770037867677391883
13177,12544.7039781662095788335203277777574
13178,12545.5227698543661400387258741355685
13179,12546.2949483779079881654040035530310
13180,12547.1584781358739836597131996454191
13181,12548.6229995509842177892837425084361
13182,12548.9119411190291693271872422917119
13183,12549.8728007873467536738926211095101
13184,12550.2694859282210318097365282670038
13185,12551.2516097439417972806499586687232
13186,12552.0484920869207421673832192953739
13187,12552.9612124881687126472539925010383
13188,12553.1394558069020787287349829084646
13189,12555.1395522517329958704476960375395
13190,12555.5640206249787672070646506113325
13191,12556.6030891461079349526318816021442
13192,12557.1800101854979382608574879127512
13193,12557.9484680406187503836463683077804
13194,12558.4872703921088367997336721160080
13195,12559.8085824331410837983360933430707
13196,12560.4738989142126666127001539248170
13197,12561.2460335652185614458577897915029
13198,12561.8898697473726659591127997772663
13199,12562.5734364585540821926086544935066
13200,12563.5728068158032549680305451129964
13201,12564.9434291977098669125486295910340
13202,12565.5543889994762835193003980559760
13203,12566.2032740889254110198568657750090
13204,12567.5015411561337455604059588340478
13205,12567.9796672707452365914632787151159
13206,12568.5747000248150452512872939305283
13207,12569.1780675829470001342353532441863
13208,12569.9890134277494535833169637127145
13209,12571.1953093791204908442179435408669
13210,12571.9903651212926095171415970461295
13211,12572.9872468970980232854659901683689
13212,12573.6538945825022697425066219445484
13213,12574.6821640553694402689963896858471
13214,12575.4442890242962589393056521733572
13215,12575.9935150642002712032004681978247
13216,12577.1750309962265973062383705458252
13217,12577.8931405094646474505242588921667
13218,12578.4648466937976717045606284252335
13219,12579.4164081115070481593619961678699
13220,12580.0639230590432059742852645529179
13221,12580.7958332942169925969389899852433
13222,12581.6387992513632120063476772224861
13223,12583.2195167492232215911995312483044
13224,12584.0367637966086808456645227862449
13225,12584.6958270748318174502017358512809
13226,12584.9699845201164250208421088557824
13227,12585.9177856989578649132923316311725
13228,12586.9638548352123595251894095136528
13229,12587.4503185084233741986724651228510
13230,12588.6685155417714336890166678600503
13231,12589.0171015529184808137836284869562
13232,12590.0859868427908062083071030438818
13233,12591.3209334327414332366858435341514
13234,12591.7859810801880058414332082400414
13235,12592.6416682345707140264124899226091
13236,12593.5473049470640838086585661889670
13237,12594.8500426372997085635187331623178
13238,12595.0329183641302733886255402487563
13239,12596.0264916510040202123940248406328
13240,12596.7639139512275964419641536674724
13241,12597.5315320125143270953710729835245
13242,12597.7187358295879302613296509638110
13243,12599.3552496222959191323906226038252
13244,12600.1909313856605177571015017558221
13245,12601.2335072246919788377483809182038
13246,12601.9695506019768142311057098840716
13247,12602.5969759479574149074780550608870
13248,12603.7248688679621864275207739249325
13249,12604.0225653908047885601529727289861
13250,12604.7267531876382854672924441450386
13251,12605.9326039161703115832214756085001
13252,12607.0250500176588913639843715473372
13253,12607.3884109129066162125971364147036
13254,12607.9083113288140186134050384342345
13255,12609.0835728081381927616010634032633
13256,12610.2160518409161207301660015996459
13257,12611.0790519502054560156673873518260
13258,12611.8845372099322356893329861611567
13259,12612.8641667658636994956313421969635
13260,12613.0778630553746259627062674157714
13261,12614.2508988194940424741150901388047
13262,12614.7965797692978357322961392535090
13263,12615.4537041289475485563749828252995
13264,12616.4359277705026169094068302816001
13265,12617.3149142261110903310717848452481
13266,12618.5744750714327414584080078841823
13267,12619.5399645922286885287818811745232
13268,12619.9223158589679845884672432395448
13269,12620.6432748016422381846281415941701
13270,12621.4566356616651588736609534522742
13271,12622.6856724278190447250466992015148
13272,12623.5151389194059317312433747411791
13273,12623.8359321197076201569047740789284
13274,12624.5679555301479526434963284792276
13275,12625.7212149137715928664565633176748
13276,12626.2872343455792591830316800276536
13277,12627.1851869043545325963639625287400
13278,12628.4520325109450009925954227316005
13279,12629.4187777692421836897435919700733
13280,12630.0229815497528351191860453114219
13281,12630.8993451312631882912867696139292
13282,12631.4813559466397886020884202586864
13283,12631.8784577332695217656878733603051
13284,12633.1601858646798756040241994085792
13285,12633.7035470681241967309013528271316
13286,12634.8485453229738941742834116762951
13287,12635.6465514213733534935708472886882
13288,12636.4093662611314173130411005466888
13289,12637.3080775329247295457490205528169
13290,12638.3958841689686792141343598725119
13291,12639.0149835060724059338556148123023
13292,12639.7282800310891983232818605831716
13293,12640.6359285809673582884211354057250
13294,12641.6953900297896279144926114828498
13295,12642.1379202989249880387511535956100
13296,12642.8389216020052804567866448684597
13297,12643.6258104724619181452715799913832
13298,12644.1369267647930476982930813658875
13299,12646.2226357959052567450892423222030
13300,12646.5093962583210019006699656937895
13301,12647.2298062293341993079739229799843
13302,12648.2354963017142342944751848510841
13303,12648.8512334330250174434909997689645
13304,12649.5900035937024385036714039835972
13305,12650.2898170137768415273234032770849
13306,12651.4678162148505375392773038839209
13307,12651.8908368458889207180946249177452
13308,12653.0759608316964607519818509897972
13309,12653.4650217987480570827116952661936
13310,12654.9789861668244068960764113497740
13311,12655.2113716321922344305582807222275
13312,12656.2889609297852272782678912524719
13313,12657.6330940145372089488831582659974
13314,12658.0196110374742194578884598158884
13315,12658.9375707104423950341252915410704
13316,12659.4955513631239810453044705167182
13317,12659.9211469969314239537296126728512
13318,12661.2263960733355144248910239190779
13319,12661.7804257869762940579604279778372
13320,12662.7739335859853208264595675685380
13321,12663.7962472455874072343413189319657
13322,12665.1014031240558541586401124696194
13323,12665.4972160577924152004108322054007
13324,12666.1268138344747922848125774848717
13325,12666.8074329049309215336640299361887
13326,12667.9508591273005948998663617560380
13327,12668.5983444237185188354312577518036
13328,12669.6801280999260926379584417545672
13329,12670.2513977977520307303784726952575
13330,12670.8647542240732360163442908532406
13331,12671.5978461799851169166264154741196
13332,12672.8189533142066010939057710977321
13333,12673.8240410129549390928146721975996
13334,12674.9664513765397225185529172027187
13335,12675.3331214779037758471835276114689
13336,12675.9908273960547094374091908386091
13337,12677.1409046624205188774004588196365
13338,12677.7095186162682333377004173803054
13339,12678.3890180371331986121591047713457
13340,12678.8004267308275257037496994704984
13341,12680.3299353914459049961200337905318
13342,12681.1646153460443863776236659314251
13343,12681.9735366306057155690159315575536
13344,12682.7821921098069225088030302984167
13345,12683.5503002722201894707029209713121
13346,12684.3736918416581072989429679145165
13347,12685.5171850819674933315541487027754
13348,12685.8875305661684933538665834304504
13349,12686.9052282556643663128758023717406
13350,12687.5999873715946327975993090543256
13351,12688.3744509051032689538960975022141
13352,12688.9800580151085436320003519045456
13353,12689.8138333599931679265157794524567
13354,12691.0816109876108608764599881275400
13355,12692.0477299508678801898626671896147
13356,12693.1209740860642000644818273431130
13357,12693.5549686441006365418289443675684
13358,12694.2161662500316090029191320362328
13359,12694.9302693195790382200735357410852
13360,12695.5639982668298561197870354013542
13361,12696.9379050308588610506799464241351
13362,12697.6147087716953363265931034952346
13363,12698.0241094841943478869250697610412
13364,12699.0896768244871019019776394119649
13365,12700.2210343606598546874943378891152
13366,12700.9867590464481627026858823095677
13367,12701.7920311255765342861468672466895
13368,12702.3902834430561675312112817599454
13369,12703.8739031435193347482832250651470
13370,12704.2057623787473608235899645277793
13371,12704.9631927775611107845311358270636
13372,12705.5369491445803884486538796861248
13373,12706.5017802241708592318026528019124
13374,12706.9984792966393472097643660681690
13375,12708.2055853749447217922193474736731
13376,12709.6568330528812193599299782484752
13377,12710.1384417462203979525797907344181
13378,12710.6850982166828395206967580471330
13379,12711.8271046984275463746352588353697
13380,12712.3809086039358195141320162089379
13381,12713.1824890350003799216788815373855
13382,12713.9420001444002546326431321694275
13383,12715.0033845735162153944647342506843
13384,12715.4693408230185285268772643804794
13385,12716.7571728172093277708639283349017
13386,12717.1822450574190799677215169884823
13387,12717.7225949138490029030011715590618
13388,12719.4116697506006137903094059679676
13389,12720.1530172715554342676767508155617
13390,12720.9323124067885198540624269106614
13391,12721.5168551775538936021962039226064
13392,12722.3067038428250105945958039451951
13393,12723.0726354776050277795195518711954
13394,12723.8231990823493937322262509218694
13395,12724.4689453305580590856750597257340
13396,12725.4856379421529081115647923661240
13397,12726.3997453566068632853706323015156
13398,12727.6560002031725633158561412752465
13399,12728.2135337489687768618815218763221
13400,12729.0723934338989345620946272016585
13401,12729.7738306926188773123724651100024
13402,12730.3154106150798349122725066153752
13403,12731.6392180083893082345779789542247
13404,12732.5118175362265258311798986519692
13405,12732.8905886588981521227796302649748
13406,12733.7689649504766852818255918221731
13407,12734.1370426611564697733083855591166
13408,12735.5010357963746653731051840242602
13409,12736.4344407495667742288438304822665
13410,12737.3784377248104610070968467610609
13411,12738.2351113566678332478179344800503
13412,12739.2150469458010656361941161542274
13413,12739.7339111967451513828911782103253
13414,12740.2423074822589376525222428693257
13415,12741.2873667377099743757486765225327
13416,12741.6413540338344553888325859087071
13417,12743.1099055235429625455149740452762
13418,12743.7369017079500318366067018179631
13419,12744.4483623005898211723187507206890
13420,12745.5492910022881114100137557931725
13421,12746.4883319765686710169340764574701
13422,12746.8726805620925287170759506206472
13423,12748.2103759311361132688628611142447
13424,12749.0992229563869077853569853170396
13425,12749.3025535193614250008120243186972
13426,12750.3450512687712480615223404676297
13427,12751.3387630381632767082556887309949
13428,12751.8123919504035429040998523418073
13429,12752.4242952109376255722057691834018
13430,12753.3178136656490429750198619859169
13431,12754.9821293280740628821931541322870
13432,12755.7743211930956921878776660329251
13433,12756.2815110603365850609388813628147
13434,12756.9540132947101558757433533677309
13435,12757.6142129963884691774323492911784
13436,12758.7275798148421175329499051896830
13437,12759.4743009120731418111240594572571
13438,12760.0074154589434096622830094089886
13439,12761.2430405063481980608923977505926
13440,12761.7372430999909806791467263588424
13441,12762.5252171409096468755722409228200
13442,12763.8616211221431612764729805474825
13443,12764.2325659024085942882051737446836
13444,12765.4654840223989799900540407701208
13445,12766.2560432390110400698063979741586
13446,12767.0970967355977256564363143954594
13447,12767.9383357118895004558917426038104
13448,12768.3514714530605537576503725932377
13449,12768.9628864391228266112108408788353
13450,12769.8727347144803855354738030634253
13451,12770.8811522931950128206433220477231
13452,12772.0077247709667420477364700689832
13453,12772.6896172549660177992085840412718
13454,12773.6470206488046516431133169810426
13455,12774.6476295129370172339099934821296
13456,12775.3260308946337647724972996385395
13457,12775.5679748590862602924514428939714
13458,12776.7045014156155197029614181682881
13459,12777.8267471833231669262511145922457
13460,12778.5000914817197173412083757321815
13461,12779.0703598713746126577104869181978
13462,12779.8197584178282570780201227382448
13463,12780.6274375243325518528843342029914
13464,12781.6489325984232651971260127873153
13465,12783.1207554402669754116136963511243
13466,12783.5322686864592422607834454472707
13467,12784.3155660506438729981545397210205
13468,12785.1817479039888481648271438996522
13469,12785.7428208015224403820765046858593
13470,12786.4726838529075761557831675575889
13471,12787.4425711418745167505748264137002
13472,12788.1604803382409014717234366556900
13473,12788.7549430560998586901731838953040
13474,12790.3957409777721086948120830510608
13475,12790.8569899895918573562541891036452
13476,12791.9005499181990772510507747031385
13477,12792.0842296505900840204555141227231
13478,12793.5065568404776261419496102603856
13479,12794.1722756486774683553844527261201
13480,12795.3699449944095335032948998037575
13481,12795.4899680941529073983676913239660
13482,12796.3440247321389250989697228524920
13483,12797.3063996883616425588284032512954
13484,12798.0424116984039901422706184786419
13485,12798.6351011091695577251100518956559
13486,12800.1271558165856267361807585959152
13487,12801.0905319185491449106820754647058
13488,12801.7418394406609164402449063126028
13489,12802.4139521165869423075724948818576
13490,12803.3657377881464459384048438440289
13491,12803.7644364165066699005873157515768
13492,12804.4422205353677242224483522663782
13493,12805.6925287130134542059544388806319
13494,12806.6339991829935729580011328734313
13495,12807.1356390567206060157829072888744
13496,12807.8455054531683041500050144442719
13497,12808.9392910098589954696169963096600
13498,12810.1968647039340327514664305648639
13499,12810.5135583749385656779313148325192
13500,12811.5294208818865901971952129818296
13501,12812.3947193870757237373183695276859
13502,12813.1839115132033800041209428033276
13503,12813.9651085073223124798025649318102
13504,12814.7077233740200711686440872530547
13505,12814.9134217013844643415175689605574
13506,12815.9954131144596514861258692771788
13507,12817.4412905608355636033623740652685
13508,12818.1023259820013008729232551637160
13509,12819.3315155313453934576813434829301
13510,12819.7466809954513973600150679600564
13511,12820.2697844419540410586064063150964
13512,12821.4279859126397229520466207033989
13513,12822.0265786854360760748419595783760
13514,12823.0715386495007613064347133579944
13515,12823.6818563706071736130450134138055
13516,12824.4126959390015868627817272807472
13517,12825.4932674958185635489067755297514
13518,12825.9440024914879600532476061078533
13519,12827.1957820209920659958382556829813
13520,12827.7400096196821283479604297070152
13521,12829.2856979409732240449574448562856
13522,12829.9478538781067547747113942339782
13523,12830.5357986532733256269934805436548
13524,12830.7247729386899383445938783681799
13525,12832.1087711429337242327683126735723
13526,12832.5869316188560720709269886943963
13527,12833.4340983649991213954951177767354
13528,12834.4246224118789678721684224398620
13529,12835.2461998985898991615712732760193
13530,12836.4686977547366869672046330445599
13531,12837.1987507498685333488138034464904
13532,12837.8180134716185633461983314832332
13533,12838.5782076802044701962999251571533
13534,12839.4095209697676351390065789379768
13535,12840.4174905423218230646286629269642
13536,12841.1622809533536852066900624307008
13537,12842.0024084601548004504870425553223
13538,12842.5438474432333507792662864195419
13539,12843.1664843391941956183603007747956
13540,12843.9966578709382630671281887824836
13541,12845.7828116649883322305167663118349
13542,12846.1436818188774569307592557638673
13543,12847.0440918316755904681162092938128
13544,12847.7508497439104507592665804035450
13545,12848.7543814303535300470371731454412
13546,12849.3802000489349871814098186827096
13547,12849.7599122788477432150946735150331
13548,12850.7055711464465296764713077569075
13549,12851.8576496451484921106743054454778
13550,12852.6114318083253900832943839707237
13551,12853.4765147333746753114720362471975
13552,12854.2706515169750823137548708507515
13553,12855.1300724594659819465112946997481
13554,12856.0993416150971147838061866348481
13555,12856.8414423120220333793164505609450
13556,12857.7958949706345366291881111356607
13557,12858.5172982988634571513636965456058
13558,12859.2744800877719314702336667751807
13559,12859.6762242864297378683996735284205
13560,12860.7124304287772717797267052859997
13561,12861.7519979162670945398330988223988
13562,12861.9193125397036029028278282695591
13563,12863.8015391196867807473924201598028
13564,12864.5452087710630393181158869306588
13565,12865.1604762668869963578005280141495
13566,12866.0390193881002492226540724493743
13567,12866.3163234071599042259972168904077
13568,12867.2252390409009284729993025825797
13569,12868.6801270112206760773267411850285
13570,12868.9115039228606391847095002223104
13571,12869.9671672265116386197921391848562
13572,12870.3094974542542875198152840525642
13573,12871.7034676505598243805362243033448
13574,12872.3806964232428417566465040509206
13575,12873.2235979270573138145450705790898
13576,12874.4234617857936382180578795389917
13577,12874.9775174003565062748132838155200
13578,12875.9181719143188506651961787772095
13579,12876.6493202870666352665395249987899
13580,12877.2422899821196675436621754188702
13581,12877.9056963340296765374302218079652
13582,12878.6221686531737458575567229406429
13583,12879.6149338554983354695764819923079
13584,12880.9202337227518241414076744224428
13585,12881.8286344336046768389051251408123
13586,12882.1273323807476211910355371267627
13587,12883.4122808700752809559003482620144
13588,12883.9204809126881272629046524469431
13589,12884.8248281299919409387134949669213
13590,12885.6266893540554989526294481549059
13591,12886.1764637159943596009894488813090
13592,12887.6069580512159594926161479810294
13593,12887.9189631839876304793547481988072
13594,12888.5814071579208735498737731625250
13595,12889.3113009361185501817574599387615
13596,12890.5979326503774182837980768617712
13597,12891.7992070744913796130299450495452
13598,12892.4633613302642995404108787128211
13599,12893.1851249561096269443486437509903
13600,12893.8594958453292745620997680970088
13601,12894.5251124201672098418762429658101
13602,12895.3644420788688952423026113861927
13603,12896.1501442982571950010955220844036
13604,12896.8887699271357924085190666959837
13605,12898.1369056434973293376145871512859
13606,12898.4343180055973664672748311198675
13607,12900.0024934256167809661411556373473
13608,12900.6712274546189330329092008071829
13609,12901.1459752001623772737012538085681
13610,12901.8137427428994684969807314174151
13611,12903.3557343413054611055605968003789
13612,12904.0065618974377699759272531957470
13613,12904.2851919122309498354654106041225
13614,12905.3973865510312754758528148034439
13615,12905.7580767015898669403357475523716
13616,12906.7415064672265422970636824831026
13617,12907.7637811553729980189874578487765
13618,12908.8012784792504837361532140268990
13619,12909.7847843528823819127091567254814
13620,12910.6587092933362754931521247881781
13621,12911.3030486039601048600447125024057
13622,12911.8017181139770099929740081725636
13623,12912.7074631225825214196474705532034
13624,12913.4108078171535966717938229450285
13625,12914.3120674246790170987021931977526
13626,12915.3617607438125359349787330166960
13627,12915.9630355752428599009060117056329
13628,12916.8721082359539516930966116681619
13629,12917.5036586487479668437729921325276
13630,12918.7256001614822341415975379584665
13631,12919.5828346093351139174502767732944
13632,12920.6550240308881692195863126866667
13633,12920.7934760513447067676998522790201
13634,12921.9836680293369087754604379406336
13635,12922.5631129702779700673685498509295
13636,12923.6045278027748752334851615527064
13637,12923.9459193000908654013565831281913
13638,12924.5509030048968806270899340137880
13639,12926.0547796827800923992364411763614
13640,12927.3637039084464911567197794847049
13641,12927.7526417190075714816353500898023
13642,12928.3375424548033610353867222087140
13643,12929.3494461236508572679372293766698
13644,12930.1572585552632426466648489360436
13645,12930.6202466096934363978401181299843
13646,12932.0213053425522737112804369193188
13647,12932.5539674391420874447415661091662
13648,12933.0310827064895454336258419688017
13649,12934.0627751673972384698296036351566
13650,12934.9009235892573600846268568617585
13651,12935.7894624796207822728693261452201
13652,12936.8639117579795385826732097829194
13653,12937.6453838865265008476556977073417
13654,12938.7019031306016069737269096389349
13655,12939.3256659055203679713375766105876
13656,12940.0214174367830486092825956611640
13657,12940.4031623183359501663787369102718
13658,12941.1889989350592881962065525943527
13659,12942.5405548438568064143595923865697
13660,12943.1554481407554502740121177413484
13661,12943.8882444815771309644395795208983
13662,12945.2156060771793175027709248632437
13663,12945.8880983892499853019422416089455
13664,12946.5984562613946020511682991567234
13665,12947.4835208493370175942696622440687
13666,12948.0122620593367220039899996056431
13667,12949.1734837961719757439516756713813
13668,12950.1709785071701875651199078936709
13669,12950.3708811141551126884845431407013
13670,12951.3388223897709790502914624910457
13671,12952.2073509406320771639903631579191
13672,12952.5436971298588643554463534983730
13673,12954.2084231497993050694855975252796
13674,12955.3502464309890148823883507375378
13675,12955.7756695159104667846935349681109
13676,12956.4270131553651870898811147987532
13677,12957.1428636017366810048361673461287
13678,12958.2761395281362483020555057668559
13679,12958.6830620513007496871974476003133
13680,12959.5092930170220583867941029262499
13681,12960.3163048302238410998169297399177
13682,12961.4449314741920175592387807730396
13683,12962.2499822654065262900337507257353
13684,12963.0040457726043407247460307927401
13685,12963.9228031018901833783295137937867
13686,12964.5425955514686211211840461759549
13687,12965.9168549021613649819335621338184
13688,12966.4315810108201774525155149421066
13689,12967.1613349344886483609007801717759
13690,12967.9229663650264049981569325951302
13691,12968.5945622037410915222583978363740
13692,12969.5342245495194745713975144707602
13693,12969.8589830266077214695725438889821
13694,12971.2953827122137532301793703473087
13695,12972.2697867822721270013160703768594
13696,12973.0591843456780486409849082187357
13697,12974.2884833802928817150020717689902
13698,12974.5379555003971193184353020222919
13699,12975.1348124549675202161080716354678
13700,12975.9666844714955364485900831864439
13701,12977.0030685383131951028478344226591
13702,12977.9686725338676067999345859571306
13703,12978.7336785363775420407207436777742
13704,12979.2373346698979876248340682682736
13705,12979.8269900020056340043770623363719
13706,12981.4803840396958135104303048375794
13707,12981.9793017790910455323587829616841
13708,12982.8289444673308173966853807290094
13709,12983.9626605160715272469763069942067
13710,12984.4975241807813069049858216805205
13711,12985.3448819618049547648496296030262
13712,12986.0097541617725003004114211700307
13713,12986.5403703872772635548533453163800
13714,12987.5099583109159696530490780008339
13715,12988.1556710737395291052137043003259
13716,12989.6179106414314322362768265272233
13717,12990.3994128541634573976134511931196
13718,12991.1315758602928073100676095391883
13719,12992.0625978776068971875985093983387
13720,12992.3398867557795690651625369852200
13721,12993.6883876567448763599575521212374
13722,12994.3835912029760238553446529194237
13723,12995.1038073978031738201345138492608
13724,12995.7292370307297342523230841611157
13725,12996.8324433396057743823512584464696
13726,12997.3593449958103796538671540322440
13727,12998.2512958118502124663884130992112
13728,12998.8841975653375802824752004267615
13729,13000.7016041853008365192886141363103
13730,13001.1753399422857885984861333858526
13731,13001.7259558691618625033381470914379
13732,13002.7091114329922536358773396358414
13733,13003.1305175653459937645428756209053
13734,13004.0295006582433321055428566558023
13735,13004.7647221224455505316783539969241
13736,13005.8607023128131930602074527045592
13737,13006.4068994359839043699598510487790
13738,13007.4602625562782343200983995195915
13739,13008.4437614358788507823829698665903
13740,13009.1908027946935196753596662858650
13741,13010.1451250644552226093846067650429
13742,13010.6567440521071775887074580918831
13743,13011.5996030681272499082478850188922
13744,13012.5691333673193082316062502221962
13745,13013.6062504222678984700486924348452
13746,13013.9615681990845542659125811941811
13747,13014.2490600982812596760539361874701
13748,13015.3788628454468615190590121051064
13749,13016.3647037304229127648601566309163
13750,13017.6832020817515452912879730678421
13751,13018.4632679053441973004504554400582
13752,13018.9865560558492046354940105322234
13753,13020.0656968200432206173740452315558
13754,13020.7348002205171426357455889425961
13755,13021.3333899799657671897579443745503
13756,13021.8835762280427135568455265675638
13757,13023.1813236130633599667087263060245
13758,13023.9492845131286431110415237133532
13759,13024.5527399236881834045630391509094
13760,13025.4879592521082946081894766084206
13761,13026.4614752520983563964363222074891
13762,13027.0493026920279209257253179654243
13763,13028.3071315230657940543994383289037
13764,13029.1179705994409618116043814796283
13765,13030.0293885981713812765747116890825
13766,13030.3725672015236921061920270186525
13767,13031.0706244931170070363812551315813
13768,13032.3165417927143182966714574207429
13769,13032.5683585032529356941591205757005
13770,13033.5295066071964109659607085649119
13771,13034.3575609625158801954432495296541
13772,13035.8703045911069770269280643700071
13773,13036.6972712959029113988739185935740
13774,13037.1459337574280773788287191057415
13775,13037.7640494579398012892081204891888
13776,13038.5893075777564681826727598146153
13777,13039.6435259057067662555358713480457
13778,13040.5460368259216429567870731786223
13779,13041.0532186770444754204229392294519
13780,13041.9343911466644872145529301395193
13781,13042.7197303323855027340320558161088
13782,13043.2994000194394601461589963909322
13783,13044.4985432017439951928559132461038
13784,13045.7117467861788589941967269193514
13785,13046.0668858067911303806575110506458
13786,13047.4394847989115098696959761435220
13787,13047.8247518065356968694310075692373
13788,13048.5487226228468370317924006624436
13789,13049.4488401672690490900346625221183
13790,13049.9315500319339542513249992140780
13791,13050.5370388950978665805936037896988
13792,13052.2687129959583748596673506436852
13793,13052.5846484431679986044715248089221
13794,13053.5124234739027666792878877115413
13795,13054.4747087743189053848396793932362
13796,13055.4140695563600086422732253079054
13797,13056.1045272454631793646498612767708
13798,13056.6526156038451694405431213983522
13799,13057.8753587320301724373014582644486
13800,13058.4307800705983401253774046381815
13801,13059.3212053711024537303721764047225
13802,13060.0348560145341600152573596136928
13803,13060.6810832734943583639115915934706
13804,13061.2175604735402042616954796790626
13805,13062.8057711148292202370835494550200
13806,13063.6857731914021967926989932938471
13807,13064.7468054453173433125025645820120
13808,13065.0428912990912567943583571516434
13809,13065.9241467850074634785804090270218
13810,13066.3947221266631618155770054162475
13811,13067.5184189886011155181775923730834
13812,13068.2498490654205781720619871245996
13813,13069.1579963976210841997706334069341
13814,13069.6630915423752476646087949831004
13815,13070.7741526338231066845014286872889
13816,13072.0973999901386102295530458600025
13817,13072.2387559780033141742125036394017
13818,13073.1666383124028904223472281811069
13819,13074.2854373051133667429675806054981
13820,13075.2410811764402688831499598380256
13821,13076.0373196582699060776048237622790
13822,13076.3034979663713855263853144463161
13823,13077.2747473508801451272899465230954
13824,13077.8345902370767092491350927668438
13825,13078.9411765329581987639355182083533
13826,13079.5027843288179369781170101168109
13827,13081.0251812481941577755485662328505
13828,13081.7771254772639301846629317181676
13829,13082.4612360429391191500814074557508
13830,13083.1768500797404306734213626430910
13831,13084.2644830608155291035525776587392
13832,13084.4583460087243144981952782142174
13833,13085.3504927069179782821893770328045
13834,13086.6235842221099927726742948601648
13835,13087.2688414122404858802320531001054
13836,13088.0220862969599685793721398138692
13837,13088.5150905732019668641614940006215
13838,13089.5645628792902554378163494487029
13839,13090.7076616965950032757613931857551
13840,13091.8831423107676462144219808095508
13841,13092.3377937199682046431972090617096
13842,13092.7855810203558867455488025402999
13843,13094.2452575256665817458528623635936
13844,13094.6199416931894825412707401150983
13845,13095.0672380174870903953471242738347
13846,13096.0609842758296822946823543182985
13847,13096.8034502934942877537109607259694
13848,13098.0030109903712719669443763590511
13849,13099.0224045565301228854020497626059
13850,13099.8441867340935978850824196057952
13851,13100.4240513993265206882038367941249
13852,13101.2382483451218741374433141290931
13853,13101.9111745926441542859871593993976
13854,13103.1568276270299908216608370609031
13855,13103.6926002602709024992459935932077
13856,13104.6099758437541169766628509028653
13857,13105.0369421500586113934135600479445
13858,13105.8684237134844006196597705528833
13859,13106.9702334579675697295901626831411
13860,13107.6186784537404982698432965447558
13861,13108.7327858295744174451778707768796
13862,13109.9148873499995779162745529779062
13863,13110.6480702961407358537745584032518
13864,13111.0942194373610213035970183539426
13865,13111.9202902879959826293497172008104
13866,13112.2933838221428914667436160036861
13867,13113.5093571183378617354069288618699
13868,13114.3384436816042178072714338151627
13869,13115.0373129972859253406460600055457
13870,13116.1164078280005760688749674890979
13871,13116.6639030297661817906379854391205
13872,13118.1582800667609587516676635926255
13873,13118.3801516468091869787640837731265
13874,13119.2473237757533880887848785672939
13875,13120.4579049953193150763291909066357
13876,13120.9306647799377370136689262766824
13877,13121.8416339286680812765927339273683
13878,13122.5970433060764440662518671890092
13879,13123.4512202622158257530190993397825
13880,13123.7706089976140019418242669781375
13881,13124.4935124714526324024988638608903
13882,13126.5333348793088014350391389177787
13883,13126.8009305104006678703431509821407
13884,13127.7818617635459924089476169490107
13885,13128.3147617316167427715371356582293
13886,13129.3416125881298609935240613101677
13887,13129.8518328866005528839434999873787
13888,13130.9145986939447300365491788221432
13889,13131.3040602388395822800949063565439
13890,13132.4253759144593465003468420305403
13891,13133.3536993820763177347241343811374
13892,13134.0455518498546031120499482448894
13893,13134.6679719962667449141837638997299
13894,13135.9411399998957125927173623738199
13895,13136.5808116881161459305251045943543
13896,13137.6500694810652135764013994207044
13897,13138.6009785720553334256201015703225
13898,13139.0819626504620160273035300964801
13899,13139.7417143972269971972820961540613
13900,13140.4616923345065173824681792907023
13901,13141.2661744598710302130255008252941
13902,13142.1242104713421369786604668350940
13903,13143.0491054066157413499595004202684
13904,13143.9824248215738473326858202138038
13905,13145.1916802631300187553630860177088
13906,13145.9305089805883850156210250204903
13907,13146.4660126364655078299826661718983
13908,13147.1086985820055790633770891267691
13909,13147.8382786899952136975916403895586
13910,13149.1358525615260175623864158612835
13911,13149.9916287755931499434345178104480
13912,13150.3459698136521641657621160654664
13913,13150.9530403177274381041745081006765
13914,13152.0837161384131562028243242308799
13915,13152.8227285464376950857887038340457
13916,13154.0613985377306572421251972666255
13917,13154.8947540669532887193999451166894
13918,13155.8345549719280348416506881932989
13919,13156.2638194089725477440043845514300
13920,13157.2259510970449633585756953551123
13921,13157.9151359541484003997838590871726
13922,13158.5917680771435737816639663074258
13923,13159.1043278940582739458920345417675
13924,13160.4191265146093523247016295426246
13925,13161.1154446522840117862190075710699
13926,13162.4320809163825448165247063081431
13927,13163.0231026310994263736860212377881
13928,13163.3568244360719930668345329346535
13929,13164.7600492777716851146636147278870
13930,13165.6042703610886106151129389858930
13931,13166.0324239460819736563452901747352
13932,13167.0504533959203337528086449273165
13933,13167.7576110901692549419200261145625
13934,13168.5566155170110754585534810314547
13935,13169.3378472509449111861274973970683
13936,13169.7832913429352478101561222225630
13937,13170.8946399361695368484796042753849
13938,13172.4876808041531670930780384500833
13939,13172.9629447290662227962943134219891
13940,13173.7294725600686962570804078746901
13941,13174.4191368727609651730793676506291
13942,13175.0660671689627191374631430907729
13943,13175.9428492944930213004297958230332
13944,13176.5243510330250577981864529109328
13945,13177.9179229437081895503027832532639
13946,13178.4162686472821916289757234930320
13947,13178.8685880707151717280287473460240
13948,13180.2223357275982594048808956589712
13949,13181.1307024467482938961907752075139
13950,13181.9133010330876120075751366041639
13951,13182.4397631345108228791347909372671
13952,13183.5990206611439596650448148824234
13953,13184.7115101390426525318641010296398
13954,13184.9737935311801536022738996159052
13955,13185.7509322949816944137004659412356
13956,13186.3654427630409926382182996080861
13957,13187.1222128898591619089009062961140
13958,13188.2022664641491232605983582984866
13959,13189.4025667948312914652506504169444
13960,13190.0867880958551595333787628434856
13961,13191.1569812642104483305434114487879
13962,13191.6717940834904491438205961278191
13963,13192.7158553392528352709790150390189
13964,13192.8162180660225738776735801658439
13965,13194.2841073504273586462945916840925
13966,13194.7340865999839380343225830840985
13967,13195.6217162252343398895586304495079
13968,13196.8056686971385480196593242416393
13969,13197.0136825162774334208026852409581
13970,13197.9648807266884255070780311794822
13971,13198.9338548237859002221080124714588
13972,13200.2222473516804594830908916112818
13973,13201.0111944595103078659751895602551
13974,13201.6490351655091986165626291318769
13975,13202.2945548426596265072438314122515
13976,13202.8729902592656022380590543826085
13977,13204.0115702734511448945270957100301
13978,13204.8038113952648811408769710072382
13979,13204.9440765974902093237501467787962
13980,13206.2534971949701695628805829096368
13981,13207.7256548253753700777934100193029
13982,13208.0056948495484373133338256899385
13983,13209.0871220009719811637409817818956
13984,13209.8412511545512082137446953652027
13985,13210.1833593107706012409213080680772
13986,13211.5549018994838240605544062879045
13987,13212.2614945255230209954406654189945
13988,13213.0235423872970518635772697858457
13989,13213.6707750027610237971264769171064
13990,13214.4954137747206377059915940036694
13991,13214.9340210566743787467020186496482
13992,13216.2568651617371820591884186747651
13993,13217.2569452236950408776148079868369
13994,13218.2377681634834257443722344917281
13995,13218.7615919899115698342121270353332
13996,13220.0279348413168834905191685108789
13997,13220.3358783450674857161112813993690
13998,13221.1093419723218879488573250212379
13999,13221.4425858679103714720293951204666
14000,13222.8207354028325869612641920980842
14001,13223.6924264765254387454268585581292
14002,13224.5203995736961522221064693759212
14003,13225.0064885296241425377004266516665
14004,13226.3420221222218470536917391424729
14005,13227.0402877917634679207744605568309
14006,13227.7710823321958809390623152376175
14007,13228.7726561130578492685838430390710
14008,13229.4607800195726073227121066434594
14009,13230.2840880872415584318901499153684
14010,13231.2078092921575766533673278382851
14011,13231.5726008389465085824200572148056
14012,13232.4201769179733615911756885008114
14013,13233.2301544015825487435680808420887
14014,13234.0351778687189533388829675997832
14015,13235.8523458690197074771263387060974
14016,13236.1936769398816132225187676782678
14017,13236.9906635436617689983453670885722
14018,13237.3046713585120936002056149784266
14019,13238.5442362947215786123441660036169
14020,13239.1223248735044097598759166554105
14021,13240.1075268013671649937218276975689
14022,13240.8202517982202255190823591221221
14023,13241.5262265695368424907345368933670
14024,13242.4105497585950728120945612216460
14025,13243.4471637330427287701872841894198
14026,13244.1531557511481535103940122880297
14027,13244.8373082435297415261810326421156
14028,13246.2755670969154384667163289437333
14029,13246.8814089987249871639099329281457
14030,13247.5079433698211959310799009164894
14031,13248.3364325843389717160455270935460
14032,13249.0710535621826504251468558725782
14033,13249.5243483526976657015518817033428
14034,13250.4421884683014998249769070991930
14035,13251.4749562627518590907118904104405
14036,13252.5041139254581998780413193145494
14037,13253.3209022720795840697198728705318
14038,13254.2947962917762052444013839644414
14039,13254.9956541977355316256823685095070
14040,13255.7218608100110516539643450211930
14041,13256.4840951367868772840001788961542
14042,13256.9843594502872876345543539312253
14043,13258.5815630812232466745193936416239
14044,13258.8200752159864605253148601747807
14045,13259.7329675008084264490083510355024
14046,13260.2652948462172492404944927014931
14047,13260.9467460637526827617317350589037
14048,13262.6005699213863156302727920351341
14049,13263.2550713339638125173419377846919
14050,13264.0521030385422254091824434681241
14051,13264.9796478583256329979955356742197
14052,13265.5504970751976077129697863217744
14053,13266.2639824764310695657157781568205
14054,13267.0607197773380218809032333449561
14055,13267.7374545514251955141284248626665
14056,13268.5418080318335975229731240793469
14057,13269.5960279191087306490388706956346
14058,13270.4940036803279864419210644648058
14059,13271.5726665258626913086772163372306
14060,13272.0905737246992271624917991999752
14061,13272.9099569706156064920710225722048
14062,13273.6108674027508690286107393099788
14063,13274.9246287944776744821144741286605
14064,13275.6773371670893227431307054710021
14065,13275.9664655616137725769547264113517
14066,13276.6627159529324661936344406377567
14067,13277.8874569929081354323452805539449
14068,13278.5380815078540848849425009926499
14069,13278.9096657779131212072828694073896
14070,13280.6161412101500813818664703816506
14071,13281.3149589755134054083377599017544
14072,13282.5141047101055512463198458174708
14073,13282.8534757310702343516733745320353
14074,13283.2640180351890885605112967547856
14075,13284.4068635426901759406900044801425
14076,13284.9216833937497987923008911857225
14077,13286.1978252485904123030170883875523
14078,13286.6559940923204940991016578153398
14079,13287.7394812704723587012635294851849
14080,13288.2548813035511754500381401547596
14081,13289.2999976373802843943155096063290
14082,13290.3194676781798863107585361379591
14083,13291.2140850600102404494579658314575
14084,13291.7504688813157547081826499131662
14085,13292.7606195378863639145593585839291
14086,13293.5604554224878602435243628288147
14087,13294.3982799111181936461739158504019
14088,13294.8380703682044460525339498843440
14089,13295.5592973468564078269051199341300
14090,13296.1523793500158491748427720555674
14091,13297.7278133390003339226381782612413
14092,13298.6843049190372815608707997366291
14093,13299.3198314648927132073582428009769
14094,13300.0141582117521933222631313380674
14095,13300.9720672314981075560030160991225
14096,13301.6284908185388311648056060204682
14097,13302.3480072542045403473532481514104
14098,13303.1612009517702975574379070660415
14099,13304.1922128935535532323487894529690
14100,13304.9791189329428680540590140548401
14101,13305.3163930710936532059663245797112
14102,13306.5380808552561744200836255446868
14103,13307.2516289294410499994656257752098
14104,13308.1556964590108540468303802321461
14105,13309.4895700237953790354953219572746
14106,13310.1998376815432724592519452291938
14107,13310.6626766180049781043471577827940
14108,13311.4349025254648449182324721522211
14109,13312.1506968185431009387042022756430
14110,13312.7859014013488075228354428324856
14111,13313.9170392310371150309320680127301
14112,13314.6684019110377087106131242148009
14113,13315.2522703352478074241330272105231
14114,13316.7761595288364059911101104093683
14115,13317.5878573205041776364010736959655
14116,13318.0260786124533558278612494750557
14117,13318.6627688697406021983936595854956
14118,13319.6905379154052031315952269459236
14119,13320.7658899672979232076740011636040
14120,13321.2807056066545208764988526621625
14121,13322.2525112942917985499041016628425
14122,13322.8352386110012251780029848599055
14123,13323.2676349796186021963136157859751
14124,13324.4363244153465656542443302423769
14125,13325.3565242967786059363665136266982
14126,13326.9012167144613751766153233468220
14127,13327.0997834358384252648875321165939
14128,13327.9308065607948933979000372762673
14129,13328.8328247348238680911578650524889
14130,13329.6844385411874687612645080924761
14131,13330.0713201863723693832123662442711
14132,13330.8675414167084981958952066228760
14133,13331.7524091292578155751257353464630
14134,13333.1066053832399846789148410588308
14135,13333.4991456143086761127274989270077
14136,13334.3606651481967504307383557707568
14137,13335.2490062950483861015576851413133
14138,13336.3150483958401334264545174191925
14139,13336.9652293304310008819057320447319
14140,13337.9899352054828566887956349112728
14141,13338.5565884544574178140997769249066
14142,13339.3056538125971300780948692032733
14143,13340.3135850575453030605798380448154
14144,13340.6809319503469370154436083466070
14145,13341.5552941060088196528184294846957
14146,13342.2506470239992681124223128506326
14147,13343.6993176388493907064201979965400
14148,13344.7765737164129037405008429134671
14149,13345.1386333678116631888007132849021
14150,13346.3846145451828326709657991852473
14151,13346.6130442569041242016899771844060
14152,13347.0605648098922705918987490051735
14153,13348.5792015952140528771179254819402
14154,13349.3266835066149775612805403859241
14155,13349.8534663325362854821834671541476
14156,13350.6370956057229439963132483343311
14157,13351.4861640974262553511588737518407
14158,13352.5177544792702488757887944377070
14159,13353.5466200058204574498035170862114
14160,13353.9932301342040001865450284084031
14161,13355.1753636185970252042253563085757
14162,13356.2194479891807836014495288739915
14163,13356.7040304267908253964415981486900
14164,13357.2306652930840067944948155841907
14165,13357.9007582175588130393631405276560
14166,13358.9786924128111569855970149132527
14167,13359.4351177448312523945030421982702
14168,13360.7169517202928452930158645094977
14169,13361.7361846751279463035485353267657
14170,13362.5222971011292016631255287165803
14171,13363.2027282851607919507427644753804
14172,13364.0804604766711019084726798904652
14173,13364.8740722115735900098481257232254
14174,13365.4514973368657952317196646128113
14175,13366.5886154037042261034552475514990
14176,13367.0651854253649194014687745757013
14177,13368.2264015984251328428501004013215
14178,13368.7504915559102989530847158561076
14179,13369.4231275104972707187349361411134
14180,13370.0718008972503065886309936237077
14181,13371.7680773097886028156239862996406
14182,13372.6775320115032279463035198811121
14183,13373.0214943227372947241401522224705
14184,13373.8782693553458824687618616760693
14185,13374.5341028745229676272229330909297
14186,13375.5808517181111670622294256785119
14187,13376.0431146773881913488450436685840
14188,13376.6916009773984795012699784106676
14189,13378.0159394428056154014129911086609
14190,13378.4885901592952341455905373081739
14191,13379.6981980021282327546469177880787
14192,13380.7321510423630999096281332644467
14193,13381.0534946264641282400423977865244
14194,13381.9637706418635212690038739348462
14195,13382.9496733876509523243290617259321
14196,13383.7555293986820514346451282596802
14197,13384.7781619601072057607141809848720
14198,13385.3320432918804555180310363900325
14199,13385.6217854609091014912049293765268
14200,13386.6525865099998149253594768336056
14201,13387.5032455320358002960730951715818
14202,13388.7168425795263440121488154530906
14203,13389.3433150258109541037866737182972
14204,13390.7633476997961314498461036580590
14205,13391.2237557962985375735857896006329
14206,13391.8272529337947497280246065428108
14207,13392.7171207800087975421318901316919
14208,13393.1623117707932734407692060601058
14209,13394.0706446797156681257852852434414
14210,13395.4054455990037657800507380824041
14211,13395.9186389617167648860547592718919
14212,13396.3722167745693523186988706036518
14213,13397.5930447477404332887765788809002
14214,13398.4881494035578879949296658460936
14215,13399.1944809735086740798534588795567
14216,13400.3926063190098069447287390003471
14217,13401.0219106329889232765361555036362
14218,13401.7527334601539459857629591699986
14219,13402.4305525906740484075513851364404
14220,13403.4031072005728912870066648625667
14221,13403.9658151970842612146767424934416
14222,13404.6621357332728516410317196343419
14223,13405.2444655342218716155130397238266
14224,13406.9073703474233305395783368749640
14225,13407.8835338156960135466548825865919
14226,13408.3417524001029820977103678002529
14227,13409.0558356934751599502795948312548
14228,13409.7349812029641188615827037288779
14229,13410.9135308919888027824278599026944
14230,13411.3947759645860123839010234465431
14231,13412.4017050479265136716777084967659
14232,13413.0093708117268979000841885532046
14233,13413.8553687820551875429710680319204
14234,13414.9338352681677227683460143507495
14235,13415.0976176789125642203567109131039
14236,13416.5296432744463388453048480017204
14237,13417.4415052454782827674510354407466
14238,13418.3607596694768250792387745077098
14239,13419.1215204903076052332290409287394
14240,13419.9968648780374467434210757446892
14241,13420.3673800632052997898370167075705
14242,13421.0048026987955860070572197763572
14243,13421.9260032935241167166289159895507
14244,13422.9344139263585381657561855377291
14245,13423.7035209084817711596923505739006
14246,13424.7796594205577890042121159788124
14247,13425.3248094332876498073345018968144
14248,13426.7328364866393361755550038782810
14249,13427.3067936765181356497085530649858
14250,13427.6278960986225255560573011163742
14251,13428.5871992117300939815069356318025
14252,13430.0071153606519407634662559011138
14253,13430.2898977455422136843987715145175
14254,13431.1956951323767278460017264977333
14255,13431.6795910341139463888238170115049
14256,13432.5208997785290607258109967767763
14257,13433.3226256697296955616248959112146
14258,13434.8116286735333766044391144654374
14259,13435.6389785343491873191576234391793
14260,13436.2444363508508689396510697549837
14261,13437.0277021664670746137266627576493
14262,13437.8816927486927021930617209050327
14263,13438.3090338347525119234716736007591
14264,13439.2934666359435318179751560811812
14265,13440.1516242655826518084521481140483
14266,13440.7040270264925091673650687040266
14267,13441.8316989244379039598280689529199
14268,13442.8982311886267675226583158895407
14269,13443.3587225109407257616718493224703
14270,13444.3402926694081272755487943122870
14271,13445.0094161095931359046450140585964
14272,13446.4244611323357615006132841706539
14273,13447.0033148159755585832772371699496
14274,13447.3738474266854357129760202214950
14275,13448.3625958520524056083121076542538
14276,13449.1634929651048071686994781633060
14277,13449.7260034670410756831392593326135
14278,13450.6589140416209350627444864261789
14279,13451.3318739181383345155521309166669
14280,13452.9045281113450801803624257694132
14281,13453.6397741526989912545393303999288
14282,13454.2883461255926688423428209179632
14283,13455.0027593745175441341162176884738
14284,13455.7174292131773216254387181177832
14285,13456.4118313235720984181370141626889
14286,13457.2649370239629073977669347979282
14287,13458.4728263151864834741961533048630
14288,13459.0013610484364723663118533600939
14289,13459.7445660345963671723196712752191
14290,13460.1420355196253051382651898482657
14291,13461.9271488401672961629435137235880
14292,13462.1752791943523487288075509487363
14293,13463.4511148558586572755006206495536
14294,13464.0230140241888655885738217757374
14295,13464.9618808198115159604473335075281
14296,13465.7689206502189038293505573097750
14297,13466.4048184426018611685161510129295
14298,13467.1246643851724243382863050031982
14299,13467.2987362716681075291590813835542
14300,13468.9927546910099193135301940051711
14301,13469.6249354371571097649527883436746
14302,13470.7183565680400613183873374919862
14303,13471.5895503534568455059319329298322
14304,13472.1828143250761388501073370989070
14305,13472.9749737952839822562182256762936
14306,13473.7593221722486135903196189228120
14307,13474.7917779889578711237379354443181
14308,13475.3456846132513754374075254026167
14309,13476.2364284610371751383871179827375
14310,13476.9913991300212742900491926365331
14311,13477.6518891774159122002862887445181
14312,13478.5998448915252070822562038637147
14313,13479.1816877661791440648822539389004
14314,13480.6618737380224313446380613517165
14315,13481.6552336659030996001717161154333
14316,13482.3448762692135593465601566112221
14317,13482.6518469952057619466523721359731
14318,13483.4081499427174803193505382907329
14319,13484.3437068784944032130253111812066
14320,13485.2522281485004731908713905417251
14321,13485.8196768874508343594340766161683
14322,13486.7996783010242207042925066614130
14323,13487.5724408950574869735680414491106
14324,13488.8724159074015785083746786726041
14325,13489.3792761311435363887438243357674
14326,13490.1754368024650788810513123372817
14327,13491.0891252395850715171800593371731
14328,13491.7439601418813385013432518670857
14329,13493.0208432632062455891071269744405
14330,13493.5464336962195997028331860727805
14331,13493.9875184557204021535970193021888
14332,13495.1346400104588562134012694296567
14333,13495.3876967141849739635962887011637
14334,13496.3205669534317288420883824263228
14335,13497.9768842441218627429179855110537
14336,13498.6730834181492108151203539562386
14337,13499.0628073023977739792570366425502
14338,13500.3883980064379625948777468103382
14339,13500.8796421345093643472529210060502
14340,13501.6411005989589382273207692714709
14341,13502.0702831200677019133246379952799
14342,13503.1316726738149541325582886812923
14343,13504.2713250517074975685097867666080
14344,13504.8139645394555788587864900964244
14345,13505.6318723811899155462133324963433
14346,13506.3612678666660242673767739624793
14347,13507.3470364159809858944844584510763
14348,13508.6620385816070341432771208617872
14349,13508.9339269025676572505525885868585
14350,13510.0430366418178157058304939750385
14351,13510.9982375247945710952778487835148
14352,13511.1926999154869472287755454085727
14353,13512.0735315495138571094742083563766
14354,13513.0955393964892296185981105442403
14355,13513.5362678957548274588418781654645
14356,13514.4345035185183529017795398983352
14357,13515.7390657534811755644239476932358
14358,13516.8683909955502604014239694062098
14359,13517.4264894859502349207772739678087
14360,13517.9454565610161882916557745935845
14361,13518.6458723302736456885941316453125
14362,13519.5853091985907281712358892121669
14363,13520.7366591097485297823949660987407
14364,13521.3424820513164186044516255035221
14365,13521.8859109102109050777995643005830
14366,13522.6777946865756283570099716747924
14367,13523.6167413691839889616549580713926
14368,13524.5252677101484261786325820203862
14369,13525.3042464894782792943387291393213
14370,13526.4702437241183357663374964359129
14371,13527.4667241340640209282006573439498
14372,13527.8990904502345904592834238420768
14373,13528.7058173614046700066947486366284
14374,13529.4585246247520768055684501177461
14375,13530.0731824448244469718723223652340
14376,13530.7053865513645169832151908678579
14377,13531.8192178921496376018402995352780
14378,13532.9977059062768974162108053190488
14379,13533.3811533426021844780581807679147
14380,13534.6320192807566122570676274012791
14381,13535.2134062990365508843117306196693
14382,13536.1721382292950081511865442181793
14383,13536.9000310150248187859353757508499
14384,13537.7887403652474695954464299031694
14385,13538.2596472160270143779881487687556
14386,13539.5603704869225829165780552462591
14387,13540.2006588533652480867551292642353
14388,13540.6786593425900480072503199820362
14389,13541.1181651064580263063291016085998
14390,13542.4659986840234053595876501128053
14391,13543.8015341768697218878526064285657
14392,13544.5118330874468501030018022322186
14393,13545.3898841280768846370459587028759
14394,13545.6290110812408818574162796968970
14395,13546.7961628158044739764903523475737
14396,13547.3607246698467008025418621788962
14397,13548.0649228338976067475529784010479
14398,13549.1049233158879805098633775352802
14399,13549.8366174459904497234211681844615
14400,13550.6416743577253704015951851634102
14401,13551.5137974049300434029691025655017
14402,13552.6705650598853582667200832394994
14403,13553.3991125637377100199971513480663
14404,13553.6179236910844143691637233505388
14405,13555.4954513359636202239630470888165
14406,13555.6774234091075608690347491220603
14407,13556.6121275955771936712272107046816
14408,13557.2293237684535292551682970915252
14409,13557.6837419175629445904328422218527
14410,13558.8225605222057231865217875245411
14411,13559.5411770501479514197020799610838
14412,13560.4365151568750041772835602019473
14413,13561.7083703269414670833999505377553
14414,13562.5452723386860137726007496286590
14415,13563.1821471311313297271385623599138
14416,13564.0986374481193655025127146263130
14417,13564.3595598522050771391610065593782
14418,13565.2889867173913966911804879553365
14419,13566.5295378425102021005082730522199
14420,13566.9957913565451789174081850172298
14421,13567.9092170756507197526306567208176
14422,13568.7623401729090308006630120179309
14423,13569.1858551688244556500148270364762
14424,13570.2874610565573321779570799636327
14425,13571.6892725276758274428358402255156
14426,13572.1555334279077380335880800866050
14427,13573.1108935000978710097440654816815
14428,13573.5703773606371334580966267556519
14429,13574.6928015346538541642727808573653
14430,13575.3030571085488443616631195949355
14431,13575.7761665990591761462106560181255
14432,13576.7264294515804414189986032825925
14433,13577.3240485544890177087687706160973
14434,13579.0636073977997236866384693042722
14435,13579.5511140287154460270718212633583
14436,13580.1798738399079232408136966671578
14437,13581.1284008133732004466356926635348
14438,13581.9888255475576270013699861437922
14439,13582.5552568381883412785706051283510
14440,13583.6359214188379189276094969746238
14441,13584.3865784580105546615333448158596
14442,13585.1624073619029351602515836695116
14443,13585.5637590779679831066288536679330
14444,13586.9224096220625783966435569421833
14445,13587.0313212936943366747223206199451
14446,13588.4396591346137067437148424935395
14447,13589.4701777734096066030754297638295
14448,13590.3532601109079235461400007902219
14449,13591.1787751394026305457069721108274
14450,13591.8657064543353458197317208965773
14451,13592.2338229878675272691775519702776
14452,13592.9696162028811263054505789511835
14453,13593.9987817238583398732388580633342
14454,13595.0844834556552997686783257037755
14455,13595.6903285172003741967152514044804
14456,13596.2278019923369763535422904413610
14457,13597.7002708008789353464359484854607
14458,13598.3648839901667869675383454278260
14459,13599.1302789265704188067067915289222
14460,13599.7124879153656980183147747528091
14461,13600.9216807969903495106880263689544
14462,13601.5851734868617616429878639154632
14463,13602.6018619872098633437049263311971
14464,13602.7985316241374309449820254240066
14465,13603.9533857007782670159721546153206
14466,13604.2001951473945020217130587373954
14467,13605.2917824589866645477107627244312
14468,13606.7390994657580379424344994171834
14469,13607.5380982312678785918728681644013
14470,13608.3404048482184082502132324909090
14471,13608.8206198201740408181607972606810
14472,13609.5293568737741613881324715256876
14473,13610.8446773101350071536321493737015
14474,13611.0759099827198593097697770666219
14475,13611.7580815108959584875170338401743
14476,13613.0499031542379932501083083956181
14477,13613.7872801078184629850394619257862
14478,13614.3849048931331281111446564652480
14479,13615.4451731473630449360409033583740
14480,13616.0052588187539862019549498546090
14481,13617.3001072035567388089258965082818
14482,13618.2161933629173487431478449214000
14483,13618.8948202906110876288902251062989
14484,13619.4044133331934228224459117354987
14485,13620.2245948914457141364991621300672
14486,13621.1451061103304563262953817251309
14487,13621.6696065470952004094359481485348
14488,13622.3154204725214694521236490416917
14489,13623.6760870000503338644526822537601
14490,13624.3555360120272374096736120897003
14491,13625.6272528239186185406586636806116
14492,13626.2950828832559120532847397433874
14493,13626.9049396612646856149574043706645
14494,13627.5010445571844725211584033932235
14495,13628.3217401629176206221959507194897
14496,13629.4506825225084662144635551238353
14497,13630.3638526265537988984261302830989
14498,13630.8770841661039103938409876965992
14499,13631.3859429625148471908254850310976
14500,13632.2147795071799106387228597236182
14501,13633.4656757696472075592830938587805
14502,13634.3442909294432490353149994754236
14503,13635.2552224202948966623096850597731
14504,13635.9763734844180007831593518261909
14505,13637.0384928663890693699386851223660
14506,13637.7071516666250574586695498654804
14507,13637.8764930496937931731804550009596
14508,13639.0373646797303317921069534064255
14509,13639.5414212072925554444373295349886
14510,13640.7468789445096764389646525232635
14511,13641.4691776258619156758379956704337
14512,13642.6723143148832282964448818049591
14513,13643.2340168770819096561031987145171
14514,13644.0101470500482210551549008328433
14515,13644.9969999166012634254645016216165
14516,13645.6618867586101797070112595366202
14517,13646.7623460403794403487659983220646
14518,13647.2383819693972196107940920317945
14519,13648.0398162072090899682139984035899
14520,13648.8000430512723246145623643007203
14521,13649.8826063395721235155934478158216
14522,13650.1094786923604009244368819633301
14523,13650.9163822210068251506651957810834
14524,13652.8351172338703089961306541396581
14525,13653.4767110410665799932907242810154
14526,13653.7621027402993079022007895783425
14527,13654.7133377328257366205531179122541
14528,13655.5902747210545175870236529690176
14529,13655.9255139897433488386201280521205
14530,13657.1273251208688991180007489405912
14531,13657.9415485089184668378377975077794
14532,13658.4705572660308306945305413142548
14533,13659.5992231254494871940306343921145
14534,13660.2500938926256747014798201133958
14535,13661.3547235259213497488615084032544
14536,13662.0670964876797743025501654512373
14537,13662.9377043021178960172775255793747
14538,13663.6925662482073301678910827858766
14539,13664.7761335075315574386150820152814
14540,13665.4955368525708750149577385753744
14541,13665.9808439298980240323173642338959
14542,13666.7159843172447286185571296554474
14543,13667.1629990017738243965379915445710
14544,13668.5076923733017259261015686376915
14545,13669.3883334833722904594523884645937
14546,13670.5771985006599154943450913802360
14547,13670.9834704436791423526692200759193
14548,13672.1623853685143102559130681005544
14549,13672.7986544770321791404809823605969
14550,13673.3005280620161624166214879042213
14551,13674.0280431950209315243321644510169
14552,13675.1796969788322280174085685844594
14553,13675.9494695782835836892214508460274
14554,13676.7631836372968211687041859308603
14555,13677.3280355287366993630713969781771
14556,13678.0244778326378723817211975332248
14557,13679.3334600983897009183475202234458
14558,13679.9640843389094965693401057029274
14559,13681.3727522866624991184046692871155
14560,13681.9805302434934588501864350622904
14561,13682.2347140750807546011589373950038
14562,13683.2290324830904756061856202300822
14563,13684.0817793145433151101929005218660
14564,13684.7580857663066822774406684464855
14565,13685.4336619077131215742895333512682
14566,13686.2486895250933597175027615454188
14567,13687.4308080190523835566898146513215
14568,13688.5678199243372071464211301403863
14569,13689.3005715907518319434933885537899
14570,13689.6855610733080721110501824214623
14571,13690.3917112076986346335581879684320
14572,13691.6867537499548891864578563670760
14573,13692.5287986961548173631698090053088
14574,13692.9190571140255236573173362944719
14575,13693.8339504591281479655559596641015
14576,13694.6878394972310087634687594243441
14577,13695.1865521025201640490168599205398
14578,13696.0621364868450436795346404692229
14579,13697.2932118805109740231589770019548
14580,13698.1795675050620757653600336096031
14581,13699.1980731155927122455817182429274
14582,13699.7686433229371952813669622399057
14583,13700.5703038658349879910114254749926
14584,13701.1382092893680013216029714304805
14585,13702.0660906365288082894253899007809
14586,13702.3154120693332855994247205635388
14587,13703.8442508058971441979749176324641
14588,13704.5972656805975573755860584125906
14589,13705.2075881547436429483883605465403
14590,13705.9735345348128840709595740187960
14591,13707.3734487139167477234195244347901
14592,13707.7612980496561737665108926741723
14593,13708.8477246989572430395597405584117
14594,13709.2701572867569368381324071325217
14595,13710.5198417187020314744497753558762
14596,13711.1191094144796126097464221761265
14597,13711.9093758846968696227593316115793
14598,13712.3275079359784566551037436993779
14599,13713.2658015775539389199830741771843
14600,13713.8761727977263930155789237795465
14601,13715.6565379961540853146845361951486
14602,13716.0873783269589307845874067248706
14603,13717.1849902232628500619258627330500
14604,13717.5869113507819295379406324624452
14605,13718.3180912321704771424421778964363
14606,13719.2153702064372660555676768654417
14607,13719.9029140394483312841776704789057
14608,13721.1051773646134046142554499315323
14609,13721.4655046557661785607111699298867
14610,13722.1784914853772749094955102262231
14611,13723.4767173082009775996474008576274
14612,13724.1779580608261534253965005575431
14613,13724.6946076098743882371896327596966
14614,13725.9508255816845404778101160848332
14615,13726.9293893886908089061462593726987
14616,13727.6666844485144225429174710216736
14617,13728.4054121622429827532114382604199
14618,13728.8712561830514814657932635435901
14619,13729.4674249847339265819828452832897
14620,13730.7560958322381731166601941592527
14621,13731.1072839093900454237537902865341
14622,13732.1136304005807449432367499940036
14623,13733.3689714275774797145078519898238
14624,13734.2200973362907729869104726050491
14625,13734.9000004299457776109384393497502
14626,13735.6292134441109477332224364394812
14627,13736.5196239566255961167877301640223
14628,13736.9594124818186103575078547241172
14629,13738.0162490687810343535813855671569
14630,13739.1128015526837059062410747711688
14631,13739.6684390247345019511744087752115
14632,13740.1707588398696392675965015071806
14633,13741.0440462113242490894587933023087
14634,13741.7535102784059199067177899090344
14635,13743.4414668190713680961355045367466
14636,13743.9996874855533873399288707905786
14637,13744.5794907069554828632456727943988
14638,13745.5855311641304301667153679503111
14639,13746.2253420920196379257418021886108
14640,13747.2343520764149806444091068503001
14641,13747.4594496283032921507875257834104
14642,13748.2226354426548003236889151597242
14643,13749.4132786016904947013460441657067
14644,13750.3751950297328188027011689882339
14645,13751.0978528020013516492411634179487
14646,13752.0633887913050488395253977209373
14647,13752.9785267052348427086730101086910
14648,13753.3146431380337254323566112631465
14649,13754.5336212931479741638764353217200
14650,13755.3822705909478739563501551471406
14651,13756.2816845307489470793548567006593
14652,13756.4719090138875312927502949836482
14653,13757.7139883066686681949679517898650
14654,13758.0624438029620836952712909556405
14655,13759.0827013220646520364411105375344
14656,13759.9058147664941281419424117769018
14657,13760.9836721087851250663318507402355
14658,13762.3229969398651795908687801914336
14659,13762.7981554375975755156603944383212
14660,13763.4959704858555646106430640935793
14661,13763.8609858870242169568153221579575
14662,13764.7634398448262968878826025885208
14663,13765.9620296209429737753733700023968
14664,13766.4031451335410877397899457479551
14665,13767.6379462411761010857741874375799
14666,13767.8835899920215142559040414872863
14667,13768.9586163963255020374197733025323
14668,13770.1057930855521535837899548463060
14669,13770.8045635101283591640028872290203
14670,13771.4403966009601639443020167487560
14671,13772.6808088427055992537167291180977
14672,13773.4242406900350946201332930814112
14673,13773.7644809093517010529391642936945
14674,13775.0977035839085819476780471779810
14675,13775.3508177895045735211235597370874
14676,13775.9527418628250391261452592377041
14677,13776.8192816688530239842364267783761
14678,13778.2692900316370114701634603168259
14679,13779.3426854706474697770242616729257
14680,13779.6954724847017139714470902058652
14681,13780.5017229725856010120549792915774
14682,13781.5733190340995846675345472817620
14683,13782.1161106736693811597465393690564
14684,13782.8049717185790783560020458633565
14685,13783.7963036469629632544183743893104
14686,13784.4204057031494485420442956759416
14687,13785.7259380736936466162069023045331
14688,13785.9301378132953750234334657696152
14689,13786.7002406417621460389116217140818
14690,13787.7668702366016219939021898649319
14691,13788.8656772652632148327572112734413
14692,13789.9607028573497768806023386364101
14693,13790.3966532442036352273703083889074
14694,13791.2763158609345070280809991311213
14695,13792.0077036951414202206222635542374
14696,13792.4912275374095326092007986095517
14697,13793.2986597299090186541000721165078
14698,13794.3512868009885248254072539035633
14699,13795.0567163252801963825399709218894
14700,13795.7930318783775126328026080718047
14701,13797.3131095657614965570688639858436
14702,13797.7334802236441931015950230939576
14703,13798.6476679326821846668574766239706
14704,13799.2827774041413158257158654127022
14705,13799.7985905057884359654622604399329
14706,13801.2879788347176096671124684263715
14707,13802.0221335583292225389061415149788
14708,13802.3810926916500674485390854590349
14709,13803.0324389650348672152103373198704
14710,13803.9307095989974492404138714662046
14711,13804.8799940781763565669029317794235
14712,13805.6965730553097163646227913106879
14713,13807.1017176473901236218313424829578
14714,13807.6660359376409067182772205386980
14715,13808.3799320893180581369629414455760
14716,13809.2800316339691883449665436748178
14717,13809.9291378091241622580608512479389
14718,13810.4192280011200113005656295191479
14719,13811.3192447748179154956142020391741
14720,13812.2597152260319996772888838873788
14721,13813.1804743684217373096439792189242
14722,13813.9634288414174972239980245726366
14723,13814.9641161518555111616834262908468
14724,13815.4028904977645325400446709981946
14725,13816.5541506777028834360492874108424
14726,13817.6242234361853296010616762470976
14727,13818.1281847968821149100683660320416
14728,13818.8820791967987996780889259452209
14729,13819.7168407113025327688418593410301
14730,13820.5545941320977344359574781639958
14731,13821.2015388445716400134636467264691
14732,13821.9557078519914076368274781516314
14733,13822.3239714560732485699554001236497
14734,13824.1318511311949202976139672296762
14735,13824.8908554959766021216664108669998
14736,13825.8715139780239061000138924982208
14737,13826.1164361369556909472804681883826
14738,13827.0436190745963408024378252647746
14739,13827.7606998558932103380788966145522
14740,13828.6262804667481823239924840539067
14741,13829.4849373669678476971871642650717
14742,13830.3692428818307676333657233751770
14743,13831.0873252647638388195028814164004
14744,13831.5145426866818001541656037821474
14745,13832.8334209807972012110994882671094
14746,13833.8083415177949504699400763211883
14747,13834.2832800843599925712314963197723
14748,13835.3588873116901958563350322595100
14749,13836.5035513514672573318302098463972
14750,13837.0440755478926480458414668375022
14751,13837.5171635027194362709643549544247
14752,13838.2019257290731311284363795199079
14753,13839.0892600685751548471026051876390
14754,13839.7277836614431504435751531614361
14755,13841.1744104259756372066791089195794
14756,13841.5959079569199004346799880983866
14757,13842.6987345259620265402489529691539
14758,13843.8725961966920747183846719406897
14759,13844.2465045076333275331185312375425
14760,13844.7102404196385118444396921938617
14761,13846.0761266046050824456565474439447
14762,13846.4387994358546103024705526904468
14763,13847.6498801450541407939217186029636
14764,13848.1623469955850464435074146972915
14765,13849.0085975163121214221104892247102
14766,13849.8309152182751725168502266553348
14767,13850.1348641664615985980349112279261
14768,13851.7287801805373189854575338489389
14769,13852.8676512667747376442702095152773
14770,13853.3574452209953836718364959355179
14771,13854.2765571475788230604280378071434
14772,13854.4718208001928873238903489688698
14773,13855.7229515869243444437433370378958
14774,13856.3426451221069762266020840474918
14775,13857.1074936051277708040240803765729
14776,13857.6414413863860867426768132002545
14777,13858.9367097215268806671581661086247
14778,13859.8065158648145121808242852376927
14779,13860.7751735660941393281830776086139
14780,13861.2408037241494564768843130721783
14781,13862.1484498854030550685124505227694
14782,13863.0629292098730789302118573106010
14783,13863.9899085424849684087174090891789
14784,13864.6740955583052511871036789052207
14785,13865.5665575522113499237998509365324
14786,13865.9759155887966577973852188474348
14787,13866.7343203784267679122498615808305
14788,13867.6741210242464981458963378096156
14789,13868.4140900780845852980088004633446
14790,13869.7999349930574120117036372374175
14791,13870.5326801006595533924521940382594
14792,13871.3226122869465734728022302470766
14793,13872.2768289136801376674434129641052
14794,13872.7499500630075663008497135665163
14795,13873.4180069604451209515572796654831
14796,13873.8810565039888575634738179583352
14797,13875.6418015407841976655436866475558
14798,13875.9132388269839809017408603474159
14799,13876.5744957474269750545203572404758
14800,13877.4912140670096973830956263633235
14801,13878.4527005521538531591923716060583
14802,13879.5826039222419056086530413905164
14803,13880.0581182356678246003284304403453
14804,13881.2413464305794907881483148159832
14805,13881.7023789310206810999041662191954
14806,13882.8001791583024701866251647964863
14807,13883.3960137708309822895224535927442
14808,13883.9194847717250673605575188577890
14809,13884.6786625542159956604382943407859
14810,13885.5912412104118753332131679727897
14811,13886.3440643157059495021290433664649
14812,13888.0860422525836530174458690331803
14813,13888.4650771898853587917687420908512
14814,13889.0375080557656427411638816480448
14815,13889.8830075695839344549777832946796
14816,13890.6867219601548973600221363799754
14817,13891.5731869938501855250381248740138
14818,13892.4375365276008925082234563721485
14819,13893.0427265742716617375332967310564
14820,13893.7569520071578890432007085168383
14821,13894.9119903210593286097882642405694
14822,13895.3220231046315760729322025286101
14823,13896.2762253268610479751742815548932
14824,13897.1879412402774212331386484949752
14825,13898.5598420240749344393421069210147
14826,13899.1544616088352005389302002208291
14827,13899.8486038462182727913743502291172
14828,13900.3064598471659622945339281377105
14829,13901.4093975820165092896563546181203
14830,13901.7784073711688008249829025497594
14831,13902.6946449872996585250718500054496
14832,13903.6981664516003949552253112056919
14833,13904.5569852389940788022208829106667
14834,13905.4385562780323987914312325912965
14835,13906.3489158559957505715250049263759
14836,13907.3467106045872763709094205535094
14837,13907.9740533002780322870499360505937
14838,13908.2999790186372442412252797378061
14839,13909.6712726279314022257829821139313
14840,13910.3691762071955536715704587982229
14841,13911.1951205013536933207260453376885
14842,13912.0412410242613611234194579899999
14843,13912.2660743483511694178076859914726
14844,13912.9650640971082469909967526661789
14845,13914.5736017147491099373722071281869
14846,13915.5016002511580038538536752237586
14847,13916.0767397958804567699642387514434
14848,13917.1416225287961264510027089403929
14849,13917.7471970039207344793665621930474
14850,13918.3680063000299678344145012733334
14851,13919.1859518389937498924778745350779
14852,13919.8415523105779180049030889159361
14853,13920.7225221310616061666066287742100
14854,13921.6951609261624404473954727854937
14855,13922.5627633374479866804767022226324
14856,13923.2095730321593526239909271202348
14857,13924.4650711214535238404818434949440
14858,13924.7583763122134103682376553380824
14859,13925.8501343476698138038756572431773
14860,13926.9561951056393719325455515189280
14861,13927.7563288543690384504616829766587
14862,13928.0820609928187532924097219966465
14863,13928.7579860369546565881771345765888
14864,13929.8937691209481302807440716268014
14865,13930.5578924611105629646537253089093
14866,13931.0250519028689093737495267140757
14867,13932.1568128123778958843954706458668
14868,13933.6635325888908586011166247397654
14869,13934.2225783285081452624197917597481
14870,13934.9306676839869904756262878983640
14871,13935.5218876713953985337744351886364
14872,13936.1746048239180802046969034475346
14873,13937.1949693753093023460480117142589
14874,13938.0322049969798746762552302579312
14875,13938.8782824021179593744825758886823
14876,13939.6436842053825681674777261587712
14877,13940.0751697998761077123175674721109
14878,13941.2816721172510122688211184506651
14879,13941.9790286756839749098235569171353
14880,13943.1757017326658112673852631120376
14881,13944.0838715613059878869214372553960
14882,13944.4120035158211689321093929694829
14883,13945.6747587053296137670390554088281
14884,13946.3596671867385248144708122106672
14885,13946.8152770208928088488187981805489
14886,13947.4910282268464036757744426982870
14887,13948.1524104842241204455910859919771
14888,13949.4112067108856396257691462686223
14889,13950.4942397356128792850569849484835
14890,13951.0854094685862356569328790297398
14891,13952.1842884083821379255439303414389
14892,13952.5565151708116355440709750431198
14893,13953.9012473433369150405678512431839
14894,13954.1988309046375363969089939617439
14895,13954.9216984077379397793177638601329
14896,13956.2589050623505002141962669658951
14897,13956.7163086498474951170531952079372
14898,13957.4549320378245876900541078391990
14899,13958.1055831412240322708700775084633
14900,13959.1110248897801527870306298393467
14901,13959.7467813840707621525922507900342
14902,13961.4032761464544470963889410992819
14903,13961.9078162987233639369987830634110
14904,13962.7004798916863496949233975193938
14905,13963.4332991603164764721423447264159
14906,13963.8353870048579762763687113285615
14907,13964.7806777829254108690483087861492
14908,13965.6669155313460399632870105491500
14909,13966.4919574373168086380471800671045
14910,13967.1938876353598195375735037894267
14911,13967.9857290857440823513003351320310
14912,13969.4687032521287415558768925131266
14913,13969.9419693436733040649765576286057
14914,13970.4715721382903376827457457377332
14915,13971.3850504245338531240747442938315
14916,13972.5436690551359593564307578312180
14917,13973.3309957822257407439571387755888
14918,13973.8832582779778224133756443440183
14919,13974.6156026819969133275885187593767
14920,13975.2368544127808474949098413512317
14921,13976.1754355852426060106690691228312
14922,13976.7182464216318105271462906731157
14923,13978.2774462820560258714455884066071
14924,13978.9892534096946334108617005264901
14925,13979.8990091204717284552010951131264
14926,13980.4902802726305480676865047470817
14927,13981.4027113489018321051254385717806
14928,13981.9124795601574571533568192566973
14929,13982.7476167130656003167283986636431
14930,13983.4061588129265350818224772499704
14931,13984.5299626539378778614926278284003
14932,13985.5015189581683151349443914183225
14933,13986.0599263305577950132068676980794
14934,13986.4419269126602430558384378525304
14935,13987.9914570694917771690752597971659
14936,13988.7371641290168398130264299783885
14937,13989.5472705154499392412314603041750
14938,13990.5149433001226271655047160005353
14939,13990.9072688258469441204313094749950
14940,13991.8911492205026551385010552453427
14941,13992.6130543355650785113305072698090
14942,13993.3690454674806674496788808051808
14943,13993.7015958587349821993301904504909
14944,13994.8913157483574969664442765997439
14945,13996.2482444973688570505571972218537
14946,13996.8411273761099554634246220009351
14947,13998.0098418231333220487935785232521
14948,13998.2594181769118619876404571478933
14949,13999.1016085108806435643387589191088
14950,13999.7332382832017522982224229565257
14951,14001.2287257303658364232653667557093
14952,14001.5492491293776089228427089712931
14953,14002.2157065145391705625063261021312
14954,14003.1022174601427923912502332692591
14955,14003.8140212695955643344745297183018
14956,14004.8186016214742095472039818162800
14957,14005.7791649423973356568924018852803
14958,14006.4676495530360311483028451891664
14959,14007.8649003516533998537288927817140
14960,14008.4160565634000199445689004713061
14961,14008.8587736899621477034206191535743
14962,14009.8414520223529801487424528847439
14963,14010.1372258016970834268106192917849
14964,14011.1507126415864082110157011636939
14965,14012.3484613152309640624270295001233
14966,14012.6752601314544100447798965954088
14967,14014.0161762593388504842033055783547
14968,14014.7602907432444734332409698993771
14969,14015.5477143418573784380138600014312
14970,14016.4455179086596399717818697925449
14971,14017.0590893090677559474843513250438
14972,14018.0443143584235367714959338544520
14973,14018.6478989844496559332335272009634
14974,14019.6882917122758583033837912710736
14975,14020.4200695447603242420363836090118
14976,14020.9147307059862450735797494854264
14977,14021.7166092864922699908218048321738
14978,14022.2856037531140574559450530006935
14979,14024.0006365877815447245638748781442
14980,14025.0374415420831171353765758226764
14981,14025.3498190617607272711822422319853
14982,14025.8114014963259095990626513325587
14983,14027.1230252943010949643257712414510
14984,14027.7757078916614379910810102113210
14985,14028.1262823855345291338225526143609
14986,14029.1359766836593067556829105498536
14987,14030.2404113156239183781747698870858
14988,14030.7022777387383367903181596133658
14989,14031.8199209687546313376036195047807
14990,14032.6806500837315134469596550777155
14991,14033.3311888612415355687574749771457
14992,14034.2674409273044005512878683548725
14993,14035.1970340173472302856208766701382
14994,14036.1230979502918898275546345733130
14995,14036.7439962765331608927859272340458
14996,14037.5375223142602680485411172859716
14997,14038.0185526301711549112553379368103
14998,14038.6566919323419708921747743546173
14999,14039.9195076099318563973958005217219
15000,14040.4598770729345721354791960826195
15001,14041.6662805352004852778501502641025
15002,14042.6442527544759637809379005162210
15003,14043.6776638413132569075907531629751
15004,14043.9634207149916909186727973454437
15005,14044.6814109362139593650342119720266
15006,14045.3725279965819809402680003225448
15007,14046.3892064914670599360120847055628
15008,14047.5441278574409932064903248796974
15009,14047.9601416508693615300686142251238
15010,14048.5976898291755104162648528881129
15011,14049.4556772301932993182768294201487
15012,14050.4532659780667573337164586579744
15013,14051.4415352411071339291516182722531
15014,14052.3547967450943936393885664626560
15015,14053.2325942990787262422317182622427
15016,14053.8462839166144887121865985406790
15017,14054.7549383040133348108264713276652
15018,14055.1448957800395326266048066101065
15019,14056.3100449436119741838490672073140
15020,14056.7556557876639666626285847089294
15021,14057.2118401721997988968504221880058
15022,14058.8530530036088537291018494552334
15023,14059.7179251445940327961195399995578
15024,14060.4170683857943565544127468204491
15025,14061.1415569802253883197286333889896
15026,14061.8697526480869849225352077698217
15027,14062.7617481151346744777352974409845
15028,14063.8057848706137167000145631069008
15029,14064.2726389060851523230878409473089
15030,14065.0142449345550294990067373407968
15031,14066.0352180986452426091360231282929
15032,14066.6876663093201591101959946602730
15033,14067.3464684940036165186789830258344
15034,14068.0194749119328772827078690908619
15035,14069.7237026952470918550373879044315
15036,14070.1348139967673814081240386644730
15037,14071.2628076619227722494652517564956
15038,14071.8587612559096505664674725011066
15039,14072.5806394747448315372493846091948
15040,14072.8356107647911471272763944809878
15041,14074.1648844409481504367715119996024
15042,14074.6253867829868974245939466288271
15043,14075.9426195665705387609693013789210
15044,14076.3907733769590236402901636731301
15045,14077.1668221474895931626895626131959
15046,14078.5354541021411654385814909494595
15047,14079.2061709228242726252942672915417
15048,14079.7889657742399876916321017858221
15049,14080.5127187348835053701451040665563
15050,14081.6972150490763611082911591297964
15051,14082.6335423476770566712057315602486
15052,14083.0176070212306959356301067425031
15053,14083.6021954100197168785337912119038
15054,14084.4343060267829572451599430507482
15055,14085.1416954555292195265967622492978
15056,14086.3373752353795414988707157867539
15057,14087.4951470796224210504560907784500
15058,14088.2761274205531034942867285829463
15059,14088.8549020634530674247466899189191
15060,14089.7665498319996412112844280899208
15061,14090.3389636678601752023418986005468
15062,14091.1545108333561051901176586835439
15063,14091.8837906860393305512368230572506
15064,14092.8264102819198960420564838022890
15065,14093.6000061938610874733697897528633
15066,14094.4327284628986895815548795740499
15067,14095.2545381273780579173952973455978
15068,14096.1091288619257895058358660872136
15069,14096.6857570528946597804997799677969
15070,14098.3778496958413005323642393316106
15071,14098.7172469844782561265698002182429
15072,14099.4060452475064752022041332913186
15073,14100.1279133074120778597933865812225
15074,14100.9459251811369615955078212521744
15075,14101.8121486719684243365211962463181
15076,14102.2297830197472932645392726079887
15077,14103.2413346773866919223410783480063
15078,14104.0347864248081295473972428146607
15079,14105.5880011642012962230552509815188
15080,14106.2604465274034046563800639439314
15081,14106.5158025213354378337913571610389
15082,14107.6577923563510704971414060293998
15083,14108.2276371272556427920165879448853
15084,14109.0163416111537677310719362417757
15085,14110.1480992007881823361954926225280
15086,14110.8538771058733260031872326599931
15087,14111.5586453665321497880935431548091
15088,14111.9790590679965044358822141112827
15089,14112.9047098443334518445064934367587
15090,14114.2029467149341589792777056050045
15091,14114.9306599093735837464594227054197
15092,14115.8916094823937453659410121791589
15093,14116.7186662339156955497327141209243
15094,14117.3683951651408191642004421438362
15095,14118.5225848566557527217275706910099
15096,14118.6449678376429804131603534548731
15097,14119.1562530151810819586433753987316
15098,14120.3608729725649688656521714421170
15099,14121.5201648343328191144423664362818
15100,14122.0268792454094451094470270375165
15101,14123.0703044852690350626047030443403
15102,14123.8679539394652390624920928337201
15103,14124.8878129977236279828340401746878
15104,14125.3359376835800145665356403781196
15105,14126.2712892663788384259048794137686
15106,14127.2473363223492448642889860633531
15107,14128.0600277228803556417903660773904
15108,14128.3484845334007543481030881393297
15109,14129.6553402953990640162104262392168
15110,14130.0696903393360306528356195413924
15111,14130.6364794966995110338726552117051
15112,14131.7807546910845216091969812042840
15113,14133.2421129928531611835323493108129
15114,14133.9718426192806490392643008760610
15115,14134.5353720890241064816455319274737
15116,14135.2207078986804840293103088853234
15117,14135.6952939242460792043660743811769
15118,14136.8926118892993087843544157746027
15119,14137.5696022467559664786006962313407
15120,14138.4679777981054008190141450640711
15121,14138.8493736076016032558207509929596
15122,14140.3008684647240559471940546988085
15123,14140.7338981312974967657217165315521
15124,14141.7947482983219874165104241604600
15125,14142.6527156557308694278014371575997
15126,14143.2245175563798611135824210565603
15127,14144.5660307953346715939369919366668
15128,14145.1195618096588125426116399124071
15129,14145.8192961781037517926181921283354
15130,14146.4533982607913815729163094509835
15131,14147.2138989522942096460429674214157
15132,14147.9144674641370423598965650280383
15133,14148.6381042710582069676992639847003
15134,14150.2746468686756173078104984087520
15135,14150.6748127471813062871443445214075
15136,14151.5952152377667390395313434554909
15137,14152.6519470135368530498657123843866
15138,14153.1280918565576043195579045277840
15139,14153.9595663090796153678708994120148
15140,14154.3355895332875020878170308283586
15141,14155.5768972516028692319215661140640
15142,14156.5662290201779908557276500806058
15143,14157.1120118226068771778034781338091
15144,14157.7707377914070646185102144806549
15145,14158.4151642743984642571609549880026
15146,14159.6492283841099204288653167574495
15147,14160.7622031592412402955616695346317
15148,14161.4406999892644409838599569338672
15149,14162.2185781345835553267688929259588
15150,14163.0372688419725859213200665317909
15151,14163.6261158983083552915404710705508
15152,14164.4782914925848733201851589835163
15153,14164.9815513709122032910146253956447
15154,14165.9552004606294145274868123124240
15155,14166.6814841927108383901587998547101
15156,14167.7542246022180427449861731712767
15157,14168.9647779265255489315390877181409
15158,14169.6546536854936789891759470941513
15159,14170.1456020704743050442680332687765
15160,14170.7193556472299528184086904019999
15161,14172.1586593333834217247306747923990
15162,14172.6272409660463283489844099339180
15163,14173.5720659233987480080920332940056
15164,14174.3695479923222279399192628923081
15165,14174.5377944049520801798234874981923
15166,14175.8123141218853330382112662868017
15167,14176.6674277352225486627323656131554
15168,14177.1548397064624495247658048312229
15169,14178.7832495678829260923343866552624
15170,14179.4229416554602242919432572183826
15171,14180.4181140781962732621089507409432
15172,14180.5361321216985873360274961901131
15173,14181.6002799983086681615145891886244
15174,14182.2740009704145914374648953536953
15175,14182.8292852921541583719949732201561
15176,14184.0420401649422806929283166071276
15177,14185.0293805531147160400443788434367
15178,14185.3260476387768334923348721615814
15179,14186.5025446222412481658047858012053
15180,14187.4541475265851892012820852263500
15181,14188.0974510823403357889203886160796
15182,14189.1922970059072299117944252848798
15183,14189.7347904593012879155282099124185
15184,14190.4583816390102295764576978731345
15185,14191.6615434264603842939429346356376
15186,14192.2204242298593906440493201401868
15187,14192.6877045531509265869624569202526
15188,14193.3658063578764749189768047572815
15189,14194.1742389359038469246796595929477
15190,14195.7930511121236944130365626358413
15191,14196.5989510801274995395397572142784
15192,14197.0744051547146036531371036739476
15193,14198.0868782974676989998676665961777
15194,14198.6306617324570833774469501405121
15195,14199.4731196217626240022103877674964
15196,14200.1477730690181261953207034613749
15197,14201.0971593839605276633405486243917
15198,14201.8415480415995231811905133795652
15199,14202.7498898900127241894919117243444
15200,14203.3035169273824629853463026542408
15201,14204.4084993286026975683910104161605
15202,14205.1453784185201796167571250904320
15203,14206.0296109254557739342693599553842
15204,14206.9713195446034753777513269483552
15205,14208.2954155285798900497746150744508
15206,14208.4527406589822992204402337239067
15207,14208.9909140674373061628342090895606
15208,14209.8368963763645951585922367464739
15209,14210.6968846580907764526752133967913
15210,14211.6664952414792658793456328197499
15211,14212.1089270759655453386766733994783
15212,14213.3902551617396767337541271954047
15213,14214.4147951857264130047834381153173
15214,14215.2283300619925090889600113454742
15215,14215.9264277705504993697709688551203
15216,14216.4941444030984488980603132016334
15217,14217.0658572421700781112453576289887
15218,14218.5217613219011978218892860318807
15219,14219.0609471169373367523004179729600
15220,14219.6372620184229468372750761627615
15221,14220.6471170596870802929106540088353
15222,14221.2679971580682696467716852524786
15223,14221.7362854139077537609287456422745
15224,14223.3089022808998940879984929544338
15225,14224.2270072044882063223425616727189
15226,14224.9685799659624204533366713764560
15227,14225.4861923476196674362056885040480
15228,14226.5791566435402762158857902438401
15229,14227.0664642450083475884477310896127
15230,14227.9828626477113151120245349128536
15231,14228.3468121970525611577087168308856
15232,14229.2507274716749067027906144020560
15233,14230.5162390435364376608570076194426
15234,14231.3015989129852335646957402108236
15235,14232.2565635914800529031537378680959
15236,14232.5717199813510290474242456755664
15237,14233.9932819156070004111597023247283
15238,14234.3986395875123890438505341594572
15239,14235.3745424974270369579283601431271
15240,14236.3697836585642452402604152921690
15241,14236.6956709777495694418234097675787
15242,14237.7805898255362233687875571341750
15243,14238.3780360444107512866446461849039
15244,14238.9427117420405915036912409696688
15245,14239.9497464108863477998895485751199
15246,14240.9448029143003225178842262712193
15247,14242.2318239067638711780764806530613
15248,14242.9946675757673640272792464406035
15249,14243.5027436875766298727057952824673
15250,14244.1486551056601195323008875123722
15251,14245.0700168282666882670274805238827
15252,14245.3684283992199289219981437442247
15253,14246.9380885887324291370335446214283
15254,14247.4132852357761076144878358404124
15255,14248.1420359306080714484335932980746
15256,14248.7194176149238988721920665613718
15257,14250.2466527762773544349675707154580
15258,14250.8258627986786748222982939353376
15259,14251.3830713290406534713822923202673
15260,14252.5314530270852164356344626486090
15261,14253.4786300673695937018658120827553
15262,14254.0741953358751793842201374271323
15263,14254.8639573423677727960750934471979
15264,14255.4975578745964747133864810974960
15265,14256.0674065184778116319763719418872
15266,14256.8400124966985805842461110965626
15267,14257.9853630319249260605236437170450
15268,14258.9604097928823747851893944639012
15269,14260.2910930653730692768711616075997
15270,14260.4293451397241635167023562353711
15271,14261.2082476532338277276027187079522
15272,14262.3205877876910903549659875621004
15273,14262.8699899436091421567883125026441
15274,14263.6868663697984965779797361566253
15275,14264.3327716152005383702900637893004
15276,14265.6039696090769524906863505725473
15277,14266.0108059185787309854619090717752
15278,14266.9274999803611524382514939501162
15279,14267.3981988686005389569207142251827
15280,14268.5846515479791550798186431657454
15281,14269.8876049551817035631023215901091
15282,14270.6925846339541423383000597405826
15283,14270.9436206949139140045648271569522
15284,14271.9745832069753094034150400804300
15285,14272.5809815161524646577392419042924
15286,14273.4275398554167351429680434763678
15287,14274.1166750848040846366731929856370
15288,14274.7532263095897705304489219953242
15289,14275.9158238196657272868005824337148
15290,14276.8061386542674711225567849782818
15291,14277.7446413952694637131726693390571
15292,14278.7272207770118742582161436673123
15293,14279.1586576896922948598147011317925
15294,14279.8183458284904715399724224517637
15295,14280.7947390947058123437020883639529
15296,14282.0017255344038849103991593633733
15297,14282.4884280405590201798666359852060
15298,14283.2071737932616337143796037305972
15299,14283.5689985988859953482676817145521
15300,14284.7572394794506091408369932140570
15301,14285.3933129399260770512605245895551
15302,14286.8745181873369109789614445325451
15303,14287.3387262615141192469271057379148
15304,14288.3639223628047728591587825284881
15305,14289.4343305928542837687392898139275
15306,14289.8138558500454949037026897929400
15307,14290.1987619574967178696730699883159
15308,14291.1350898728506685643166162611868
15309,14292.1760649721613175565706771546116
15310,14292.8357038038630208951976576052943
15311,14293.9354617155103967051125040221030
15312,14294.4841405510503498085762187406825
15313,14295.4580702039559433451942233170794
15314,14296.3444390310395134317484984708079
15315,14297.1298137128642062924230768990923
15316,14298.0981132603514754246959183444160
15317,14298.8335682034980338506206818132801
15318,14299.5887957751981362466279522924278
15319,14300.2732962706078092551079450625577
15320,14301.0186958463513252499800036026847
15321,14301.9381780956294657000662220804547
15322,14302.5314410938279179897960497734536
15323,14302.8805947005234970981670751128627
15324,14305.0566773628410171990390613242831
15325,14305.3910544405627300580799049745239
15326,14306.1493876030261864802349717627461
15327,14306.9380641216483471673039689325519
15328,14307.4177352664376274929358693184983
15329,14308.5506490059649820630565213543175
15330,14309.1852285477604915459362876113486
15331,14309.9764716919617735486665873613631
15332,14310.9752204126537645106766593980064
15333,14311.4110751278313230771294434974047
15334,14312.4956570490128859385487748194039
15335,14313.1678791392687438967359087074550
15336,14314.3068050855473451403726956353955
15337,14314.9156560367207966450185952299660
15338,14316.2515195538835980496876904482117
15339,14316.5705014889096631410562710519912
15340,14317.6904630894178966909678331832560
15341,14318.1289179444481870032026422631324
15342,14318.8305535315285005037759478999087
15343,14319.2824658962516647262877178729327
15344,14320.5684773912086155748226688727792
15345,14321.5507796376564407523084131807841
15346,14322.1410776017813281903910387607532
15347,14323.3220643489616862518709133700773
15348,14324.2027109534921709919630872793259
15349,14324.7642696887116508352769173609749
15350,14325.4996566789056926083649550584603
15351,14326.1513582941759848027642822203090
15352,14327.1610985134138741871430395832251
15353,14328.1671961671534109749195358410824
15354,14328.8584214849785532353675390501412
15355,14329.2653371970136819997868932566253
15356,14329.9790665676581425322712791066504
15357,14331.0896779080296414462129890017248
15358,14332.0917405552010088572076198577301
15359,14333.2161484777418142538698498565500
15360,14334.1924660298574143072160453763995
15361,14334.3030799522626344923881547203423
15362,14335.1489286607896327078605064550401
15363,14336.1644394814938342320337819172521
15364,14336.9207193590094261997100366329754
15365,14337.1949675812251961908918915140712
15366,14338.6059270598051094063033562756852
15367,14338.9458189821155064949752997832131
15368,14340.5780008724544999142828326265040
15369,14340.9324017204879093170913462600948
15370,14341.9317886774828829244299274645734
15371,14342.3052088898360545397361089326632
15372,14343.5925160617516695466078232128809
15373,14344.5843736373139056965451444409843
15374,14345.0276224441406116692859164776476
15375,14345.6406617378142131096328471867075
15376,14346.5946049883253876747773898354144
15377,14347.3694756688541666091498243495540
15378,14347.8661631007729901893542990850866
15379,14348.8303238824030857442343126764906
15380,14350.1003112416116736321126559386097
15381,14351.1120362351975114108917737796244
15382,14351.7114937341966434243137375747050
15383,14352.4519082831735610180033822086613
15384,14353.2841693549129473473958726149993
15385,14353.6841334648549892724882632626290
15386,14354.4556089212237690543884153113684
15387,14355.7209356671648763764113954629425
15388,14356.3816013278816803279306631990379
15389,14357.1684126291580418400087662699357
15390,14357.7492329441316044467223143137945
15391,14358.6726337443426989113232733496350
15392,14360.0650385687257251567385916138657
15393,14360.5695435179576593347534623029839
15394,14361.1501383039998641043073953374972
15395,14362.3295963254243242809449006321878
15396,14363.1688971586872563920563882950232
15397,14363.6326474645240416798093171921624
15398,14364.3513439085089528400154652143049
15399,14365.0614406704731844904728752301682
15400,14365.6686947110151106864355058259760
15401,14366.9117962752279190495265538399646
15402,14368.1581049171339174575015769583656
15403,14368.7623658338346694227995185645210
15404,14369.4249290798719939430984717794928
15405,14370.4680810185461397956276117473325
15406,14370.8390535388599574726832684934297
15407,14371.7009708266378820971028721189861
15408,14372.8938406170260508797841488300122
15409,14373.3982877270235755483739889493772
15410,14373.9766347136052107922561772509073
15411,14375.0542166952392220854835699477683
15412,14375.8467112432069280999382139669884
15413,14376.4484284927677979046930545849867
15414,14377.3935542235131495758094440626418
15415,14378.8136629330176816446921752081182
15416,14379.3813267592294516336370732317136
15417,14380.3026903568318326204280912801597
15418,14380.6520959647383247129199771796751
15419,14381.2755348117096873192680941160023
15420,14382.3123998889805466562354344035222
15421,14383.0816839468347434875114988465035
15422,14383.7695261407862640887823894420574
15423,14384.6871663925658202564704628281133
15424,14385.7412647036301405164177183586384
15425,14386.7151204190805653072548377759192
15426,14387.5133686050423233063358105286600
15427,14387.8651723352473335619367707393157
15428,14389.0408622116156370598412835956819
15429,14389.5783563054956640333051457342709
15430,14390.7160703876900248202487958178930
15431,14391.3848961236400391593129711109837
15432,14392.1940965866991382084462076065697
15433,14392.6359239614848824107615925591007
15434,14393.2174498762049689603624559350828
15435,14394.4655260279381660546154171624900
15436,14395.7665108479460087794619913595319
15437,14396.4706022535604203093226918612742
15438,14397.0617733190944655423729355878573
15439,14397.9334715922768047101579517854990
15440,14398.9873266428039132101182993177607
15441,14399.1315872499132154607431670360848
15442,14400.1934228244030058476870882982874
15443,14400.5416876474246709570418267487518
15444,14402.1658838249485206951838129435644
15445,14402.7520598293863797566216143591475
15446,14403.0889255792786344976255353955931
15447,14404.6625310405845221169524385317778
15448,14404.9780340640351715741986216573476
15449,14405.9477427684172103833924927260411
15450,14407.1371937865412033994757373259274
15451,14407.6603804085321013110430357009072
15452,14408.3657137402455172424002432269166
15453,14409.2819645077605389961838831935282
15454,14409.7355427390750713586975337026146
15455,14410.6226450198502883950405504507666
15456,14411.3890085745438169303323252032878
15457,14412.1334869664362063923320291148791
15458,14413.4215052011720841717994713557050
15459,14414.5734926609181314518001381788051
15460,14415.2586429085059312073705632761807
15461,14415.5832256756630959338314238597865
15462,14416.1967742866039874334051245262864
15463,14417.2666282625917439490054691336090
15464,14418.1933918132260000082510669786632
15465,14419.0647082121813066577867723385201
15466,14419.4970560963131487441213331004564
15467,14420.4572535130992798881081074591862
15468,14421.0647353572238600291175608243272
15469,14422.4968722685931509098639123438769
15470,14422.7170572821944200435602028420171
15471,14424.0840046792535380829729335869628
15472,14424.8217400113772479352425795485340
15473,14425.6288755052940987325565568363118
15474,14426.3897711570845966604009642864379
15475,14426.9409085306542049290841392521092
15476,14427.6794875686315286556465091132596
15477,14428.3670446702244254537281390983823
15478,14429.1089556670417721306350160169211
15479,14430.4201794147123033674678187032309
15480,14431.4693465853205050703621357809796
15481,14431.8260282056890580709096001409902
15482,14432.7950384911617111789381587945899
15483,14433.8511874419311133822075821862603
15484,14434.3220111361309959303006246810024
15485,14435.0493263526971187262433794643602
15486,14435.9844522060897652164975868329225
15487,14436.8979617873571783138304787183924
15488,14437.5302676789093615634181391297050
15489,14438.4425207066878228393767546696935
15490,14438.8368112108151448095125662281868
15491,14439.5798473641175800035179399293599
15492,14441.3727342369560032560975478732238
15493,14441.8246797108550274431502348016776
15494,14442.7660654985991571687771939979569
15495,14443.3523991764674609323678215892294
15496,14444.1529429381842936217118221170103
15497,14444.8221203717528143771437512284665
15498,14445.3602572084819176089388567378253
15499,14446.6531915969491377551124822003898
15500,14447.1098406871535855903305075847874
15501,14447.9225063397939771620762014701191
15502,14449.1327947508033343990150543417054
15503,14449.9516241281076122322244727707631
15504,14450.7051225032017923270765819429213
15505,14451.4182678028157367501666379188261
15506,14452.0056716979371913900476310858913
15507,14453.5791665683946002850414751350020
15508,14453.9191493199205148910562943703742
15509,14454.6434566118029220384823920997719
15510,14455.0777437459458535280931777641941
15511,14456.0682955606783599169127400247921
15512,14456.8736212416902118370382101168662
15513,14457.7047745642306759888095869813481
15514,14458.8920726974302651934338072047332
15515,14459.8539253420443837047971852717060
15516,14460.7230099311214054748159125986068
15517,14461.0564399775013426742363528960338
15518,14462.0498957334288500029478784288787
15519,14462.6166084384886409497585493644166
15520,14463.2892870121380999822576464339965
15521,14464.4537792119765323488667158521846
15522,14465.2009970928593167270765724072785
15523,14465.9303724790557690468703383797719
15524,14466.7432080264436860185727564146673
15525,14467.3975475217392853920417278312435
15526,14468.6132348734682052277855347728640
15527,14469.4569558924497848905804121211162
15528,14470.3844123429712496671525352111634
15529,14471.0755492969132418807520829455677
15530,14471.3975228619302685507585280789140
15531,14472.7892144232636194755353942152385
15532,14473.3671648098104297949395609165410
15533,14473.6208972694391241069598020066155
15534,14474.4466420864727225624788321539933
15535,14475.7576812461335652799233240016538
15536,14476.8814463906953345005142164056618
15537,14477.7209107451416797071004611512902
15538,14478.2179001232664594123116579000491
15539,14478.9899115357326180340699360129493
15540,14479.7140050707685537254015641432023
15541,14480.8417208237534231313658594312283
15542,14481.2100252776285131693361892589056
15543,14482.4973632206134097413544048984167
15544,14482.8441517131918782980678128670456
15545,14483.7207361662542482218673151122742
15546,14484.3289001729296470469275979606967
15547,14485.5811135302555406604623161052184
15548,14486.2918209433415712814392101443156
15549,14487.2016004860135341076752437245775
15550,14488.5359577458166758494515781135344
15551,14488.8357331278255744223645685609607
15552,14489.5513397652214040669995209456135
15553,14490.2543506652023017335262558017943
15554,14490.7818874977800074799100373536954
15555,14491.7896118942220195908260271528084
15556,14492.8418202353967062341079868858542
15557,14493.5570136772066135507544632386322
15558,14494.2078892934868272516900483190719
15559,14495.7089178811507183082293270468406
15560,14496.0352094362956369339423398616739
15561,14497.0234387246928366420124471972685
15562,14497.4048893508743361898905107611757
15563,14498.6936742313316857733073783703042
15564,14499.3435591421897780030481751135340
15565,14500.1497004321613783210672068015916
15566,14500.9201739118685374632574922443556
15567,14501.3564887038619636876316865251845
15568,14502.3688386475694173529302632370911
15569,14502.8331136201976477120598550370611
15570,14504.7440894396987402494112560587700
15571,14505.2783836804715926315533007670347
15572,14505.7825115985517107123496786251619
15573,14506.7195078681739963045019802735719
15574,14507.3573236826858124875722981472574
15575,14508.1538858206467287845915997954094
15576,14509.0326402326602843716781615313401
15577,14509.5127000461876141594698466314707
15578,14510.4796291308359891082529870062066
15579,14511.5196004003891588262178355029355
15580,14512.3689923379559404015769523590806
15581,14512.9776199433412855584823607285817
15582,14513.8127157499613065885504797195855
15583,14514.8538210757917079615432497467249
15584,14515.8810553272415437407716404525296
15585,14516.2694027249468742524019059560859
15586,14517.4428000007169814990342567214781
15587,14517.8925538580591285357534628000790
15588,14518.3261280444122786180363389063724
15589,14519.6355337979290627677885955744998
15590,14519.9066822015602716007149318057690
15591,14520.9889915154605178077586147668857
15592,14522.3816245751593694321942866516777
15593,14522.9316207539794228761861355972556
15594,14523.8756893811464058019551509594542
15595,14524.7402563251330605036498095926112
15596,14525.2383171866519339998277748471231
15597,14525.5097983661623338139337499616330
15598,14526.9651220587771444027805889015184
15599,14527.8667882028050627995192797054614
15600,14528.5745063688034215187430059251991
15601,14528.9194116164297156075288539085078
15602,14529.7641471807241731543606141717625
15603,14531.0601337909539811088100346695101
15604,14531.7454799464803591524310494886379
15605,14532.8850023573527571956962791774116
15606,14533.3561970941532585224451343186077
15607,14534.5001475172882448497836655418750
15608,14535.0590252869878094289049168636104
15609,14535.7822187012925248458873859166839
15610,14536.2846698828755584731403709733139
15611,14537.1939384280583088981322885882633
15612,14537.8781296985941575835813147644762
15613,14539.0763732171476530972420554736223
15614,14540.0042168404699984254763612967450
15615,14541.0418560567756613898028377004047
15616,14541.4056771240115871726785537721857
15617,14542.1975406378396537280876763561222
15618,14543.1497988543050406486419128593233
15619,14544.1709298424477126411666330188939
15620,14544.6373052255094284727361571438085
15621,14545.3809830682458809118910471900937
15622,14546.3032956936486693902426548372275
15623,14547.2779344788158717568809865338074
15624,14547.4825632550305768206517692148367
15625,14548.4852927274836103727871178216021
15626,14549.6169644519949688773170215658513
15627,14551.0907368486715607244369447799695
15628,14551.4022842414834845306439329269132
15629,14552.0151179350656312560342289460993
15630,14552.7028336476992479453287017231632
15631,14553.5790258927764370814696199371777
15632,14554.4066455095737028306315075415982
15633,14554.8872861139618961858715436341823
15634,14556.1393116658990851802593142523792
15635,14556.8048302256207009509341348563842
15636,14557.4980486357930563963980913304205
15637,14558.7225401140330470062767403597424
15638,14559.5643552052546433301566143718952
15639,14560.0188237713085607152861650804929
15640,14560.9067562950111836731295651957521
15641,14561.9205613271466854638746192552940
15642,14562.7989911964547130669639784117048
15643,14563.3637101138079072108368506017554
15644,14564.1261252547182436721322204060786
15645,14564.6955600894903315554882325401124
15646,14565.1497911362272363642762854431034
15647,14566.8348471102414904165729551922213
15648,14567.4886526269548980902598417584933
15649,14568.4888044660034194770524292471929
15650,14569.2577235223988258843576395686836
15651,14569.9738362035544291405848910531835
15652,14570.7901340383145061499791453503035
15653,14571.2647690231385784069228714242239
15654,14572.0086372041121306048162183410161
15655,14573.2032494394137238567620762149701
15656,14573.8574206914470677070967906545805
15657,14574.5889707805365882097707538894357
15658,14575.5055219616174375418629869180280
15659,14576.1230787555599108818383872077380
15660,14577.2458600190504046099657511966154
15661,14578.0552606815720797052765962225363
15662,14579.2221265872315495030465857130322
15663,14579.7120658713773211489495128217907
15664,14580.4344898793442829375942185320171
15665,14580.9539991987764740767237041720080
15666,14581.9990376936357110483550155783049
15667,14582.6467940027958396269228779282893
15668,14583.4220964734544314075841028865752
15669,14583.9994360796963735243049762437264
15670,14585.6802560417365902338183898641082
15671,14586.4926841501587638590700075549605
15672,14586.9160022555017635839101599775231
15673,14587.5699173446938522057105682099329
15674,14588.5712478451450817561511381006449
15675,14589.1179201083403730452378010570581
15676,14590.3867031566799186817508153375042
15677,14591.1502155322745359339190198982738
15678,14591.2957914342135943254679996959515
15679,14592.4630318385095633210959022915868
15680,14593.2091902242396854447650134958369
15681,14593.8781530240354130350356427587785
15682,14595.1698591103852087834487684724402
15683,14596.2457784887515686245199191816724
15684,14596.5464122972572647359601205043222
15685,14597.7104492521754970333590441289438
15686,14598.3950347268042572581686757776230
15687,14599.0203608926417029503458723554244
15688,14599.4818137963102167644145469899410
15689,14600.2405974606794206601741672315657
15690,14601.5780360792238059629481839048281
15691,14602.1973247333146004957076358664071
15692,14603.2466843259816713448670094768247
15693,14603.7648448919563638533077051238739
15694,14604.9225289341566632481592129050230
15695,14605.7598805045450468958090627035666
15696,14606.2474103616044710247354345205856
15697,14607.1819133824783021520842596463162
15698,14607.9565452635879555700416470970403
15699,14609.1815330263522044882434836061222
15700,14609.2830366267562883862860001422155
15701,14610.1062460573912944122961652727949
15702,14610.9814369291818051974882921703864
15703,14611.5802335306588258550652911647466
15704,14613.1555977206539532811459504950040
15705,14613.9728469566849204399487935813864
15706,14614.7516519528993807568134199231928
15707,14615.3726659598238875260732208253709
15708,14615.8496468558420398406217983001380
15709,14616.7606424690474018498254021826465
15710,14617.7033315171450974576675157932217
15711,14618.3663146543155213122634335790313
15712,14619.2129494006191586311323149886588
15713,14619.9374612013469098294438910688023
15714,14620.8383298850138329227515025478495
15715,14622.0310821974520416043107065330017
15716,14622.6226624436537859412498892930708
15717,14622.9977197625750815572583939824063
15718,14624.6296886438039015427479412994893
15719,14625.2248697890421469467354019692454
15720,14625.9075137095335545466432844437752
15721,14626.3569138167762718103215232158991
15722,14627.4392105003106559799583780463358
15723,14627.8156505268497677804745720100466
15724,14628.7918798568137154169164254165983
15725,14629.6236227624080476115035527549970
15726,14631.0464354497410163395609658454773
15727,14631.4567383963569255356245255959257
15728,14632.7220934769593051061765965114250
15729,14633.1490781482848977097262924725569
15730,14633.6911396085648947814530302646762
15731,14634.8077551774499493261221262089655
15732,14635.2752625299285824024297914752061
15733,14636.2407681925879260711912632865095
15734,14637.5296463281676186644479173044099
15735,14637.8343673006063394335777627392479
15736,14638.2062353130807381828518008116511
15737,14639.3418085901233467152722792339106
15738,14640.6254416036533363549793149731672
15739,14641.4720167324048936005148232675215
15740,14642.1979451649651137723303558331916
15741,14642.8467997140529251976229665797087
15742,14643.7118669694965111098721602902593
15743,14644.5274386043206917037065319330159
15744,14645.0677193821545220740357152763205
15745,14645.7196969263107184224409494268873
15746,14646.4879327471020771173281428706012
15747,14647.6955591793791215745246391034913
15748,14648.6452707349947214811849829473059
15749,14649.4543704082511178414559910418646
15750,14650.2899632450286042903687189430595
15751,14650.9014489798380016711685225835063
15752,14651.5882436993839531709791314734026
15753,14652.6184153032038516082960007814723
15754,14653.7095401730272242060403441619769
15755,14653.9878983111986868364853846854503
15756,14654.8795477915065350867020766373300
15757,14655.3923139693217258057899736890090
15758,14656.6349342079393642223879612400572
15759,14657.0573234664250524573057607328995
15760,14658.1328257969337742164134542101614
15761,14659.4677379343770755359221441411992
15762,14660.0913899619166382776285675964615
15763,14660.8941338408338730519513566580072
15764,14661.5077226150377698158662835915309
15765,14661.9443406006060574786642972327459
15766,14662.7641128617949176814341683352506
15767,14663.9132338397074085052122024193367
15768,14664.7434754359586245341861741662835
15769,14665.1628102688853722026727759603446
15770,14666.2902487299707231013046142471215
15771,14667.3588533512700367740420357954319
15772,14667.7835024498845400917250722323742
15773,14669.0102430665912747938378265498314
15774,14669.5518498934820323074417494597711
15775,14670.3570002341689931526033191728198
15776,14671.5016811287455758604736232594888
15777,14671.8436989942349256515510100634177
15778,14672.8867954429334968113131244735333
15779,14673.3004368897584022869256916231138
15780,14673.9556702584698775752607025363680
15781,14674.8516093432315189225036842228920
15782,14676.5633256260356170117580083407666
15783,14677.1206848005136836865119011443817
15784,14677.7208135326237560300908582461611
15785,14678.3361951174782778111526565398741
15786,14679.5939602786391324005963432889647
15787,14680.0443751037565664399581859845575
15788,14680.5128941513578954180360793281086
15789,14681.7311424007306145198183741852832
15790,14682.4145379647402611938407176238734
15791,14683.3150637445718866798249324391998
15792,14684.0242294878248961043363577051668
15793,14684.7380392377041679394546782450826
15794,14685.7807760570559664257667050201437
15795,14686.6784370211500713407188863106332
15796,14687.6489135241599780869707534171206
15797,14688.4814416925861633999447905739865
15798,14689.0597604342600166698036326668335
15799,14689.6795685144282012863870779627161
15800,14690.3874873175039163864169866407453
15801,14691.2637938910167023557281513485272
15802,14691.8675836405523852534109292460613
15803,14693.2532207753389852096019462725234
15804,14693.4680047602703817568687243648151
15805,14695.2009038813702462663785028891813
15806,14695.6602799416299327941868631710405
15807,14696.3964662009888590596704403134315
15808,14696.9040797483020597685481286672305
15809,14697.6478624412944831567083151343286
15810,14699.0911176798264975684296222311587
15811,14699.5012526241908264148900269045437
15812,14700.2248251016662943890961770884752
15813,14701.0824423316530186600458936066754
15814,14701.4653157147381841550362144979059
15815,14702.6048870414681352032712566139970
15816,14703.7897258096884247182438854461905
15817,14704.4276202997774588408921200221234
15818,14705.6319976464619516637044234749016
15819,14706.1829822261438643960289563658709
15820,14706.7044886513212139760132081742405
15821,14707.6310194335393359160597524876944
15822,14708.4131306176211506910128425974062
15823,14708.8720199216376905854683054560965
15824,14709.6742619332159810593511107607570
15825,14711.0480206627152721026151403968496
15826,14711.7009255893457737484411998606376
15827,14712.5003456659191428483613938070061
15828,14713.3991324376479442678731334716176
15829,14714.0017619271452455597308045576648
15830,14715.1268224957929779886616918293688
15831,14715.8919079876308275905659224533430
15832,14716.5277384370327246147982851749665
15833,14717.2142542737039808527086530968191
15834,14718.1833926736147443812956526936787
15835,14718.9407226742348400902935932272952
15836,14719.4519874442752143066775283531303
15837,14720.0227346893656877234033784023456
15838,14721.5652574783872680912843443703573
15839,14722.7766340334890046217339242675638
15840,14723.0401201792040722873267188898383
15841,14724.0581297874370320215144316542967
15842,14724.5856255068593078858561666832016
15843,14725.2655792938918667754852048841417
15844,14726.0238544436670442555735957750922
15845,14727.0932165315904120903211125517156
15846,14727.8466062221614532247033122072909
15847,14728.6382520590740796579042095694609
15848,14729.0962780077639848918803941682752
15849,14730.4066233100908192766603570214335
15850,14731.3476420051804925086470855265773
15851,14731.8069054278187783395538721015191
15852,14732.7898742830930092694114015594995
15853,14733.7016881293582601721337811643214
15854,14734.6670585894718706854577764977520
15855,14735.3866585576303569840570813442513
15856,14735.6240748229185574154800200606766
15857,14736.2137647035253488694821877338663
15858,14737.5958589874689080486321595167732
15859,14738.0128467011503056118195580911961
15860,14739.3942675881912458086855680252867
15861,14740.3084548240286878448522363098263
15862,14740.8853114319960137391265614953059
15863,14741.8635748526659444386209611460149
15864,14742.4196829470223508080085659341996
15865,14743.1401797563885293274324364891727
15866,14743.9501269306469255806339469905208
15867,14744.8833378507458021516399321145829
15868,14745.7603158436378480196810056242904
15869,14746.2742527760990549124437127048409
15870,14747.2021121263787469199588398286768
15871,14747.9614528439604207294619785450221
15872,14748.5769131562025855100252517100933
15873,14750.2234878664131014169402266157035
15874,14750.9878925648696796741368987727004
15875,14751.3292417720273990407508101799126
15876,14752.0371847596202900280129466855751
15877,14753.2051767954148654405604657395886
15878,14753.4231480202885373895819676311574
15879,14754.5784224849766356531083390908314
15880,14755.0201451915357296513842908540026
15881,14755.9018767901998373968724901413330
15882,14757.1940766138418140068841799590334
15883,14758.1781137927174505495029373933743
15884,14758.5854174818669566412161286685513
15885,14759.6450655260486421429982048702413
15886,14759.9755663618518846586380070868157
15887,14761.2682237855652000687900101337538
15888,14761.8629255466219633256486768266802
15889,14762.8742909851061860652662060638248
15890,14763.4030130985298338734611313832890
15891,14764.1082549134394454242028136130989
15892,14764.6927328244133829183155892222754
15893,14765.7032453932434448891412075188623
15894,14766.8407067242667251290381511609576
15895,14767.7680483471930363294969085375956
15896,14768.4549935491105662006746492196991
15897,14769.6287194381320426448590070862902
15898,14770.0346928835159121226840287337016
15899,14770.5674966088401268360108646212725
15900,14771.4675014137132443783462186645825
15901,14771.9328120667659257463250583618264
15902,14773.3834429991323061124836904635620
15903,14774.0173603373531129321498147853118
15904,14774.6306128431974832508497847891245
15905,14775.4514373049471287879095441788968
15906,14776.7124169901062974375103293344488
15907,14777.4644078144041227429657009159896
15908,14777.8266264606449028555091576618869
15909,14779.2100898997096295263860172945401
15910,14779.8234565555706856789316374115125
15911,14780.3190865289216717046850373305767
15912,14781.3856713800180419639596021291698
15913,14781.9038965293347803790147286399388
15914,14782.7328122257889488362207346743859
15915,14783.0991553970748723525496348840526
15916,14784.7002534894845461827233622994842
15917,14785.7118119527023271697878101824963
15918,14786.6145788443535235646733413004664
15919,14786.9170546152708912399209027842134
15920,14787.5674422367731065758882142069916
15921,14788.5237862315423636644431046728263
15922,14789.5171970601539125055054558421016
15923,14790.1305046432186393853135450772561
15924,14790.8187280581726047732566649789660
15925,14791.6682120002956897643160621239104
15926,14792.6708742119091037543752582085909
15927,14793.2766736406737238624120756310348
15928,14794.1420919653060037594715999224651
15929,14795.1350712319869004754280129199978
15930,14796.0732850806013901629584516779807
15931,14797.0748073577861907341370174707495
15932,14797.6582604094157184639292584922173
15933,14798.0515498713384348858903733126851
15934,14799.0942543391352909331975195245705
15935,14799.6634896901677232794032248189456
15936,14800.2724898709127605525238378405826
15937,14801.5762128895224005808005868744768
15938,14802.2197583036480241544985898496792
15939,14803.4719503011208530620657645019569
15940,14803.9436535751005598653676446581282
15941,14805.0588574160898996653786439188658
15942,14805.6453166636507475834141916340992
15943,14806.2696637458025255359561213149394
15944,14806.9015532213785916424110730893967
15945,14808.3706402075746591495291251285758
15946,14808.9361881573135971784584791858833
15947,14809.2988155688111229994716430876667
15948,14810.2649613807892264225640439200218
15949,14810.7235243991784256136687856593360
15950,14812.1118330437157066750984263281898
15951,14813.2317310483562659878625713726793
15952,14813.9006646016694527468032952102917
15953,14814.5168385536879827241733730130486
15954,14815.4540220969793404215584867302946
15955,14816.1418920569418955174662047465912
15956,14816.7941008075951748135366492869822
15957,14817.2991460390228780891185008662886
15958,14818.4568394726508428197412955851647
15959,14819.1983379011429990580951630085550
15960,14819.9784951354248548043960117004306
15961,14821.3772851979758656754862545358005
15962,14821.7905784166948781992410863162316
15963,14822.3393239378699734697314947707538
15964,14823.4590219124196732735251534494304
15965,14824.3603453742695160780254671691488
15966,14825.2081262220026634797518346905797
15967,14825.9355342227853106770369517063653
15968,14826.2936952351698267013716377132399
15969,14827.2490871128934990635590271530044
15970,14828.1099734412378922314249688187425
15971,14828.8285645157288229594939362737775
15972,14829.4711896387380598847263884304406
15973,14831.1044576129407676099524781892871
15974,14831.9335326704336412379839715986321
15975,14832.2998815937747260912590057837429
15976,14833.1659413808668105286850167318693
15977,14833.7392945561771564738006341926233
15978,14834.5053863185928815093435576689009
15979,14835.4370884300232982892314052798516
15980,14836.3067869688911760477596727982754
15981,14837.1326055457465890051451286634109
15982,14837.8075800821992292465002997611340
15983,14838.4365960248854253531954729212150
15984,14839.7781369742506630683780301228390
15985,14840.3580318167610626181599275730083
15986,14841.4264550815375656523600936862469
15987,14842.0141731395983596524552050271509
15988,14842.8820600182856364393165189164152
15989,14843.8507745145156893817031399345795
15990,14844.3187683060437149752880397299047
15991,14845.1748370967837501779388214100524
15992,14845.4265198794952322398075842755468
15993,14846.4242548657369433107768185132453
15994,14848.0790927338903221710705361908418
15995,14848.4984761577551511544225972094169
15996,14849.3328575964406931206706220482175
15997,14850.3247593933623865539790220858921
15998,14850.9393730059597899961542563709428
15999,14851.5303526758474037402848374727721
16000,14852.5141221935853517045173780527666
16001,14853.3114005855956477650365537223572
16002,14853.9746481854509039241542315264173
16003,14855.0143101816708038744799311349962
16004,14855.6161595419905848677838836437109
16005,14856.1063017049462785485677361074652
16006,14857.4207949852028091531725582812083
16007,14858.0600921177816631814445344558151
16008,14859.3982930777482209079562990423689
16009,14860.0971219387610358867675708966983
16010,14860.7374633087225145138316850615712
16011,14861.4530127266060905043048812691536
16012,14861.6763486668240810613859849943144
16013,14863.0667254551185889897810599670899
16014,14863.6549038659644778850244659997419
16015,14864.3335489283396785429160658636632
16016,14865.3568441557136398757456801423300
16017,14866.3233628658294833172943467043039
16018,14867.4552694798736062906859108966563
16019,14868.0603998662822625868209913860037
16020,14868.3953689389549599251388013213519
16021,14869.3647149528755417468109168824836
16022,14870.7186203872395489506380895971972
16023,14871.0108002226054875335923296912910
16024,14871.9901023620677001867207387457583
16025,14872.4998933502619349546937833318882
16026,14873.2960029488001637658886061580415
16027,14873.9651007142289454852221722426601
16028,14874.9507395582469451444278364297267
16029,14876.5448418264495620704781951725846
16030,14876.7761116541888888650585660025155
16031,14877.7884524150297662243735797826652
16032,14878.3652391590920669726584976872767
16033,14879.4151080184585956478240894926179
16034,14879.9717662043184273470574926809923
16035,14880.2852069997365666750146338613479
16036,14881.4719619592428700322425023117506
16037,14882.4278581619104537475345699224343
16038,14883.3634385855379020571302299979292
16039,14883.8383563637155205138444401906682
16040,14884.8074574492205916371876010125763
16041,14885.6408803961469316371097236689007
16042,14886.7700382115917722677910043169234
16043,14887.4521007758785159025450705288266
16044,14888.0077308134534444184902568771381
16045,14889.0440428013471949500326204521577
16046,14889.7088887499507459355650620495401
16047,14890.3913737367920701638660667313618
16048,14890.9447831640282089984421805295893
16049,14891.8751431238413796704520832968855
16050,14892.6575494919365688360017860971275
16051,14894.0377541091952145147614011071269
16052,14895.1530794205042165748453174079149
16053,14895.3130780157021778408940289121235
16054,14896.1704024450906249546765244281832
16055,14896.9691943919417760454646639812516
16056,14897.4982628273467799267373416982870
16057,14898.6199251749110720737700122682402
16058,14899.7551269837480684094186044393457
16059,14900.0398060237194977344502169156085
16060,14900.4452500260860641308533897153723
16061,14901.9193279116591506978309398458101
16062,14902.5733784439281851224860940624370
16063,14903.5003690994596870554734672419716
16064,14904.2313881590512369824339893261643
16065,14905.4784577449324638753616479027479
16066,14906.1198396388442385435421848902909
16067,14906.6796346497261600870945978892206
16068,14907.3862550059087610745345012123190
16069,14908.1054798297654948879120066703504
16070,14908.6664887236044421761332155763411
16071,14909.8347070763864252199006867716077
16072,14910.5985322445687529679587245643193
16073,14911.7090527738384351363813600172528
16074,14912.5404854120164191674299758189280
16075,14913.2414084630238993920986208422500
16076,14913.9266573578357786651203761990699
16077,14914.9944729596802584916961359679308
16078,14915.3484874759617581582981167166388
16079,14916.4848919220507702140160585968325
16080,14917.0604686184522011338372445528665
16081,14918.1177096723822823411409779666672
16082,14918.7355998316348502948863439170658
16083,14919.2951145469973883234541859339699
16084,14919.8463041412481750958568306375976
16085,14921.7664034969445345312040158046754
16086,14922.1796198034824654784984794641176
16087,14923.1806688232048156547091034105372
16088,14923.7191910256763011051576218703049
16089,14924.2929164643852681354758425714640
16090,14925.3240320651831049985505382848169
16091,14926.0870001713188590546710865543014
16092,14926.4310188150322194622617813009863
16093,14927.5625031935723707167663754823788
16094,14928.5113744585066570311376369938383
16095,14929.2869392700044676125699749724749
16096,14930.2413428254807807614910934344123
16097,14931.0450286657099623092357046215646
16098,14931.9154615230979187790401864200619
16099,14932.2011773923522563612931839932747
16100,14933.9075194673779427993155627068888
16101,14934.1657571213450944765109959640728
16102,14935.0089287463915784053716899871193
16103,14935.4687814978399688311365016310448
16104,14936.3802107765540592079508799264580
16105,14937.0618546489360929140499587006018
16106,14938.0595132849656358247713034925613
16107,14939.2203371537319946865794804764031
16108,14939.8814427485003005174141550299937
16109,14941.1318793696217919131782514835421
16110,14941.5929643351466039339682694845423
16111,14942.3118912071547622741005810866324
16112,14942.5882671785043457153031240145643
16113,14943.7764465905216744747794010014449
16114,14944.6534300694758432490266526087295
16115,14945.6071749162574856753763580765609
16116,14946.0626982034490040918387281835063
16117,14946.9134392965612872059970332266521
16118,14947.8036441248895922938601660813889
16119,14948.8214152700649837478790857847223
16120,14949.5893533439751215294307290292071
16121,14950.6991517084036733428813988827117
16122,14951.1833095283681512857642675127592
16123,14951.9361914921797740814633391566650
16124,14952.8625398374883443605810508888190
16125,14953.3902218794021795664772173209452
16126,14954.2711454877225043949968248250121
16127,14954.6947308962214646912868785505809
16128,14955.6274081448249220011809694410760
16129,14957.2709027517843507241535135111127
16130,14957.9004938851564752920357148780588
16131,14958.4591474803173913071720858304264
16132,14959.0538881772408321803885626431526
16133,14960.1699269181255862788132277466957
16134,14960.7772333697732453517116836789102
16135,14961.7573166856427091456228173251457
16136,14962.2381345308702862871428454551900
16137,14963.3796456941437997463608877430016
16138,14963.8756967335622686167135810238813
16139,14964.5666788355201196010299914152531
16140,14965.7280578465933854193423843461095
16141,14966.1827976502300864968416456266874
16142,14967.7054519411147468460010266971065
16143,14968.4618193077528243279158193698368
16144,14968.8949121715553552220071184837372
16145,14970.0245133228959351918743674866342
16146,14970.4843887836018497958461318108624
16147,14970.9334546869751230865096423522872
16148,14971.7927855849376501963438479216312
16149,14973.0481235675326362896644911536163
16150,14973.6853188589809935847234251374766
16151,14974.3649453306358641878787499465312
16152,14975.4946616219939463587739705224862
16153,14976.6299205709803457848169562897739
16154,14976.9330338375754394882052722997853
16155,14977.7237770405180580916931913852672
16156,14978.5550425150830098165604678141186
16157,14979.5147097531080375957844952282163
16158,14980.5768284858866078089298419377121
16159,14980.9298813917546784735423500628776
16160,14981.5092479630300907722897581222633
16161,14982.2593272557162034386010067982190
16162,14983.2089399531344730390073663679382
16163,14984.3290325373417819992817826273247
16164,14985.5060633889762556251352130718086
16165,14986.1998923445147831289276815732117
16166,14986.5963038295430569080483258243432
16167,14987.7174971791695787103659696602227
16168,14988.0993079913905307443939308353723
16169,14988.9976282149697678509286626440602
16170,14989.9399861823717440330692833275029
16171,14990.3149768161809655815781812252454
16172,14991.6210506422633024353420629153783
16173,14992.2816051904917596044081490910951
16174,14993.2323102841459748389858619657369
16175,14993.8764543157137092128332857848667
16176,14994.6945173174872079341217440216897
16177,14995.8103484105441480951024303271689
16178,14996.8277011237530101991739418278473
16179,14997.1789960672322615984645012493057
16180,14997.8536081197844111996480544242785
16181,14998.6224802850835149960895286219271
16182,14999.7803940064023915043002855218688
16183,15000.0087829296541070971855727097318
16184,15000.7282242245590848022083293613787
16185,15002.1997602701257520812158931422565
16186,15003.1670509532196557964392482654295
16187,15003.8478069847656431921731268755960
16188,15004.7578749902242180147971467567891
16189,15005.1600274960799839788638625705617
16190,15005.9050240609251794344707873593605
16191,15006.7040208653574068454155702960456
16192,15007.9015514269043775629108482643899
16193,15008.4583780447129914524195596047576
16194,15009.1832934652670895882564087717150
16195,15010.0746951475299170763470591133010
16196,15010.3627772688402269252986981141677
16197,15012.0512472416323567318164225159415
16198,15012.7139851004849400001716124575134
16199,15013.3060417176534017931920016131868
16200,15014.3681813278110615047092938890935
16201,15015.3282947436233873155920414263718
16202,15015.7564428816389868704948929242006
16203,15016.3341819473164389739023021753272
16204,15017.2545120330317349990687662282783
16205,15017.6304279430764489094796019635246
16206,15019.0428955285833941745241345704761
16207,15019.8594842338437736703352371458247
16208,15020.7058561261098290536397065155204
16209,15021.6885244157006724910315787582588
16210,15022.1825506372510786599579180581143
16211,15023.1568792604155996016987856217111
16212,15023.7574251126179380203300655219950
16213,15024.7065030458720221643241614633812
16214,15025.7269099979183437898614669489301
16215,15025.9816256307863538895797225952438
16216,15026.9365321585101929451573109381797
16217,15027.9523545844997359710016692121726
16218,15028.2588347064908105115267473043713
16219,15029.2100109793045995824538289158570
16220,15030.6149413377802620430706170164044
16221,15031.7222801729706640219826917702339
16222,15032.1169364762030477396362799860766
16223,15032.5683475553828621560703083869248
16224,15033.3882546729687572050491501697656
16225,15034.3721433476882324319126353392076
16226,15034.8928239604053818577913355829321
16227,15035.8933073455284742844527550548685
16228,15036.7129634425281719445450304600663
16229,15037.2371436118470088160762804752333
16230,15038.7853903348335672806887278012353
16231,15039.1692957329797838212689092396921
16232,15039.9634955813516110969411315718205
16233,15040.8121015079266768764383819539675
16234,15041.8184191171979222069822309365287
16235,15042.4525756027308933078461871457738
16236,15043.4049073236306871915231836355702
16237,15044.2076158740522194617978172477721
16238,15044.4656819429088107612317054381686
16239,15045.2586809880137459745863190120225
16240,15046.1078935766450947824482631852188
16241,15047.3442200644641298258498657524621
16242,15048.4035662327699373494004237047831
16243,15049.0181229283675326099399508283891
16244,15049.8227467903954894937666143040410
16245,15050.6340981351115890331738264894252
16246,15051.3877604162481229066617308217472
16247,15052.1059883414163018833599922136093
16248,15052.3063919174478951745488163656407
16249,15054.1092728058237889496669972425726
16250,15054.3565603046436878353962341983471
16251,15055.3607410640400763760722334867674
16252,15055.7032469066995869322816638962475
16253,15057.0515311572123114465827169702132
16254,15057.7467929592388146117287446248548
16255,15058.8959858520617074231230455263633
16256,15059.5108838885140930960004794671621
16257,15060.4358904036758684086332643399714
16258,15060.8651394762013661181323402225676
16259,15061.8475766242521150550987369564768
16260,15062.3370686807428980687419703407888
16261,15063.2218421795256413069945174003052
16262,15063.9235467324751408872826030256235
16263,15064.7925040249487864894745540455133
16264,15066.3195315204633545515354021358639
16265,15066.7708914778283557497330764951980
16266,15067.8154552530494161379632340161958
16267,15068.1238868843335216251070443010454
16268,15068.6852095906439663699580284082216
16269,15070.1617162562598672440428215853208
16270,15070.8352690023018417092178202335181
16271,15071.3125392009350648410711686007221
16272,15072.1660171330056474169212501278208
16273,15072.8592833008699373890609372961342
16274,15073.8517524046439866679175762421347
16275,15074.4593277830695634286118570679989
16276,15075.6531559585660230626581080750707
16277,15076.5727518079437864998592643846476
16278,15077.4384066365490572379980133553930
16279,15078.2040184754139930165184256734638
16280,15078.7126114497588623486070525296455
16281,15079.4164174387822439728484118884410
16282,15080.0787923293770144729686737775235
16283,15081.0428524747919027456353363227004
16284,15081.6769558416297569031397714776637
16285,15083.0685806994070232868081905361626
16286,15083.5525485027693820001674703234537
16287,15084.2549841408740986132949285634922
16288,15085.5197798297764181971155591380220
16289,15086.1763183978985985668098418993708
16290,15086.6951431001039092440586653840029
16291,15087.7298866909748533318173863007630
16292,15088.4412771024454604927510488425194
16293,15089.3205364010579991227093206420916
16294,15090.1669834522859656901203863228567
16295,15090.6280847632650348449273905925746
16296,15091.1145304471415438937254613620125
16297,15092.1612296704261949054794411303026
16298,15093.8705032264941804305599085182286
16299,15094.3051689859738268371590565022420
16300,15094.8900858480839537319848969851549
16301,15096.0985728164588015173577354158847
16302,15096.2941890597975745785610960839167
16303,15097.2114819570335422000492180627988
16304,15097.9740099278693714536107101800253
16305,15098.8806528387267358161772419698926
16306,15099.6627123919979126212753737275332
16307,15100.3740271753061495850383888093111
16308,15101.2781660356329425515262469364892
16309,15102.3393356922178201021354542938975
16310,15103.0266136503672028315991517898729
16311,15103.5733323929409901690245953998712
16312,15104.8368192858117976522597522731140
16313,15105.8493582909507498933816020536805
16314,15106.1724525680567001133659981057278
16315,15106.9758643088513851895845595195449
16316,15107.5147919210442322195271455587790
16317,15108.3032566573421597708379618969836
16318,15109.3762666716797693725261959371571
16319,15109.9597401268138411568701136776490
16320,15111.0224377714769765505919320147959
16321,15112.4934026118313511770125651266708
16322,15112.6875340919866099559990269523157
16323,15113.5362300287530749272961777106973
16324,15114.1854509494606246099617118231735
16325,15115.0259705326279381838845040870914
16326,15115.6674915225225394420792636240374
16327,15116.8929102232849288359111365714064
16328,15117.4478945950679353181505827335631
16329,15118.2878147647449567366804519327906
16330,15118.6803921956849060867945868529744
16331,15119.7905857606597166994207107056524
16332,15120.6918531856368214464885855462799
16333,15121.9971618656233779287688677313276
16334,15122.5373340997146751738260001092541
16335,15123.1808194277317535014019157799430
16336,15123.8919577708594720817541235974626
16337,15124.9942483932919450065751024247311
16338,15125.5646734722286002149772327052585
16339,15125.8945849288937736210291124398910
16340,15126.7072717620604497434418495137582
16341,15128.1248622236009522939872603818353
16342,15128.7951153986720988073868897460495
16343,15130.0431088750394353522019037241954
16344,15130.3132185158707246651397292344280
16345,15131.0972590307683363946507191169057
16346,15132.4075223095781432924180222703346
16347,15132.5635383785933623758047902680584
16348,15133.8227947083188665277603874768358
16349,15134.4350468803851177360919991843944
16350,15135.1811520253733322909162041881816
16351,15135.8629866748019683790992941607414
16352,15136.6671297568268843354684503482234
16353,15137.3308877935204835611417669196345
16354,15138.5474390492443921117195211645977
16355,15139.4495051784478340564587243855857
16356,15140.4994223089847259778004840924478
16357,15141.3348811835783892499842466348856
16358,15141.5501200752358189670659826923931
16359,15142.3630075881880161135002398624181
16360,15142.9743619237892362172562951231539
16361,15144.0689986748386399711563653394183
16362,15145.0160114639759712653879457912205
16363,15145.5826275560772211947247622019897
16364,15146.2839616911074689844228819044869
16365,15147.4641054101051502274345740609550
16366,15148.4158306049685042486704218103673
16367,15148.9993415595259741213096927310609
16368,15149.6756543688247708435321810309267
16369,15150.6479492065364132650950478339871
16370,15151.8591722719496525537084431972410
16371,15152.1818326907187698197581231045172
16372,15152.6705933215940844822259525276446
16373,15153.7863861218787902522271088100200
16374,15154.3913804516518835609782964182888
16375,15154.7667720354831402869994621096578
16376,15156.5769830181832060620279204635427
16377,15157.3292633205665209694649943452367
16378,15158.0402246350767208035167565122148
16379,15158.6250534810898963000919552343170
16380,15159.5803180686306361500093339357158
16381,15160.2161804040583948151312518935315
16382,15160.9364378489733805221957105680171
16383,15161.8867050152275280656817840366575
16384,15162.3696851785571861963667034419925
16385,15163.6067280827474857825024706557644
16386,15164.3129073469740199837330595182209
16387,15164.8548087564500567148580247551026
16388,15165.6722893655952796256042504099651
16389,15166.9660110232892510778204327716317
16390,15167.8145734117377216068197780772297
16391,15168.5044747811039488704293932186981
16392,15169.3085200928797057271351194410687
16393,15169.7817231495305724457036822887971
16394,15170.8189120866948713877537424014081
16395,15171.1570153972056889598749205360318
16396,15172.2940418330220175425814789881439
16397,15172.7279659098820628150393350877054
16398,15174.0871647811037588709584843111099
16399,15174.9040295038842983969993820232833
16400,15175.9608578168213509839904269348205
16401,15176.4950396420954235291947367169290
16402,15177.2650960857033214812103582220392
16403,15177.6844315670395404746436494838663
16404,15178.8129862709594915887090802504149
16405,15179.9210294174757801448173432862879
16406,15180.4347250614354896833035348753593
16407,15181.2015856103312863097005190996445
16408,15181.4368708948467486605249870701469
16409,15182.6695233583694180599199667512173
16410,15183.8413051140722098424740817392501
16411,15184.3715428372341255873016758545941
16412,15185.7706459473943497045767956830744
16413,15186.0896066922957841487403182774561
16414,15187.0892391923098565255122712886413
16415,15187.8183755398431696326357176461197
16416,15188.2431563436036087185928635171638
16417,15188.9561850079038460194291324409866
16418,15189.8760083237501406905781214332272
16419,15190.9958547140994980266045731726091
16420,15191.5566626468986057417524808569361
16421,15192.6660583095437604246121606155151
16422,15193.4362371382148605815962437035615
16423,15194.1947043718766341005018144080734
16424,15194.8056657058344357036160258681538
16425,15196.2214961131924365160812890536428
16426,15196.5717440563467544733502003897333
16427,15197.1199647004990573635686458893809
16428,15198.2756605320970867739813353669974
16429,15199.0964446729134584502041600564607
16430,15199.3119873197255729720573285543995
16431,15200.4287879641240100644998133977822
16432,15200.9055386219762825584844004124654
16433,15202.7428125573147593554118769359640
16434,15203.4273365909660217573506819977178
16435,15203.9448077677868762426721942852237
16436,15204.4796032074406380948266445972660
16437,15205.4040235296732909059525898977969
16438,15206.1902731881896768480124213016612
16439,15206.9048068611956100571415513211665
16440,15207.7343056611862266854896124758313
16441,15208.6614951941005127511504505134700
16442,15209.2919975830695413194418529880614
16443,15210.1229474919841145647641531155514
16444,15211.1659031050778176229091095278831
16445,15212.0707918242850592495628333715875
16446,15212.5530937007571505183031122974761
16447,15213.7030471357737672911172239695344
16448,15214.5375200081465052111932325425566
16449,15215.2348324207372660006373467430860
16450,15216.0321789002947494156051375053051
16451,15216.3263542068665143079301836055733
16452,15217.0923286478047500330104504867285
16453,15218.1104397189719158053790735269862
16454,15219.1530684906923873420946536297496
16455,15220.2155351416196917450365886692863
16456,15220.7140313833744116212857128419968
16457,15221.8912903472185932979571145968013
16458,15222.6007763966882813780387997968904
16459,15223.0692616762967875396084663294804
16460,15223.6285906274507903055365462099850
16461,15224.8655239020290192403598359216036
16462,15225.6534722405830835727108196336604
16463,15226.3823533022018095847415515017495
16464,15226.9713945186283886161077329804223
16465,15227.9490881818741847385503807263957
16466,15228.3754504782936904153599373247005
16467,15229.8255440789350632571253269138700
16468,15230.7350542709752137568557447537674
16469,15231.4196369026838258877027378356979
16470,15232.3180097163123454834531836661891
16471,15232.8129247215189466293504725019142
16472,15233.3446763734736804977398453624439
16473,15234.6215456926271688333273555946818
16474,15234.9439949155673549879068687539518
16475,15235.7612581548769668768916877588818
16476,15236.6019953903076037077328549867423
16477,15238.0876223035755045737376817209480
16478,15238.7452517838982239091993096637690
16479,15239.1787913484656588184360286995830
16480,15240.1529302495751696746521790783788
16481,15240.7706267449044642531059776688195
16482,15241.9330114905330102677823800785171
16483,15242.6680332171946931557492893226535
16484,15243.3566048573305561923416462867365
16485,15243.8235871123528600941095794338211
16486,15244.8241765383948606875341873527376
16487,15245.6766248846875303898246609520936
16488,15246.0142214693916046872174964064125
16489,15247.6299109535311195107005127342799
16490,15248.3705415810857583811586417230494
16491,15249.2181718257469290902970221447742
16492,15250.0260577134721595150622106920744
16493,15250.5612919943830898206693909762370
16494,15251.4268536310853704080038726743751
16495,15251.7993805625890394268595265161104
16496,15252.6774234989690867637903694384033
16497,15254.0821799807024345228465677207875
16498,15254.5902753016208364727676483806204
16499,15255.0550414993182461944009730873809
16500,15256.2414661235433006450808747699655
16501,15257.1898886850627656268745737904634
16502,15257.9542103302164582025729061662929
16503,15258.8068580065374805904541565388141
16504,15259.3146472160432891319477562474253
16505,15260.5760622902582512755175670548143
16506,15261.0162663610814266041996729368480
16507,15261.8949672382911217667652025327992
16508,15262.5344561906683949824767328977495
16509,15262.8068115460677513173749445506718
16510,15264.1282823467553572815567536930833
16511,15265.1973873678098840710939103734585
16512,15266.3204071560897376927888491165610
16513,15266.9485449467291172073846414230071
16514,15267.6267136318677285053929426588932
16515,15268.0199910097017413771705888459863
16516,15269.2787759468406950206621410770820
16517,15269.7666833745578078686802394722609
16518,15270.6889242262041183513841470214247
16519,15271.5378694047557191295881109092289
16520,15272.1206018265884381965487476216976
16521,15272.9912067758065082637869707224304
16522,15274.0727701553441816194478801960489
16523,15274.6467987596427704755214258340421
16524,15275.4006328043537948359877309607283
16525,15276.9687566625485835082699798723918
16526,15277.4551170527894649269714875435562
16527,15277.9015695881581443816187527281354
16528,15278.8001842015409607447242944212585
16529,15279.2925812099494549921632132108374
16530,15280.4121094307821635760182010637455
16531,15280.7691362470430194684060061826541
16532,15281.9081103136977438542925564568803
16533,15282.7761923819847293792590926868081
16534,15283.8587101969700762299791515682744
16535,15284.7963575943370353502002386557339
16536,15285.1529513838393805635868461271870
16537,15286.1884300501184334634383818946282
16538,15286.6289372959911119095326556331008
16539,15287.6590300241980105377332447787804
16540,15288.5449893474174506299008420892422
16541,15289.3487932156025222627559537641199
16542,15290.0681737814678681560833852570680
16543,15290.5423146415356879290445828070441
16544,15291.1446489963880512874162109337308
16545,15292.6092690846800191155276482456759
16546,15293.7264008876790650760404999342651
16547,15294.3089370177879543631284346664623
16548,15294.8062795724160641475308217787080
16549,15296.0717866414368994121167356630857
16550,15296.5208097673112583837349211837164
16551,15297.1451352362299564536496018239533
16552,15297.7927639546775643453124939929216
16553,15298.7565708791042139845893421296784
16554,15299.5751301067928925925601089381387
16555,15300.9190308231367746720439123222650
16556,15301.0952242797438153688648905763457
16557,15302.2655454803438693648791939208308
16558,15303.1124854620126425546207121942990
16559,15303.6796304244737322329666448800726
16560,15304.6818412070235553669714556755156
16561,15305.6348773423288589983670132865625
16562,15306.3962043285754609205119500509205
16563,15306.6543459046258671107678463410292
16564,15307.6031270236178741797944768404750
16565,15308.5000154275744469173220089693928
16566,15309.2033453826078677272397369728564
16567,15309.8191021394310735326851293143154
16568,15311.4782672421213347008975998169639
16569,15312.0927996581558364742916260989086
16570,15312.9865748320107450215775487247133
16571,15313.3997520611628064653279398256965
16572,15314.2297441471269634484309963211904
16573,15314.5546594154558906556874542651236
16574,15316.1211919193725684931921769627914
16575,15316.6420644831502807349341626327356
16576,15317.1520211473145948788678176694755
16577,15318.2496174297484054145102824647288
16578,15318.8756331115402663664506269617978
16579,15320.0377821747521106984687015987926
16580,15320.6903604877285131800993796302712
16581,15321.5737648599740729313237706220669
16582,15322.5973306679909820975050225941483
16583,15323.1308698203912664276939479763719
16584,15324.0634194610071759232253265025968
16585,15324.8242053517633782750174514710883
16586,15325.1816626154658611315270317943616
16587,15326.0735048287757756480513587327216
16588,15326.6240138540410190854851519947176
16589,15328.0557546280384417386057616675643
16590,15329.1668721694679079670833312825835
16591,15329.5786828373989165289751361998510
16592,15330.3773527675949017606183552636131
16593,15331.2939053865278150114517651863667
16594,15332.0446980950038635467999570230815
16595,15332.7399159689455226191623543852695
16596,15333.3417977952412813639312405561830
16597,15334.4105695098777724027983133650235
16598,15335.3674590406482098154323639850470
16599,15335.8177590230420930228294858939318
16600,15336.4201679972083522755059129304400
16601,15337.4290274442994912811074247956154
16602,15338.5066840516723975547517281774994
16603,15339.5354294310517652259062582986209
16604,15340.3735787443145523161813305675652
16605,15341.0677025880707027878055875133417
16606,15341.3580597688929906986311407170324
16607,15342.5464662970519790350334535899909
16608,15342.9779652064265051742812717386192
16609,15343.7196466606742896716399301271743
16610,15344.9077548720495571971297010605909
16611,15345.4367216985957469501815474035856
16612,15346.3610990839862597859372289336422
16613,15347.8186535447794700707354325845049
16614,15348.3301135481014271649568203567018
16615,15348.5558692186425024523744308767222
16616,15349.5536285144956228526586710074138
16617,15350.6789810335611642823290013624374
16618,15351.5513791022581678040584554140425
16619,15352.1510483523553394806319258375069
16620,15352.6922554314970989903291412542612
16621,15353.4270006862293510171903284605080
16622,15354.2264911144866507449082828547091
16623,15355.1741552303976903358526540076925
16624,15356.2582301740147077942383336961195
16625,15357.1762144956552439036985995537109
16626,15358.0912106844558537239735568596553
16627,15358.7625662790999422115604044551743
16628,15359.1904554065348214876487412645448
16629,15360.1566847567820880061598886561684
16630,15360.8982077232340840344363593726920
16631,15361.3027196791317546049315652862791
16632,15362.7141004280519392339583586833359
16633,15363.2915548798328484452675846343967
16634,15364.1444174431030233726187096527436
16635,15365.0288786601162901557503354290849
16636,15365.5698023495204278431732204869885
16637,15367.0900321310182316522917430456812
16638,15367.3195642600104156259262983504082
16639,15368.5273378313051698556432064522720
16640,15368.8730259031938738704260789170568
16641,15369.8607968992263930039538087407737
16642,15370.6150834221199258125465486902242
16643,15371.2994296029598002439786967919729
16644,15371.9557012323935794454100146178655
16645,15372.4308851755870828307270527753453
16646,15374.3401064006012261348395814951328
16647,15374.8500285363206985907758232819502
16648,15375.6708778262392621422317393483396
16649,15376.3128735100153809826922321860570
16650,15377.1022864731581841499918863873467
16651,15377.7122114458423279526476050057100
16652,15378.5395259585202398261995670799048
16653,15379.7212997493006734959034885233820
16654,15380.2268690828265118668635076829212
16655,15380.7861163123162106899911020014484
16656,15381.7404628188259903074495401741934
16657,15382.6913790254092441301449058386647
16658,15383.4464954067468086778363047056255
16659,15384.6083022120040328536877370733957
16660,15385.0255028281263669420422489201050
16661,15386.3556539297740840437259219622899
16662,15387.0413633625604560600787863778828
16663,15387.5135980421175186466424394093675
16664,15387.9114990387084003818909397584762
16665,15388.8371017063638910223557892634341
16666,15389.8445910639637802806678600970361
16667,15390.6544586590962204572853455667355
16668,15391.4842444383791116356835942090608
16669,15392.6547632224186560742777875691314
16670,15393.2350229761898444382354137177136
16671,15394.2730330361785357723565365897800
16672,15394.7233537594475518560437783846332
16673,15395.4080311249645468270882624953616
16674,15396.5133514807332883086138396881499
16675,15397.2182495981559510568616941252697
16676,15398.0666994690724424813437392813894
16677,15398.6496575351922313739874931855953
16678,15399.4984189206591679495259444504656
16679,15399.9753078082826848425532549688373
16680,15401.0236043506780320307698119642861
16681,15402.6566425943440804452569782068328
16682,15403.0430425375642313665641782658573
16683,15403.8339984824656103187544039905423
16684,15404.2538827285600697810225525596214
16685,15405.3345567787541752512873204887744
16686,15406.0102563492276404001243593141003
16687,15406.7469400800191344529704386343483
16688,15407.2674273857805152817820787487806
16689,15408.3536080229700187983992812122423
16690,15409.3832756837854939363032736317641
16691,15410.1031625110768360785570079680065
16692,15411.0863491970120512860385039589246
16693,15411.5910590240113549240446470023487
16694,15412.4372020805535857753473428516595
16695,15413.5865045237128326850565843261220
16696,15414.4353275577713225554109622190071
16697,15414.6255418438595932174902460261567
16698,15415.9596682758461603659375639625944
16699,15416.2447958348364633253738681688724
16700,15416.8961598322705619491900927226019
16701,15417.8718979017316855484546742512322
16702,15418.9847067035874288444097250913987
16703,15419.7874900173335148467610587094377
16704,15421.0192363634138848178521362054675
16705,15421.4624413624805692311599737165882
16706,15422.4001217407972818350151896792875
16707,15422.9005745128279120159149460344029
16708,15423.3373715079861163422341034470807
16709,15424.4892604787201539244224866490101
16710,15425.4439133331414173568263602648731
16711,15426.3268325027017185757262403765158
16712,15426.8392123501370518375765420704946
16713,15427.2503438619958398246726010379378
16714,15428.9690768805983279438790529630057
16715,15429.3817211466438180727057128014073
16716,15430.1888145218971002636749853322104
16717,15431.4084828973020594712850074046973
16718,15431.8159303300309487836747404142781
16719,15432.7433929234936191255601281716020
16720,15433.3873791244654773807562524705520
16721,15434.0891884763314180253295116830150
16722,15434.7096364596929207968389685669737
16723,15435.4461116828150495173654743699332
16724,15436.5408230563366077730997341576250
16725,15437.9088639369014848400817706436793
16726,15438.4480529389314679756576568480961
16727,15439.1119083379868830122217810149241
16728,15439.8110716327502606909447179679130
16729,15440.6039906269900683230744588517484
16730,15441.6179882050858681299837435885662
16731,15442.2711141882759647124560561225226
16732,15443.0695999877239326332264355279615
16733,15443.5820123764607341847833691784393
16734,15444.8645338600555109230856615155927
16735,15445.2572287771312561682537334503300
16736,15445.9635036082686568042139461419580
16737,15447.0785822347206637458430222878650
16738,15448.4531632243354674435515832602878
16739,15448.9213747660656639459571104650150
16740,15449.5975855883047290836390052156149
16741,15450.4620734171719216187193213818945
16742,15450.9595676437523440594106773897574
16743,15451.6110110205478564943880558763800
16744,15452.6953113613641308037629202859819
16745,15453.2781070462375533958422690696297
16746,15454.3532025631508083713813992690701
16747,15455.0881371414868676431935058327456
16748,15456.1968639954834158477939714122806
16749,15456.7869315037356992793799626449087
16750,15457.8820296488183430365481111755833
16751,15458.2786720521200058320684412580358
16752,15458.9116539821607779840306648246580
16753,15460.3433576229362058390886091695175
16754,15461.0794420680044851956480444993363
16755,15461.2979067888231861312323896613003
16756,15462.1037535052234362934121467643820
16757,15462.8582302667389239670989663022441
16758,15463.6727077394620458156090660570081
16759,15465.3194165190290672536490919031168
16760,15465.6549985889843545875270543537559
16761,15466.6218101562295601301133763285689
16762,15467.3618999570150065739268169735760
16763,15468.2351504152729164248066162091796
16764,15468.6696522725367520988081991425407
16765,15469.4012914105583631885476662821665
16766,15470.2080519670365174967579191502427
16767,15471.5507869573030744296209579684634
16768,15471.6186032203253573447360178426618
16769,15472.9208458114576221228054790743184
16770,15473.6623737042947300485407442090039
16771,15474.4762666794038332961616774512527
16772,15475.1557565808150512257689394312930
16773,15476.4466811977772152726310148924039
16774,15477.0438507237341717855645266733295
16775,15477.8938806356285806093395187667824
16776,15478.3172182712911774634852995883435
16777,15479.0383198100323352888317824712052
16778,15480.2323826399180011909839960097498
16779,15480.5454470013802323285331758942549
16780,15481.2605988527251715797499386142034
16781,15482.5351925386162219464887491023767
16782,15483.7758303668278102596760021290757
16783,15484.5021597923549357744071201946632
16784,15485.0498027801603296680335747773309
16785,15485.3718218843255666992522230326063
16786,15486.5564876750194230090756042685932
16787,15487.3245587687291994388689948659644
16788,15488.0650273804369627220724691253330
16789,15489.1128031632728361482145270244468
16790,15489.5574110369108167926230176454149
16791,15490.3055483993594533317325144491383
16792,15491.1194812990109900136905055028986
16793,15492.3093482029800128992100756396120
16794,15493.0888529831505390611930665882142
16795,15493.9213420829089608338987598059900
16796,15494.8392407725385256874631634506745
16797,15495.4933011949013215720881650847924
16798,15496.2350696657899907220039765398051
16799,15496.9877173978938041322037577564207
16800,15497.6180743828510778598240974528270
16801,15497.8763793389319154121633904865347
16802,15499.5591786729477539748226046883659
16803,15500.3379036083723055323309462230902
16804,15500.9397682286681479736490777230269
16805,15501.9793004152520945641471509423126
16806,15502.8854384855282877867565030326052
16807,15503.3467770918566161636271045756870
16808,15504.2376649081852085733661121707043
16809,15505.0701996651512977143164172896624
16810,15505.7958266616722785116492890688261
16811,15506.7631900809335668346488007039229
16812,15507.3963646411221704207463116012623
16813,15507.9537969799753980115104177328798
16814,15508.7349880332964116637172671978312
16815,15509.6712647980139808361757425833144
16816,15510.9646583099430796956179081363927
16817,15511.8423304287045868945441145331134
16818,15512.6094956662376987305069243597348
16819,15513.1059085821901043386595640220078
16820,15513.6665777943037816120258682534516
16821,15514.5630767724365580903855338770862
16822,15515.3652008005880509904258801056286
16823,15516.3908316798026580644336551078756
16824,15516.7539226812274255898669595506319
16825,15517.7130342601895766781149135250121
16826,15518.9697512366935059747081261378316
16827,15519.5866071575186107138194333607958
16828,15520.5094323547648586397099293320402
16829,15520.8249383668320200893009029566639
16830,15522.1119180300324191871663943130340
16831,15523.0475878908289511030326559113203
16832,15523.6626121829365953645685742053625
16833,15524.1650538663321152444177094419588
16834,15525.0348166033836859394809880534708
16835,15525.5553571718923177136431475183967
16836,15526.6301268204001054504396981299549
16837,15527.2085031960051170153594593964794
16838,15528.9208753231170859496734064604510
16839,15529.3624293457322995703709967642918
16840,15529.8631853760239579650031464428549
16841,15531.1863815674207339043485816091135
16842,15531.5824347641436547981595613123811
16843,15532.0925909321151329727901924825448
16844,15532.9528098934586798194376028202303
16845,15533.9919459446988595396037606958053
16846,15534.9372621902981168992668060348526
16847,15535.4352842877002627420493670505378
16848,15536.3469725981518309562427592728436
16849,15536.8163030957706856121318496743071
16850,15538.2458293471182103390567207250002
16851,15539.0841293344679201997288244619517
16852,15539.8484641495340370059096367040009
16853,15540.3537050278564267413130755309865
16854,15541.3827174779242011224219491423617
16855,15542.1200746006666224085515242724231
16856,15542.7118613003811586659229386967813
16857,15543.1838703380493785750862606253148
16858,15544.2878170297821505193656902347593
16859,15544.9276965380228931163870843403997
16860,15546.4603041004123133017624209815054
16861,15547.0189666027589401758637679518787
16862,15547.8958677179121999119226273480976
16863,15548.4239794061707719723576418684390
16864,15549.2063527450371932135527719159569
16865,15549.9020165505013918195963602339852
16866,15551.3492873549985122273865068566590
16867,15551.5087651047618683731321671670976
16868,15552.3151613863188786961249424607730
16869,15553.1288145912912598580148925520008
16870,15553.7767144516782345556546093827929
16871,15555.0679366881109055032940944064376
16872,15555.4332494265080541581294073792224
16873,15556.6842318018129867124990781600740
16874,15557.7669412737993702015066471295084
16875,15558.4058674018001158030630679592831
16876,15558.9435741067993620432458426649388
16877,15559.4589220072456806633066945440023
16878,15560.4085040017038886323250276293736
16879,15561.0420505689307438408279755931197
16880,15562.0103918640242244397493492856315
16881,15563.0166836920450426591428569291744
16882,15563.5503549360298671293144694070996
16883,15564.7015171099676214324479477667439
16884,15565.5502635867180035161878942613600
16885,15566.1845861529712817474736469607157
16886,15566.9176930939375200266621031525361
16887,15567.9484507350385063832026174819526
16888,15568.5641710479534210599185511943529
16889,15569.3246425550351976891679840893470
16890,15570.3607452047416457506385705734895
16891,15570.8432152147466359012882631562715
16892,15571.5320618290837613962938658367777
16893,15571.8585466768239290735806908851744
16894,15573.7699902485356564402392171494243
16895,15574.4752723881055639456237225685756
16896,15575.2761480755772555388823276691711
16897,15575.8624468429563561410943804222899
16898,15576.5175828852168836313956127360480
16899,15577.4997945581923563723367219353530
16900,15578.2089799242283921131516559709910
16901,15578.6783081536962464727178213926599
16902,15579.6507791600740075522720493148611
16903,15580.9036642181521593630163359255058
16904,15581.0957916747322644688651358440460
16905,15582.2017241860655977107427673985596
16906,15583.1877588039211263020285254932621
16907,15583.7328888057429573046868830574916
16908,15584.7983858255493635621349645407402
16909,15585.6458267807222027546919581253787
16910,15586.5923788631026999136536670661896
16911,15587.1566971884477613495355733919371
16912,15587.4471493487675741538334314201140
16913,15588.5080387343422071901408150329853
16914,15589.2255597811906869912361224243840
16915,15590.0292675803927514961178914407866
16916,15591.0752414546121616983202707334696
16917,15591.9580440458318031740115077160425
16918,15593.2062806477967425008334789685729
16919,15593.7055337371710720896386287157137
16920,15594.1438909981198427904151968106350
16921,15595.1016228684825073809772469704544
16922,15595.4979667327006976243948223037805
16923,15597.0773598710029992048758359049584
16924,15597.4717699996977720179969755893291
16925,15598.1957605132477891671490498935902
16926,15598.7400652041274819532050804359110
16927,15599.8878165705267221990652303989478
16928,15600.5052010855117096368186494074222
16929,15601.7407515649545431394421185550429
16930,15602.7476246043047003729409718496923
16931,15603.1049953465832463872761878538724
16932,15604.1325113564589809205296535207518
16933,15604.7755116272285621379282150180555
16934,15605.5623705437227006877015481183068
16935,15606.0261672197621299801198225204847
16936,15606.9791792734026122630253149397099
16937,15607.5113197081943772501405486757197
16938,15608.8757534893085179982078443854423
16939,15609.9017134032785314615104473782357
16940,15610.5325821737580619149251182972879
16941,15610.9368731111681528592276738542870
16942,15612.0603852058869085247765071764133
16943,15613.1109096719250591689962201679044
16944,15613.3836661283104642938212932348896
16945,15614.4301324734681600831900393633561
16946,15615.2814130989119213212038621390261
16947,15615.7541883509518900268057684723418
16948,15616.7772418481268067614941187966708
16949,15617.3227200195167837370413829789881
16950,15617.9884806164550165911536115751566
16951,15619.4421570840465307793066364998921
16952,15620.5143604243892617747449823112710
16953,15620.9378678777251959774018659310197
16954,15621.7068756041577337672021739522813
16955,15622.6006725411289198413072127682654
16956,15622.9315665457844443126907018757385
16957,15623.6973160972785812305487441312894
16958,15624.8603840749157536587944734433441
16959,15625.6251193040727065508812100508612
16960,15626.3438731245018278720392086971494
16961,15626.9502286692889869341737763728508
16962,15628.2979132605120122054273270394226
16963,15629.0970602756304171748616969214963
16964,15629.6264384256745791025796699001747
16965,15630.2575269515527113049150545712319
16966,15631.6933840779994007012932395953383
16967,15632.0799133517599549780279365626401
16968,15633.0263643903144431692356449407773
16969,15633.5473508720436690737886498573164
16970,15634.0177296467978439072877616549087
16971,15634.9296554506862512409742550882935
16972,15635.9607814147080249729415035967895
16973,15637.1042252607280748809927319128055
16974,15637.9407389185865234709125202194700
16975,15638.6939554501459021008441516466778
16976,15639.5583436722806421959967591216122
16977,15639.8766980562397470119038124491879
16978,15640.9095391314340867653608584054324
16979,15641.6067447792953954625981078869765
16980,15642.4393706995814916388832613062474
16981,15643.1038864253738207942752604179460
16982,15644.4127690190507065048741368602720
16983,15644.6484363319481429008068987760630
16984,15645.4522131967314158036677169368958
16985,15646.5997751373054439191395206325617
16986,15647.3124866741225325904878715213270
16987,15648.7762945625799800144563909941160
16988,15649.1199786039670203175590647996804
16989,15649.5426992456217814249457817870470
16990,15650.4124065181393525850136698219302
16991,15651.4540108538305866667056885331329
16992,15651.9863518719143304883818836525061
16993,15652.5401737460195678977885702632334
16994,15653.4589713073241663448366179018501
16995,15654.7183190541492680630189124151968
16996,15655.7829662929855474479095589495857
16997,15656.1641394301499206218922261876596
16998,15657.2914259898160400020456731403248
16999,15657.5603279933560863256351331070065
17000,15658.3783568374013598393178242165541
17001,15659.7190199214752457341473030137333
17002,15660.0291146804319681894541325982398
17003,15661.1749584077013766470805362395826
17004,15661.5881790946510690040475392684599
17005,15662.1816088212082989557621117839030
17006,15663.1518585477195818663054819670579
17007,15664.3466369143619870327231202355772
17008,15665.2135289271888033741391619608288
17009,15665.8919223406621128901817335294383
17010,15666.9189131951010915599278194246388
17011,15667.6049983417906804179944992084933
17012,15668.3218177692045278600879974926722
17013,15668.7902954911062339045911448467524
17014,15669.3018630349136964312730586683149
17015,15670.5827039117262684433227465175133
17016,15671.5679805665828547509749231425998
17017,15671.9852987133317001150288596719318
17018,15673.2078440308222423491698537184867
17019,15673.8191353760185858578579463463605
17020,15674.8412018611156808119749864069566
17021,15675.4678740949991753568812927191807
17022,15676.2826639241474887609632624794978
17023,15677.1775985169860557881456115919209
17024,15677.9213328903013838110754014569939
17025,15678.7490971306929977347882003663275
17026,15679.1275742575283078604046589347266
17027,15680.2382158583488752096669236150180
17028,15680.7087412387611157878707743509208
17029,15681.4674067218065684447626627607372
17030,15683.2847089063647836213512582719425
17031,15683.9986857588702445437105545798667
17032,15684.1331560972217320788993482056763
17033,15685.2121499428100177002963242465514
17034,15685.6191491454192321960331896968612
17035,15686.8620494008318041241431561859300
17036,15687.2044068068114281974882387139401
17037,15688.4249274839004063791878861615986
17038,15688.8379149738997798189169620752391
17039,15689.6921765601582325382672397120463
17040,15690.8925210535175539026314843250210
17041,15691.5584685362409138706300994596472
17042,15692.0766106911856437649995921582440
17043,15693.4315577245003250388157574275137
17044,15693.9926165717257708656841944191480
17045,15694.9904550096331306127541532369991
17046,15695.6504238463571597087418834278861
17047,15696.2625671216843454362488105600328
17048,15696.8974338324581811048416179176889
17049,15697.6353062458457692589652444460095
17050,15698.3729052555015117524865269228941
17051,15699.6305807100922613553835381487267
17052,15700.4911194994452350158338323014914
17053,15701.2986054561732552984800944999788
17054,15702.1598347039687680439814232756475
17055,15702.9924896456988704826146126043195
17056,15703.4762347255069090031851316339951
17057,15704.2282237110377723277170683403317
17058,15704.9245027829754569922818518092803
17059,15706.2019245101563016645226024247660
17060,15706.9648927358260119004191840137824
17061,15707.2519851311498889844463174384117
17062,15708.0298431795056075955009164110183
17063,15708.9324531479702872312944891181043
17064,15710.3041805096221497915866802461804
17065,15710.9129520384553990734241135820116
17066,15711.8354206419151047712976637004104
17067,15712.5968809353765201896677350855325
17068,15713.2787740369870081243027189943027
17069,15713.7890294202678103619184026947183
17070,15714.7769068246586274675285499357665
17071,15715.4733137822495625842484435373327
17072,15715.9001415557915909392688563708784
17073,15717.2687603783344968925510604013440
17074,15717.9892577852024382532879192605635
17075,15719.1588657879531730584944674733417
17076,15719.9629152278340784839636138565583
17077,15720.1228889294445314874181061820245
17078,15721.0615784787714596973812437887629
17079,15722.3459998072648110467667596552538
17080,15723.0369147024246488173493946066895
17081,15723.6207651366450460134419971807503
17082,15724.0466300475119367575425938379366
17083,15725.3677810594351800761109944085141
17084,15725.7028274769704540037744194554205
17085,15726.5533462894966295600705300055077
17086,15727.6022823075683743787176251390340
17087,15728.8157942744756915084780119680414
17088,15729.5590701030919674565639826482670
17089,15730.3791405659403149863182065158784
17090,15730.8297030925597935366075057955178
17091,15731.4122537252495453609278925919646
17092,15732.4241416980261025819137314705390
17093,15732.9824783599696367191898863211162
17094,15734.0684534594888913552339214623128
17095,15734.8468809287743761373359687779461
17096,15735.7103155306540351010217227582530
17097,15736.1903158405707881346316117347712
17098,15737.5319902141644921762447361779845
17099,15738.1857999989775044052011790337685
17100,15738.9904074032484501213080168264105
17101,15739.7525826082790968316867774563568
17102,15740.5084398358267702737016796835109
17103,15741.5546146781323524982806883927883
17104,15742.1352430795937964683251892375329
17105,15742.6453933277658386555811691773151
17106,15743.2884601774750552070620876356834
17107,15744.0625268677033254930727104587756
17108,15745.5565007590133254562272206668747
17109,15746.4820292604752795484838341220999
17110,15747.1297616906742386642542112164806
17111,15747.6250981032339245028129962995217
17112,15748.7306159722889314538241275432831
17113,15749.4926623737718930249766750164303
17114,15749.6505508823569914521683106049274
17115,15751.0480500112251916747965241786389
17116,15751.7166974645381633578664845823041
17117,15752.3485208729829792337771641525050
17118,15753.2604087613965288438186800672235
17119,15753.9843513420155639924960208296826
17120,15755.1462942247469578626015945292393
17121,15755.4239930864876257374020790230718
17122,15756.9529583934552336392841996284260
17123,15757.7065293983098060982493148423478
17124,15758.2443371233574015093700364103180
17125,15758.9613024015257572120901242765414
17126,15759.6918387023508262340562097021789
17127,15760.1032991343620900365679520611688
17128,15761.3371613609550102802395716595912
17129,15762.1956688878171134771711300930419
17130,15762.4629853812551831461383433411934
17131,15764.1501009231560382730591317918842
17132,15764.8932099285386340267556429277358
17133,15765.4546134305633036386629799560487
17134,15766.1690976709112791351831987424848
17135,15766.8757647940236665480614838564394
17136,15767.7329596876909155133597634707366
17137,15768.8168220327590974061072707281776
17138,15769.4319574643095126956229748586684
17139,15770.0530996714795717128169246387135
17140,15770.8797679413849620736541443550610
17141,15771.3537110136365317666683642317913
17142,15772.4494901736294516592506999999109
17143,15773.6630812097062912166456190987053
17144,15774.6023963425618744263126707874028
17145,15775.1860804798165121114865385190280
17146,15775.7140861944678564300156580051184
17147,15776.8955965824267289423976056954381
17148,15777.3820764216746287072141592416031
17149,15778.0183715288775660518381024869108
17150,15778.5605812325010177672857540637887
17151,15779.7284693068501804069370569189399
17152,15780.7826806987284006321660863281885
17153,15781.5170004900322540341930554949331
17154,15782.0799746782098147593657744409432
17155,15783.2196841063309007784729592794954
17156,15783.8532474011019307684224308097262
17157,15784.7593464857286881215307294621237
17158,15785.5933193614105647575995879994957
17159,15786.3558868159742099065471016333239
17160,15786.9391683540856670058595667096049
17161,15787.8443629149152262765776288220277
17162,15788.5394377024860206748627966904319
17163,15789.0537387933867942966132637627801
17164,15789.9351760924547273965116359372031
17165,15791.3008630584764156521031774341258
17166,15792.0602730974042742132599968218287
17167,15793.1575038141712224726578976549116
17168,15793.7047094539947874274149709214438
17169,15794.0716008831756160413415632999918
17170,15794.7481367091871467222912437473509
17171,15795.8695186364819214420812624640772
17172,15796.7581983363142500301676887729758
17173,15797.4153279956308391568416921781143
17174,15798.1717067102439480039138617394891
17175,15798.7605120315645371679434538885801
17176,15800.0169348199568480865787176509451
17177,15800.8499746434521373655181973603275
17178,15801.4869687724030699951348818951134
17179,15802.2472779306964787027616057909484
17180,15803.5941505669898616253353150960493
17181,15804.1183177894425187645706956056871
17182,15804.5070230744621021435405719297786
17183,15805.4037052237636365408453869872374
17184,15806.1057228827146251442947469874334
17185,15806.7563895221500523803287588971138
17186,15807.6032678221377601435891934111130
17187,15809.1832235586964154411110120577261
17188,15809.4696591238256366379306445783548
17189,15810.6639796831784079067113349064142
17190,15811.0758308486679672310858186500901
17191,15811.9781790714340785025409775034217
17192,15812.7740554648615134271867620264955
17193,15813.4919247948333445292056158674718
17194,15814.1216209648072535759747857635392
17195,15815.3370308005033781081119485013127
17196,15815.7844658725857171891477646803981
17197,15816.7604999817736322179289597709597
17198,15817.1442233249545750079858354267950
17199,15818.0495322257365640543269727098213
17200,15819.7043200186705695383581104304656
17201,15820.2045077089187116476742849967949
17202,15820.8346891609705530523209247541179
17203,15821.6311545355475897758610303492133
17204,15822.3645549691885697682160209245108
17205,15823.0240296230401200292618367426261
17206,15823.9698832152212281009419101420966
17207,15824.2353062738642293275743056839741
17208,15825.7107522637540712035654841557970
17209,15826.0400526788683960070943618267208
17210,15827.4769000331078624340546016702076
17211,15828.2104794381722982732113359751384
17212,15828.7624735004093812491215588870938
17213,15829.5733034557966656039453683037999
17214,15830.3027352352191664455992181766316
17215,15831.2770196895698781292885657687109
17216,15832.3509798158738930472466969203809
17217,15832.7508605332960356517332461645810
17218,15833.4383238737961060120412151053898
17219,15833.7708913113665107944172670352610
17220,15835.3427881783860656158586398907313
17221,15835.6415132495748507866128003945610
17222,15837.0694609770499245423713829467612
17223,15837.7707782760385828950718728669784
17224,15838.8792489259749349510075241476985
17225,15839.1645498382506094774178447093835
17226,15840.1744110016856185375711018806508
17227,15840.5289416276664733428737755168827
17228,15841.2512023076887512962453013690611
17229,15842.4273139414698611729121223820307
17230,15843.3405400830628533426656469527741
17231,15843.7738166823966380354249063689836
17232,15844.7265568692084969460393367890835
17233,15845.8202944799412159801690137586054
17234,15846.2664489341466313818977544476621
17235,15847.4251316628339006184104889234531
17236,15848.2403308793035228084693001492622
17237,15849.0219385293308368857376279646395
17238,15849.5137835150753078504161650530601
17239,15850.4663573443976952395711011553824
17240,15851.2440739715901532321358592605389
17241,15851.9232741539020886366407314753060
17242,15852.3066124646177983034023125106565
17243,15853.2919371770686386104463396136605
17244,15854.9267459621485250433495764002627
17245,15855.7249924027856223470848879367625
17246,15855.9922247158515731524714715642260
17247,15856.8282669772923683853598773467431
17248,15857.6922647283763366134315777576371
17249,15858.3066496484429623055847301669910
17250,15859.5197944344913709092996844480326
17251,15859.7623748027918362824611477850795
17252,15860.7981250621313214832850009475351
17253,15861.6732945358338082419130977954758
17254,15862.2691651224091607750769109710199
17255,15863.0281143851485312322760914169396
17256,15864.4107570997156735110734076110783
17257,15864.7036077013883470286644823785674
17258,15865.9885732173800833747700400261674
17259,15866.7717332817251415241462027538784
17260,15867.4662639462964851861180009212654
17261,15867.9615458339550308199006685905198
17262,15868.6752130919259112889743135544115
17263,15869.3249882447347307528234493304181
17264,15870.2866271177721540899846564000975
17265,15871.3116229084672416132393929679861
17266,15872.1226534380083674408509500694868
17267,15872.8811108655935559929795548339869
17268,15873.9914464021865543182367845867519
17269,15874.9380303172030872212133134974027
17270,15875.1114609944948827798522247239552
17271,15875.7388916131515554832530271900077
17272,15877.1706297432561862983926536825128
17273,15877.8183360441454524691036854288096
17274,15878.3689381240144051728392222062623
17275,15879.3886989718132717473312958546904
17276,15879.7217196547335086196253004153018
17277,15880.4652320289369611254544494598205
17278,15881.8328626589851443140072088421858
17279,15882.7780695820172513764781961444557
17280,15883.7252495191611692683641985622350
17281,15884.2679868937670046718563494232545
17282,15884.8181153198787459894125299954512
17283,15885.8902687657177093714260657591175
17284,15886.2177362959977597860948091527680
17285,15887.3707557516784406225968177642139
17286,15887.7904748897619756343133742113241
17287,15888.6995651091836541484918088828809
17288,15889.8662035227902953028602811110918
17289,15890.7016606810911698877446946565615
17290,15891.4284095483835835386901385347402
17291,15891.9576497288381095555395818582167
17292,15892.9915483368561324661955548987015
17293,15894.1201600474274773518307598527041
17294,15894.6049605570703395256773355710747
17295,15895.3826711373676336850957272179339
17296,15895.9971064755491085212881703884923
17297,15896.8448397061672958747271803260059
17298,15897.5660115381521044569010984929002
17299,15898.2058236927379771830626410567050
17300,15899.1597180915323628884876931338830
17301,15900.5286642789381851590740583646622
17302,15901.3152722959370544015844768963406
17303,15901.9027838527327439422061679854566
17304,15902.5821883546745680517813210454227
17305,15903.5431620671376756630342947528802
17306,15903.8314814668943077804054052849261
17307,15904.6548490164632616023560881683051
17308,15906.1153860525156991415614323517663
17309,15906.5637350248145324379193647651944
17310,15907.0642140913224569984899969324976
17311,15907.8817435540255081572076662156495
17312,15909.1036929751289949195201299138756
17313,15909.9225698009262333671495637308250
17314,15910.6677768745234935702511729914283
17315,15911.6629508809666956449594176926750
17316,15912.0575978228519221312883031120000
17317,15913.5311124510927883208295280381308
17318,15913.6894951791976188511572133097668
17319,15914.2205948387138025953043551800744
17320,15915.0725142887226016696843670683556
17321,15915.8222103765947394716734119658184
17322,15917.0824772779195931646183912513177
17323,15917.8800017778093813587621910047273
17324,15919.0215969359044247750702643463101
17325,15919.4845490055022757741880396424890
17326,15920.0985042871640749575814195171098
17327,15921.0361880235993548724976095952563
17328,15921.8464282912040117454815791338696
17329,15922.5570033026327324433133522475066
17330,15923.4722791200657742048688499294937
17331,15924.1041850722228980975976742736471
17332,15924.7820054657527817313128802342738
17333,15925.8678545602469502833727862142007
17334,15926.3140706200244745977541698002409
17335,15927.2267650128394228437291712371978
17336,15928.6916346559155079728195854531464
17337,15929.3040039142663438083954785751140
17338,15930.2560807085209907238079362833114
17339,15930.4237854248116424818234771046941
17340,15931.1231020652890356781014237377861
17341,15932.2558032555689952547505429745982
17342,15932.8557299730543446356140689148866
17343,15933.5783568294440415380745333641740
17344,15934.4918075062898999294325544778348
17345,15935.4976305340936335384007918089843
17346,15936.3328565177171158419550147885613
17347,15937.4066328616263459476016976026419
17348,15937.7396807345876725809777077371874
17349,15938.5652185567767630509687347522838
17350,15939.4930666409306518530283336277734
17351,15940.3696871626146920340481694783272
17352,15941.2636029680310109827794709576122
17353,15941.7179242893801721541436843148289
17354,15942.4583307611118522549008108795190
17355,15943.2366696208440514866615708486749
17356,15943.6471702639324383428827726595378
17357,15945.4840574098999323273514779368781
17358,15946.1681343004892294867270519478507
17359,15946.5323467460918256107968245725266
17360,15947.8108486740187662652873541356699
17361,15948.4277965416242210599801965084232
17362,15948.9355710848845758688995318231362
17363,15949.6958739098433191633209283709839
17364,15950.3858670055460814787151102950770
17365,15951.3470595878903375358407575201906
17366,15952.5224323340005234069869861320361
17367,15952.8428944271594555404501773245102
17368,15953.7562903600030395938082240779607
17369,15954.6296144128628062112981550242661
17370,15955.7743946622831947174067575225297
17371,15956.1688619581926593092820979515374
17372,15957.3835414825987428471906178472027
17373,15958.0893190509991693960179118662097
17374,15958.6188505407059462922191798970803
17375,15959.3211664798098691374834857793933
17376,15960.1442835232990652924059356022004
17377,15960.9359372899811815281022127333008
17378,15961.5247534419361153212149372764790
17379,15962.4434707486278787313777662137004
17380,15963.9852492784372341278503420296336
17381,15964.5801081987745688817692911435902
17382,15965.2480589272453291654444816115875
17383,15965.9812557433501052978872658289714
17384,15966.2811692734096599172484580523887
17385,15967.5412066063987397271464316517162
17386,15968.4022479797456987526298845095763
17387,15969.2158428773530121488187509221161
17388,15969.5721901903698293761439003607777
17389,15970.5269715432801315171736722580789
17390,15971.3556307847651196158502240557047
17391,15972.3730232749650919332608531812306
17392,15972.9833113349198043353738476852977
17393,15974.2089524589134829093883698070076
17394,15974.9889998869566837794915068561640
17395,15975.6329651638230696650636983759606
17396,15976.2992699777404063571247645985147
17397,15977.2787331854996961377702590914794
17398,15977.6783044631719424894808447717612
17399,15978.0914487314398331985915835265272
17400,15979.5304476851630315701380394762216
17401,15980.2107746577066164561573997413337
17402,15981.3585206895116112438146211731244
17403,15982.0195741106609866625824757100743
17404,15982.6781102437142679282840942744026
17405,15983.7400398405243438930191800142960
17406,15984.4412451847222800605209430213142
17407,15984.9815100814256767103267391050408
17408,15985.8616820936481050376514625950472
17409,15986.7944148023083638388173552342636
17410,15987.7900092721957434105702214354614
17411,15988.1058634921585524040592196246052
17412,15988.5659570710244246063616500955838
17413,15989.7198378373352343397255277731281
17414,15990.8063827661098159405613810963953
17415,15992.2409916625734098140541373730993
17416,15992.3497126886593993123871683535106
17417,15993.1908839674298644050667594924075
17418,15993.9518952163394350613577682841053
17419,15994.7354242888189022628594278331879
17420,15995.3125429039357964080424293038055
17421,15996.1047309091057210247166345638101
17422,15997.3568304024556422144130083139478
17423,15997.5361191022138223801810010712908
17424,15998.6503221457613253905721358037380
17425,15999.9324562130204423174347845588384
17426,16000.3106349101968533227402233967035
17427,16001.2301865021594646244623229131011
17428,16001.6789468609745620586084562895844
17429,16003.2436292293189839515944858984774
17430,16003.7299918249631060963283845488580
17431,16004.2872083169584338850971447037171
17432,16004.9809148472829970213246126445354
17433,16005.6457247374980470957928907107333
17434,16006.5951018548002001416481173421734
17435,16007.2684105017822302001670595821147
17436,16008.3638883056484739213353952540941
17437,16009.5031452321526522607944953199645
17438,16010.1604991131612313341830631227834
17439,16011.2231553518818065235525918800868
17440,16011.3180118996065351800598197186955
17441,16012.3630389977217600357011148239296
17442,16012.8441457400183041563608988643971
17443,16014.0771447717755254106701337599537
17444,16014.5889340314121187681073641213195
17445,16015.6188932493815838649482394587019
17446,16016.5324339293686163864603637046652
17447,16016.6140196011601756863109666591686
17448,16017.9335593331036010458524923219658
17449,16019.0229767073119555959876332845615
17450,16020.0279760537056666862584324311437
17451,16020.1928038050949020016219024120119
17452,16021.5029689461211697308183668210282
17453,16021.8117594956590669528469458341388
17454,16022.7968168789387570792007409845421
17455,16023.5303033477334174243475979397607
17456,16024.0851416337573964904073263247066
17457,16024.5437151547747132399935366222999
17458,16026.2944924807318846724282219590670
17459,16027.0580880613921628370303734089457
17460,16027.6221484616479822817605907220155
17461,16028.5569961273546309504568365288208
17462,16029.1774323920094966615171862991267
17463,16029.8982095405895003363260373024234
17464,16030.7954477118105217915590623863470
17465,16031.7012597108152839077543219771381
17466,16032.4606476586574556950199842354222
17467,16032.9224693322805904444245979032557
17468,16033.8285630113084307721835444913340
17469,16034.6198242135425902796031945593719
17470,16035.4192387467310058359967027104490
17471,16036.5407082699669477402895405162933
17472,16037.3448587635095923795990130646108
17473,16038.3928331622732704344511306234861
17474,16039.0569016268889703243974907862518
17475,16039.7200568048644857380940400451392
17476,16039.9932647162684523701226949493291
17477,16040.8814595184851675483949996550701
17478,16041.9710142798124796524808107151205
17479,16042.6996836336783077959946628019636
17480,16043.6412062533960611172650605681982
17481,16044.0966615997993609743104444717162
17482,16045.6865438572591318089688318581553
17483,16046.1109419188111551259606891341118
17484,16046.6160562361482553660764976812184
17485,16047.7803068632294703377255007446138
17486,16048.3265453056505587982968432680770
17487,16049.4220449120034039647848962807448
17488,16050.0484248345168393314606630481291
17489,16050.9005289441156136352424677769297
17490,16051.1397906779516897051816361400683
17491,16052.2713600850420972483074684241312
17492,16052.6994670674187894669750797563968
17493,16054.3303663825792855216224545796563
17494,16055.2707982023652068875726746039677
17495,16055.8858244957270551977968221791830
17496,16056.2314390577461040402676940982660
17497,16057.2074335479227230912715050987023
17498,16058.2580225517047308026253407613514
17499,16058.6200876738605651309997521535913
17500,16059.2573639980165340256156433742937
17501,16060.3651516307839321262809873136033
17502,16061.3219821827476005233237223085283
17503,16061.8338786714668749982489948383218
17504,16062.9315744382239831072796629246409
17505,16063.5099827159061253256526291506267
17506,16064.3609776455506888566940255450940
17507,16065.7335909559815282217328819806147
17508,16066.1099487130386229914222833243791
17509,16066.8119954306129139496246023078793
17510,16067.7068458983940016200944904482861
17511,16068.3573229668462870617268274629796
17512,16068.9211984761309408352055092902700
17513,16069.7315144863465831903630152271580
17514,16070.6347775630102803555500279855871
17515,16071.6410294438591917077013515798907
17516,16072.6529966894671985624655048600672
17517,16073.6047508726918117893472762212053
17518,16074.2278221596134600205158197950910
17519,16074.7963016562584221349615727551991
17520,16075.4435349985636233819604476240993
17521,16076.1981796800152065248855756790472
17522,16077.5432494880706174254082437983044
17523,16078.0799991370859265952924706718610
17524,16078.6741252775081269326691019860450
17525,16079.3094377463003000248006255623180
17526,16080.1472198937327102142085810676139
17527,16081.4816422740823494575893000476251
17528,16082.0869885787053720173907653748239
17529,16082.9417574884825928991740567500173
17530,16084.0039287765840858374120085641997
17531,16084.5306843803385022446310829039600
17532,16085.3435787052011190502567448924040
17533,16085.9028053182997276927162570205278
17534,16086.5222122513117726472409466162816
17535,16087.4529833472925177537717330534358
17536,16088.1378702502793436207752123956669
17537,16089.3347547217214355626733786262833
17538,16090.3889579226978616662722812004182
17539,16090.8255839582555356794425717314729
17540,16091.6341965899746815937892725919897
17541,16092.6949010143162219240328069055231
17542,16093.0235051880380666941573402317290
17543,16094.3588602562173514677272197869618
17544,16095.0467474564062840086702459422420
17545,16095.1630657307045968143884062606251
17546,16096.5786559007825305294527029823706
17547,16097.1251845689528977992283785585061
17548,16097.9572443729421400480682651447140
17549,16098.1814715329234393486220713098965
17550,16100.0493742647024114705598769659769
17551,16100.8314282073960931644633524950453
17552,16101.5302582965267304011503952052071
17553,16102.0405213143778673279309147327204
17554,16102.8715430968420595218111197948149
17555,16103.4659631786390031328831091992603
17556,16104.3017987655455936867212576087892
17557,16105.1684368453276824894596787856056
17558,16106.0160509710070627519743728012974
17559,16106.6147095916923894318734782880364
17560,16107.8399170431969037514620463548255
17561,16108.2651394802409664636902447033634
17562,16109.7100475910608188535664321253558
17563,16109.9578786069035219365431835046205
17564,16110.7449121062660642944114894430021
17565,16111.8318252774280419285602657492921
17566,16112.8552276242636343745440228428235
17567,16113.1692295429798739574387426326531
17568,16114.0479688297200631896561139483151
17569,16114.4174671744444495477977695247157
17570,16115.2090487354748805117236393086510
17571,16116.4607559805270833341152746488100
17572,16117.3907507393138871163120264926106
17573,16118.3453159055525520865433431708581
17574,16118.9759311728885669883619274768707
17575,16119.8783551468310278124599661511689
17576,16120.6421345740875571306655086579424
17577,16121.0023094908510455765411094743191
17578,16121.8805856458524071264388426037926
17579,16122.7799436083212662373681897325842
17580,16123.8539632136608815428815869289102
17581,16124.3580255239424523257256816979761
17582,16124.9525870284459081436572580273317
17583,16126.1265554608992328718549605731394
17584,16126.6870135505719864335355698830618
17585,16127.7655841990038706481937270793761
17586,16128.9085151734797942467957421138233
17587,16129.5578198869502434155893567478722
17588,16130.0017848510862792794586043542560
17589,16130.6834093793089298907890542911591
17590,16131.8275216577167485670688937657701
17591,16132.1750724086279235032257182710197
17592,16133.0229791382534608950693355662137
17593,16133.7511853595972778952626893472986
17594,16134.7985453724719459191336775310099
17595,16136.2793238798962589091257658199561
17596,16136.6029946412707178959384843894238
17597,16137.3525897952605378389566125233781
17598,16137.7380642716976184884221989291826
17599,16139.0263590977547388532272691238792
17600,16139.7567013470763092809858472273655
17601,16140.4258200708998732673796161129917
17602,16141.3505490145831188852472880028502
17603,16141.9967038214378818435993987573984
17604,16142.4755914798267168024521037598379
17605,16143.5153880391804381176731232494301
17606,16144.3641093610589189473981906273786
17607,16145.4835757455451548085120485858490
17608,16146.3993524868840911238394409886245
17609,16146.9585723984130212244662730274463
17610,16147.9886385692863299862423583831150
17611,16148.4945959616161578030474217678903
17612,16149.0731542484136093742087513288574
17613,16149.8768323416644798648446171454487
17614,16150.4045996524159686752152577789296
17615,16152.0034048174682129778455029291452
17616,16152.3742762299608331960352467859948
17617,16153.0830356183403086729120688590962
17618,16154.1889190922026337513891956304255
17619,16155.1121710806396838732342245154672
17620,16155.7229162438394352333267669780909
17621,16156.5233787432261169740894022332243
17622,16157.2144990736574311788841023147496
17623,16158.2956300585302461703422202370431
17624,16158.9996327675003956295123476158664
17625,16159.4255826502416369996265570941479
17626,16160.3746740739381648094589533694845
17627,16160.8662673701306323313474175757368
17628,16161.7090898408406357930194205032324
17629,16163.3967561645638983154442953575083
17630,16163.8479218283322551476528950300667
17631,16164.7320612517361490682606714555988
17632,16165.4329612767243858584374318068530
17633,16165.9798554711037140989728887772445
17634,16166.5854750680893983012010141961557
17635,16167.8649113966356683879831487769842
17636,16168.3409815948417876448048264437171
17637,16169.1250699656710581066827895126934
17638,16169.8366837431304038483124563812187
17639,16171.0067693268171727400657980048122
17640,16171.6878077902723986996448539131666
17641,16172.4556559937231007465181358076965
17642,16173.1995516326843354305433106627956
17643,16174.3778939529076170435968890556685
17644,16175.1236086423744391366097925833286
17645,16176.0100605676548095038995694690109
17646,16176.2876394968084055141505225218561
17647,16176.9173582115749247553288720577649
17648,16178.0377040932056599906359229211353
17649,16178.6449074423554083043321906735879
17650,16179.2796867737978006513416132101000
17651,16180.7873103948860299527934012375663
17652,16181.4269374549604743832551627094066
17653,16182.2920257888160000003873130521448
17654,16182.9925110768500305582233910282627
17655,16183.8454271869741689847704737696874
17656,16184.2954301196028809312325793728616
17657,16185.0278300070793421134578370632247
17658,16186.3083631693376799550793867402170
17659,16186.8043980740682181782441763865832
17660,16187.7910333154362473042944174342343
17661,16188.2249226762505844341856744331872
17662,16188.7541228637136736716553697792165
17663,16190.1931824165151329103093787125529
17664,16191.2271070392772783177947431859599
17665,16191.9129273394345802935969016412744
17666,16192.5279911947224744467897598096916
17667,16193.3426838653257235459138853581780
17668,16194.2699991869108070531099636187500
17669,16194.8413742317727908616183862846196
17670,16195.3097602240543566774544807296517
17671,16196.0920406153261312269112077044163
17672,16197.2761268149059102812727153730928
17673,16198.0149238486349702947246609126203
17674,16199.1510049421683856449263400118055
17675,16199.7769324877734923024229163170586
17676,16200.6762766973421467825733667530101
17677,16201.0312345016012094561107890763619
17678,16202.1633806916044802429014258598535
17679,16203.1548364926998014369295765679162
17680,16203.6361632698372265675932323628946
17681,16204.5479199155267140699228778175637
17682,16204.9457858011209658456036309098260
17683,16205.9862095847543491724498784133766
17684,16206.5476811555828435375991502680439
17685,16207.6976364162941567838480242391902
17686,16208.3078655424859245574805577181784
17687,16210.0370388626043534741509101544370
17688,16210.3335755839660052682058722683924
17689,16210.7906043105335128442316825979581
17690,16211.5597455886232290927153764486003
17691,16212.4516503648768177141702755751373
17692,16212.9088458783288140095756683885847
17693,16214.2077013860504531278564894054576
17694,16214.7483586122179181717572348606157
17695,16215.5569771813034653307870594801316
17696,16216.3186656591225288176730657733802
17697,16217.4585697234446979094050106016533
17698,16218.2234588219319935571770238937133
17699,16218.7787997166587018614980687735654
17700,16219.8784780124403041729276168832252
17701,16220.6269976870548007305654123142404
17702,16221.2962901405895312865972931978914
17703,16222.1016829739838443695547430676378
17704,16223.1104354005762311829381715748100
17705,16223.2648504796010039243170869621119
17706,16223.8386648990679421671558450206969
17707,16225.1223825365061558258003055033491
17708,16226.6533784153617128027524851447513
17709,16226.9275377639006234091629579954448
17710,16227.8280457952107199308144474562594
17711,16228.4351045843474161694951931690556
17712,16229.4469622591603536126724976922561
17713,16230.1099375807161862320725211469877
17714,16230.5559504326593555700139806421009
17715,16231.6590507858618149738541879645336
17716,16232.4288435474467393646709771221636
17717,16233.2552734713892237803033985804191
17718,16234.0306536504939548044086630518026
17719,16234.5288115359129203135552155124952
17720,16235.6941948893836489475785653469287
17721,16236.6759912140072318092525543688736
17722,16237.4435051888799868807445446453492
17723,16238.4695588348945467241245801335118
17724,16238.8785449994085246142491493015760
17725,16239.7780008375476069612333491748714
17726,16240.0274242989683587751812750965428
17727,16241.1063116757161963077680884170406
17728,16242.0148329735625222822040162098347
17729,16242.5368952274644321395266201723500
17730,16243.6287246102190654400123835051051
17731,16244.7533579964299344226753856116746
17732,16245.5343212509472665940637648015640
17733,16246.2583549328896431512259555893370
17734,16246.8502675803325325881040428064615
17735,16247.2635631745085360651058766607285
17736,16248.6809919778527481341651285746244
17737,16249.5710687647639406092355443235922
17738,16250.0355524028263763327389088244744
17739,16250.4399360788046310939521382416271
17740,16251.5049843003243226980104640690997
17741,16252.2674378099921739559317984674168
17742,16253.0582187565947699266757109651673
17743,16254.5919129077197492715143272186474
17744,16254.9094993727335241221690331275374
17745,16255.8087830784648470080617203007205
17746,16256.8662506065917166517162867763992
17747,16257.0342139854881894092484683289169
17748,16257.9666617794444116921424506364770
17749,16258.6930986746090166646045544327133
17750,16259.3044389896929312331701093920501
17751,16260.3672322817931280015128126370525
17752,16261.4322065890482194275523893431374
17753,16262.0296811384881955321523763719358
17754,16262.9698270458155025989153438332993
17755,16263.4852637278347721794499523695902
17756,16264.7402414625500448945906224996858
17757,16265.3502086676093199536720505818224
17758,16266.2280559139495586165338342857925
17759,16266.6731745844516437134448861705704
17760,16267.7896984998056955963819454440796
17761,16268.3975745018205671128459051697040
17762,16269.0226955890003011690355382777972
17763,16269.7223252001756134087993886421342
17764,16270.4394356084398161425740957644226
17765,16272.2013495618882310864564431946638
17766,16272.5903211005640778308432696439173
17767,16273.5422408152398398152937131854225
17768,16274.2485872828215729048197346974833
17769,16274.5501452781880897593857466944844
17770,16275.6484073851715948956653189302990
17771,16276.2640377200853324257297687571175
17772,16277.1956332458078758513166873403545
17773,16278.2325258862542585851202825547580
17774,16278.6607186942213029253104531784447
17775,16279.1863428625740404807566255226434
17776,16280.8319009686580743911120348635939
17777,16281.2552556793704879609188369123326
17778,16281.9002014478262024546344781415081
17779,16282.9998478451230333016343426228292
17780,16284.0092324777951933909324475087764
17781,16284.5763537267107530342722049425500
17782,16285.2834035782684084883444271485391
17783,16285.7940794353677043333359778170513
17784,16286.5009108653517614089205132811536
17785,16287.2759531933708659256041339018039
17786,16288.5479933154712504911059722093811
17787,16289.1426610395347546307139530152792
17788,16290.3001182262400091241328466984412
17789,16291.1531736794753131900423929237683
17790,16291.6742852007714074613729248476451
17791,16292.4276769534117040285579516447994
17792,16293.0946613240305030479964609465278
17793,16294.2526219373674315334840944941309
17794,16294.5222646107803938603707609421981
17795,16295.7857654047501235606961675895084
17796,16296.4063995420721634221212900742228
17797,16296.9816524541925107863983061506338
17798,16297.7635594759999977141585455135877
17799,16298.6244801556856687864683966137528
17800,16300.0245457915698578472205233815840
17801,16300.7908658408329075326798823378804
17802,16301.5836807666673102271921785321754
17803,16301.7482511318761602671462834148152
17804,16302.7872347363932231319181976797776
17805,16303.7567902831911774438009984397910
17806,16304.1527031067833083271085651553149
17807,16304.9620640129996380820221568827211
17808,16305.7077192007349131020251624365705
17809,16306.9341134713251472252132316354468
17810,16307.8800982458931081598645631780125
17811,16308.5322974740243429495328083856294
17812,16309.1651424289827116384254243529870
17813,16310.1809717640481182744619266854661
17814,16310.6360025260665024178492849611626
17815,16311.8499119507177759541542117308612
17816,16312.6490440553138660390121823374823
17817,16313.0841040748323548651506653475136
17818,16313.7870788919579279890115337194452
17819,16314.6890768598049795228014806819069
17820,16315.1657857722962198311187017584883
17821,16316.4088394565808387963492155172843
17822,16317.4008715261593399025174447982246
17823,16318.2893767930128506586786665276953
17824,16318.9254556826230771320684327412880
17825,16320.0303520857095629035987917766666
17826,16320.4565289384949716411653698793445
17827,16320.8691489473271028872573839762083
17828,16321.5478159435571467983451058729919
17829,16323.1089243004137493963819613531751
17830,16323.4583938257325594605310767233453
17831,16324.2481532666420288947277388424263
17832,16325.1297307462409344994515923775157
17833,16325.9356801728861351619207908024553
17834,16326.9930608456381767025726029047679
17835,16327.8169401144711514255626728069789
17836,16328.2779702335773585008777973741123
17837,16329.5185797675952568116972043812664
17838,16330.0287358410365099526093471260160
17839,16330.8615822506954505473640513557150
17840,16331.3859317055890826356803280645036
17841,16332.2615606799293648349858043653018
17842,16332.8779139787533970746192141403288
17843,16333.5476659120264542269665031094533
17844,16335.1265880463698643852154883375485
17845,16336.1373712728746294239518383611609
17846,16336.5386186577634215225162814277252
17847,16336.9495019019951460508667893482980
17848,16338.0774931862120958902462430316522
17849,16338.7116319451675196309681376333622
17850,16339.5870982665002261724332656771288
17851,16340.5093859748932365424454425485799
17852,16340.8562422627475658825008161769956
17853,16341.9129315230183659826420337746792
17854,16342.8378739273320529114410672833786
17855,16343.3232090437363442343628584040908
17856,16344.3453714608469588329990681253363
17857,16345.2106573686879482800324926525928
17858,16346.4371455420484351078760563835972
17859,16347.1386040788282637432485282285735
17860,16347.3869165126089850131106246364456
17861,16348.6420005670771335868598706551368
17862,16348.7782364405620389877061152965388
17863,16349.8591044304486070256860377356787
17864,16350.3155693239758698233558238304000
17865,16351.6535782337529999453642707720770
17866,16352.3375298435274769508468656080270
17867,16353.1699985959055428090575264816711
17868,16354.3463592098452236778751924288250
17869,16354.9253734078864374784628393575596
17870,16355.4955355357140773822178121278106
17871,16356.3125597922547083603953244365886
17872,16357.0536787552643403006034692302431
17873,16358.0969428863917404911329724225126
17874,16359.0926179651286413688987966026984
17875,16359.3305185716586046099296433362086
17876,16360.0271398237646484496623957918714
17877,16360.6346407371908481195070217585524
17878,16362.1343925186464024870758605727000
17879,16362.9358870583932063595108903498201
17880,16363.8185026678903722090220649330406
17881,16364.5567097407786818867792804779061
17882,16365.3445865312368285890808883440024
17883,16365.8017120977710986896664464971116
17884,16366.7922797762363935123017653842616
17885,16367.3116252823638128358316635959733
17886,16368.0349151723441728017617302941294
17887,16369.1169940231303967967381166758770
17888,16369.9317952283369200595754165450935
17889,16370.7152990612711971347620939909522
17890,16371.8254997025116131989825820041087
17891,16372.3791438762300742531379325304182
17892,16372.8484685505382572425098695997130
17893,16374.3201303433664721627123823556264
17894,16375.0548280378266830138593045649854
17895,16375.3816705270810438230042490434705
17896,16376.4018561320254870817810912403657
17897,16376.7823385010451427993003023313258
17898,16377.9149449827767686476091994475778
17899,16378.7075694070896714869753958241442
17900,16378.8636676873850435162950649702546
17901,16380.6228965802342703782892536281168
17902,16381.5100530332892658339667971110103
17903,16382.2687014589774762460881621653394
17904,16382.7095552033769794137869188048765
17905,16383.5600559057101300764017298111938
17906,16384.0079161145129522002950595172048
17907,16385.1420811651854171078144947878668
17908,16385.8262267310554706853308341336878
17909,16386.8398296735136726277275909829175
17910,16387.3339934373039045012588938490903
17911,16388.0995655459739698192585180766544
17912,16389.0509800110681640212944583899637
17913,16389.9636749762580892193627010283474
17914,16391.0064538292411723405143535325468
17915,16391.6405387892067350944034166286672
17916,16392.2316104373036568795776336916878
17917,16393.5277108834136652493851306006627
17918,16393.9515324632473025953374160490076
17919,16394.5824882999576621648249385469175
17920,16395.0998427369952541092096804242042
17921,16395.9429119306956647564573595989132
17922,16396.9065386928022875378051215892066
17923,16398.2447222411116860708275097601891
17924,16399.0023650372739284055572089686661
17925,16399.2927155582469277905664190675389
17926,16400.7913569992282326124362217566722
17927,16400.9013187285234290426797444584598
17928,16401.9543405191869858851297279188516
17929,16402.4525824064730088944106370252651
17930,16403.6948134256983063447417189087458
17931,16404.2738040145902776059247067004049
17932,16404.8892865368700539306592549957219
17933,16405.7475983215049459970658885223859
17934,16406.5610718070895525094934695522443
17935,16407.1996499112790999204844131934950
17936,16408.4903358601852612865036343557783
17937,16409.5999209599757872373859043598486
17938,16410.0058856489185329149085404205529
17939,16410.8992682525864554678616945612444
17940,16411.3269654593394297670273026584724
17941,16411.9860402899826435718682655190253
17942,16413.0371715415705219593303801357478
17943,16413.7091584570939162767441789139409
17944,16414.6330939411273568686773352778443
17945,16415.0956348053726887466291648207718
17946,16416.6007237692470552592749871317575
17947,16417.3229014111246809341617490909041
17948,16417.8894885655702420660341378460054
17949,16418.5812894715897671828668949980427
17950,16419.3607528469314165546724996463736
17951,16420.6624327160481871690831947741769
17952,16421.1036803216362446682223227173994
17953,16421.7331394557384203767219630502988
17954,16422.7277583864138174932226257335302
17955,16423.1083301369750162071139498327846
17956,16423.8193473177740017335980958359530
17957,16424.9608197006718521821940764465478
17958,16426.1435600842979117192425366912532
17959,16426.9161567845903886275471545691933
17960,16427.6540709209628633513558423438384
17961,16428.3138763847862422986134495615913
17962,16429.0859300191521938471013107364910
17963,16430.0016588963809573804492963472531
17964,16430.2671286040279768021300070687074
17965,16431.0729254669066799584062579878388
17966,16432.4550980256770037854550864474768
17967,16433.0651484699754913106245655494860
17968,16433.6945406269459343524355690840251
17969,16434.3962176196554334318058532695147
17970,16435.6480460594685519524081879591894
17971,16436.3321017953874561970252959561685
17972,16437.1523954029917992584820792617282
17973,16438.1400436943388727918025343850087
17974,16438.5903554060564125995817169281582
17975,16439.3009713060322642919622837049297
17976,16440.4850904414297711537775781273139
17977,16440.7559482268481207074388095880590
17978,16441.2227978612151097602962452766250
17979,16442.4908739448337022097114941014146
17980,16443.4633034980181273837306418928812
17981,16444.6010081487718925938454536177624
17982,16445.4347546974723129043944998137004
17983,16445.7616139123915723363245044444373
17984,16446.5920896496253943351899240192664
17985,16447.1295629162008840713751836691015
17986,16448.2741836707016727764530623918735
17987,16449.3054866908039903658363143965809
17988,16449.5716252702460415372476624750611
17989,16450.4017397259504245063872776278168
17990,16451.1860941291599854677517748896489
17991,16452.1299555080997971904488236554808
17992,16453.1647132178010387349947526285139
17993,16453.6393917810718933483400877837781
17994,16454.8649335518360626082835551498238
17995,16455.7651263481794547825987391259224
17996,16456.4214524820050026694699215809900
17997,16456.8989535749037436795388492638732
17998,16457.5538296839393252405993997126584
17999,16458.3894112400876465753690144355628
18000,16459.0842220451925832258559663773032
18001,16460.1323083575689629291628181878906
18002,16460.8776444520415127283744607676549
18003,16462.1925156044535160943967748093513
18004,16462.4931149897803449300007351659000
18005,16463.4930919831173116012428780789737
18006,16464.2858973326092295876589664727604
18007,16465.0812718325996404836083784108564
18008,16465.5544103007487816785177580084581
18009,16466.7494023248962152163834302177004
18010,16467.3044958838165692773916021526183
18011,16468.3056513385770189307028321092029
18012,16468.6480773369886863606924141219094
18013,16469.5504683736656380823973398974539
18014,16470.0239243808437957756660469497562
18015,16472.0871997329604438986885305428502
18016,16472.3220535193871341370884161196851
18017,16473.0499291405286517770580311778196
18018,16473.7188879206337367387519333871396
18019,16474.7263260297042022152655603609547
18020,16475.3658533746902246431802581271111
18021,16475.7445883426158342011566320414583
18022,16476.9361991174169982936929625575574
18023,16477.4837445100427093945024528233930
18024,16478.5648347945583687845334221871948
18025,16479.2749610394539071563337319312637
18026,16480.3840672266394152463756073245280
18027,16480.9369559022635312766521037738515
18028,16481.6527677178332278366040008892928
18029,16482.7077548467476698021503568806034
18030,16483.3834689342492262198734923005413
18031,16484.5917704470731292864065884017799
18032,16484.8731630262588366596801761231011
18033,16485.4222164834539209685609628272356
18034,16486.1351419576712652582319615185651
18035,16487.3072330868923820163363613267346
18036,16487.7965188172905036371745146402620
18037,16488.9917715602941190589259950639555
18038,16489.9750348021958427457128283856233
18039,16490.8269716120773849418106814026194
18040,16491.6924495183757518367526663322409
18041,16491.9917906361931529935968158384665
18042,16492.6163825897880964636905753610506
18043,16493.5784476701690120570740825303711
18044,16494.5088481494714386663584309133421
18045,16495.4262054085553571609796274346492
18046,16496.0246201319809621241382346029529
18047,16496.5905553749060889388352254967789
18048,16497.5584049349483599858169498451387
18049,16498.6722124082900932423144822645552
18050,16499.2395284373016333628191420450527
18051,16500.4820992291091284791799564752463
18052,16501.0891359499337022577292566168866
18053,16501.6204231400041862137431984410424
18054,16502.5532294808449070964988513811300
18055,16503.2778278363358060733343835394939
18056,16503.9553142636392313166141880944210
18057,16504.5781304479631221349486711671032
18058,16505.1000686284977458256665195750296
18059,16506.9650211147987224367683661402180
18060,16507.2875047926668411987243313931827
18061,16508.3656434144634130750316155730064
18062,16508.9505064641900401887266665155412
18063,16509.4293887605109647854912845227936
18064,16510.6545394675681024269929181496428
18065,16511.3352548070355973860944277711466
18066,16511.9952039456755191810060741099571
18067,16512.7050330283066815265136978543324
18068,16513.8000590251447833240202674851226
18069,16514.2831814488394190552283873427664
18070,16514.8618144797269369126737041471336
18071,16515.9464143967890547243069410331286
18072,16517.0011828231536343858429999137840
18073,16517.8718125337605275495924099743093
18074,16518.8650767028651750715849002395564
18075,16519.4244513545023292310300395436694
18076,16519.9286474792714171231475714706737
18077,16520.7918007643327300527065867296240
18078,16521.2521934664790225402433063905304
18079,16522.2923835610224630018347203703347
18080,16523.2211249983282772882670935215729
18081,16524.0679872693427703741321297591588
18082,16524.5477300776882843680193620429408
18083,16525.8856539285985454167141966846778
18084,16526.7015755956780983820323683617073
18085,16527.4024206881456825748867812240939
18086,16527.6387463914155045149952032866213
18087,16528.9540166093257357504940351085291
18088,16529.8668693070760077859021523523659
18089,16530.5591813374982596033946243095506
18090,16531.0243988182790170276001760273087
18091,16531.7229703418766471837029022680234
18092,16532.4739528543867378640336070059645
18093,16533.3254726871257079107859509011755
18094,16534.6369446186147967591394017549386
18095,16535.5811725821944198672917709985393
18096,16536.2063975574963795727313683341961
18097,16536.8322828123241300310755823175517
18098,16537.6088060152997982455469918958184
18099,16538.5453358134320157832248510573655
18100,16538.8244775913193466489755675450131
18101,16539.9099840173214552607315340932852
18102,16540.7522217678550245964842651650281
18103,16541.3327086182690120554893512151463
18104,16542.5695231627685575372299368654347
18105,16543.2594818000676791884856714255244
18106,16543.6310289808272330363990717982255
18107,16544.8746892306320311385151408563054
18108,16545.9247543715332642842469370192359
18109,16546.5697082415967234452217704333952
18110,16547.2981383503117008333116126972608
18111,16547.7833703657410971898712973384162
18112,16548.8239372815072781116707095477843
18113,16549.2824363919942305486375391168404
18114,16550.2506117061185577523346291883603
18115,16550.7190394736249633833634926259875
18116,16551.8592779137595577163180739342743
18117,16553.4496767865598144758277087689291
18118,16553.5844773102123172442012333694651
18119,16554.3404909542805338639188576912632
18120,16555.3221125764334845130227189857557
18121,16555.9056831085880861726945502910427
18122,16556.3619917724258729421306655987866
18123,16557.7608470802027711502595766772224
18124,16558.4635307577351157335121206547009
18125,16559.0409911043221597366881693000343
18126,16559.5585818280154252083129181250606
18127,16560.4863167667664781184133267096366
18128,16561.5411623188831187272999955521107
18129,16562.6263829106264460996697371141608
18130,16563.1477447396237221432084128051354
18131,16564.0629767724513432144931231334861
18132,16565.1369625830722625637400084046636
18133,16565.4466364225947595788524803885250
18134,16566.4093365858058392650765209377437
18135,16566.7586336533783513737270064254749
18136,16567.3991722944886845512347255803239
18137,16568.7629866915316247782874221742286
18138,16569.4489041736889343428232271995329
18139,16570.3538520097795432482566723670864
18140,16571.3192837088634073311830102511018
18141,16571.9485424688839247269827036483387
18142,16572.8610499216776679354094503228141
18143,16573.3053517721058444827145950700616
18144,16574.5127037151848898900983847804122
18145,16575.1364665261524281211439705143833
18146,16575.7782892768250115317834756632468
18147,16576.6144963259479372232833184418852
18148,16577.4888749285653309986846270051338
18149,16577.9870095839566444982172809938285
18150,16578.6574046197028499649636018290360
18151,16579.8976639785707292443067363479081
18152,16581.2489629843702643873669158980747
18153,16581.7151630079351220829018095158995
18154,16582.5686416843302683559316454566579
18155,16582.7730008356739862191591960533312
18156,16583.6290885776147370461050577725588
18157,16584.8275523337550088815326686070382
18158,16585.3139662954025835071493483993400
18159,16585.8785334381970218870631739325570
18160,16587.2528834560138468752524047645406
18161,16587.5250564168922958257432226580480
18162,16588.8878339458001737207265574063145
18163,16589.4666575902332897059871852224956
18164,16590.3408982073161601802427670442922
18165,16590.8837273549940432588340011731523
18166,16592.2294432888834495189698174932993
18167,16592.6874625103465796138326146148286
18168,16593.5058110394756014180540568635992
18169,16594.1724932421480033873008925918287
18170,16594.8566485667835665684551865178667
18171,16595.3657280205414460079432986366381
18172,16596.2846841492521984034919882640138
18173,16597.7067225471867754307592381928630
18174,16598.4453269350905923182086337350736
18175,16598.9998939978311686274006556513040
18176,16600.1439720261340977062242784865815
18177,16600.9295351788671659848014385886242
18178,16601.0771677683990353187150100848616
18179,16602.1001217848584693927782899299241
18180,16602.7254828390908219669439644831691
18181,16603.9843682393991379057152439387883
18182,16604.6307137872743516720946237081874
18183,16605.2976415801648313271346461321558
18184,16605.7431939354245864410357591549026
18185,16607.0971248978647182603598930103591
18186,16607.7546574540012986550700031390964
18187,16609.0960080906595767847998520242616
18188,16609.3530669261503241589756841460987
18189,16610.3053484459876945152876875555956
18190,16611.1928916093146900876463601286621
18191,16611.5488956354469704035797935977231
18192,16612.3384730741282707733327939716015
18193,16613.2971494219630470919216827908280
18194,16613.8099529135613382466582280648743
18195,16614.7014725966615138027045026061711
18196,16616.1140461725274324879893424133440
18197,16616.9621578053659843249030040548655
18198,16617.4069857207757572454412684018680
18199,16618.0123251823659367944450873754199
18200,16618.8449000644523486961935839696690
18201,16619.8214311967026296761737533461788
18202,16620.7700228704737009552769652430342
18203,16621.2911883973496117963054777692929
18204,16622.0671777161634479761642892126791
18205,16622.5110144683479547991797632628200
18206,16623.8312313468264721175779283361123
18207,16624.2475522464806483036227777360501
18208,16625.1716427608152121434628117559587
18209,16626.6327203882857345934417354512498
18210,16627.1604989447417927114064229077017
18211,16627.7594857197006758438755343606093
18212,16628.7437362152910446801582453660038
18213,16629.2437292170401860640031218978214
18214,16629.7940179715184752290715595098782
18215,16630.5975619592018055323875662355549
18216,16631.6729831265993105849718066575881
18217,16632.4960112156407322593658752217550
18218,16633.2537090364474149448961254997817
18219,16634.1241517994373433857213772099408
18220,16634.9428163979446449871091734287569
18221,16635.8878254880195312323182626239540
18222,16636.5818464281030813681225163484790
18223,16637.3122987211367533566596590024557
18224,16637.9710720713738087736486750542824
18225,16639.1576190136387314171321569726524
18226,16639.7355518999137732541996887601285
18227,16640.2346050671322936986260272583766
18228,16641.0525497114773682106663717175125
18229,16641.4290036653039558441137006385474
18230,16643.0597413085538964872297292765447
18231,16644.0700925198446500208462124188380
18232,16644.6099031255413882547911072701116
18233,16645.5127702479448292548779888725748
18234,16645.9188553088617375406493318663704
18235,16646.9699994205937642207731737014383
18236,16647.4290523853405121377566531478550
18237,16648.2865174456213205441238037655600
18238,16649.4251432907419343420342615088476
18239,16649.6649500476112370438930463729646
18240,16650.9040609437880380752218447086529
18241,16651.4308029676758211864947056383483
18242,16652.6516614375870936572050820060889
18243,16653.1976888115022899053168567928237
18244,16653.8737066033760502938648306911019
18245,16655.2783504715113081649791934349128
18246,16656.0224219596091618353904414943069
18247,16656.3988158121335758841286444159458
18248,16656.7949047618330201163940511349431
18249,16657.9975816196560773568165950489005
18250,16658.5413541268611236252946115237082
18251,16659.3307019931437605577777308671117
18252,16660.2944710896880611000921174914467
18253,16661.2825952140295941316941963475988
18254,16662.3665326800146969422974796054304
18255,16663.1129009744119764826485929637733
18256,16663.5969768806355455819896401236127
18257,16664.1986012324356031706497548589150
18258,16665.0759793716313642034034423044896
18259,16666.0270109444445004300915850869527
18260,16666.8864681239683290301519433513373
18261,16667.4339725534431127132806362145382
18262,16668.3844416634779268563472866798615
18263,16668.9672840669978394768463605719042
18264,16669.4488230167786299991460461357355
18265,16671.2571319645029372816220744948025
18266,16671.5467415449912682552717291699804
18267,16672.7313921199081982190490308967913
18268,16673.1837106925881729037406302574676
18269,16673.9414661792367300165926700292907
18270,16674.8903808286410969790529245236112
18271,16675.5506325987678059079187635169931
18272,16675.9109301200430024827946726652966
18273,16676.7090018896034071107749810664717
18274,16677.9591994675172003009563079351065
18275,16678.9667319955573012972171518147274
18276,16679.5761785205700603290416115092144
18277,16680.4173337430340117650668978868643
18278,16681.0871217622169471567362867044896
18279,16682.1471066335376101528202545905296
18280,16682.5965882419826916098109579285942
18281,16683.6658355355398512954718031954057
18282,16684.4070855759884068811667505489945
18283,16684.9858506028493178155297809318841
18284,16685.7843546215159160625589548625410
18285,16686.4122543953885359136456215305147
18286,16687.3309386700194690554689557525427
18287,16688.0618346262890858016045975458014
18288,16689.4198440536031944697813429789743
18289,16690.2264541135727559981415792576616
18290,16690.9965314618532231034544914971193
18291,16691.5495012741932582206907737626681
18292,16692.1764702467572996313681412239031
18293,16692.7712654274424878408451715452963
18294,16693.6619744156471996784849526572426
18295,16694.9592168380233316709224293814003
18296,16695.3858523953675577316030571296146
18297,16695.7820259429441705701699203701807
18298,16697.1344304588780183409411737378723
18299,16698.2404003943104727660024670419197
18300,16698.4877188436194435178625711291568
18301,16699.4543846001123627386520696858199
18302,16700.4204236438325763026835483566073
18303,16701.1606924353101568844785819221339
18304,16702.0203929579104170857758967129882
18305,16702.8218624363127480189483002528298
18306,16703.0439899376710659918329728537844
18307,16703.9192330997941050140174206188916
18308,16704.7660044395246373687088398323641
18309,16705.5525856182278838161902060043500
18310,16707.2080439956718249019936701769696
18311,16707.5632252886761491233446071790812
18312,16708.2705182596483058769329499277524
18313,16709.0129303320141941218115257376206
18314,16709.9457321177587715866990861252427
18315,16710.5706776352325904921902204379509
18316,16711.2782547433289993043100611228388
18317,16711.9668632835667988494698003643989
18318,16713.0918617071155377711463967165931
18319,16713.9330362288104022891327141564897
18320,16714.2084065279227511095665068550672
18321,16715.3412414739302957454977923031211
18322,16715.9490627801302739862641444647230
18323,16717.4144727896269210671778444952516
18324,16718.0521295920767464121652250161674
18325,16718.6671798860846349349025168122288
18326,16719.4307537353065109704026084880263
18327,16720.1314836494227167511901861333698
18328,16720.8240337347473966024364027334303
18329,16721.6067295477788885901374000627019
18330,16722.2086258067958861631194818932681
18331,16723.1759989150919802645142087185867
18332,16724.2757737575620084370634553516457
18333,16725.0397939222306043175414468735609
18334,16726.1411804747919607687844635760802
18335,16726.7024466540069099774633482815555
18336,16727.1990886699148826135221193054575
18337,16727.8129393058079800994928969614311
18338,16729.3632894544808556485830147845593
18339,16729.6586375234794822610376960603908
18340,16730.5629973040914028349099714998644
18341,16731.2846211875610459425986486410899
18342,16731.5433377861976453727705556798323
18343,16732.7644967816066717044390336377244
18344,16733.7552194270694144739922629474028
18345,16734.7247533011407255968146794717134
18346,16735.3726677002969115090019748067460
18347,16736.5159253923761497456263291420260
18348,16737.1140907594761101925314889540241
18349,16737.6480171312935094848440714986055
18350,16738.1249959680352702208648333583565
18351,16739.3059454150195958008893487674057
18352,16739.6839311694716884522599133984881
18353,16740.8650915357048294319588322497221
18354,16741.7473892819295993636656719224836
18355,16742.4381200522518021287910247126018
18356,16743.2902026586122304720533133098513
18357,16744.2517532409563210189981467212855
18358,16744.7704958188156731346783854018655
18359,16745.9048528976615759700316697365740
18360,16746.5538509432342044047441677366020
18361,16747.3908131103752918779783954981613
18362,16747.7459311965605686236074857108138
18363,16749.0171578757379428071199162668114
18364,16749.5519857582916307482044876176844
18365,16749.9505754184855471416308703208285
18366,16750.7767065211325098047152051515246
18367,16752.4842878263691720377056594578170
18368,16753.2711815967564970394720614859079
18369,16753.7781253529491342399423699071646
18370,16754.3212413703404484092548726499403
18371,16755.2721417919613483305371436551576
18372,16755.8836755942240469406749992013519
18373,16756.7383413073869004297043367971789
18374,16757.5364852111957661177476087420438
18375,16758.3695520171171382175739233908655
18376,16759.0797648274822754786473633336576
18377,16759.7992935787379618636648977089360
18378,16760.9032429670250130173763540756845
18379,16761.5231118781043603338318618154077
18380,16762.5947075055496002598079183553977
18381,16763.1430857511254475181530088269531
18382,16764.3459375578033988060213930922576
18383,16764.8760632200592199480413533384178
18384,16765.7049432702995775644736390019763
18385,16766.3961594214008320700784773231805
18386,16766.4737485780421539731748191708387
18387,16767.6955944213266906739118999050327
18388,16768.8426139177872047573609012459142
18389,16769.4405540221146405127579084507141
18390,16770.5283380928634782861133235070124
18391,16771.6199151310911623503755796716753
18392,16771.8027224709536363348470875112551
18393,16772.9801734060632545496224337260340
18394,16773.4843978491328647531381888032832
18395,16773.9191803861160289719978833230503
18396,16775.3905892173071649150405451796302
18397,16776.1195576203953004202332574994550
18398,16776.3847297912267933283434895988326
18399,16777.3920086906849528416486753024621
18400,16778.0052015962064370771226332017212
18401,16779.0027121678659037361805365901581
18402,16780.0508409712617287072737424901351
18403,16781.2228278483543932253165881497199
18404,16781.7700945230502978399123804109879
18405,16782.1129148479781328360839219215597
18406,16783.1298948549502576321749405675648
18407,16783.8259590681570436854667353802019
18408,16784.6680983364633288600872799780827
18409,16785.0608143526333108916797793010226
18410,16786.1402669755340544168425828102396
18411,16786.8646087766836081166716981225602
18412,16788.2964874492320498031992552540143
18413,16788.8956804229798311075266844238558
18414,16789.3014662818985380117061591037686
18415,16790.1723758756528581461351174102125
18416,16791.1565365489584563968421670331781
18417,16792.1104309839029163798037338546413
18418,16792.6554266802008538458103490312334
18419,16793.4654610884567970374141897132436
18420,16793.9816671224577764661637818694631
18421,16795.0582278913238730698897772847011
18422,16795.4371975933495322572539071452113
18423,16796.3110851600229085659223798958972
18424,16797.7644360164598552444427628964725
18425,16798.3008238855735265893177885463651
18426,16799.5002386294109982000674241729000
18427,16799.8475490491554689864285651000354
18428,16800.6918868058972727909744501165118
18429,16801.3651685024903140068170313287230
18430,16801.7685606482132388581557844949159
18431,16802.8959433147281395933562546862647
18432,16803.8549355203080359681347547820609
18433,16804.6864303710279613740847031908560
18434,16805.1530260273750185089633061446054
18435,16805.9181711320384869691076172618780
18436,16807.4306161939522678244105254898766
18437,16807.8197111549601301716325273912793
18438,16808.5051932388706828149614661395131
18439,16809.4792206075893245472327753646428
18440,16810.4029850647366117993224058448785
18441,16811.0299087617322509329158690635272
18442,16811.7067364607852565260755644775779
18443,16812.2590347771785154179703221057853
18444,16813.1675282860234259861706730512907
18445,16813.5699895780765228840168377719448
18446,16815.2692793442276028050830576229531
18447,16815.9691909063315120678762285183573
18448,16816.6924430117502019749754722009734
18449,16817.6272725120545979765479509597028
18450,16818.0241969330544573729275232037407
18451,16818.6966319884278259704572579949572
18452,16819.8386401106063971231093700960297
18453,16820.5717171880607012942782647996799
18454,16821.1099509473982270848949045701238
18455,16821.9482383492286099495372625008229
18456,16822.9123601217777025868889126980135
18457,16823.5584350922223770399446139030948
18458,16824.4330670995385897649350973016531
18459,16825.1462585267100787301734115204688
18460,16826.4556387460632176282384464762371
18461,16827.3646984675006461322927518838812
18462,16827.6715862054876656815160179762166
18463,16828.5153788223502792046889964592099
18464,16829.0240984457751828066616893202437
18465,16829.8670441708708095890181054403881
18466,16830.8330537311962340289963672765885
18467,16831.2963765146336323128838071532630
18468,16832.3405953298543064649675061321868
18469,16833.4816369665846288343127101419175
18470,16834.1917945508364290936656976315292
18471,16835.0576369871490336747132436479640
18472,16835.7310947700853130901827911784731
18473,16836.2444535718268381234581434171421
18474,16837.3683924708665943588534682027749
18475,16837.8397495178541153326837930350698
18476,16839.2534691257046268761445947252774
18477,16839.5388948096038066411132810484255
18478,16840.1026015808304205452512258639065
18479,16840.7712264785946742504689131701224
18480,16841.7951297458941259740882730563878
18481,16843.0040022777687011155969048052695
18482,16844.1709300568696675541706102483529
18483,16844.3305142093990252301344732073189
18484,16845.1936946370639491697006642392142
18485,16846.3181107498614171870153173524867
18486,16846.7670133952504763221039674331896
18487,16847.3697239069104526604457952462098
18488,16847.9034012874822239937567111062949
18489,16849.1418478097180682487851161136035
18490,16850.1068581979498186792658056578991
18491,16850.5239728208966431102367037797419
18492,16851.7184075349288098548141932719572
18493,16852.4858085332487599138371023926329
18494,16853.0055717862576680453831471608111
18495,16854.0793115001417248654202953133914
18496,16854.9751732207618693986406343696297
18497,16855.6402519854666741945041594570653
18498,16856.3459865421692090896570343554071
18499,16857.0333077273300354385279646233736
18500,16857.7552036853858546985057541609112
18501,16858.4084240994847809847344400576910
18502,16859.5402976226166510504877035659352
18503,16859.8295518715693684796643143375823
18504,16861.5735664790969336782010630871683
18505,16862.3159698799657345606773804123189
18506,16862.9081150988172353095395743366195
18507,16863.4654577848623184477658704724530
18508,16864.0081242662077042676806707597416
18509,16865.0301881501143524869700668718926
18510,16865.8564161391690879192811876562214
18511,16866.8196605317353732390949654471680
18512,16867.2634289349091433521130179595154
18513,16868.0442142452588626481628964583685
18514,16869.0137437015064384208807142610188
18515,16869.8713133045843772759542120903868
18516,16870.7581979000655098711377498615484
18517,16871.5178833681495951525307827107486
18518,16872.4605223935876416626316427388233
18519,16873.2911821181083202455639493831468
18520,16873.8920852209962744012742035384972
18521,16874.5888448536508235278997856556923
18522,16875.3387238612298163482428948666244
18523,16875.9986094374007469834943536282015
18524,16876.3926765582014080700686450198229
18525,16878.0322951767762456344544838791672
18526,16878.7751056845832228632080089833089
18527,16879.7146836848207559198599877719348
18528,16880.0210602941908345197379985236573
18529,16881.3643785500844115801342854527898
18530,16881.8102437222620146667865169297504
18531,16882.3855338077580438886230127214069
18532,16883.4087382641574519852053703457360
18533,16884.1679933382904165408887021660699
18534,16884.9489310571332590701193266267936
18535,16885.8483213190267676709222537513490
18536,16886.4298524535123385044141965526546
18537,16886.7657403642368840552026049993491
18538,16888.3158387784790771890979679248448
18539,16889.3829131442788333028680127714204
18540,16889.7872889470957637396672807693004
18541,16891.0476481980637578852799522931621
18542,16891.3722967085020234113960839460548
18543,16891.7893637448780997380473870233696
18544,16892.9617521749749817310591829823660
18545,16893.4472712436336231070326347521832
18546,16894.4553667542930305757380102111103
18547,16895.1402521155284136044401811823196
18548,16895.9770243234240066668562727340478
18549,16897.2204184650960754136669617947786
18550,16897.9182570935291751041356833050537
18551,16898.5930061555709135577201561212336
18552,16899.1331177511464920309548470889139
18553,16899.9888295244571665805424872490576
18554,16901.4940606579777249915895596670996
18555,16901.7149993818488122660045589100902
18556,16902.2326498482838647333259056800105
18557,16903.0408573065230181322404741912729
18558,16903.9151735252396937751023080713031
18559,16904.5486520871658578275114556928872
18560,16905.5944420459714154905027128955508
18561,16906.6957582732264532459508019658033
18562,16907.6115477882342728311271202639968
18563,16908.2558778094401901853382657420472
18564,16908.9143766728500421513815227602245
18565,16909.6397030122208255701524227719617
18566,16910.4352985140056220042803637112089
18567,16910.8363702656217792835326691435417
18568,16911.9488581971929391894028823684792
18569,16912.9081983242027813832977630602217
18570,16913.5797679576791251647391813360070
18571,16914.2726467969742478704158278245649
18572,16915.2132156884213954345467456888565
18573,16915.9317816814920748011665938304145
18574,16917.0864705027419528253782360625398
18575,16918.0332559211297392309967189543724
18576,16918.2196239064862350343923192870989
18577,16919.1453640385738463052704379240471
18578,16920.2342629222278628131757272809841
18579,16920.6552537117798967691801177406827
18580,16921.4028372217016542156343239782371
18581,16921.8273818819546653412186612797358
18582,16922.9502034074263313457531100328714
18583,16924.2384263848000706861942128246891
18584,16925.2925107360351897927536831723169
18585,16925.5488060055100602434401128796506
18586,16926.3903935655988343936668888982442
18587,16927.0710064051531365952687309901919
18588,16927.9841521340934881385653400205496
18589,16928.5719033123838625167645338024352
18590,16929.6397351672372531415330343686628
18591,16930.3730597346929827545501378446983
18592,16930.9761602227530255600170395440653
18593,16931.4920163998785007943360243734417
18594,16932.8162420771697122912082967298033
18595,16933.5840233393573063388206005864820
18596,16934.1455079456461310171764355046077
18597,16935.5253264170448305859823269950035
18598,16936.0815340239752018712811741746213
18599,16937.0396515567901640356552070709534
18600,16937.3267718121314588641636729006775
18601,16938.2334192429809260371703016555396
18602,16938.4816537128112064701125115580191
18603,16939.9948270213694003882034070438320
18604,16940.3625111290024453013204255615675
18605,16941.5637661384427715555924513980448
18606,16942.1874092435741425811555425493649
18607,16943.4661066644085160392010642819712
18608,16944.0056777186374356587218908740547
18609,16944.5008169180883453083980761068023
18610,16945.4081388544898899272337137124870
18611,16946.3182073666783615418272601558828
18612,16947.0826921437341646121443307430172
18613,16947.8664731443011569393617511637598
18614,16948.5362813454455285320896512166686
18615,16949.3641486798407151647234992819265
18616,16949.7353077180698036731030605967142
18617,16950.6830706117012796033170034153124
18618,16952.2848588075638542705951244810259
18619,16953.0843602163485796516176369845646
18620,16953.3124252376982429608640432164809
18621,16954.3093802405099102480012890484390
18622,16954.9500520308170974884410040880623
18623,16955.7282092297789671191907884508024
18624,16956.5155212827347645066389828025675
18625,16957.2072440678369628729173520555909
18626,16957.7612408941920856704216012358626
18627,16959.1129706797351424415962833376013
18628,16959.9502516018271042872605039800224
18629,16960.3411165295470736216672138832437
18630,16961.5154003122269715408021385181774
18631,16962.1204881139651168714565971220372
18632,16962.9822340445047141442155942801534
18633,16964.1025913109366666515144859609144
18634,16964.5409626420154328519957458212666
18635,16965.3710706120191024125603345169678
18636,16965.9528018801283750370392711844077
18637,16966.5929193346539240720250112110595
18638,16967.7181736707994370142945495364670
18639,16967.9557177772140489295204460075097
18640,16969.6603839647741657339723065686673
18641,16970.1134475740831581861909167177503
18642,16971.2196169011809207083763333061681
18643,16972.0379111652980477716723434916650
18644,16972.4645412311185031516839022189428
18645,16973.1021691515852808933338600727099
18646,16973.6508095977172615986396582706580
18647,16975.1728488190920869013977042333251
18648,16975.6010282967544557739034712839760
18649,16976.4609085391523379317604399345305
18650,16976.8713326203998250482461892988981
18651,16977.8845813861122522321715452942539
18652,16979.0093054354913053256217049133995
18653,16979.7689011414509864653513458311875
18654,16980.4804254312542515994727913876378
18655,16981.5066738243349882190805303734806
18656,16982.1420788762717185456346356259622
18657,16982.9281020925423420979566266892106
18658,16983.4583731698988991802756689001462
18659,16984.3868905147770552551308017712395
18660,16984.6775631330344639599459792622451
18661,16985.7726893108260894656925068864780
18662,16986.7392115434982193795732992790958
18663,16988.0474801731224053760872302966269
18664,16988.5860593104397670426597627565856
18665,16989.1777540283109478667150040890269
18666,16989.7942358916896574716103131897538
18667,16990.9972738280508438162686235267151
18668,16991.5574164531225637105328813431027
18669,16992.3481310325410626619344528757417
18670,16993.0477558848780264054692450875400
18671,16993.9416699669673998775259227192850
18672,16994.5794662742871257299364691968360
18673,16995.5270460184692702383650592864907
18674,16995.8955895236049905976933271793269
18675,16997.1431712592999273147463740703857
18676,16998.4042348420770533066726308084737
18677,16999.0925312329228178035186223632676
18678,16999.6330268525394271735108769549149
18679,17000.0887046674825884592606220057976
18680,17001.1777356889910628727355002466876
18681,17001.8559272309321721646238411266759
18682,17002.1564737077148324831387889871991
18683,17003.5846964414018676977754809971614
18684,17004.2840462164420473569942082017919
18685,17004.7683680374004588769932778597525
18686,17006.2749737092118506307299201468176
18687,17006.6760054014735436716445872820593
18688,17007.6163755784591033765498625559187
18689,17008.2146890355124914594403829669245
18690,17008.9457008753138435153822607895336
18691,17010.1199471347054726807430251795035
18692,17010.7701071946388538435151309411752
18693,17011.5159267433414636325867714950894
18694,17011.9495276454416197035763077060102
18695,17012.4956747596840590858928442466102
18696,17013.5772970410043842641333907085095
18697,17014.9353251015541313781252649185443
18698,17015.4682485321525890119686331850408
18699,17016.5994543603115426128377087193792
18700,17017.0323587018033517116801221689777
18701,17018.0543966998745331482860024136390
18702,17018.4499345073885100218449556378885
18703,17019.2124988499960437518542837355386
18704,17019.9971138768712592736976753556938
18705,17020.9020267328448896048573136334794
18706,17021.8855800085879303171583970116392
18707,17022.3041850327042037369059005282717
18708,17023.5153649239063467534034805072295
18709,17023.9798121827625966263807916302267
18710,17024.9778680250993320023060595747507
18711,17025.9046858483626990183106267940287
18712,17026.8329057460790803495768504886040
18713,17027.6284747607598709609699961027527
18714,17028.0861427290173916434777967859147
18715,17028.5952330935540093259594107436235
18716,17029.7529815778779276375144740591889
18717,17030.5011682762115341687641985284323
18718,17030.8158760327645620986321762309048
18719,17031.7650691055291251168580770109804
18720,17033.5247658292460824659791135051249
18721,17033.7974972833121223563739197243281
18722,17034.6705642579820738103010663701097
18723,17035.4247455235835350260025859977835
18724,17035.8239363351173434467691761177982
18725,17036.7577348865858276637007066478902
18726,17037.8878018721194508803445911306862
18727,17038.4520697213347789616446887808052
18728,17039.0875409920440779533089394997174
18729,17040.0258295677668871699382580903347
18730,17040.5621070628664390412203242904733
18731,17041.4415727091183133653783043668372
18732,17042.5932005516512586436432278909695
18733,17043.5138055927303556481427705748612
18734,17044.1107328001800390871144014137583
18735,17044.9319601122932464263567155874399
18736,17046.1057488702563185616349987988710
18737,17046.3453196946777162685191424469322
18738,17046.7880729684992423843174637634962
18739,17047.7855485101208713696928511724517
18740,17048.4192043789983726645829237056858
18741,17049.7306076181781770174601072099969
18742,17050.4726023168776823132696913755714
18743,17051.1651313303511329128070632211196
18744,17052.0542699330289867406833259689644
18745,17053.0643098209765839055046658032223
18746,17053.5930994644305476348958665893092
18747,17054.1953421427514510924818536702368
18748,17055.3205250840799449135582799993399
18749,17055.8924528996885976474988739831890
18750,17056.9088587040167382980009682120882
18751,17057.4320298735079632787725492867819
18752,17057.9253348403192686540654477817451
18753,17058.9483992941156649906788993454660
18754,17059.6509059163233247448699933778080
18755,17061.0783117031018087696949998451875
18756,17062.1201133689544724984469222527101
18757,17062.2862984380388143820169192853197
18758,17063.1841740032564200611409588235426
18759,17063.7441354082538862796048672843074
18760,17064.5391139451560420238971457462046
18761,17065.4666496763546280684575720131167
18762,17066.1607100230951168734070458062809
18763,17066.9389576357475441979046092216807
18764,17067.6612094700291064908407888048878
18765,17068.7269940699860097457344036914387
18766,17069.8224110734687057806251554754548
18767,17070.2985736178744357046818930889442
18768,17070.6318486879223002137602322822746
18769,17072.4339600076212251252135513854207
18770,17072.6250301937130498047157825803557
18771,17073.5012804910705231407987181426993
18772,17074.2536135352912369218090022019814
18773,17074.8521410105393455216538670366382
18774,17075.5256248282951759016455193220016
18775,17076.2599414041057344843156920154598
18776,17077.2981736700252401894168746406044
18777,17078.3315561888482414994934945534539
18778,17079.4249902600436000788504429721223
18779,17079.8510900228795932617226817419761
18780,17080.7508338894509289593371934660684
18781,17081.3600652142635273163644770699650
18782,17082.3395062089579231239277574602852
18783,17082.5129920026203165597279799523726
18784,17083.6393344687008915480402995685086
18785,17084.8591564412739267238683257719161
18786,17085.2916639447872849206092885950952
18787,17085.8735558079929642171252377295724
18788,17086.5804455675029981547938107765628
18789,17087.9166890439159157000672405800037
18790,17088.6969045746152547231238337747325
18791,17089.6125694298629061565066842957251
18792,17090.2184520876234927905909724271258
18793,17090.9127937779139124929449235677983
18794,17091.8798306306928559573671735093063
18795,17092.4013843163305766283179538134028
18796,17093.1020571226674934186810154835055
18797,17093.6576869418385914339675892931196
18798,17094.6659430689205299217536123748502
18799,17095.7675958417350680187716921289986
18800,17096.7500123017457749639331321323910
18801,17097.4806831532906291083676895620768
18802,17098.2239957067265777644624337819315
18803,17098.6960684331707355890771766858502
18804,17099.5654877846702824165422394081571
18805,17100.5128208964802460019103112600111
18806,17101.6317447593467664285235028044200
18807,17101.9215444084116174268634505959985
18808,17102.3613729372567822310070973347953
18809,17103.6243497520761157120270339718002
18810,17104.2675076407027189735261972593648
18811,17104.9471656777866427365151517294690
18812,17106.1786142439473652192652733378179
18813,17106.9521979096212699061638450477609
18814,17108.2727004092248538801088880606800
18815,17108.3720247490350834417575339795550
18816,17109.1565632019688731171153394331852
18817,17109.7293268597897297260392826213057
18818,17110.5121596204504892013937759907217
18819,17111.5286330594460158353284298622558
18820,17112.2715791649489681362178676123471
18821,17112.9670923789680985782820804474905
18822,17114.0898232333676559328750878435764
18823,17114.7665668182445829243026135369215
18824,17115.6063634481524561259751384503772
18825,17116.5396938418278929036525794081868
18826,17117.1521431498514243635354761375755
18827,17117.8360701310460202916009633559459
18828,17118.9572498746078750147141385245804
18829,17119.5661865074984126148151843119242
18830,17120.1759332717128252997325174842227
18831,17121.0944697090798332326721817515469
18832,17121.5609438603656344492316184608092
18833,17122.0329973518534712763359974884022
18834,17123.9732748256656068697858587889529
18835,17124.6227529437112240744417170307123
18836,17125.1235849534322329411045363011158
18837,17125.9151367063356211982813853755989
18838,17126.7509861037393541577210617969224
18839,17127.4683212894258630798118167590509
18840,17128.2445743328217958078561342296279
18841,17128.6067271079975170766900614180748
18842,17130.0972862324924009303212106832056
18843,17130.3205255604329893111886738096606
18844,17131.4498452997776976358872659058402
18845,17132.1084061644768554220456421691709
18846,17133.0227214985892705224713510660565
18847,17133.8511895215108140275279031648480
18848,17134.6703125772236212473553202503465
18849,17135.8018378945501076717444576282351
18850,17136.3143071371574679773961210668350
18851,17137.0391628431965159041614856414097
18852,17137.6058001909972426184733234576897
18853,17138.3298546184679269828673159140889
18854,17139.0805977087985956361364770119543
18855,17140.0838692494710639287102936863095
18856,17140.7824117782871374802836590141633
18857,17141.8119764844940975063230772297269
18858,17143.0606223672797040565222378816583
18859,17143.7865361839168036143832734838531
18860,17143.8218435052424837267737202048047
18861,17144.7983259916660654321995792817893
18862,17145.5735671879141186903204791183441
18863,17146.6642768388342548730335400737437
18864,17147.3650809551656170286484011669786
18865,17148.1302494196055950647439354893276
18866,17148.6729453320018808429770046269807
18867,17149.2356149806744234474038184246582
18868,17150.6702996104939627329703830181761
18869,17151.1149382393655375550441071462942
18870,17152.4849149985395118218843376387590
18871,17153.0333954103077390772393913525128
18872,17153.9603483085390919441955014137713
18873,17154.2481737389300586240638779384984
18874,17155.4243278086941098732021609896594
18875,17155.9774996519517673010831463606210
18876,17156.4314353831386476086349339915021
18877,17157.2314678717911823872095392005263
18878,17158.5102850119055477957956384902878
18879,17159.3550122425699169453611361473045
18880,17160.2315368464112204691394850496898
18881,17160.7275407380552257798434016249288
18882,17161.7006918996092599514366236909630
18883,17162.3508871324783101830761641663666
18884,17163.6474201566964609631189726084615
18885,17163.7889652655304661280847352734426
18886,17164.6413452553147503274521054481448
18887,17165.7271037760916908628430482531314
18888,17166.2650550252982684875261349905499
18889,17166.8876418313135548507777037812309
18890,17167.5780495960627873354124078460344
18891,17168.6107540016701887830829742143429
18892,17170.0810915420309791949820762618580
18893,17170.5239468523740428455135094120432
18894,17171.2980773064169297824978829496297
18895,17172.1142955805343107618791379361555
18896,17172.6982247856321544544481291037214
18897,17173.0635771478448721569572607777473
18898,17174.2878141472590813226603119318918
18899,17175.1045207920390607480213881975197
18900,17175.8112290010362373411860587884569
18901,17176.5440160568200751577555018824828
18902,17177.2948225387608310183520642735322
18903,17178.6910664459639720989596779030595
18904,17179.0365721948867795396530954032689
18905,17179.9197911226584610228684816169728
18906,17180.5189793165975448784883814487258
18907,17181.9004879314362280360094484246431
18908,17182.4119431099836491861789822595148
18909,17183.0261124614261273950232758974354
18910,17183.5179990340500042881700730127148
18911,17184.2683411750010043696869466677341
18912,17185.2748905322205084324313082549697
18913,17185.9352839431123013968764559682438
18914,17187.4523341119664776478242221568282
18915,17187.9897821502959144841483113950632
18916,17188.6430779433012575340084075543649
18917,17189.6134930872707775838514495339575
18918,17190.3406705762237114688445349026058
18919,17190.6115338436975675728568085854851
18920,17191.7863337672198338712712379532095
18921,17192.5879409669403527742686433617070
18922,17193.1488365785000473254328994034197
18923,17194.2746463766149670724343883263843
18924,17194.7982309114484737153079293710596
18925,17195.5908225813190041707242013801377
18926,17196.2733485578360025782037128987613
18927,17197.7564483931078570703424328760985
18928,17198.4630398960154863522332883859103
18929,17199.0195912839480454423555854272254
18930,17199.7434891775464992306883944634510
18931,17200.4027097735218350043365384586174
18932,17201.2864952263273004670388311383681
18933,17201.9644731105371117180143497779682
18934,17202.5845425034080117229090542324630
18935,17203.3249388986486253355688018678267
18936,17204.5957639080610404313236419638759
18937,17205.5879522813032736832665133068963
18938,17206.3379554036380620411385005421111
18939,17206.7489322748286719284357106267998
18940,17207.7652287495336384045629938144996
18941,17208.2678902910249937377561591813836
18942,17209.3055237345885573388159247008224
18943,17210.1902423216962461940704661147146
18944,17210.9897046540613569840487972488098
18945,17211.3024204204774254715688558833435
18946,17212.2140593396905842206670518348839
18947,17212.7860614721801468411600230976766
18948,17214.1657850540694738042401638587852
18949,17214.8765173494075002124540412830719
18950,17215.7254380500643709955929111401520
18951,17216.7782471625120187878592764050919
18952,17217.3282717874959390621816004921439
18953,17218.0069376440684889497782089414579
18954,17218.7013328814130094317544345299311
18955,17219.1745244796094709529649640405876
18956,17220.0197408421214347402910937030959
18957,17221.4875464076818893986530512584004
18958,17221.8071505748836110221343492271151
18959,17222.4257365665046610608927987571258
18960,17223.8910959321188100210438747898853
18961,17224.2826712118427801335199261725516
18962,17225.1922142360485301611561014926098
18963,17225.9016416733950705198218792356158
18964,17227.0098124405917428467666169241441
18965,17227.4477327643217626463069959365694
18966,17228.2669225709771120244748736210046
18967,17229.0722843739952722276417218436506
18968,17229.7788498015389294886578855031477
18969,17230.3510743406658190514167135586571
18970,17230.9646987106950436204035520141221
18971,17232.4567381883410371652084325076588
18972,17233.4522592044008831509579826596084
18973,17234.3659394969785203522602454346209
18974,17234.6941866478369393459545519104078
18975,17234.9808758593281896536445368946649
18976,17236.4003938201086366015079262557924
18977,17236.9617532218896835253287900679630
18978,17237.6549178045309458966150122658624
18979,17238.6006618673940243532761804918777
18980,17239.1480374925420443454227491696184
18981,17240.2559375350317566385390054292655
18982,17240.8772032906184585692811425473988
18983,17241.8476993138490447529378625390746
18984,17242.4912849210912580329509525873302
18985,17243.5871680937272409632672477992631
18986,17244.4304002786208317732188236311779
18987,17245.1264428665064636930316427286560
18988,17245.8474121798501687793035197174682
18989,17246.3528063605134524150361767994049
18990,17247.1369376088517225896541583780238
18991,17247.7993772446423031721146850522509
18992,17248.6485001392268621420245952977349
18993,17249.8678651155040902972060336073756
18994,17250.6187019166816656005453092107113
18995,17251.4412114112067865713176580839353
18996,17252.3149823178527011947111521294842
18997,17253.1247609121156897045433682161947
18998,17253.7163752111568106423018536048183
18999,17254.0303815072968657294314296987572
19000,17255.3176281366060654146373968088751
19001,17256.3877321476763639234829500101927
19002,17256.7983498771005290349801359003952
19003,17257.3040499179544470689069080959433
19004,17258.2844075614534819543280205196683
19005,17258.8707609311075754498415729338676
19006,17260.3996411832383893921544554704795
19007,17261.0167558563083909563518452829899
19008,17261.8345381429839482300319904514041
19009,17262.4981873054266264347124821861341
19010,17263.3619723596327006613097913780606
19011,17264.1020216623153230363494126738517
19012,17264.3297489718799166989375864060676
19013,17265.5187992897616430773247761710877
19014,17266.2055784315087104174561396147566
19015,17266.8357944808334866032854934871956
19016,17268.2518938099686272643881142238971
19017,17268.9813105778018709719977963253452
19018,17269.5858385679252401282344452593617
19019,17270.3615128283206350327259327232977
19020,17270.9804063288015620777119051008901
19021,17272.2473321372463927927864771769491
19022,17272.8545163683033739837467351534149
19023,17273.5758713492780052213922209480627
19024,17274.0982994030934163933941402846625
19025,17274.8777096366851772780843304940001
19026,17275.9113339942667256987367989835769
19027,17276.3838190857507736367569433962394
19028,17277.1940004841332049050915199894799
19029,17278.7668706492684407478101276370728
19030,17279.4213465987874718433563818523124
19031,17279.9490359979264628362705662562881
19032,17280.9025233377451755265805354463249
19033,17281.2335634414062362524662961009528
19034,17282.0998090007837084435974412167603
19035,17282.8177138053567542973685521263020
19036,17283.8536479693984003055883172796912
19037,17284.5797382617535231836498495927201
19038,17285.5258678764676333052269339982351
19039,17285.8232670505715909351873609194650
19040,17287.1210463795983677035880413889862
19041,17288.1340938797362080536791583487016
19042,17288.4561548591189949286650486469994
19043,17289.6521320917271517113905778735199
19044,17290.1668489304270922891716771102683
19045,17291.0481630910561584006456613613673
19046,17292.0420150774523387212911733715007
19047,17292.5517215155527777333646768967278
19048,17292.7762753762673517167678650560713
19049,17293.6577254103055671579203960620742
19050,17294.9616897633432219060169075271465
19051,17296.1330134655211774461004956633663
19052,17296.5970460217550283778767484412227
19053,17297.5483813108469472302663209795942
19054,17298.1930733461558527425510170004389
19055,17298.9112140568183055857702865078460
19056,17299.5531883663777186490727188605098
19057,17300.6727506684978615858857621656690
19058,17300.9668700387729413641955249525437
19059,17302.2453904345916818688030816983700
19060,17302.7406646689951022160830364495634
19061,17303.4160745514313011589238568149744
19062,17304.3730349864633320865543077327521
19063,17305.3747220222354332727141284359954
19064,17305.8677781353146893185909833997612
19065,17307.4442021776730138995281072988585
19066,17307.8826663862268931134688155387758
19067,17308.4834687877676260242372824380073
19068,17309.0234125384526446463439485986704
19069,17309.7937908057961203877557203970630
19070,17310.8234396398151074652111136313271
19071,17311.2551176830282958697084643194871
19072,17312.3206517481665912586400058985461
19073,17312.9729298888900248829257845121995
19074,17314.2964528118439131686456409176293
19075,17315.1540227195001491149944218129311
19076,17315.5702208787176411122294014799583
19077,17316.2736158859865640818832373952908
19078,17317.0179934336258849053720973341663
19079,17318.0785346882376463298576610304842
19080,17319.0079720153980000918457684801601
19081,17319.3393182385292667628306031902588
19082,17320.3479571862292062081381323802190
19083,17320.8502169417312552590883143555226
19084,17321.5178912376614243945661623152762
19085,17322.5378781937641421258377968321138
19086,17323.9540225849216915004975439831740
19087,17324.5626140534405895810092394525226
19088,17325.0498139842138439167579619239464
19089,17326.1102418322271493051726698511129
19090,17326.7532251609920916866047127394031
19091,17327.4154871615531614284898556513352
19092,17328.1349032201532220291495737997675
19093,17328.5088929169385838466547586582491
19094,17329.9772334287518168434287297861792
19095,17330.5435932501503810361260301314213
19096,17331.5773061095792371539222621517567
19097,17332.1478243588435710447482013777258
19098,17332.9249725752421476463182208589942
19099,17334.1029647653220103440532899315132
19100,17334.7541155217011857084362257461051
19101,17335.2821182678975338033360970897119
19102,17336.4700806923490626346844036826282
19103,17337.0500335100046170717313051121874
19104,17337.4867196797473269051970793218235
19105,17338.4638900216840466534016615640044
19106,17339.1999603971959703458334025380083
19107,17339.6667783108696661506552779538970
19108,17341.0074800157169330829066312722857
19109,17342.2301540283884550414302335153087
19110,17342.7606530010628816923862953820879
19111,17343.5136518949578814190587882555739
19112,17344.0770531858957910093751666588603
19113,17344.7680232644218623907011772930539
19114,17345.4045002719507227738911378644757
19115,17346.8245285210609970053084831051571
19116,17347.2071414012781724781240237707485
19117,17347.9212360947995016673544363575032
19118,17348.4731507180937239296966178160073
19119,17349.9512327235281552815623858812969
19120,17350.3477189132325896663557228766967
19121,17351.2704474599457483069460507517005
19122,17352.1718113140445862232350756913438
19123,17353.0280178576501601045411483593834
19124,17354.0621357453758925798638391101710
19125,17354.4205787124175306190293355728693
19126,17354.9572593168875468525577476154902
19127,17355.9863980386407197545129393773735
19128,17356.3495655833990136519076060006794
19129,17357.3448733647460993915079571811503
19130,17358.4280896125477823059895671510158
19131,17359.4359825528245203868945507118679
19132,17360.1423570698050453646144821339990
19133,17360.9323034405466945493769271459361
19134,17361.4953160343471377173034025552195
19135,17362.5338976556447545216418028222092
19136,17363.0841708430637005717949098037235
19137,17363.8017213739155359633611152900991
19138,17364.7143740467188087972350406355630
19139,17365.6203339742485425872707081982565
19140,17366.5171851210199139043660861211990
19141,17366.5777900721762516721916645993731
19142,17367.4965015742668899414642828199084
19143,17368.8844874780151449840462786314166
19144,17369.8482917383571960053881178872334
19145,17370.7104912818310633852585088314518
19146,17371.0252586880447878257921522515829
19147,17371.8692942484179055439850532346639
19148,17372.6141661358441073796179538353198
19149,17373.5128598290168346367556196624180
19150,17373.9124440487922167053447138736176
19151,17374.7236063625886483068768114121321
19152,17375.9019220099792447483774950909068
19153,17376.5524488575603497059986244384603
19154,17377.5007969458194926008653778565967
19155,17378.6331163032754309714120698374829
19156,17379.0969965928371086423202495493152
19157,17379.4014300488812262141148004895178
19158,17380.7510036152159104670090718236990
19159,17381.7006150779663688312463860317590
19160,17382.2385003703655993137692137194977
19161,17382.8384050962568510833242898497795
19162,17383.6708043433291100482639448216290
19163,17384.0590819684099316465922642083332
19164,17385.2283288469979461373944141734481
19165,17386.1241953802119309791444262264652
19166,17387.0559762934884302567198962128577
19167,17388.0017616141306698414986296058272
19168,17389.0010391834855844645098813325555
19169,17389.2836558967528478583669758400523
19170,17390.1442049098659948605586919985556
19171,17390.5300406027742191603820726455112
19172,17391.5287475722503641390981331372720
19173,17392.5821809262928212324117713341375
19174,17393.0995748805549616846568765030362
19175,17394.2254852168329454680194778212718
19176,17394.5285757680896180591889059415961
19177,17395.7030740030026243845425552787431
19178,17396.5312625624938127434294194799509
19179,17397.3101317731822647893908126606222
19180,17398.3281534424369419051146849509177
19181,17399.0502373001373197756788179985263
19182,17399.3831989913333011647607360106156
19183,17400.6862345482754059788215704424311
19184,17401.0215053480229227497437086407808
19185,17401.7231414724339247918652245316054
19186,17402.6858600323039996631675170002999
19187,17402.9164496221401757893457918607255
19188,17405.0147333168918866995418343042903
19189,17405.4227334904153361356496096774284
19190,17405.9706833335689033232024819882780
19191,17406.7145424827804907106768967379874
19192,17407.6323947968002627265502997514662
19193,17408.3225494167657885584237036909872
19194,17408.9891381100085625939504884496626
19195,17410.1022042156547092480002022717183
19196,17410.5250915368326396641673874207717
19197,17411.3894862654099136303799053060343
19198,17412.2087049271322623664180948426236
19199,17412.9101827045332698549410023864963
19200,17413.8398277638817510985803599956905
19201,17414.7719640412109673392177669909956
19202,17415.9113532348846990243127029728738
19203,17416.2670937419532730608778625285204
19204,17417.4435969518514381918599338196082
19205,17417.8081379802353722114521703037582
19206,17418.5922663484019798048516988616244
19207,17418.8062952287068764247062996648830
19208,17420.1706520158447962921774702471389
19209,17421.0742101214431830004033364859685
19210,17421.5567417400875807806347214372774
19211,17422.7664052037642802676864864346842
19212,17423.5364151057728102421168953009351
19213,17424.5456492268481547441257650597487
19214,17424.9738121312798278074234450872775
19215,17425.5903160561961287179463428425468
19216,17426.4904058754373916145549761885840
19217,17427.6713943451333429337885690077181
19218,17428.1735311444897721336285929815209
19219,17428.9853185856278174501611981279033
19220,17429.2490901500023380960007840866403
19221,17430.3672822407754153019671191296375
19222,17430.9706805633799102319142881401069
19223,17432.4733381154797300827641009001409
19224,17433.1425919313231576935868654911473
19225,17434.0569424026200622590684880496013
19226,17434.5704768921493800735232469768167
19227,17435.0807980068222625835623097890852
19228,17436.3014534944247401316817648411992
19229,17436.5958928539739974261411711553371
19230,17437.5102445416935650988726527511907
19231,17438.1514334490658041057889570836982
19232,17439.3085395256594934018943884691128
19233,17440.0228480489823761511196971353921
19234,17441.0924557071116270403075181743097
19235,17441.4963695912639120435959375655476
19236,17442.3169327031641902366169416159952
19237,17443.4121602079408104713585284403874
19238,17444.3087540514743403908645384756448
19239,17445.0795121362823518606981489937980
19240,17445.2268857431251012622847933306205
19241,17446.3166710065640115241985514590011
19242,17447.2372796832194075457894864300142
19243,17447.6202662496109094500122717749309
19244,17448.2665138931609504629621254746132
19245,17449.7250778767999673321093322623981
19246,17450.5018415069078810496438312254707
19247,17451.5260686339878939880954661036775
19248,17452.1421124092583968881959180579660
19249,17452.8129905405140603313445301492317
19250,17453.2040359984236827167806817986289
19251,17454.3090663477046864796330764837849
19252,17454.8427176282650180366479205017168
19253,17456.1140065270371913428270048984926
19254,17456.7597122453577041787962911151922
19255,17457.1470792098522045334667484119501
19256,17457.9158315923290322805705248763755
19257,17459.1724532186291292485520587627351
19258,17460.1993871881464842216229978479967
19259,17460.5708054456657368518452416929184
19260,17461.4880688817704832617601894675897
19261,17462.6792489155619316189573093337814
19262,17463.0129152862706366907624440479890
19263,17463.7743262221162909216597891678389
19264,17464.4542731402089999636218291129780
19265,17465.0263027581071898285764822842881
19266,17465.7841573389851542140119123126679
19267,17467.1763836139771145593751837665992
19268,17467.7574737208700483481829682459882
19269,17469.0174089391754644925030579820884
19270,17469.3074281286950634080854204990011
19271,17470.2356100769007971235926923063748
19272,17470.8941619305412080152411346318624
19273,17471.7301581487758415845000437087122
19274,17472.6152503390263643747941453753108
19275,17473.3588241381821161094143245827759
19276,17473.9207708561342614183906391168533
19277,17474.8131445458950447526884677473202
19278,17475.6331518795184209450580174915217
19279,17476.2818137548643039631163100270949
19280,17476.9482266224183499577555092454589
19281,17478.5628171011902185079731652051540
19282,17479.3039399269976274180019852863693
19283,17479.7310985638806184069750792855927
19284,17480.4939223518413583105203424514469
19285,17481.1144907850153747187137643500060
19286,17481.8417211556771980590209612040310
19287,17482.7622908494274958780682294877678
19288,17483.4574570516902883030210407429577
19289,17484.2427456178140462826926546669836
19290,17485.0529536715933082977554302973805
19291,17486.3358277498223562231437952661741
19292,17486.8829447502795696529917901091497
19293,17487.5031289318473547256087061753722
19294,17488.6048810045214097345637292071594
19295,17489.0005838221730957417762682789473
19296,17490.0769895454225877434786790477262
19297,17490.9634118018400455744343142878098
19298,17491.6312025422867849645737762529744
19299,17492.1998679994396281556257259570631
19300,17492.6431977989884913241584629576768
19301,17493.6006469129765906066909704332728
19302,17494.6286366096670886126669628128932
19303,17495.8745860985311113083240928076776
19304,17496.7393064367451018081311258957368
19305,17496.8384699610058541943487002420055
19306,17498.2056339571525994118853521654592
19307,17498.8654973758411042712928848522373
19308,17499.2823736112872997142789209381806
19309,17499.8086836799999605989461714275508
19310,17501.0151302190224458985842140305229
19311,17501.9276828699571891024086360800412
19312,17502.6177338280807713367040187172192
19313,17503.2102828982379067227302972511454
19314,17504.1110486526910990357592819477020
19315,17505.2263532217270702571753037271670
19316,17505.7050249822238554007937051208259
19317,17506.9257050027888402188523696691733
19318,17507.6138449940270573256325944304566
19319,17508.1324755628700087485986784844483
19320,17509.0564002260307335745744603712718
19321,17509.5416372986734379466328487609760
19322,17510.4089414144213855686072740826180
19323,17511.1573597838577652203273087373363
19324,17511.7322066251113589484061814588889
19325,17512.9051481387801057397142109544907
19326,17514.2908461527467037116256821450884
19327,17514.7436047953084249334812935136689
19328,17515.3359516151940703407748516175068
19329,17516.1419582008511797303642810976959
19330,17516.4633361787229821914959844914256
19331,17518.0651976750892261173769368252412
19332,17518.4296624247384503854622529332574
19333,17519.0969533474868232029377925240977
19334,17519.9391498106894435385918151622440
19335,17520.8063393627034700510150359648615
19336,17521.2717484306990793051201585252891
19337,17522.6176019510737098710150234526992
19338,17523.1195644794306474333260410429222
19339,17524.2832812891072162800382315929806
19340,17525.1327806124416316502169802678335
19341,17525.8459695872982023984955375948455
19342,17526.2348200111971071453136052000261
19343,17527.2633079058417445628892348864481
19344,17527.7089231558317991041462779992258
19345,17528.3737045711744617796433180519704
19346,17529.3511670248499668210180588319473
19347,17530.5935508029700927330641207498254
19348,17531.2143448009342890565808494845977
19349,17531.7905546116115885965482671664346
19350,17533.1006215866259511095307262053806
19351,17533.5431273857803492228378473604961
19352,17534.3123031323600929258640087787806
19353,17535.1094313210973219737734390323509
19354,17535.8492251470508225308470044375323
19355,17536.8148850754528840458630284702553
19356,17537.4853064541610484087628707902127
19357,17538.3299375716342286387344986105177
19358,17538.5455175671515975284249174875308
19359,17539.3807064202698585110005313181947
19360,17540.9865199308305630784307586519631
19361,17541.6686860018141261246850430935173
19362,17542.6276328037357046256216374596618
19363,17543.0140575688738924275892428812722
19364,17543.9543415273248468820556689316201
19365,17544.4200489006859577088166596382659
19366,17545.3030336517620117328787957418145
19367,17545.9960546167079957490937785154796
19368,17547.0065587922716112107100399493840
19369,17547.5834969870859708756068757131062
19370,17548.3700232301442121899374609153547
19371,17549.6823063674783787849797871988437
19372,17550.1642646450052897771118364182723
19373,17550.9360153774720171775450109015790
19374,17551.6013984890163158904147389664212
19375,17552.8561831661315730829023908771277
19376,17553.5288559839138595845873672056778
19377,17554.3176721902658845637116004191025
19378,17554.7092327814041774963440688778040
19379,17555.2527820846152681020059484113235
19380,17556.4382633718073134111624897205141
19381,17557.0326978598935322554247078680231
19382,17557.8200801491104977157867431342337
19383,17559.1642336525021863999010924742455
19384,17559.9575351821487222245279874145960
19385,17560.7603102289092607787032884843117
19386,17561.1365307901267659412161070069782
19387,17562.0387292243420182586644667018503
19388,17562.8562115856522140109700014260680
19389,17563.1654596828145800430393450463378
19390,17564.6762481100491532273545764698694
19391,17565.2347652144371235400794599678933
19392,17565.6438216600032404201178265113651
19393,17566.8152202455758604800782287659334
19394,17567.2338365650618685517110841221307
19395,17568.3810187428964774600451940190080
19396,17569.7521777107045692904638215646181
19397,17569.9591658751575351669833318989609
19398,17570.7196127174249623465264604999303
19399,17571.6220950794358060605532014047296
19400,17572.4298608194441917881248752870240
19401,17573.1502668729020734335423717220095
19402,17573.5239771799568543210308354206154
19403,17574.2330106310783370002502745784631
19404,17575.3345676900749308242579912977694
19405,17576.5940936317980361974883028777988
19406,17577.1964661346715400154275262463914
19407,17578.1985053561779076592082307092623
19408,17578.4386485251544094047983093407820
19409,17579.5375025532233469742811017062958
19410,17580.2442706746579585014833273701717
19411,17580.9957620147039734690427599658154
19412,17581.9516047118218448651632451497349
19413,17582.6612360019588942300455528532459
19414,17583.1037948689083373427677673365404
19415,17584.0301258322562737770418324770962
19416,17584.7823124626115323484285989081442
19417,17585.6828766280394896276571262083432
19418,17586.6937999284556626570984074605966
19419,17587.5901443603333779402393861354547
19420,17588.6725348149053428988320928804641
19421,17589.1110598288485971580674467525502
19422,17589.5883304725653315000128060938082
19423,17590.1863524970762557459022745508978
19424,17591.2113988666885684172222209356894
19425,17591.9296313165753038118695913336736
19426,17593.0622115744442377551054521884262
19427,17593.3965688115890266090441091692217
19428,17594.4214264540088716065134423839089
19429,17595.4832548438198935004702633362762
19430,17596.4997345663981682476628926061476
19431,17596.6339883706570500771418443605122
19432,17597.5013707770028925764108875113369
19433,17598.8287525452137773489882494573377
19434,17599.2507092108194636313319181967725
19435,17599.9981059771176835418758374613891
19436,17600.7778831333776348771522545889768
19437,17601.5881182589399941231064383716726
19438,17601.8580262551390497061377321858240
19439,17602.7929836050011455242190999966509
19440,17604.4384618610819984885225386447058
19441,17605.0447211438008306960396460185689
19442,17605.7190760755901381959559732762552
19443,17606.4301077040891505430710984161914
19444,17607.1449206696100598613247015483984
19445,17607.9782680623713552824067764022869
19446,17608.6122397457338962229538878117965
19447,17609.4874827703094691374969095776997
19448,17609.9203673709642109579570704819908
19449,17611.3625775406873778594402029995434
19450,17611.8765936147555076581688290121833
19451,17612.4090705223679167235130462836934
19452,17613.5038479893522721990703603490944
19453,17614.2935139289029185604043531120894
19454,17615.3341167660812658606145567819897
19455,17616.1023570807343180373823733199121
19456,17616.7830477355652138431499537774828
19457,17617.4163987454301246812291860320230
19458,17618.0883285454516872541709950036021
19459,17619.0972309145605017452800680549451
19460,17619.2401889279367729970334951896379
19461,17620.5460786180071832979635165437792
19462,17621.1484060310048838705923152017069
19463,17622.5545563689643517750305522180652
19464,17623.1441699008033477132034832942643
19465,17624.0290362762188896971501674876636
19466,17624.7727626757004936104863381901326
19467,17625.1031219705733507138626002410493
19468,17625.8276317916300076063690862918183
19469,17627.2460282644937879706905539770676
19470,17627.7792089124529150765916144707621
19471,17628.5738270460481087046451333953855
19472,17628.9021148803803958629046585666453
19473,17629.7431641608717302510092010188443
19474,17631.0639357722237383715192911837349
19475,17631.6092150881208322230845156513422
19476,17632.6747411198893114618069645573558
19477,17633.7050083133701230739118919257350
19478,17633.9745394643145344153206120041158
19479,17635.1412855883550942050123369739529
19480,17635.6596702844134916512585620770371
19481,17636.1069641078053483922121277130433
19482,17636.8675194506245432603546252414482
19483,17637.9357470348613416200066185111101
19484,17638.6420137989878958117884275184070
19485,17639.6835465892809477956058719424764
19486,17640.7522867172242907166672126323086
19487,17641.1699993224428679851453200765618
19488,17641.7884262928084262471026994950434
19489,17643.1093908805292457484721023051724
19490,17643.4737747332502181198602371358657
19491,17644.5887337131454322380687642508190
19492,17644.9061554444220122178235925371085
19493,17645.9551869887768113446627741526389
19494,17646.7309767617494296186072035538139
19495,17647.2547945225471705492948970875758
19496,17648.0156387243258992616978095883138
19497,17648.7330732605053532931426830146112
19498,17650.4453786905357390873798440670889
19499,17651.0866347197728000220153202153895
19500,17651.5574320733426161809277984035998
19501,17652.1610872829828612316326510772952
19502,17653.1367073594011373496761424153127
19503,17653.6554375789374362719499005736956
19504,17654.4971137917677305061879264067497
19505,17655.2771355381695558896503819009762
19506,17656.3129685276984074831757576981211
19507,17656.7662846473669806337232739075997
19508,17657.6974676482520813962939160239953
19509,17658.7770407639956877550210312803012
19510,17659.5005375188645467195932083414781
19511,17660.1689437092357112036521372972194
19512,17660.9406763799934866938708071089677
19513,17661.9831952972756411137199258510861
19514,17662.8535449760035836853870590099146
19515,17663.4151279135598338017846296440675
19516,17663.7445905959461905802001134985632
19517,17664.7942355096018950610906979829700
19518,17665.1472707738613605880719432551455
19519,17666.4988329080600581701726148996422
19520,17667.6993412959939438759100413338545
19521,17667.9108449332493668699050302330696
19522,17669.2914942388755737958180505405902
19523,17669.8812452062334766726005187160165
19524,17670.3789928810611291502796251719206
19525,17671.1325785991686861496642206198477
19526,17671.8439853588876689242124326587841
19527,17672.9004140542508470300063696795336
19528,17673.5825769274577813740073820539382
19529,17674.3917364705675621818560336482045
19530,17675.0864642125808715069385458060330
19531,17675.7285513742518698675350559661132
19532,17676.7005949132666155132138113363006
19533,17677.8202139463148899454660337405170
19534,17678.5508737856793551810295405777939
19535,17679.5938145280536422842819469970574
19536,17680.0005557967387318581624924797837
19537,17680.5530493435549265100089079221678
19538,17681.3688335179627961945108128224765
19539,17682.4797700393311139261233474969325
19540,17682.9320890705463338962747941475525
19541,17683.2457411009242767853926280679975
19542,17684.7932375250987050198195970380366
19543,17685.7492133842057575280021822430473
19544,17686.6474010538058812681648889774339
19545,17687.0745535997403399329066534502192
19546,17687.7086320144450387896392807002083
19547,17688.6234355269485311615338547449389
19548,17689.5815063576667073106694032644788
19549,17690.3906919280831821982874017074993
19550,17690.9246381323941135449049667639260
19551,17691.8014099038531811510856550077460
19552,17692.2714564852389468482150993638032
19553,17693.4362325972789333404281066514769
19554,17693.6836502362069455903093513647180
19555,17695.3405985804531545863598351625464
19556,17695.8640098877543281274752842103690
19557,17696.8211907107018232911862732776253
19558,17697.5910435335203931494184612870884
19559,17698.2402182676483180576001724303504
19560,17698.9394617047121177520950728608844
19561,17699.4338140645769821370653276112738
19562,17700.0590613463591006130860560214737
19563,17701.5056937792106949141399357152156
19564,17702.0619868848841630250584911247924
19565,17702.7597786999953277827192063097176
19566,17703.5991465691156416018477485195458
19567,17704.7355360471982285631464474054259
19568,17705.3282102216706837059925278184741
19569,17706.1361715049872857858786945823467
19570,17706.9085946727558844647799270664189
19571,17707.5687969736678186760883226997165
19572,17708.8008304987487550422486482417549
19573,17709.1730683107297099965358284187299
19574,17709.7147331373793358712187413793009
19575,17710.4951861566726826167206019275320
19576,17711.2754416681547363698164204544958
19577,17712.2353097571150113859049959529463
19578,17713.6759462971865856168715452130911
19579,17714.3192803562867952591960826595225
19580,17714.8418312259970744092471528263551
19581,17715.4371889652575404171078953087757
19582,17716.3509934037804956845090878877747
19583,17717.0282457502502303475798667851672
19584,17717.8479651036382763426006837528106
19585,17718.7179644431611592858074002205221
19586,17719.3675933858955218449170069898431
19587,17720.0232504906335154365243844785961
19588,17721.2184435865059834811757686253511
19589,17721.9563494621693988889223258555075
19590,17722.4595143790593305788067465942037
19591,17723.4512970681577747558491747178527
19592,17724.8599248277654107325929374829214
19593,17725.2073982366805571908957073620882
19594,17725.6431435609186338759439394080406
19595,17726.7325904820616979972845959422725
19596,17727.1819973357624869411394614600291
19597,17727.8470730424499202866051315612708
19598,17728.9158985939173247827877039830394
19599,17729.4622483780718829247066687810489
19600,17730.7417205942892249157265383961662
19601,17731.7049097193983482940255248645816
19602,17732.1861882296354505584916674446615
19603,17733.2316636256780919318459606441203
19604,17733.6964455978747328174072463058486
19605,17734.3506491065923002308775858137747
19606,17735.2270259327083486088976727512793
19607,17736.1957090738635079959907989107130
19608,17736.9734135215952732504626566996824
19609,17737.7346558488872168193431814651661
19610,17738.2486698756072038634200397520983
19611,17738.6604334762227299872727414362306
19612,17740.2565415310911346698841360951140
19613,17741.1722190302399571368971544018938
19614,17741.7781996870602359862387202434951
19615,17742.5879732256104670608365880434246
19616,17743.2999019285712482042543162128716
19617,17744.3430753921536519404541796942792
19618,17744.4637174758297533183138802950399
19619,17745.4817001714753347044646828600547
19620,17745.9623702956216815832115255623280
19621,17747.0540131271177688763705620581619
19622,17748.0370727963619849004587042763093
19623,17748.9616160649271167138151710648648
19624,17749.5031841608375166082876721123601
19625,17750.6063923274661740610552478947738
19626,17751.1201813925512834546698397900389
19627,17751.6949790148951218180320058191698
19628,17753.2383081784127730776102766949695
19629,17753.5249607542150898574709710806783
19630,17754.1072891577691130162896395922401
19631,17754.8798679960820912922781526254725
19632,17755.8413121692564755434975716385942
19633,17756.4432176820982986702289963988156
19634,17757.1261658162642502925903173553672
19635,17758.2642236116076888606679590772101
19636,17759.4993347612653337867855350064176
19637,17760.1089079591132396130495551935014
19638,17760.9038406852092109234420766900986
19639,17761.4248370695143670030493821264093
19640,17761.7507950864309855688164612177891
19641,17762.9391165641908734811272511115766
19642,17763.7819107411406349137500745518486
19643,17764.5060684525354111389518187948554
19644,17765.2247096854372996848591170971026
19645,17766.0342696330408537973421935377781
19646,17766.9477460395160053010908394033989
19647,17767.8568144210884102684371039988624
19648,17768.5709230307869277827618598161285
19649,17769.4559458851392213256993727951137
19650,17770.1790061483876057796642364033946
19651,17771.0705534658194368400360117969027
19652,17771.7895468016315617639491343868942
19653,17772.4667664981481052601331952944980
19654,17773.1450730336717399734254698678906
19655,17773.6534518526971378832267590108400
19656,17774.3507307436799090169115882053632
19657,17775.8734849165511511391335630190551
19658,17776.7677106629784917315456220195073
19659,17777.4168206998548227458009654847438
19660,17777.9655112279478794660836925138499
19661,17778.8874704247121380062675184254678
19662,17779.8594375265224204614690426425335
19663,17780.1755063927356445656058136419070
19664,17780.9063201452182665295007749208839
19665,17782.0298903112845994722290081714934
19666,17782.9203380945331175633395249561651
19667,17783.3015869884525816123138345695292
19668,17784.0772824010158255649063074520580
19669,17785.1743575753197042125040702279257
19670,17785.6985385568922810080476138453727
19671,17787.2250318263881568959188960550433
19672,17787.5993417874500017298203692246313
19673,17788.5371922005924867090264539437422
19674,17789.1681228455086269792595656508687
19675,17789.6946665307527431217541611030531
19676,17790.5094764654792501672375914684256
19677,17791.1992919352208880599297377251006
19678,17792.0641991914279013367550472319530
19679,17793.1210680558803842416524762051475
19680,17793.4378341153633554732581522422616
19681,17795.3123719114469762339965652325279
19682,17795.4527996673840812060774562139242
19683,17796.2812649821892901362379771019177
19684,17796.6831482616270283037276214479061
19685,17797.8363445802348275934097138121978
19686,17798.6177666775213715849261429431998
19687,17799.6798215266169840121541757951420
19688,17800.1845976299460209264754370385862
19689,17800.4423823216569876533908324137862
19690,17801.5656903637431899031657373539796
19691,17802.2571174170840274922286573154771
19692,17803.2676197082773881150891975801191
19693,17804.3131270282556403490046239298595
19694,17805.3218718932392962911152651839776
19695,17805.7130873318644468687885350141951
19696,17806.7023317284541590057263401937769
19697,17807.1615031245268050651578614811984
19698,17808.0102859775096477309959442984832
19699,17808.6521495269779663576829621938024
19700,17809.2483888955503650501515442339174
19701,17810.4137349901249992403492784525904
19702,17811.4473618181453119460175361676547
19703,17811.8060409689504928421776309315678
19704,17812.8758604034647129948565345195538
19705,17813.5008184218932892190284689162046
19706,17814.5967749918187628872020813840369
19707,17815.3711607891831407664140949350026
19708,17815.9179954723265539888860529662398
19709,17816.9917435644789126722690341073720
19710,17817.2625195086445902724140305523218
19711,17818.5638696898139801551901371432310
19712,17818.8248795383238025850464667444591
19713,17819.6008828049561486141345446977543
19714,17820.1579053196393339284491315826556
19715,17821.9945343708499056943291325875001
19716,17822.4400678785422166822093187014077
19717,17823.2757565228173727018229987181223
19718,17824.1141018177760335545449493455833
19719,17824.5689042541261367221921139991051
19720,17825.2151579869739048300676084179730
19721,17826.0943727748665536819737027075618
19722,17827.2445129693392807015930545272544
19723,17827.6645051478418030744110670178788
19724,17828.3972147254751846297875176714996
19725,17829.3157146930575234464172298026170
19726,17829.9653887938973208191134974208268
19727,17831.3354026598335485438989168558553
19728,17831.6828002844056264930111322306308
19729,17832.4686266487812444286796269417043
19730,17833.7221447390446158373620494453443
19731,17834.5028844608290135132550482663053
19732,17834.8725856108718335410774215659514
19733,17835.6123358304469890374074198889235
19734,17836.0302905957053778270690103155887
19735,17837.1734609625000117265817524364311
19736,17837.8403657609117182832533085122081
19737,17838.8435775524913815631001435986225
19738,17839.9061000773706253804275977326636
19739,17840.5879132330996822048635827918119
19740,17841.4288152500711937992275340042413
19741,17842.2503963924613475016709421941209
19742,17842.5945663232595093137844307905589
19743,17843.5567913383313916009327445145085
19744,17844.4978737527318725428248684724882
19745,17845.1430111956347104044965514841305
19746,17845.9564396967487049853222271387508
19747,17846.8152455793332286850606525467090
19748,17847.2358174501238056772026587725739
19749,17847.9785416379216313463844836135137
19750,17849.2051498058637760837435285128254
19751,17850.5164092529963585730656939056723
19752,17850.9885700991372752257678498484255
19753,17851.5332113646070596462828372110374
19754,17852.1092820714485588406716728679856
19755,17853.3518036757771577515884706022096
19756,17853.7954413365630429913285771776303
19757,17854.2507919104430549676253092067064
19758,17855.3472576451115636051182276588373
19759,17856.0059117110014506549325280059817
19760,17857.2131805922877279800265648564169
19761,17858.0485617789915126092047559425329
19762,17858.6813902468225113474177188345791
19763,17859.4244705155939309496671925987307
19764,17860.1296952103206045590324715856514
19765,17861.2015236887613247278292893213296
19766,17861.9064976152649427590278948783852
19767,17862.5766279478006144131325358473891
19768,17863.5143899949021503902274894791599
19769,17863.9718208933275567140569146137836
19770,17864.4006775512974725323700862588288
19771,17865.6526501299858224155785392776449
19772,17866.4448650663992961211575320795511
19773,17867.4639797924324222538679326228823
19774,17868.3966230382795871557641134161564
19775,17869.3387331057342491173023545240267
19776,17869.6325323503789560505670434686407
19777,17870.5670815981574623281063205090746
19778,17871.1163066830915646506110371072013
19779,17871.5566897199660695860289640288229
19780,17873.0447389502373667166529769736281
19781,17873.7865161826330718385356916609964
19782,17874.1466079084057291754489075667203
19783,17874.9485757235372073312115162046983
19784,17876.1273249051024626837773058211538
19785,17877.0359552018403045514746489453564
19786,17877.4639414984790293103590183415370
19787,17878.6563289703521031514487826274319
19788,17879.2424706302241001030200375858820
19789,17880.1724699191672682215652875917733
19790,17880.5982594289309548957121214686604
19791,17881.6954961293329330182603486685768
19792,17881.9146094259578042752756582936653
19793,17882.8595077924152606834283841161050
19794,17883.4638518739536435463156676333245
19795,17884.9942923250749735696910357059233
19796,17885.9542619692991288688576786363628
19797,17886.3767952802178116326664358942421
19798,17887.0754038484225022373180572947243
19799,17887.7506181249012845850339856217793
19800,17888.6415070618244261442483324989508
19801,17889.6318142181741998120375923311069
19802,17890.0557628852055302406551169150133
19803,17890.8936480087550313072744928509058
19804,17891.7262418930558971910772856291009
19805,17892.5332271869308408348744271921968
19806,17893.4589773540610770763870357305552
19807,17893.6923168747318153427039093921731
19808,17895.2858195395539387667448988368231
19809,17895.9106949913790799762603225037516
19810,17896.8814570531561611613907530919173
19811,17897.5237455471810729218647036780346
19812,17898.1663931212955870020655582725486
19813,17898.5987620797488834346735294273641
19814,17899.5900217873074000252227423284802
19815,17900.2808956116271805805243761673767
19816,17901.0035386411427899824448555315459
19817,17902.2588501369093779357537638418638
19818,17902.7751479464660532099447923694541
19819,17903.7834977410471635496887621484311
19820,17904.8077826629175757570972264604401
19821,17905.2632997325879890466970781866491
19822,17906.0438240346517222747294297937457
19823,17906.4728018253217285501259616016734
19824,17907.9513218331752439168224113251498
19825,17908.5603208609155528814991197655122
19826,17909.0354391435254558348293966295244
19827,17909.7590789587388662646728758584085
19828,17910.3934485738000224054391581056755
19829,17911.2307403388740080439001844407755
19830,17912.6386296667356981839414165517745
19831,17913.5915119801954713323347872306467
19832,17913.7881870975250561923431076857830
19833,17915.0663552422327396151723196121634
19834,17915.6651203036794337867316965384116
19835,17916.0402798598386886914358178985543
19836,17917.0002490109293504130659629566488
19837,17917.6697324618996494259205692245140
19838,17918.4457611704640987363325205681801
19839,17919.5266687923260085235412361153164
19840,17920.0572309038921562978814853727363
19841,17921.2820034449263890710394731828105
19842,17921.8691342079417973933760914204973
19843,17922.4130085349864594034999035322008
19844,17923.5158346480115067719091819873839
19845,17924.5505853056255443834963299335784
19846,17925.1084137851402332170526937757740
19847,17925.7409816185358739745034846515713
19848,17926.3848233296251820723228730724310
19849,17927.2419520717412197910323497993257
19850,17928.0562733696766123384347266941834
19851,17928.5909041679801746222371806145807
19852,17929.3856422531441433120032499767588
19853,17930.8122320707107674358877793048931
19854,17931.8503695384493527210357298606429
19855,17932.3650223172682544106414812739648
19856,17932.5872900610083399960238793357281
19857,17933.8021185925399973396305315969355
19858,17934.1887087816234910729610339453378
19859,17935.2403711241342903909092860942624
19860,17935.9422318969168649554954601437453
19861,17937.0501320271928698882467026139201
19862,17937.4180014280633319545691659599070
19863,17937.9993954853933440205700950981084
19864,17939.2318583972788621535046249267928
19865,17940.1604674349707267105319445010744
19866,17940.7496089258660281433018434597274
19867,17942.0390862671532227924366480213999
19868,17942.2053932646197806800986984698326
19869,17943.3258953610479381286378087002659
19870,17944.1554654671184681330125928381783
19871,17944.6129650004541778432891852841629
19872,17945.1231592857451354243275856101491
19873,17945.7367208136246813697585262533320
19874,17947.2894808793808713219641954973279
19875,17947.8298539027542468609417203445735
19876,17948.9235121948565038729881268754957
19877,17949.5334445594748299671682357940692
19878,17950.3825779608643828836013010228603
19879,17951.1419311013604903695161691593999
19880,17951.7554213528017397591845610833603
19881,17952.5292854194460124037497645325518
19882,17953.5805610539514649297731639861194
19883,17954.0315211188982819628711914096297
19884,17955.1552146525284663863574403227382
19885,17955.4479858042502734421902950813940
19886,17956.2608209341489189886155016382238
19887,17957.2615808740129464178223689566202
19888,17958.1482733634859867069247672872176
19889,17959.5011764428150786347067598781839
19890,17959.9845720972388857660408040547965
19891,17960.5972164933590671162404799439292
19892,17961.1883929376959435282320381254705
19893,17961.9229446622192034878864139761194
19894,17962.7151502566868872394100807008233
19895,17963.7185619031525206729471453546448
19896,17964.2323753453064731953289698150132
19897,17964.9366890204213489996009001550012
19898,17966.2656393248824579270551167456099
19899,17967.0076000367189509145939880288697
19900,17967.7120940878458837119501630567178
19901,17968.5084596717852484109324631298451
19902,17968.9250679904302084675679637031446
19903,17970.2718494760695463886371242573503
19904,17971.0676566810577892569034354173616
19905,17971.4837536651004893199003029020441
19906,17972.2011894940574038673648698123627
19907,17972.9546045297146365786980169472084
19908,17973.8107564488874467885694047952837
19909,17974.1764915820299444596045950790348
19910,17975.7566084861670914002316156936036
19911,17976.6922665826329448153872471588675
19912,17977.1628888315190300397059963421608
19913,17977.9605236492695477181332490524202
19914,17978.9741967895481233384997382501890
19915,17979.6172019700260864702396557081286
19916,17979.7125200550651314680803239946238
19917,17980.8886570452793028301525667969616
19918,17981.7810594061659321641983552364375
19919,17982.6662631638857304712432250111878
19920,17983.4939455946547193577423995913736
19921,17983.9283379815622561683295273830643
19922,17984.7807542613213406448989207905234
19923,17986.2018836293396432485151153107179
19924,17986.5788564137212907811506670819277
19925,17987.5303228633010455235732347254167
19926,17988.2086446400621054025015294960988
19927,17989.0941427389848097161708681803600
19928,17989.6539939375330844402542152298226
19929,17990.4019581326066866370533768153827
19930,17991.0262684092808002152221360748981
19931,17991.7671385142314805222147154069746
19932,17992.6258663583459031521295771048513
19933,17994.0730172078325782104496193555195
19934,17994.6307846125461984323637161724031
19935,17995.6333966327312578955010607374846
19936,17996.0285992056356671950944784903043
19937,17996.5564972052296183622921333078106
19938,17997.6106643509732048409335399077575
19939,17998.4247446154571149658097724833916
19940,17999.4478415199372638906727081841558
19941,17999.8658224334469829042402787196799
19942,18000.3702818962015682730277577218255
19943,18001.4575971669983442536305802792217
19944,18002.3547595794648503604907802743335
19945,18003.1058462384740852648515614868489
19946,18003.8786320038664190057503245746870
19947,18005.1820912866232883596225752026365
19948,18005.7817976816400155499200880311057
19949,18006.4013991948364331117049968874589
19950,18007.0138292667189045700717215876035
19951,18007.6703272460059722794549123328123
19952,18008.5102781776638325838502778721806
19953,18009.0696108360948941719472569847708
19954,18010.3642315495933821925780195867266
19955,18010.9004105648614720564609709367369
19956,18011.8977971544074945623948682808305
19957,18012.9534950739050223509328720586742
19958,18013.3793745706715702247824896332497
19959,18014.1539421776422587425494146439677
19960,18015.1903552681894841928392521877289
19961,18015.7669496710615811547374523391891
19962,18016.3446281349784954398023679312372
19963,18017.8283135767525438417572124411830
19964,18017.9053132379476887804382529615875
19965,18018.7602068278010780479442189082235
19966,18019.2412566188262363507317632188258
19967,18020.1599249718918764146851763909444
19968,18021.8646759165300704976123333537315
19969,18022.2599450498574711027603013002367
19970,18023.0731789193368274406265569065466
19971,18023.7711070615958263105277221538699
19972,18024.2983274631941669791212294054099
19973,18025.4196944668469647619880330682646
19974,18025.9279739048074154967765831388014
19975,18026.3639218206037726201429421845976
19976,18027.6191745616468559053210376136654
19977,18028.4202318611621544282310436717937
19978,18028.9913576889022945525232857917727
19979,18030.1170602410152765847535424439897
19980,18030.9665015819962208565556466682145
19981,18031.3801270898148603649075872872136
19982,18032.3976681329040996880176337600251
19983,18033.3935870911451480090018689543844
19984,18034.1929834641943868044413516070845
19985,18034.7393035933458820379119523510562
19986,18035.3338688404371819266057478487238
19987,18035.8927725406789518382666578815051
19988,18037.0256891865060248906214963866876
19989,18037.5492698154845586813667844292002
19990,18038.5993243876177150730357206957194
19991,18039.6800985364279724346593549584632
19992,18040.5038239090197732962718015232150
19993,18041.3947319602898419653303417638403
19994,18041.9845509074655214053498087587604
19995,18042.2361911113483254869700364165991
19996,18043.1596013741069549528725095258300
19997,18044.2389880259667926565050383370670
19998,18045.2897245563464037683718540348444
19999,18045.3917988437151761770750283663446
20000,18046.4642962392034376180745657177992
20001,18047.1345303362033692950427631423529
