omega,direct_score,smooth_score
4.000000000000000222e-01,1.324506487925110054e+00,2.086120065187599515e+00
4.005000000000000226e-01,1.753464115154191205e+00,2.211825754789964016e+00
4.010000000000000231e-01,2.157288903552548653e+00,2.336218561173376784e+00
4.015000000000000235e-01,2.510968197677407865e+00,2.444402618858043219e+00
4.020000000000000240e-01,2.807262419904458906e+00,2.538937882771689747e+00
4.025000000000000244e-01,3.050655633864955085e+00,2.620356207859187769e+00
4.030000000000000249e-01,3.247197646024319262e+00,2.682473956425682537e+00
4.035000000000000253e-01,3.401780501318049321e+00,2.737066251602701339e+00
4.040000000000000258e-01,3.517982678181355460e+00,2.783186423946227173e+00
4.045000000000000262e-01,3.598317807690109227e+00,2.807102644805462788e+00
4.050000000000000266e-01,3.644458903729872024e+00,2.819699389907737164e+00
4.055000000000000271e-01,3.657377547067636847e+00,2.816413253682314100e+00
4.060000000000000275e-01,3.637405118360403922e+00,2.795373493583043878e+00
4.065000000000000280e-01,3.584232557271522346e+00,2.770197165917759108e+00
4.070000000000000284e-01,3.496861030388942915e+00,2.740538836003976630e+00
4.075000000000000289e-01,3.373506611231723351e+00,2.687607466195123695e+00
4.080000000000000293e-01,3.211450920968208944e+00,2.623510054904044431e+00
4.085000000000000298e-01,3.006828930831182412e+00,2.544935554391904553e+00
4.090000000000000302e-01,2.754415724598568094e+00,2.457860896896001179e+00
4.095000000000000306e-01,2.447927361551041070e+00,2.359703036725792291e+00
4.100000000000000311e-01,2.083516603742562090e+00,2.246705965166139407e+00
4.105000000000000315e-01,1.671732322700721696e+00,2.115780431371528270e+00
4.110000000000000320e-01,1.240735653062705168e+00,1.972706030724710402e+00
4.115000000000000324e-01,8.331918781891086700e-01,1.800130944147574796e+00
4.120000000000000329e-01,5.063037500783741374e-01,1.661563724799767439e+00
4.125000000000000333e-01,3.259779659619179148e-01,1.481632779751910212e+00
4.130000000000000338e-01,3.216901529748431576e-01,1.322652489624789984e+00
4.135000000000000342e-01,4.424658103474971571e-01,1.216280811698126518e+00
4.140000000000000346e-01,6.034227555386733055e-01,1.126064028681709406e+00
4.145000000000000351e-01,7.434947143076223730e-01,1.035102378169273418e+00
4.150000000000000355e-01,8.387076724506761227e-01,9.589529364636915076e-01
4.155000000000000360e-01,8.854932023626025384e-01,8.926384381981333771e-01
4.160000000000000364e-01,8.846363906033738456e-01,8.393850747691036229e-01
4.165000000000000369e-01,8.411260551062506030e-01,8.005073500402509756e-01
4.170000000000000373e-01,7.649216718059608233e-01,7.577256120842434939e-01
4.175000000000000377e-01,6.655502196752819399e-01,7.198775643989502315e-01
4.180000000000000382e-01,5.526426323254242101e-01,6.810885059284099707e-01
4.185000000000000386e-01,4.371935233407346355e-01,6.472769394568035350e-01
4.190000000000000391e-01,3.318294414485334354e-01,6.137252035850725429e-01
4.195000000000000395e-01,2.524528036915002494e-01,5.826154735789622618e-01
4.200000000000000400e-01,2.121349956462745268e-01,5.557124230146521793e-01
4.205000000000000404e-01,2.115585648773332106e-01,5.367189855678456967e-01
4.210000000000000409e-01,2.390886472969205589e-01,5.199550651038011839e-01
4.215000000000000413e-01,2.794687879663039221e-01,5.018983055063603871e-01
4.220000000000000417e-01,3.209682972986124261e-01,4.827108074772438751e-01
4.225000000000000422e-01,3.569677876704696051e-01,4.615840177907004072e-01
4.230000000000000426e-01,3.845015451780769422e-01,4.389706428451934928e-01
4.235000000000000431e-01,4.025902241538099058e-01,4.166258813823925378e-01
4.240000000000000435e-01,4.112006852390455158e-01,4.039557390171102935e-01
4.245000000000000440e-01,4.110839611490778589e-01,3.924756579761707886e-01
4.250000000000000444e-01,4.034721275131456508e-01,3.831422138803214361e-01
4.255000000000000449e-01,3.890710976528694576e-01,3.726468368869998438e-01
4.260000000000000453e-01,3.683462213983590416e-01,3.624810740172508816e-01
4.265000000000000457e-01,3.431837390613093342e-01,3.561386758049388535e-01
4.270000000000000462e-01,3.176731144736186785e-01,3.478003269484001847e-01
4.275000000000000466e-01,2.968293011420683469e-01,3.395500133087819283e-01
4.280000000000000471e-01,2.840911899203568125e-01,3.304936293190132712e-01
4.285000000000000475e-01,2.798305479051263478e-01,3.177621338923627969e-01
4.290000000000000480e-01,2.820922537272852471e-01,3.065697151576555757e-01
4.295000000000000484e-01,2.882458429299329938e-01,2.987698701812190327e-01
4.300000000000000488e-01,2.959520442992564782e-01,2.929242586950173699e-01
4.305000000000000493e-01,3.032315015322367691e-01,2.889792984383856012e-01
4.310000000000000497e-01,3.084432962941523471e-01,2.924411126917729753e-01
4.315000000000000502e-01,3.107980161267395181e-01,2.972015710094852992e-01
4.320000000000000506e-01,3.108329757390368431e-01,3.038297449748477708e-01
4.325000000000000511e-01,3.101561305689526926e-01,3.094537057503770061e-01
4.330000000000000515e-01,3.108338774805468052e-01,3.163055686279286904e-01
4.335000000000000520e-01,3.149301640709249450e-01,3.278209862248498974e-01
4.340000000000000524e-01,3.237056502507751343e-01,3.393214244234309396e-01
4.345000000000000528e-01,3.367816511700016946e-01,3.527037532545355680e-01
4.350000000000000533e-01,3.527395601889491417e-01,3.662167671626505028e-01
4.355000000000000537e-01,3.704837684954337407e-01,3.790234617863789124e-01
4.360000000000000542e-01,3.895231291145128116e-01,3.911628563904588352e-01
4.365000000000000546e-01,4.093177516044310127e-01,4.029365576753268785e-01
4.370000000000000551e-01,4.290242377040487942e-01,4.097530690153420307e-01
4.375000000000000555e-01,4.479134232964163687e-01,4.134936712868646502e-01
4.380000000000000560e-01,4.655848127952110782e-01,4.146255125992278634e-01
4.385000000000000564e-01,4.815610704996438618e-01,4.129758691239461266e-01
4.390000000000000568e-01,4.949709652430486773e-01,4.154849891901902237e-01
4.395000000000000573e-01,5.048462314019316333e-01,4.136317627866127888e-01
4.400000000000000577e-01,5.104964855650274691e-01,4.071647572600191611e-01
4.405000000000000582e-01,5.115196691853998168e-01,4.002896329322923608e-01
4.410000000000000586e-01,5.076486420690756729e-01,3.944224152626361612e-01
4.415000000000000591e-01,4.986705744661155681e-01,3.889985560509802154e-01
4.420000000000000595e-01,4.844296661163629558e-01,3.881940059471298832e-01
4.425000000000000600e-01,4.648394624436730238e-01,3.884856441325156284e-01
4.430000000000000604e-01,4.399032007223013241e-01,3.899384346742414964e-01
4.435000000000000608e-01,4.098819278792336651e-01,3.896062514576598135e-01
4.440000000000000613e-01,3.757675071255127119e-01,3.875684307904480597e-01
4.445000000000000617e-01,3.399204244818583853e-01,3.850596456045337623e-01
4.450000000000000622e-01,3.063621580254493049e-01,3.823641135639345157e-01
4.455000000000000626e-01,2.803741161916122882e-01,3.806956847011054301e-01
4.460000000000000631e-01,2.676101083946342274e-01,3.867984679740675280e-01
4.465000000000000635e-01,2.729288661604636901e-01,3.990474005912908462e-01
4.470000000000000639e-01,2.989699819315767004e-01,4.137301998549435811e-01
4.475000000000000644e-01,3.449977801064638694e-01,4.275997639721248467e-01
4.480000000000000648e-01,4.067920548472440112e-01,4.409019438623498210e-01
4.485000000000000653e-01,4.777235953406855917e-01,4.520870276135275923e-01
4.490000000000000657e-01,5.504470474388369894e-01,4.608252544151295038e-01
4.495000000000000662e-01,6.184068001249517499e-01,4.648524234362699237e-01
4.500000000000000666e-01,6.765643875128957152e-01,4.693461236660605995e-01
4.505000000000000671e-01,7.214007979298571183e-01,4.718270561166225119e-01
4.510000000000000675e-01,7.506500730429510604e-01,4.759338135882650311e-01
4.515000000000000679e-01,7.630849244735092851e-01,4.825911411014334185e-01
4.520000000000000684e-01,7.584218642738485006e-01,4.830722470742317975e-01
4.525000000000000688e-01,7.372931558570047228e-01,4.822815570873855151e-01
4.530000000000000693e-01,7.012100237775087397e-01,4.797310092829262795e-01
4.535000000000000697e-01,6.524509873722290632e-01,4.729833847002644087e-01
4.540000000000000702e-01,5.938525189261960602e-01,4.610971587066268751e-01
4.545000000000000706e-01,5.285993932465300471e-01,4.474944051137310086e-01
4.550000000000000711e-01,4.602350771204569702e-01,4.329136153862273018e-01
4.555000000000000715e-01,3.929282425296929948e-01,4.149138555070681633e-01
4.560000000000000719e-01,3.315243704824387683e-01,3.950012412563514985e-01
4.565000000000000724e-01,2.809121611679371022e-01,3.813508365597754191e-01
4.570000000000000728e-01,2.450248598773728526e-01,3.823711818592076539e-01
4.575000000000000733e-01,2.259660592705174942e-01,3.822885203594783565e-01
4.580000000000000737e-01,2.232262175375885338e-01,3.817883781287811917e-01
4.585000000000000742e-01,2.333175091870406670e-01,3.823552647403342664e-01
4.590000000000000746e-01,2.505315343758920399e-01,3.841021907305063876e-01
4.595000000000000751e-01,2.686630829027359946e-01,3.887334552430853907e-01
4.600000000000000755e-01,2.827007800726382136e-01,3.930010300604290796e-01
4.605000000000000759e-01,2.897712613020493322e-01,4.004154967882045391e-01
4.610000000000000764e-01,2.894051732814220124e-01,4.257810954497804334e-01
4.615000000000000768e-01,2.834970677420750040e-01,4.607042225135966618e-01
4.620000000000000773e-01,2.760530475886441293e-01,4.964513932917024031e-01
4.625000000000000777e-01,2.724640255739388950e-01,5.362952843860543384e-01
4.630000000000000782e-01,2.782203195953231178e-01,5.768081297242273475e-01
4.635000000000000786e-01,2.978888637017090835e-01,6.193884572787673459e-01
4.640000000000000790e-01,3.353592417413867599e-01,6.612501761562155078e-01
4.645000000000000795e-01,3.944421046137527864e-01,7.030865453910969398e-01
4.650000000000000799e-01,4.778162796820810132e-01,7.398725644025158088e-01
4.655000000000000804e-01,5.844704045494786282e-01,7.745739361242274246e-01
4.660000000000000808e-01,7.080111108431308420e-01,8.092245661454915417e-01
4.665000000000000813e-01,8.380974773634720654e-01,8.439780056631507321e-01
4.670000000000000817e-01,9.642012053824362550e-01,8.753376394805847394e-01
4.675000000000000822e-01,1.078261479468278328e+00,9.023625935099168771e-01
4.680000000000000826e-01,1.175047608699680834e+00,9.242013132091113636e-01
4.685000000000000830e-01,1.251428344953549043e+00,9.371608695531884470e-01
4.690000000000000835e-01,1.305567951629489798e+00,9.341775643697630693e-01
4.695000000000000839e-01,1.336367000784420611e+00,9.245443725768390797e-01
4.700000000000000844e-01,1.343150753503376649e+00,9.057216412696259544e-01
4.705000000000000848e-01,1.325534477406651312e+00,8.851842112171434129e-01
4.710000000000000853e-01,1.283406496975039168e+00,8.605276811717654795e-01
4.715000000000000857e-01,1.217010703116846670e+00,8.294498872983859794e-01
4.720000000000000862e-01,1.127160139555193563e+00,7.971121816927719816e-01
4.725000000000000866e-01,1.015649365812386851e+00,7.628296892728325673e-01
4.730000000000000870e-01,8.859116868644049125e-01,7.214137180493882529e-01
4.735000000000000875e-01,7.438447913654417931e-01,6.767785217748709670e-01
4.740000000000000879e-01,5.985385133546220482e-01,6.309254526598319091e-01
4.745000000000000884e-01,4.623236781567717779e-01,5.864511377651339119e-01
4.750000000000000888e-01,3.488825554011544816e-01,5.370619109579095607e-01
4.755000000000000893e-01,2.689320326506671188e-01,4.868760400181271208e-01
4.760000000000000897e-01,2.261425949060147378e-01,4.483871403757121454e-01
4.765000000000000902e-01,2.158314143310969546e-01,4.149484599210225833e-01
4.770000000000000906e-01,2.275363099686986690e-01,4.171974564555170351e-01
4.775000000000000910e-01,2.502120932129248132e-01,4.177575399757277319e-01
4.780000000000000915e-01,2.759946525978807519e-01,4.162928122231299710e-01
4.785000000000000919e-01,3.009092570604353645e-01,4.101120144006905610e-01
4.790000000000000924e-01,3.238701089661442656e-01,4.083325406300982729e-01
4.795000000000000928e-01,3.456406677665395111e-01,4.141247101862005064e-01
4.800000000000000933e-01,3.683505581717909094e-01,4.209543986140427130e-01
4.805000000000000937e-01,3.951376006066644186e-01,4.324836293305573953e-01
4.810000000000000941e-01,4.289644204160635299e-01,4.411801934457075802e-01
4.815000000000000946e-01,4.702862033039512113e-01,4.485740466641788271e-01
4.820000000000000950e-01,5.155652168411114511e-01,4.512365839317814542e-01
4.825000000000000955e-01,5.587745212282861917e-01,4.519946998436868979e-01
4.830000000000000959e-01,5.941710391020313953e-01,4.514107257807289386e-01
4.835000000000000964e-01,6.177589987735081500e-01,4.481095060283826759e-01
4.840000000000000968e-01,6.273576902412515421e-01,4.390406554583498600e-01
4.845000000000000973e-01,6.221941467344576093e-01,4.248383257215479492e-01
4.850000000000000977e-01,6.025390854383144701e-01,4.121055123715112734e-01
4.855000000000000981e-01,5.694970800749367124e-01,3.990155004848624509e-01
4.860000000000000986e-01,5.249197025277033690e-01,3.853171707218120412e-01
4.865000000000000990e-01,4.714090183854359184e-01,3.696087115980507543e-01
4.870000000000000995e-01,4.124027265889173566e-01,3.527364928168509883e-01
4.875000000000000999e-01,3.523247582234452779e-01,3.370297127880740318e-01
4.880000000000001004e-01,2.967265468879566326e-01,3.228178670635812320e-01
4.885000000000001008e-01,2.521208871628429771e-01,3.091535073508094311e-01
4.890000000000001013e-01,2.247193884651099149e-01,2.970893349801219108e-01
4.895000000000001017e-01,2.175288946034448778e-01,2.867156125813711820e-01
4.900000000000001021e-01,2.280245746871791268e-01,2.799027624560226912e-01
4.905000000000001026e-01,2.497513156805303836e-01,2.754186971669534412e-01
4.910000000000001030e-01,2.761347189556366821e-01,2.741090585253934675e-01
4.915000000000001035e-01,3.026573608668844950e-01,2.818647859028208802e-01
4.920000000000001039e-01,3.267754739033510991e-01,2.906213331935464939e-01
4.925000000000001044e-01,3.467719240373264289e-01,3.010299196369363717e-01
4.930000000000001048e-01,3.609313053772542079e-01,3.137524115407368530e-01
4.935000000000001052e-01,3.677523181725153578e-01,3.250528322536758163e-01
4.940000000000001057e-01,3.667049855809562109e-01,3.370176350635654683e-01
4.945000000000001061e-01,3.588122362036326729e-01,3.559361957674241350e-01
4.950000000000001066e-01,3.468982588001262579e-01,3.740556785364129722e-01
4.955000000000001070e-01,3.355249029631707791e-01,3.902957341903608435e-01
4.960000000000001075e-01,3.303186808297243759e-01,4.038171469488288645e-01
4.965000000000001079e-01,3.363934944542090189e-01,4.180322313568314851e-01
4.970000000000001084e-01,3.563727890523487596e-01,4.322432747279396636e-01
4.975000000000001088e-01,3.889968772141196851e-01,4.462446308249380378e-01
4.980000000000001092e-01,4.290966052286084853e-01,4.587922954548762644e-01
4.985000000000001097e-01,4.695358879988965062e-01,4.718326951583212692e-01
4.990000000000001101e-01,5.041804757825274486e-01,4.861559065650514766e-01
4.995000000000001106e-01,5.292357420654567601e-01,5.042365085414985959e-01
5.000000000000001110e-01,5.416882588822851119e-01,5.251259805728033525e-01
5.005000000000001670e-01,5.374341402064661821e-01,5.470976334165680299e-01
5.010000000000001119e-01,5.124513333863809361e-01,5.726785186707854525e-01
5.015000000000000568e-01,4.655606622563882024e-01,6.048922634867380799e-01
5.020000000000001128e-01,3.999178843352402257e-01,6.388773247314130099e-01
5.025000000000001688e-01,3.239827032361506931e-01,6.821958384128459230e-01
5.030000000000001137e-01,2.533297646714565698e-01,7.261069935072547166e-01
5.035000000000000586e-01,2.109516374934554128e-01,8.062612560623201308e-01
5.040000000000001146e-01,2.231936970824691113e-01,8.911522650446915828e-01
5.045000000000001705e-01,3.118033330342934173e-01,9.646258964793339441e-01
5.050000000000001155e-01,4.832792391259285725e-01,1.036876385009679158e+00
5.055000000000000604e-01,7.233028210362830723e-01,1.131689391010010981e+00
5.060000000000001164e-01,1.003397702217035059e+00,1.224111228217034997e+00
5.065000000000001723e-01,1.293075304885052734e+00,1.308747952524321967e+00
5.070000000000001172e-01,1.566123189760979750e+00,1.385036774414296179e+00
5.075000000000000622e-01,1.806896667456691308e+00,1.448887297722751821e+00
5.080000000000001181e-01,2.010437685412127529e+00,1.504751426044970142e+00
5.085000000000001741e-01,2.176768928343154386e+00,1.554599960597033759e+00
5.090000000000001190e-01,2.307381797535758672e+00,1.595931520798167025e+00
5.095000000000000639e-01,2.403925329847999670e+00,1.631694606996381580e+00
5.100000000000001199e-01,2.467769307778115095e+00,1.664375988147390517e+00
5.105000000000001759e-01,2.499866497933113330e+00,1.684151226214230856e+00
5.110000000000001208e-01,2.500725161550200859e+00,1.686722987401616747e+00
5.115000000000000657e-01,2.470425077611814846e+00,1.676959987448046974e+00
5.120000000000001217e-01,2.408643221320064143e+00,1.664422076621531188e+00
5.125000000000001776e-01,2.314671119538944666e+00,1.639127882325955854e+00
5.130000000000001226e-01,2.187431124558619100e+00,1.604210824083032616e+00
5.135000000000000675e-01,2.025549878870395393e+00,1.561106387701331588e+00
5.140000000000001235e-01,1.827665604463544202e+00,1.505415844715885409e+00
5.145000000000001794e-01,1.593460490806793528e+00,1.444567262547585162e+00
5.150000000000001243e-01,1.326644451309575201e+00,1.375461670062981590e+00
5.155000000000000693e-01,1.041067090074577761e+00,1.299102366004489584e+00
5.160000000000001252e-01,7.633907905566471586e-01,1.214298967614058533e+00
5.165000000000001812e-01,5.226701190152266419e-01,1.125025045884583852e+00
5.170000000000001261e-01,3.425844539275833545e-01,1.027778517280806492e+00
5.175000000000000711e-01,2.383738254183095928e-01,9.302003833132825861e-01
5.180000000000001270e-01,2.070191143270772027e-01,8.284876537340920555e-01
5.185000000000001830e-01,2.268268730990971593e-01,7.411826979482454281e-01
5.190000000000001279e-01,2.707917251568024986e-01,6.688512400987037809e-01
5.195000000000000728e-01,3.176566943954913236e-01,6.045054990229498104e-01
5.200000000000001288e-01,3.548777443154733091e-01,5.618827452768206943e-01
5.205000000000001847e-01,3.767487340871140677e-01,5.254816015928905903e-01
5.210000000000001297e-01,3.819172385919994972e-01,4.904805195005918494e-01
5.215000000000000746e-01,3.722666880140511614e-01,4.686556029135090506e-01
5.220000000000001306e-01,3.515564858796637604e-01,4.504629948842328591e-01
5.225000000000001865e-01,3.237130994894592551e-01,4.317921846471867164e-01
5.230000000000001315e-01,2.929055465186481966e-01,4.167496266292025631e-01
5.235000000000000764e-01,2.642957548305273630e-01,4.021541261034252690e-01
5.240000000000001323e-01,2.436994370897675455e-01,3.931719045375756671e-01
5.245000000000001883e-01,2.360428560546911358e-01,3.867062761994387587e-01
5.250000000000001332e-01,2.433055580347640023e-01,3.796294304737440894e-01
5.255000000000000782e-01,2.635209206805051441e-01,3.726101297991981087e-01
5.260000000000001341e-01,2.919190033150523278e-01,3.690239126266841030e-01
5.265000000000001901e-01,3.232738347519895639e-01,3.674685742294294677e-01
5.270000000000001350e-01,3.539114308782713159e-01,3.674507576116490259e-01
5.275000000000000799e-01,3.825043873502117497e-01,3.694677885202609646e-01
5.280000000000001359e-01,4.090824014137530718e-01,3.707867338123983503e-01
5.285000000000001918e-01,4.330915405798032580e-01,3.739925304078445256e-01
5.290000000000001368e-01,4.529776174253267729e-01,3.797772512891620100e-01
5.295000000000000817e-01,4.672611730706571764e-01,3.848921989165851043e-01
5.300000000000001377e-01,4.751160982792297927e-01,3.896123214783510091e-01
5.305000000000001936e-01,4.762787464084156097e-01,3.930554134960474455e-01
5.310000000000001386e-01,4.709792272768072996e-01,3.958508698086836697e-01
5.315000000000000835e-01,4.600076706387573044e-01,4.034268612985195124e-01
5.320000000000001394e-01,4.447389575502048165e-01,4.094682564628513433e-01
5.325000000000001954e-01,4.270979879391880729e-01,4.181438982808431959e-01
5.330000000000001403e-01,4.095536822834016100e-01,4.260106923003110779e-01
5.335000000000000853e-01,3.952433416193804616e-01,4.316499047532604827e-01
5.340000000000001412e-01,3.881450156212688518e-01,4.366997000757833480e-01
5.345000000000001972e-01,3.925939964744221133e-01,4.478973158881114358e-01
5.350000000000001421e-01,4.114899122379454544e-01,4.605631711297505926e-01
5.355000000000000870e-01,4.444507565207266309e-01,4.720702768809331706e-01
5.360000000000001430e-01,4.877552856386405677e-01,4.825439002655625420e-01
5.365000000000001990e-01,5.357191076985986511e-01,4.937978000601093709e-01
5.370000000000001439e-01,5.823162950934190896e-01,5.049813921269409311e-01
5.375000000000000888e-01,6.223367642613081285e-01,5.116070328031133707e-01
5.380000000000001448e-01,6.519130789464836484e-01,5.147701773135986425e-01
5.385000000000002007e-01,6.685882364840518566e-01,5.145400476927157740e-01
5.390000000000001457e-01,6.711417639583878714e-01,5.154861202330603964e-01
5.395000000000000906e-01,6.594015678950287951e-01,5.164810871662045555e-01
5.400000000000001465e-01,6.341587200970316696e-01,5.171976014029933122e-01
5.405000000000002025e-01,5.971629710187503770e-01,5.156660857375033880e-01
5.410000000000001474e-01,5.511536259089389045e-01,5.124494889320694302e-01
5.415000000000000924e-01,4.998946883465766322e-01,5.089759863604925716e-01
5.420000000000001483e-01,4.480355024479969472e-01,5.022643985800484545e-01
5.425000000000002043e-01,4.003295883595850979e-01,4.954676611301975231e-01
5.430000000000001492e-01,3.600931156088450491e-01,4.857828000494626153e-01
5.435000000000000941e-01,3.282719033362332395e-01,4.749794530071065890e-01
5.440000000000001501e-01,3.045967454222227588e-01,4.672552331198092657e-01
5.445000000000002061e-01,2.896965262612744008e-01,4.588054334071881013e-01
5.450000000000001510e-01,2.858108102910474901e-01,4.503209184661226550e-01
5.455000000000000959e-01,2.950689585845724383e-01,4.407391838323466149e-01
5.460000000000001519e-01,3.165470456392042164e-01,4.316370394465324223e-01
5.465000000000002078e-01,3.459119511683032555e-01,4.241945585205212366e-01
5.470000000000001528e-01,3.779241414656705489e-01,4.163759355696171061e-01
5.475000000000000977e-01,4.079938636954404396e-01,4.089132432813321616e-01
5.480000000000001537e-01,4.321921729034402526e-01,4.082124266308279070e-01
5.485000000000002096e-01,4.471255375430168155e-01,4.119495966667017228e-01
5.490000000000001545e-01,4.501889410283107518e-01,4.163537142298364135e-01
5.495000000000000995e-01,4.399047347199622204e-01,4.245190670157386603e-01
5.500000000000001554e-01,4.160341594359214246e-01,4.357631067727391061e-01
5.505000000000002114e-01,3.795060905896326942e-01,4.466656453413075378e-01
5.510000000000001563e-01,3.325222021286204921e-01,4.582717842773059713e-01
5.515000000000001013e-01,2.792604856262886903e-01,4.715800259708788356e-01
5.520000000000001572e-01,2.273662905938985124e-01,4.934304159049866523e-01
5.525000000000002132e-01,1.898278129246654955e-01,5.206136600782150792e-01
5.530000000000001581e-01,1.852636990489994195e-01,5.572426823625311609e-01
5.535000000000001030e-01,2.320307269042261034e-01,6.012258492905517837e-01
5.540000000000001590e-01,3.362451151720934339e-01,6.498697179174232064e-01
5.545000000000002149e-01,4.881580680620410395e-01,6.970090739231256105e-01
5.550000000000001599e-01,6.712177278962297988e-01,7.402657541130197583e-01
5.555000000000001048e-01,8.686584636891897526e-01,7.816732564655616278e-01
5.560000000000001608e-01,1.064490858936632867e+00,8.207521551180428920e-01
5.565000000000002167e-01,1.245851463782856383e+00,8.561527468832690335e-01
5.570000000000001616e-01,1.404857101956550114e+00,8.890383531182477483e-01
5.575000000000001066e-01,1.537568321550212946e+00,9.191418127123318627e-01
5.580000000000001625e-01,1.642281958084032656e+00,9.458855097820191293e-01
5.585000000000002185e-01,1.718420230096307622e+00,9.709279601437668106e-01
5.590000000000001634e-01,1.765934501559165426e+00,9.938620457560107813e-01
5.595000000000001084e-01,1.784964396494225225e+00,1.006745432317235789e+00
5.600000000000001643e-01,1.775622833880021734e+00,1.016990659407368547e+00
5.605000000000002203e-01,1.737880751881631713e+00,1.025585476258625395e+00
5.610000000000001652e-01,1.671575273288581798e+00,1.023587427365051816e+00
5.615000000000001101e-01,1.576581297874694254e+00,1.009868603753312888e+00
5.620000000000001661e-01,1.453197526060490574e+00,9.897485298486939920e-01
5.625000000000002220e-01,1.302835559111872543e+00,9.626675125555230750e-01
5.630000000000001670e-01,1.129157432167803510e+00,9.318709699906401189e-01
5.635000000000001119e-01,9.397413950305745223e-01,8.969843840390104850e-01
5.640000000000001679e-01,7.477200875830798399e-01,8.592584074647039438e-01
5.645000000000002238e-01,5.713252312343858330e-01,8.177639673225106653e-01
5.650000000000001688e-01,4.296018179188771380e-01,7.731432645543553361e-01
5.655000000000001137e-01,3.362251950034683690e-01,7.266014450974588312e-01
5.660000000000001696e-01,2.922841396707873129e-01,6.758966715605980724e-01
5.665000000000002256e-01,2.855241531615601014e-01,6.264661964723468035e-01
5.670000000000001705e-01,2.994770153571325588e-01,5.880412300536234094e-01
5.675000000000001155e-01,3.207599402533904409e-01,5.491503820458462082e-01
5.680000000000001714e-01,3.408970170876822192e-01,5.118501842255829271e-01
5.685000000000002274e-01,3.555644331487153864e-01,4.746095763902083431e-01
5.690000000000001723e-01,3.632317614387782778e-01,4.580013900001177474e-01
5.695000000000001172e-01,3.637863645582181116e-01,4.424514482371898483e-01
5.700000000000001732e-01,3.576915935941417102e-01,4.258933604454064326e-01
5.705000000000002292e-01,3.462664068484263002e-01,4.128235236128421914e-01
5.710000000000001741e-01,3.327172157878994785e-01,4.018168202144805079e-01
5.715000000000001190e-01,3.218235593430761599e-01,3.903070801593146455e-01
5.720000000000001750e-01,3.171477128115594568e-01,3.792036196379098834e-01
5.725000000000002309e-01,3.195338980554464081e-01,3.685114306013280716e-01
5.730000000000001759e-01,3.283774138961670364e-01,3.584449409372298945e-01
5.735000000000001208e-01,3.424556104939826540e-01,3.495095437247103254e-01
5.740000000000001767e-01,3.602023223476032987e-01,3.408528034990657707e-01
5.745000000000002327e-01,3.798248777174234592e-01,3.356205318303859819e-01
5.750000000000001776e-01,3.990646978365254283e-01,3.315973352565603216e-01
5.755000000000001226e-01,4.152198184597964969e-01,3.306391693462947812e-01
5.760000000000001785e-01,4.257431163868590218e-01,3.284370043125050542e-01
5.765000000000002345e-01,4.289954910151824174e-01,3.343264299699520992e-01
5.770000000000001794e-01,4.247750088184211181e-01,3.423450954598746265e-01
5.775000000000001243e-01,4.144592928708662471e-01,3.523868236622312855e-01
5.780000000000001803e-01,4.001719513954755669e-01,3.673389550341000231e-01
5.785000000000002363e-01,3.826642860386468281e-01,3.826531549758802053e-01
5.790000000000001812e-01,3.605124245275393435e-01,3.942844219697897445e-01
5.795000000000001261e-01,3.326665757750562613e-01,4.093001529441968600e-01
5.800000000000001821e-01,3.012660570736251930e-01,4.278079199843413671e-01
5.805000000000002380e-01,2.721383045163112691e-01,4.492993938886288285e-01
5.810000000000001830e-01,2.533710732087021134e-01,4.741973574173785622e-01
5.815000000000001279e-01,2.534381133227015526e-01,4.985408703136107178e-01
5.820000000000001839e-01,2.794056546369842464e-01,5.275585873538082282e-01
5.825000000000002398e-01,3.347249291582050645e-01,5.615987368896105947e-01
5.830000000000001847e-01,4.184994923371084252e-01,5.930601477944359434e-01
5.835000000000001297e-01,5.261215307582112199e-01,6.226672534532167180e-01
5.840000000000001856e-01,6.482716073747204488e-01,6.501928134215571031e-01
5.845000000000002416e-01,7.727426544597506552e-01,6.780929487937428224e-01
5.850000000000001865e-01,8.894406956980318579e-01,6.993062513177165096e-01
5.855000000000001315e-01,9.920734358299165834e-01,7.140474314480240725e-01
5.860000000000001874e-01,1.077078882849280550e+00,7.254087983954905505e-01
5.865000000000002434e-01,1.142430785566266538e+00,7.345437005626563876e-01
5.870000000000001883e-01,1.186943881162599190e+00,7.442081767004548043e-01
5.875000000000001332e-01,1.209911152346295093e+00,7.477717503054981396e-01
5.880000000000001892e-01,1.210894091032062025e+00,7.460979525936058954e-01
5.885000000000002451e-01,1.189600601223078424e+00,7.412546137187391304e-01
5.890000000000001901e-01,1.145869266750008775e+00,7.275429790483664005e-01
5.895000000000001350e-01,1.079815264556703180e+00,7.078091037672187280e-01
5.900000000000001910e-01,9.921950104118600899e-01,6.854121340666379236e-01
5.905000000000002469e-01,8.850306830360681332e-01,6.608424954130539541e-01
5.910000000000001918e-01,7.624737438250074328e-01,6.337253035377168331e-01
5.915000000000001368e-01,6.316607915614126378e-01,6.048242409357074134e-01
5.920000000000001927e-01,5.029120141779426234e-01,5.729837447536102468e-01
5.925000000000002487e-01,3.885931572829569025e-01,5.456232928459752163e-01
5.930000000000001936e-01,3.006845240503873695e-01,5.201476094138122175e-01
5.935000000000001386e-01,2.473231942172453568e-01,4.918594772042697016e-01
5.940000000000001945e-01,2.287856596205073423e-01,4.607726599755251895e-01
5.945000000000002505e-01,2.366136064048469656e-01,4.350029195059869624e-01
5.950000000000001954e-01,2.589196012038722516e-01,4.154729426464778830e-01
5.955000000000001403e-01,2.861179155888856074e-01,3.937960491422950460e-01
5.960000000000001963e-01,3.123939027915637046e-01,3.806506678696640611e-01
5.965000000000002522e-01,3.347775933869078235e-01,3.735851171329908627e-01
5.970000000000001972e-01,3.518010187818436663e-01,3.752470815849011654e-01
5.975000000000001421e-01,3.624496593508603204e-01,3.777464811033423020e-01
5.980000000000001981e-01,3.661125132871178578e-01,3.806076055285061432e-01
5.985000000000002540e-01,3.635082530543439217e-01,3.821040209063128468e-01
5.990000000000001990e-01,3.577163402189592056e-01,3.844959164150643649e-01
5.995000000000001439e-01,3.543891058551976170e-01,3.952600368875598957e-01
6.000000000000001998e-01,3.601850500358017015e-01,4.108898370307133563e-01
6.005000000000002558e-01,3.805526363348125662e-01,4.306713719887046432e-01
6.010000000000002007e-01,4.198768325098891085e-01,4.517100084892381462e-01
6.015000000000001457e-01,4.817263356003856356e-01,4.741178546044285680e-01
6.020000000000002016e-01,5.649805417013756825e-01,4.954542812409249430e-01
6.025000000000002576e-01,6.602852138066277465e-01,5.147666968192380343e-01
6.030000000000002025e-01,7.547975632980360450e-01,5.317394961477319715e-01
6.035000000000001474e-01,8.386913333820518179e-01,5.483245896677978459e-01
6.040000000000002034e-01,9.063011188349868741e-01,5.616635751143294053e-01
6.045000000000002593e-01,9.546883315580071416e-01,5.726939593985124199e-01
6.050000000000002043e-01,9.823697906692399062e-01,5.808513814225889638e-01
6.055000000000001492e-01,9.886660524354773383e-01,5.882572591699232190e-01
6.060000000000002052e-01,9.734844139346675584e-01,5.948648819020385670e-01
6.065000000000002611e-01,9.373429025911796941e-01,5.999647963755763147e-01
6.070000000000002061e-01,8.815262404811615715e-01,6.004834643847832831e-01
6.075000000000001510e-01,8.083324830942132389e-01,5.941845592105898799e-01
6.080000000000002069e-01,7.213983588512317136e-01,5.855537907833887612e-01
6.085000000000002629e-01,6.260813195720473789e-01,5.734645429417060125e-01
6.090000000000002078e-01,5.297196113586343236e-01,5.607466763874657811e-01
6.095000000000001528e-01,4.410220667299676878e-01,5.491763744629659660e-01
6.100000000000002087e-01,3.677297730450748703e-01,5.421665257089827161e-01
6.105000000000002647e-01,3.137322380020055590e-01,5.353247392098531288e-01
6.110000000000002096e-01,2.780103677506619020e-01,5.277022467846668174e-01
6.115000000000001545e-01,2.562202121428121537e-01,5.199315647451347999e-01
6.120000000000002105e-01,2.438232945393500883e-01,5.134411009020339867e-01
6.125000000000002665e-01,2.384623563978187644e-01,5.139689274876187985e-01
6.130000000000002114e-01,2.402231607960051973e-01,5.135852535751116443e-01
6.135000000000001563e-01,2.502999119224317282e-01,5.126904708144521816e-01
6.140000000000002123e-01,2.697961980931656290e-01,5.157952625513039235e-01
6.145000000000002682e-01,2.993367837174426560e-01,5.186815127409728499e-01
6.150000000000002132e-01,3.385343499354837027e-01,5.258955037614858607e-01
6.155000000000001581e-01,3.852883768710637646e-01,5.346804371318027993e-01
6.160000000000002141e-01,4.359717695911172197e-01,5.441300973693838916e-01
6.165000000000002700e-01,4.865846277272887765e-01,5.541825928892054609e-01
6.170000000000002149e-01,5.338093676900979023e-01,5.639778943219729834e-01
6.175000000000001599e-01,5.752674090526820327e-01,5.716677348112916279e-01
6.180000000000002158e-01,6.091858133714380674e-01,5.754504218817418915e-01
6.185000000000002718e-01,6.340364204399681070e-01,5.786148675041010714e-01
6.190000000000002167e-01,6.484934045202697117e-01,5.813078915871761065e-01
6.195000000000001616e-01,6.516488890339638962e-01,5.829456659549572262e-01
6.200000000000002176e-01,6.432231746217060842e-01,5.825508480636404363e-01
6.205000000000002736e-01,6.235886395346217359e-01,5.832157805615271196e-01
6.210000000000002185e-01,5.936391127655340494e-01,5.839797128751124111e-01
6.215000000000001634e-01,5.547431585157778233e-01,5.752013593074272180e-01
6.220000000000002194e-01,5.090118077736898172e-01,5.661084744529352175e-01
6.225000000000002753e-01,4.596743846695400260e-01,5.583517292885845640e-01
6.230000000000002203e-01,4.109590626348341713e-01,5.495427224575728520e-01
6.235000000000001652e-01,3.675475340346445186e-01,5.432476051661943028e-01
6.240000000000002212e-01,3.340744108156218362e-01,5.350744997363674482e-01
6.245000000000002771e-01,3.140210907588419920e-01,5.258273311976544573e-01
6.250000000000002220e-01,3.086898969700039297e-01,5.164878006408099020e-01
6.255000000000001670e-01,3.173236385859082853e-01,5.085443941986615979e-01
6.260000000000002229e-01,3.372587793070766504e-01,5.029753732689833390e-01
6.265000000000002789e-01,3.643892287517374595e-01,5.001961890069865913e-01
6.270000000000002238e-01,3.945998447052035951e-01,4.944794024209472338e-01
6.275000000000001688e-01,4.250385019083672833e-01,4.940130813308502011e-01
6.280000000000002247e-01,4.542579762356576123e-01,4.940413857029234412e-01
6.285000000000002807e-01,4.816884536792697125e-01,4.991927854570626932e-01
6.290000000000002256e-01,5.072186018435277388e-01,5.076937935309260297e-01
6.295000000000001705e-01,5.308409766393540341e-01,5.125089725541519536e-01
6.300000000000002265e-01,5.522473834685648342e-01,5.155045906146760171e-01
6.305000000000002824e-01,5.710492821182044931e-01,5.149084184264449693e-01
6.310000000000002274e-01,5.877006406620390866e-01,5.138247252342527105e-01
6.315000000000001723e-01,6.036797784804879274e-01,5.117814588272884269e-01
6.320000000000002283e-01,6.197440911590550439e-01,5.084984137806748405e-01
6.325000000000002842e-01,6.338781435539988518e-01,5.039446702390272259e-01
6.330000000000002292e-01,6.419379123929291886e-01,4.968456162479029103e-01
6.335000000000001741e-01,6.400502176858203773e-01,4.902459099023125932e-01
6.340000000000002300e-01,6.259313259865861845e-01,4.840008151890746180e-01
6.345000000000002860e-01,5.988949748784078153e-01,4.756045083385740391e-01
6.350000000000002309e-01,5.595610410187976669e-01,4.665694509161326664e-01
6.355000000000001759e-01,5.097885262768679926e-01,4.557293693589865025e-01
6.360000000000002318e-01,4.528066978012383892e-01,4.447039089907877663e-01
6.365000000000002878e-01,3.931914973760000098e-01,4.367755367460285920e-01
6.370000000000002327e-01,3.362467109829905820e-01,4.379041001369869401e-01
6.375000000000001776e-01,2.868606343193454977e-01,4.399270377853565783e-01
6.380000000000002336e-01,2.487898385020713976e-01,4.460595460124753830e-01
6.385000000000002895e-01,2.249608318007662588e-01,4.530073869949990950e-01
6.390000000000002345e-01,2.177882355889475541e-01,4.594810155202432855e-01
6.395000000000001794e-01,2.283328130348591112e-01,4.661102929735558287e-01
6.400000000000002354e-01,2.547259215195251114e-01,4.720224751256975604e-01
6.405000000000002913e-01,2.919331995559125148e-01,4.792890227176386797e-01
6.410000000000002363e-01,3.337278750542258532e-01,4.862450854676046985e-01
6.415000000000001812e-01,3.747027312152852452e-01,4.923914087180117360e-01
6.420000000000002371e-01,4.110600529200813535e-01,4.980976914484761542e-01
6.425000000000002931e-01,4.406111626372643530e-01,5.009254470341131249e-01
6.430000000000002380e-01,4.624049555474533113e-01,5.034786864137010820e-01
6.435000000000001830e-01,4.761677198759245444e-01,5.067822814229764328e-01
6.440000000000002389e-01,4.817274795564258083e-01,5.091474656451776548e-01
6.445000000000002949e-01,4.791086462794240108e-01,5.074741932010122802e-01
6.450000000000002398e-01,4.692983855306477881e-01,5.077986348215113299e-01
6.455000000000001847e-01,4.544061976689476312e-01,5.067174058493179034e-01
6.460000000000002407e-01,4.372563266035502383e-01,5.036613181492339830e-01
6.465000000000002967e-01,4.214159212026507006e-01,4.996824492678807461e-01
6.470000000000002416e-01,4.107280842234088958e-01,4.952938150673193429e-01
6.475000000000001865e-01,4.072651292924732713e-01,4.923892367583634910e-01
6.480000000000002425e-01,4.098524624613103517e-01,4.904932236472244189e-01
6.485000000000002984e-01,4.152632208328427277e-01,4.876382675914411324e-01
6.490000000000002434e-01,4.205437451282339478e-01,4.848772341310182421e-01
6.495000000000001883e-01,4.241410676345864772e-01,4.804341100702946288e-01
6.500000000000002442e-01,4.253082733451650777e-01,4.747912361870034736e-01
6.505000000000003002e-01,4.235803894324374208e-01,4.714311220779524580e-01
6.510000000000002451e-01,4.188010355854481226e-01,4.699666295748113898e-01
6.515000000000001901e-01,4.105841906822845777e-01,4.707108372662185403e-01
6.520000000000002460e-01,3.983003218552490510e-01,4.736130802625845848e-01
6.525000000000003020e-01,3.822413129914402630e-01,4.758843171959042939e-01
6.530000000000002469e-01,3.647524376540512980e-01,4.783204956358886872e-01
6.535000000000001918e-01,3.500922696787979183e-01,4.837012506935532419e-01
6.540000000000002478e-01,3.423854406350440582e-01,4.880483736600949030e-01
6.545000000000003038e-01,3.431992657299333671e-01,4.905503346495124761e-01
6.550000000000002487e-01,3.514761208574009865e-01,4.971764730277810074e-01
6.555000000000001936e-01,3.656193439138543111e-01,5.017042335612819093e-01
6.560000000000002496e-01,3.852829824870933062e-01,5.042293048878883077e-01
6.565000000000003055e-01,4.110741842974398597e-01,5.059595090764759107e-01
6.570000000000002505e-01,4.419266806927673596e-01,5.071312610068818838e-01
6.575000000000001954e-01,4.736564495954727616e-01,5.110810788587174525e-01
6.580000000000002514e-01,5.016620631813577535e-01,5.147090381540518900e-01
6.585000000000003073e-01,5.236688084307232760e-01,5.176122210612668084e-01
6.590000000000002522e-01,5.384698599695101340e-01,5.267093411510012091e-01
6.595000000000001972e-01,5.433220670147836939e-01,5.338762079013574802e-01
6.600000000000002531e-01,5.346473336169138557e-01,5.397080889631131750e-01
6.605000000000003091e-01,5.114467896917055389e-01,5.460842874635559729e-01
6.610000000000002540e-01,4.772948705062929342e-01,5.540768387066150602e-01
6.615000000000001990e-01,4.381508889180234512e-01,5.620798356691748543e-01
6.620000000000002549e-01,3.991012561561461669e-01,5.726162298027168696e-01
6.625000000000003109e-01,3.653267258068714218e-01,5.818953350553819348e-01
6.630000000000002558e-01,3.431342126884401322e-01,5.895913174756841624e-01
6.635000000000002007e-01,3.379691384354393535e-01,5.963435231414137006e-01
6.640000000000002567e-01,3.540788849520807857e-01,5.996734459256758409e-01
6.645000000000003126e-01,3.938749211018939267e-01,6.049379592596968447e-01
6.650000000000002576e-01,4.527558134709235849e-01,6.094761272605712099e-01
6.655000000000002025e-01,5.183204589875760604e-01,6.136359943361975322e-01
6.660000000000002585e-01,5.787594312831940702e-01,6.237899641101083414e-01
6.665000000000003144e-01,6.257307600354057309e-01,6.387403373742306378e-01
6.670000000000002593e-01,6.519077357849534238e-01,6.529829675679340584e-01
6.675000000000002043e-01,6.526882814972700952e-01,6.749586037368707769e-01
6.680000000000002602e-01,6.283356979207093129e-01,6.968776399652488740e-01
6.685000000000003162e-01,5.821060297060547395e-01,7.241115099324776372e-01
6.690000000000002611e-01,5.194242445987579115e-01,7.502416850165041229e-01
6.695000000000002061e-01,4.520193448331653596e-01,7.750739286182413146e-01
6.700000000000002620e-01,4.029095148795334147e-01,7.987336046460202788e-01
6.705000000000003180e-01,3.974930315647052237e-01,8.220652298252835166e-01
6.710000000000002629e-01,4.405252744789318053e-01,8.469303233415601539e-01
6.715000000000002078e-01,5.168922036559939759e-01,8.747593716111857765e-01
6.720000000000002638e-01,6.119638095687194301e-01,9.034012108506560557e-01
6.725000000000003197e-01,7.136009108911062215e-01,9.335840475098660107e-01
6.730000000000002647e-01,8.113920374041905248e-01,9.610435295047418114e-01
6.735000000000002096e-01,8.959452990916878523e-01,9.915011735976591023e-01
6.740000000000002656e-01,9.607566692530381536e-01,1.029205949781135221e+00
6.745000000000003215e-01,1.010232570628665005e+00,1.068345784485920769e+00
6.750000000000002665e-01,1.044158516585469432e+00,1.108606619379993274e+00
6.755000000000002114e-01,1.043439164283449516e+00,1.154354571318223277e+00
6.760000000000002673e-01,9.978578276907988931e-01,1.200429454269247742e+00
6.765000000000003233e-01,9.172575261386315404e-01,1.248433460928147998e+00
6.770000000000002682e-01,8.016521752409502266e-01,1.293491932123802757e+00
6.775000000000002132e-01,6.676685711226604258e-01,1.336043000689872695e+00
6.780000000000002691e-01,5.665242578587403877e-01,1.382766922253839459e+00
6.785000000000003251e-01,5.529202494701175308e-01,1.447582836200674405e+00
6.790000000000002700e-01,6.438975567711561210e-01,1.522012686869594233e+00
6.795000000000002149e-01,8.223708614110663007e-01,1.597152894148446745e+00
6.800000000000002709e-01,1.050356608787857304e+00,1.668793066163824168e+00
6.805000000000003268e-01,1.289375152127865354e+00,1.741257905717681354e+00
6.810000000000002718e-01,1.522994975292744746e+00,1.823812947240111226e+00
6.815000000000002167e-01,1.722623617858527023e+00,1.929586959784667100e+00
6.820000000000002727e-01,1.883786218041583194e+00,2.024148908130897873e+00
6.825000000000003286e-01,1.998063849380213197e+00,2.104680283152892351e+00
6.830000000000002736e-01,2.023898322585055087e+00,2.211565246535537987e+00
6.835000000000002185e-01,1.956309663148263267e+00,2.329464721905831759e+00
6.840000000000002744e-01,1.799745155244116379e+00,2.445792225429757938e+00
6.845000000000003304e-01,1.531040198154736132e+00,2.550057183163507268e+00
6.850000000000002753e-01,1.133164723993901335e+00,2.648642669487226264e+00
6.855000000000002203e-01,7.747323957728726729e-01,2.746601239443793308e+00
6.860000000000002762e-01,7.930162595328715813e-01,2.884807678725325175e+00
6.865000000000003322e-01,1.185704893040535390e+00,3.073070628850423702e+00
6.870000000000002771e-01,1.761810746849369114e+00,3.209222267956155061e+00
6.875000000000002220e-01,2.374419276154026814e+00,3.341190384038942973e+00
6.880000000000002780e-01,2.957080923290506203e+00,3.469526841077037460e+00
6.885000000000003340e-01,3.447311410911506613e+00,3.581895560243672172e+00
6.890000000000002789e-01,3.872784706209489336e+00,3.682287871131357804e+00
6.895000000000002238e-01,4.224330310993233972e+00,3.772371454893703735e+00
6.900000000000002798e-01,4.511160968824673212e+00,3.852082679427753842e+00
6.905000000000003357e-01,4.744013531163321140e+00,3.921382094298288656e+00
6.910000000000002807e-01,4.930130116858491007e+00,3.978052676482150218e+00
6.915000000000002256e-01,5.074093657453835782e+00,4.022469882908612959e+00
6.920000000000002816e-01,5.178768054684725897e+00,4.048614101435139112e+00
6.925000000000003375e-01,5.245901766036015879e+00,4.066365793266961681e+00
6.930000000000002824e-01,5.276477669117644709e+00,4.080429132527851444e+00
6.935000000000002274e-01,5.270892117718462444e+00,4.084783647052902644e+00
6.940000000000002833e-01,5.229025761738014033e+00,4.075560630099357873e+00
6.945000000000003393e-01,5.150239150724416959e+00,4.055716149089235500e+00
6.950000000000002842e-01,5.033278277537911016e+00,4.025007568808074865e+00
6.955000000000002292e-01,4.876033399697044857e+00,3.974783213371222423e+00
6.960000000000002851e-01,4.675076184699873849e+00,3.914194495384855088e+00
6.965000000000003411e-01,4.424891206813229338e+00,3.848175627359460726e+00
6.970000000000002860e-01,4.116810275258974805e+00,3.777079680711543208e+00
6.975000000000002309e-01,3.739183181132140987e+00,3.692840445975139829e+00
6.980000000000002869e-01,3.289650424029486153e+00,3.594217310238641883e+00
6.985000000000003428e-01,2.769278716531574425e+00,3.481377448541331354e+00
6.990000000000002878e-01,2.167181064476166430e+00,3.359868632317169812e+00
6.995000000000002327e-01,1.553116740375465099e+00,3.255413261870779174e+00
7.000000000000002887e-01,1.029063187989519346e+00,3.132671024012841254e+00
7.005000000000003446e-01,7.608633965608582184e-01,2.985222100501958131e+00
7.010000000000002895e-01,9.130872445474491617e-01,2.809506792408048792e+00
7.015000000000002345e-01,1.342763598575238859e+00,2.622688278342956369e+00
7.020000000000002904e-01,1.708507563205933888e+00,2.478336470255272594e+00
7.025000000000003464e-01,1.936615458974384918e+00,2.308501706333499381e+00
7.030000000000002913e-01,2.063512005272109651e+00,2.189370228631433157e+00
7.035000000000002363e-01,2.099636802449214468e+00,2.090034160828339260e+00
7.040000000000002922e-01,2.040303677723337650e+00,1.999103798317473091e+00
7.045000000000003482e-01,1.904677784428805198e+00,1.912216698849809049e+00
7.050000000000002931e-01,1.736292638768298868e+00,1.833946961996102187e+00
7.055000000000002380e-01,1.518060204840326888e+00,1.753994737566969109e+00
7.060000000000002940e-01,1.277337495005859580e+00,1.669719886795260511e+00
7.065000000000003499e-01,1.040036658836010597e+00,1.592139521557066839e+00
7.070000000000002949e-01,8.346902930060533521e-01,1.520604798297088944e+00
7.075000000000002398e-01,6.952662795337831714e-01,1.450519872601305993e+00
7.080000000000002958e-01,6.351248323461431422e-01,1.399404552339206464e+00
7.085000000000003517e-01,6.563155104854450084e-01,1.345368295253249968e+00
7.090000000000002967e-01,7.480890719718507054e-01,1.289893608969882033e+00
7.095000000000002416e-01,8.729331039017264038e-01,1.232902424357722904e+00
7.100000000000002975e-01,9.885289412529308928e-01,1.178780632881354151e+00
7.105000000000003535e-01,1.076528305577701294e+00,1.128695547546384237e+00
7.110000000000002984e-01,1.121429282812542505e+00,1.090829084845289287e+00
7.115000000000002434e-01,1.116335710098043110e+00,1.057948794678561955e+00
7.120000000000002993e-01,1.079564973552341822e+00,1.025122209000935092e+00
7.125000000000003553e-01,1.021944530451338817e+00,9.953097787877045466e-01
7.130000000000003002e-01,9.436112077479670290e-01,9.655964481376455577e-01
7.135000000000002451e-01,8.523214951085854585e-01,9.372457678212871013e-01
7.140000000000003011e-01,7.568834356687381693e-01,9.069729200018151749e-01
7.145000000000003570e-01,6.632932350791338472e-01,8.816334471079112500e-01
7.150000000000003020e-01,5.801189016650465380e-01,8.597056457848161193e-01
7.155000000000002469e-01,5.193919811270164555e-01,8.362347177707019075e-01
7.160000000000003029e-01,4.983644127573040317e-01,8.114914115857538857e-01
7.165000000000003588e-01,5.226911071895072869e-01,7.864604099314840280e-01
7.170000000000003038e-01,5.743318722721522107e-01,7.617951826751061528e-01
7.175000000000002487e-01,6.326740108963042619e-01,7.414636290222487158e-01
7.180000000000003046e-01,6.864176632338468975e-01,7.235286858795753062e-01
7.185000000000003606e-01,7.266500311238301979e-01,7.068429263772703086e-01
7.190000000000003055e-01,7.426049019193248224e-01,6.903826735048366192e-01
7.195000000000002505e-01,7.289903392987453490e-01,6.731865898814743954e-01
7.200000000000003064e-01,6.912283800844739590e-01,6.567385651820466519e-01
7.205000000000003624e-01,6.419658230710565405e-01,6.418249505215818385e-01
7.210000000000003073e-01,5.893498937292128703e-01,6.265655695045551088e-01
7.215000000000002522e-01,5.370703950393501680e-01,6.112257077403908667e-01
7.220000000000003082e-01,4.892671687394510860e-01,5.958236663669800315e-01
7.225000000000003642e-01,4.476408797263554673e-01,5.838816081291051674e-01
7.230000000000003091e-01,4.143853922963775527e-01,5.768856257602281712e-01
7.235000000000002540e-01,3.944863628849715753e-01,5.695190760954459419e-01
7.240000000000003100e-01,3.920463514012470507e-01,5.611510738421439104e-01
7.245000000000003659e-01,4.072837971758047071e-01,5.525444301247972589e-01
7.250000000000003109e-01,4.355677728722675002e-01,5.402441355712194193e-01
7.255000000000002558e-01,4.675647069074352902e-01,5.275010670521944611e-01
7.260000000000003118e-01,4.926651992578540140e-01,5.172730969022210079e-01
7.265000000000003677e-01,5.045419563841080368e-01,5.076138653022768121e-01
7.270000000000003126e-01,5.047390720247622031e-01,4.993214321880030115e-01
7.275000000000002576e-01,4.994580599219585193e-01,4.924072930631249179e-01
7.280000000000003135e-01,4.915527262788803031e-01,4.821960827869284927e-01
7.285000000000003695e-01,4.792605032227671980e-01,4.704549744631965069e-01
7.290000000000003144e-01,4.610830850155203109e-01,4.566963381180923487e-01
7.295000000000002593e-01,4.385405852095418666e-01,4.530300114200473405e-01
7.300000000000003153e-01,4.145087128162039392e-01,4.564246778519313041e-01
7.305000000000003713e-01,3.912505445897692113e-01,4.602498766913125650e-01
7.310000000000003162e-01,3.712427184668785074e-01,4.633517702770761915e-01
7.315000000000002611e-01,3.582423491602236831e-01,4.654478086977638651e-01
7.320000000000003171e-01,3.552011681922050412e-01,4.672680850820253307e-01
7.325000000000003730e-01,3.614470955658729556e-01,4.682657278151044489e-01
7.330000000000003180e-01,3.737388187507224013e-01,4.716750888158802724e-01
7.335000000000002629e-01,3.887831474693336786e-01,4.793901153433763329e-01
7.340000000000003189e-01,4.038397560674530373e-01,4.835384677414963361e-01
7.345000000000003748e-01,4.169471305153457097e-01,4.808612684908852297e-01
7.350000000000003197e-01,4.276467495892720683e-01,4.769155210929968969e-01
7.355000000000002647e-01,4.367764711572100778e-01,4.755935473786794820e-01
7.360000000000003206e-01,4.446478803971514182e-01,4.769657888367428988e-01
7.365000000000003766e-01,4.493732573490179516e-01,4.771304190170936321e-01
7.370000000000003215e-01,4.483130061622451201e-01,4.745425425465919500e-01
7.375000000000002665e-01,4.410312588589665461e-01,4.711717579521523258e-01
7.380000000000003224e-01,4.303210617717750930e-01,4.640101492855664977e-01
7.385000000000003784e-01,4.209534615887509656e-01,4.558786018604447099e-01
7.390000000000003233e-01,4.173278402397880837e-01,4.579394421559817019e-01
7.395000000000002682e-01,4.217159925356638861e-01,4.615507756762552982e-01
7.400000000000003242e-01,4.337126182119513951e-01,4.636063783398315374e-01
7.405000000000003801e-01,4.497901892134542057e-01,4.624310033884430071e-01
7.410000000000003251e-01,4.644996905530002218e-01,4.607952491014312146e-01
7.415000000000002700e-01,4.735416572557122339e-01,4.636467556054748584e-01
7.420000000000003260e-01,4.753678860910223181e-01,4.658724817486420977e-01
7.425000000000003819e-01,4.708472769553126436e-01,4.662418352236005203e-01
7.430000000000003268e-01,4.627191482432819747e-01,4.659923172324870744e-01
7.435000000000002718e-01,4.545821114924020745e-01,4.653471222945038122e-01
7.440000000000003277e-01,4.485588111527499811e-01,4.634772389226217149e-01
7.445000000000003837e-01,4.446949552192286381e-01,4.616967862151457602e-01
7.450000000000003286e-01,4.428753441550747350e-01,4.589753302712525351e-01
7.455000000000002736e-01,4.430595297941275490e-01,4.568976960791302777e-01
7.460000000000003295e-01,4.447287008812811915e-01,4.539425424967526435e-01
7.465000000000003855e-01,4.476893916968134879e-01,4.500741794778678750e-01
7.470000000000003304e-01,4.526644740662884026e-01,4.416804986282739653e-01
7.475000000000002753e-01,4.608416776213698496e-01,4.310345256466818209e-01
7.480000000000003313e-01,4.736911545938881640e-01,4.237220510577682231e-01
7.485000000000003872e-01,4.933616586723342801e-01,4.342662222781834558e-01
7.490000000000003322e-01,5.217360740614965797e-01,4.425061127926569471e-01
7.495000000000002771e-01,5.576983448052384995e-01,4.485680332293578987e-01
7.500000000000003331e-01,5.963827984906322488e-01,4.509454125156736604e-01
7.505000000000003890e-01,6.317134511328184043e-01,4.540942212941733169e-01
7.510000000000003340e-01,6.586026459103067054e-01,4.546479528588537322e-01
7.515000000000002789e-01,6.733891835702598971e-01,4.514307862563519680e-01
7.520000000000003348e-01,6.737383837101659223e-01,4.470566723192097025e-01
7.525000000000003908e-01,6.586412978904384596e-01,4.433551250824708800e-01
7.530000000000003357e-01,6.283757463050706482e-01,4.379405541447275452e-01
7.535000000000002807e-01,5.843089783099931767e-01,4.327788744655945985e-01
7.540000000000003366e-01,5.286999578856714788e-01,4.320031145977929476e-01
7.545000000000003926e-01,4.647589166414897721e-01,4.310142280052005614e-01
7.550000000000003375e-01,3.970840255274536434e-01,4.269807338272196828e-01
7.555000000000002824e-01,3.323777076543523168e-01,4.229188308705159605e-01
7.560000000000003384e-01,2.797977768040795232e-01,4.221266462273532416e-01
7.565000000000003944e-01,2.493147422121069767e-01,4.253240385372813459e-01
7.570000000000003393e-01,2.469897126502376139e-01,4.283204794127327131e-01
7.575000000000002842e-01,2.708495082729062697e-01,4.296219112823013164e-01
7.580000000000003402e-01,3.125171394215431886e-01,4.273565236836870396e-01
7.585000000000003961e-01,3.622342287773635539e-01,4.243608426746811046e-01
7.590000000000003411e-01,4.121496902145117547e-01,4.229196398373684107e-01
7.595000000000002860e-01,4.571403760273932693e-01,4.206831456319243268e-01
7.600000000000003419e-01,4.943418890374630115e-01,4.152815979189020679e-01
7.605000000000003979e-01,5.223314642943792663e-01,4.084817638717447852e-01
7.610000000000003428e-01,5.405310166405115080e-01,4.006055819660344075e-01
7.615000000000002878e-01,5.489214666136373877e-01,3.959110797460893005e-01
7.620000000000003437e-01,5.478817232664400239e-01,3.910430699780208519e-01
7.625000000000003997e-01,5.380489349090095130e-01,3.981580053859644641e-01
7.630000000000003446e-01,5.202911890081767243e-01,4.100618623801682294e-01
7.635000000000002895e-01,4.958396049369966363e-01,4.182334340482091184e-01
7.640000000000003455e-01,4.662971829088750075e-01,4.239574309049531919e-01
7.645000000000004015e-01,4.331862748570848853e-01,4.265270573003900334e-01
7.650000000000003464e-01,3.976166481777796413e-01,4.282621673496255776e-01
7.655000000000002913e-01,3.611932021509761670e-01,4.306086551227118475e-01
7.660000000000003473e-01,3.275413086125055773e-01,4.355252616869981219e-01
7.665000000000004032e-01,3.023705468359396686e-01,4.417227638937537004e-01
7.670000000000003482e-01,2.912919109174546550e-01,4.488030417758656077e-01
7.675000000000002931e-01,2.976227415511211172e-01,4.553199724151342775e-01
7.680000000000003491e-01,3.226490036372605674e-01,4.605199294057727433e-01
7.685000000000004050e-01,3.662973271187048296e-01,4.679249531136989160e-01
7.690000000000003499e-01,4.263924635881026215e-01,4.738314640301712899e-01
7.695000000000002949e-01,4.986246877519920906e-01,4.743070784054852496e-01
7.700000000000003508e-01,5.773429002270753507e-01,4.734004642768571136e-01
7.705000000000004068e-01,6.561007702615500037e-01,4.711325971190282180e-01
7.710000000000003517e-01,7.284718655280997268e-01,4.699544082046408500e-01
7.715000000000002967e-01,7.890278985909816578e-01,4.685023533402110085e-01
7.720000000000003526e-01,8.337976933462447615e-01,4.666498295363359361e-01
7.725000000000004086e-01,8.601752536507950575e-01,4.645761623325646572e-01
7.730000000000003535e-01,8.666317304454809189e-01,4.600777868237490575e-01
7.735000000000002984e-01,8.525205919352515371e-01,4.550281734767546160e-01
7.740000000000003544e-01,8.180816600058899990e-01,4.454154638224446794e-01
7.745000000000004103e-01,7.645949420299931187e-01,4.322043007972433126e-01
7.750000000000003553e-01,6.945671523393283087e-01,4.184031543063686520e-01
7.755000000000003002e-01,6.118147384198485694e-01,4.068892986612644980e-01
7.760000000000003562e-01,5.213306758612250569e-01,3.952783417455350556e-01
7.765000000000004121e-01,4.291214674808634943e-01,3.794740300354025875e-01
7.770000000000003570e-01,3.425269044781422134e-01,3.662193946754328522e-01
7.775000000000003020e-01,2.705861155668655149e-01,3.608043049626105114e-01
7.780000000000003579e-01,2.223626101752655404e-01,3.571190359903077538e-01
7.785000000000004139e-01,2.025057753134688610e-01,3.646883922389242416e-01
7.790000000000003588e-01,2.086290452484106939e-01,3.728433578755800948e-01
7.795000000000003038e-01,2.338698156526421434e-01,3.791914161480637313e-01
7.800000000000003597e-01,2.702144316737352114e-01,3.865224000878244581e-01
7.805000000000004157e-01,3.099686062750339755e-01,3.942528856241802049e-01
7.810000000000003606e-01,3.467570088632688230e-01,4.020826505130046802e-01
7.815000000000003055e-01,3.766408144423111226e-01,4.164485010176616209e-01
7.820000000000003615e-01,3.989055826041204011e-01,4.342981784027568071e-01
7.825000000000004174e-01,4.168326848676714436e-01,4.537799814690178790e-01
7.830000000000003624e-01,4.387779211796523637e-01,4.772006682984428205e-01
7.835000000000003073e-01,4.769604377866246692e-01,5.032591926566487572e-01
7.840000000000003633e-01,5.393111583664400577e-01,5.324280672991397179e-01
7.845000000000004192e-01,6.218646094068357444e-01,5.598501611808738287e-01
7.850000000000003642e-01,7.139583366615898097e-01,5.848833718191189801e-01
7.855000000000003091e-01,8.058640112182198223e-01,6.064018183797070805e-01
7.860000000000003650e-01,8.906049252433485552e-01,6.177990536369843966e-01
7.865000000000004210e-01,9.633155401579929222e-01,6.243900203765813117e-01
7.870000000000003659e-01,1.020624344903465097e+00,6.299062385297027333e-01
7.875000000000003109e-01,1.060342682663259817e+00,6.311725732408062228e-01
7.880000000000003668e-01,1.081220246396869644e+00,6.321772851173899088e-01
7.885000000000004228e-01,1.082722226341596983e+00,6.345333768728196322e-01
7.890000000000003677e-01,1.064912130879752450e+00,6.368666658284014570e-01
7.895000000000003126e-01,1.028446632040777908e+00,6.374735816897083573e-01
7.900000000000003686e-01,9.746181256081456468e-01,6.280437570396891767e-01
7.905000000000004245e-01,9.054035119242671570e-01,6.165097780811849004e-01
7.910000000000003695e-01,8.235441151299476292e-01,6.098320512958725903e-01
7.915000000000003144e-01,7.327157321442808735e-01,5.998691844600493317e-01
7.920000000000003704e-01,6.377577447910034447e-01,5.862215077450849687e-01
7.925000000000004263e-01,5.445862683718376562e-01,5.698433834489959882e-01
7.930000000000003713e-01,4.591379489689730309e-01,5.615301791080586913e-01
7.935000000000003162e-01,3.858506594837491921e-01,5.550172771632585489e-01
7.940000000000003721e-01,3.277466749289816295e-01,5.475769538664305713e-01
7.945000000000004281e-01,2.877613899846098167e-01,5.427109729610475330e-01
7.950000000000003730e-01,2.680617656587827580e-01,5.364659454040999753e-01
7.955000000000003180e-01,2.676195326742347169e-01,5.265445158422095151e-01
7.960000000000003739e-01,2.818980858447608373e-01,5.155428075918526698e-01
7.965000000000004299e-01,3.049157253818147173e-01,5.031117295459692773e-01
7.970000000000003748e-01,3.310610475388963136e-01,4.925023253957244163e-01
7.975000000000003197e-01,3.557509394853640705e-01,4.851399799046711148e-01
7.980000000000003757e-01,3.754109548834010379e-01,4.846434750895250998e-01
7.985000000000004317e-01,3.873095510585504719e-01,4.812554304529227944e-01
7.990000000000003766e-01,3.894974271359153417e-01,4.764423631645070545e-01
7.995000000000003215e-01,3.809029355489845226e-01,4.774537250165982738e-01
8.000000000000003775e-01,3.616067469686069513e-01,4.801773816906725334e-01
8.005000000000004334e-01,3.332854370497480012e-01,4.828889322914330928e-01
8.010000000000003784e-01,2.995507662205462163e-01,4.899094740531350078e-01
8.015000000000003233e-01,2.655635322465072501e-01,4.969444671986851247e-01
8.020000000000003793e-01,2.366112962398961295e-01,5.054185084905409298e-01
8.025000000000004352e-01,2.167536546055168212e-01,5.230972859485500948e-01
8.030000000000003801e-01,2.088140132184657938e-01,5.397754746353680133e-01
8.035000000000003251e-01,2.148542179888655590e-01,5.573361195858315131e-01
8.040000000000003810e-01,2.365525093498824505e-01,5.842894046745393810e-01
8.045000000000004370e-01,2.760243230958779326e-01,6.162969034257280709e-01
8.050000000000003819e-01,3.361907932488888973e-01,6.521270262830449749e-01
8.055000000000003268e-01,4.202171595692988926e-01,6.850599771721551656e-01
8.060000000000003828e-01,5.305112196938281954e-01,7.158475030281110651e-01
8.065000000000004388e-01,6.656627433385636783e-01,7.445378446003350081e-01
8.070000000000003837e-01,8.164731099012237925e-01,7.722117302270193884e-01
8.075000000000003286e-01,9.688012325551330628e-01,7.968187523275479522e-01
8.080000000000003846e-01,1.110740524653268890e+00,8.178525794650013392e-01
8.085000000000004405e-01,1.235054599883201876e+00,8.309164079381172741e-01
8.090000000000003855e-01,1.337943047621491965e+00,8.396106845303824562e-01
8.095000000000003304e-01,1.417565337024017991e+00,8.503829488836374129e-01
8.100000000000003864e-01,1.473132102887299677e+00,8.591467451835267388e-01
8.105000000000004423e-01,1.504403172441038938e+00,8.624518688502746944e-01
8.110000000000003872e-01,1.511399876640007189e+00,8.564863381727547686e-01
8.115000000000003322e-01,1.494232559399277793e+00,8.436778560874433897e-01
8.120000000000003881e-01,1.453026441400096846e+00,8.295900289129616301e-01
8.125000000000004441e-01,1.387977023660001974e+00,8.137632946819165491e-01
8.130000000000003890e-01,1.299558974070174511e+00,7.967280926488948811e-01
8.135000000000003340e-01,1.188884457893446100e+00,7.762593582217077737e-01
8.140000000000003899e-01,1.058223846490455866e+00,7.519443841347601687e-01
8.145000000000004459e-01,9.117702256637034708e-01,7.243112719423796531e-01
8.150000000000003908e-01,7.566989216755077852e-01,6.922495511811227464e-01
8.155000000000003357e-01,6.039668304059204740e-01,6.574237500373251164e-01
8.160000000000003917e-01,4.669829983056469347e-01,6.264204074947752332e-01
8.165000000000004476e-01,3.574798140403646629e-01,5.955570728701078398e-01
8.170000000000003926e-01,2.821771421213676301e-01,5.617279065306657326e-01
8.175000000000003375e-01,2.415981107192583521e-01,5.245359430270737366e-01
8.180000000000003935e-01,2.302454468934506393e-01,4.918097338876662450e-01
8.185000000000004494e-01,2.388653599480992096e-01,4.739255633500158993e-01
8.190000000000003944e-01,2.574722409639246812e-01,4.674714310555455610e-01
8.195000000000003393e-01,2.776023047105866115e-01,4.597084612135629023e-01
8.200000000000003952e-01,2.935631611934654828e-01,4.506986369583786400e-01
8.205000000000004512e-01,3.027196269079741042e-01,4.395456717100255650e-01
8.210000000000003961e-01,3.050675247489619268e-01,4.235767704621259955e-01
8.215000000000003411e-01,3.025262781076241136e-01,4.155020587766596885e-01
8.220000000000003970e-01,2.983055469499563683e-01,4.135964255392480249e-01
8.225000000000004530e-01,2.964795097140818236e-01,4.190172872242955426e-01
8.230000000000003979e-01,3.015457629243058491e-01,4.239715018048124118e-01
8.235000000000003428e-01,3.174654838042962890e-01,4.325265485974353896e-01
8.240000000000003988e-01,3.461086273719405915e-01,4.423961617127792900e-01
8.245000000000004547e-01,3.860570710099019975e-01,4.536560195399984563e-01
8.250000000000003997e-01,4.327737175582029860e-01,4.633126480396904112e-01
8.255000000000003446e-01,4.801209666976345436e-01,4.692297585121873449e-01
8.260000000000004006e-01,5.223081069768240603e-01,4.732153311651599026e-01
8.265000000000004565e-01,5.551622493775416611e-01,4.723963554242113783e-01
8.270000000000004015e-01,5.764199739483510943e-01,4.700673537720908568e-01
8.275000000000003464e-01,5.854396375380094275e-01,4.708700858344337381e-01
8.280000000000004023e-01,5.827168848279684621e-01,4.708135198179711489e-01
8.285000000000004583e-01,5.693576781471280102e-01,4.704407689254046510e-01
8.290000000000004032e-01,5.466635002784290265e-01,4.693172257314233708e-01
8.295000000000003482e-01,5.160977043706177492e-01,4.658334876784319123e-01
8.300000000000004041e-01,4.796739547243233370e-01,4.603977485071896747e-01
8.305000000000004601e-01,4.403184042723006786e-01,4.529416319891903520e-01
8.310000000000004050e-01,4.017498268042404841e-01,4.454498478260467964e-01
8.315000000000003499e-01,3.680147961685586444e-01,4.361808502195222426e-01
8.320000000000004059e-01,3.431238705564069180e-01,4.263424064811562886e-01
8.325000000000004619e-01,3.305290351436571683e-01,4.190252754604720797e-01
8.330000000000004068e-01,3.315555671844641061e-01,4.187754391849295432e-01
8.335000000000003517e-01,3.438416761571320701e-01,4.215450109806511136e-01
8.340000000000004077e-01,3.622770679873331123e-01,4.281807476847266924e-01
8.345000000000004636e-01,3.818051537415527164e-01,4.434426943453869119e-01
8.350000000000004086e-01,3.997211151816197905e-01,4.598059300696680785e-01
8.355000000000003535e-01,4.160708087930117816e-01,4.760794961111794454e-01
8.360000000000004095e-01,4.309587211394374506e-01,4.920439057018842210e-01
8.365000000000004654e-01,4.410171654778111128e-01,5.106773783150799773e-01
8.370000000000004103e-01,4.407214520180966488e-01,5.305185030224581766e-01
8.375000000000003553e-01,4.263907793078207109e-01,5.524342483910834600e-01
8.380000000000004112e-01,3.976875570733391374e-01,5.860653155245649781e-01
8.385000000000004672e-01,3.570070612861441228e-01,6.276848803960131118e-01
8.390000000000004121e-01,3.090778569071476745e-01,6.847889448172055360e-01
8.395000000000003570e-01,2.619280215141442936e-01,7.424088851755140661e-01
8.400000000000004130e-01,2.287799265020690476e-01,8.080529890946357430e-01
8.405000000000004690e-01,2.295042462171702213e-01,8.655865964676637825e-01
8.410000000000004139e-01,2.873212262157961439e-01,9.166493848341417117e-01
8.415000000000003588e-01,4.166874968426786952e-01,9.660435190833622787e-01
8.420000000000004148e-01,6.120730588629966773e-01,1.015458341594174252e+00
8.425000000000004707e-01,8.492104497597745549e-01,1.072711021519029861e+00
8.430000000000004157e-01,1.098841541015461498e+00,1.126574547945604188e+00
8.435000000000003606e-01,1.336702223806293333e+00,1.176427067451076391e+00
8.440000000000004166e-01,1.548121421373299444e+00,1.220188227503716805e+00
8.445000000000004725e-01,1.727342304480026680e+00,1.253943663694333299e+00
8.450000000000004174e-01,1.873280709553686307e+00,1.279864044216179053e+00
8.455000000000003624e-01,1.986563106958215696e+00,1.294369978133270704e+00
8.460000000000004183e-01,2.068199547766248703e+00,1.298152717103082443e+00
8.465000000000004743e-01,2.119075432528694680e+00,1.287673383839037289e+00
8.470000000000004192e-01,2.139797085878010208e+00,1.273020174499035484e+00
8.475000000000003642e-01,2.130684820215687392e+00,1.254210191334272917e+00
8.480000000000004201e-01,2.091813968462394424e+00,1.227519621470515077e+00
8.485000000000004761e-01,2.023058302669953790e+00,1.197824976306783640e+00
8.490000000000004210e-01,1.924130755132524628e+00,1.160855843759404982e+00
8.495000000000003659e-01,1.794658231180762398e+00,1.116595017288587233e+00
8.500000000000004219e-01,1.634389249238575870e+00,1.068131378515664753e+00
8.505000000000004778e-01,1.443744421703996528e+00,1.019628500336821952e+00
8.510000000000004228e-01,1.225127154629593651e+00,9.671576865460338457e-01
8.515000000000003677e-01,9.856814677485263854e-01,9.118064115596759001e-01
8.520000000000004237e-01,7.416021690417056167e-01,8.522295013012053388e-01
8.525000000000004796e-01,5.197776125443074324e-01,7.916685447986739899e-01
8.530000000000004245e-01,3.488342271403258588e-01,7.354832593258335827e-01
8.535000000000003695e-01,2.451794736955078269e-01,6.815349941441092296e-01
8.540000000000004254e-01,2.078334608114619786e-01,6.542032507195785218e-01
8.545000000000004814e-01,2.214060493461243451e-01,6.252851859158489178e-01
8.550000000000004263e-01,2.626723143475927502e-01,5.938173535860886698e-01
8.555000000000003713e-01,3.095914982622526290e-01,5.662909422936037718e-01
8.560000000000004272e-01,3.476893190278166346e-01,5.440709873107500982e-01
8.565000000000004832e-01,3.707446632501897876e-01,5.273951888394632359e-01
8.570000000000004281e-01,3.784130091514773531e-01,5.100699218275434044e-01
8.575000000000003730e-01,3.735916915178332243e-01,4.919028908049785653e-01
8.580000000000004290e-01,3.604156863125538290e-01,4.779423289164633215e-01
8.585000000000004849e-01,3.428374426818530663e-01,4.633807773552710008e-01
8.590000000000004299e-01,3.239085864901497525e-01,4.479244714221103929e-01
8.595000000000003748e-01,3.060172839514344600e-01,4.322581597382650354e-01
8.600000000000004308e-01,2.913956122769064683e-01,4.157549229802256496e-01
8.605000000000004867e-01,2.820585106946507103e-01,4.006203579883496069e-01
8.610000000000004317e-01,2.794673757971408157e-01,3.934262104298175133e-01
8.615000000000003766e-01,2.845157086324972551e-01,3.905465401667321812e-01
8.620000000000004325e-01,2.976058812918683794e-01,3.879825375870458726e-01
8.625000000000004885e-01,3.184696940300026924e-01,3.848677804020738114e-01
8.630000000000004334e-01,3.460659373512671722e-01,3.820032413911768621e-01
8.635000000000003784e-01,3.786382791875419485e-01,3.765571565228668094e-01
8.640000000000004343e-01,4.133306581084343345e-01,3.700200734244122880e-01
8.645000000000004903e-01,4.458943654191173112e-01,3.629791410008137986e-01
8.650000000000004352e-01,4.717919483831403693e-01,3.549057832991475148e-01
8.655000000000003801e-01,4.876335049571493552e-01,3.484550840841400543e-01
8.660000000000004361e-01,4.915337265478808559e-01,3.476144100647419188e-01
8.665000000000004921e-01,4.829276856998501732e-01,3.531102388431396899e-01
8.670000000000004370e-01,4.626557273200102571e-01,3.665861881884988072e-01
8.675000000000003819e-01,4.333784162200254864e-01,3.854872445972717387e-01
8.680000000000004379e-01,3.998114243949726920e-01,4.075928362965354768e-01
8.685000000000004938e-01,3.680452556078118720e-01,4.356405422383159420e-01
8.690000000000004388e-01,3.442809447576363757e-01,4.746027916251143175e-01
8.695000000000003837e-01,3.345521014907752999e-01,5.124000500627522436e-01
8.700000000000004396e-01,3.449909805300049315e-01,5.469579731786834431e-01
8.705000000000004956e-01,3.806008694381747270e-01,5.790925221649402266e-01
8.710000000000004405e-01,4.420296253293464761e-01,6.127418448740796775e-01
8.715000000000003855e-01,5.232992794492220545e-01,6.470399318012958201e-01
8.720000000000004414e-01,6.142060584657048627e-01,6.795678232844883926e-01
8.725000000000004974e-01,7.046427281802221110e-01,7.100215330389979540e-01
8.730000000000004423e-01,7.869048779542409111e-01,7.374675564666064442e-01
8.735000000000003872e-01,8.559866944713292458e-01,7.602232529125940719e-01
8.740000000000004432e-01,9.089993605397793663e-01,7.682183973728099469e-01
8.745000000000004992e-01,9.444037548031610774e-01,7.721370479759107619e-01
8.750000000000004441e-01,9.613783538700438891e-01,7.705229637142847476e-01
8.755000000000003890e-01,9.594643870552254095e-01,7.620827023546635770e-01
8.760000000000004450e-01,9.385133924607812483e-01,7.490761822151921212e-01
8.765000000000005009e-01,8.988495015400758126e-01,7.276401210294179966e-01
8.770000000000004459e-01,8.415109105475920837e-01,6.988096933476271033e-01
8.775000000000003908e-01,7.684790920123907298e-01,6.669901264129325380e-01
8.780000000000004468e-01,6.828868624418283906e-01,6.331397628231087982e-01
8.785000000000005027e-01,5.892411652775294550e-01,5.963107605199052808e-01
8.790000000000004476e-01,4.936296904325826462e-01,5.580275184095727647e-01
8.795000000000003926e-01,4.036184746564502879e-01,5.173432001049325102e-01
8.800000000000004485e-01,3.270600865366160570e-01,4.781664070288426660e-01
8.805000000000005045e-01,2.697123185206912188e-01,4.388918324135303028e-01
8.810000000000004494e-01,2.343038620718485565e-01,4.048113981968004538e-01
8.815000000000003944e-01,2.217474477784910913e-01,3.883915387983425949e-01
8.820000000000004503e-01,2.308172008007772225e-01,3.787275116538367792e-01
8.825000000000005063e-01,2.567602942509536468e-01,3.725267352531069776e-01
8.830000000000004512e-01,2.922558123792175500e-01,3.652551155921384129e-01
8.835000000000003961e-01,3.303502864959575458e-01,3.582274359410194675e-01
8.840000000000004521e-01,3.666148238068535070e-01,3.619240845303762777e-01
8.845000000000005080e-01,3.994256899675378558e-01,3.691233132976060038e-01
8.850000000000004530e-01,4.290842854332715395e-01,3.731723772244093240e-01
8.855000000000003979e-01,4.567723881548969578e-01,3.816830704688941589e-01
8.860000000000004539e-01,4.840508821981298615e-01,3.913155571546230727e-01
8.865000000000005098e-01,5.126144000809668144e-01,4.000852246553279201e-01
8.870000000000004547e-01,5.428242698606660088e-01,4.077482129178141013e-01
8.875000000000003997e-01,5.721178235215127472e-01,4.145272930143341084e-01
8.880000000000004556e-01,5.964507058601540290e-01,4.219426228529874479e-01
8.885000000000005116e-01,6.124702262793275676e-01,4.248122747507028230e-01
8.890000000000004565e-01,6.179099247717626531e-01,4.232909005729470486e-01
8.895000000000004015e-01,6.115093688537580618e-01,4.224305609291695296e-01
8.900000000000004574e-01,5.932677310065750387e-01,4.210061604250497913e-01
8.905000000000005134e-01,5.646361170289424525e-01,4.197077180287056564e-01
8.910000000000004583e-01,5.283174182906275052e-01,4.174872798275791608e-01
8.915000000000004032e-01,4.876224785157541319e-01,4.125158461123817344e-01
8.920000000000004592e-01,4.455538722168169707e-01,4.050908112974344055e-01
8.925000000000005151e-01,4.043249615351314219e-01,4.000724170316861117e-01
8.930000000000004601e-01,3.658955465297848986e-01,3.927249955255459613e-01
8.935000000000004050e-01,3.329990508876351507e-01,3.844763501990325349e-01
8.940000000000004610e-01,3.093357389163906013e-01,3.752903811059259409e-01
8.945000000000005169e-01,2.972989713750569529e-01,3.654763636243231195e-01
8.950000000000004619e-01,2.955976703659842220e-01,3.583354815875511301e-01
8.955000000000004068e-01,3.009269336070252154e-01,3.537752115512586282e-01
8.960000000000004627e-01,3.099450925485299213e-01,3.551084824239278959e-01
8.965000000000005187e-01,3.194929328623288267e-01,3.609485962116478763e-01
8.970000000000004636e-01,3.270722491951908451e-01,3.741690033292844886e-01
8.975000000000004086e-01,3.314614700840275985e-01,3.884650011805451109e-01
8.980000000000004645e-01,3.324160635208418535e-01,4.071872653038049461e-01
8.985000000000005205e-01,3.299356957822043857e-01,4.294650473713712557e-01
8.990000000000004654e-01,3.245220171088399885e-01,4.483906244946512243e-01
8.995000000000004103e-01,3.172338603819402358e-01,4.708010200420622016e-01
9.000000000000004663e-01,3.086757444243894422e-01,4.926615955668001701e-01
9.005000000000004112e-01,2.999538393084685284e-01,5.151588914124987095e-01
9.010000000000004672e-01,2.947302895077163476e-01,5.362343683622486923e-01
9.015000000000005231e-01,2.988983563926357334e-01,5.550996581497154025e-01
9.020000000000004681e-01,3.179746458975347689e-01,5.733816351704168479e-01
9.025000000000004130e-01,3.543068576677484982e-01,5.900613743565441549e-01
9.030000000000004690e-01,4.056927389358453984e-01,6.066145072037936181e-01
9.035000000000005249e-01,4.663008531317754946e-01,6.305722225685352900e-01
9.040000000000004698e-01,5.289589893066055648e-01,6.630262019244979044e-01
9.045000000000004148e-01,5.867890700530373760e-01,6.954879029386022982e-01
9.050000000000004707e-01,6.345883868463920718e-01,7.254326503386012703e-01
9.055000000000005267e-01,6.662590117749565000e-01,7.608653141911070339e-01
9.060000000000004716e-01,6.715638918209565489e-01,8.108048907937437377e-01
9.065000000000004166e-01,6.428153278435861928e-01,8.596648008271092767e-01
9.070000000000004725e-01,5.802159396049564322e-01,9.342079544279171532e-01
9.075000000000005285e-01,4.898083703995493865e-01,1.019530574491383845e+00
9.080000000000004734e-01,3.835121321521161586e-01,1.102027551795443205e+00
9.085000000000004183e-01,2.872389694568917573e-01,1.182929377281801697e+00
9.090000000000004743e-01,2.434435258980728878e-01,1.258305137553603625e+00
9.095000000000005302e-01,2.946339225592112809e-01,1.324990185924477037e+00
9.100000000000004752e-01,4.608990307638368700e-01,1.390412538124153219e+00
9.105000000000004201e-01,7.301919211672143195e-01,1.469937149495080142e+00
9.110000000000004761e-01,1.066056719935321251e+00,1.565099145164863925e+00
9.115000000000005320e-01,1.422411113194549159e+00,1.645915445058107052e+00
9.120000000000004770e-01,1.765742131075117571e+00,1.716715264653585482e+00
9.125000000000004219e-01,2.072319432370974379e+00,1.779036754542528298e+00
9.130000000000004778e-01,2.332719601668848952e+00,1.836241910866123206e+00
9.135000000000005338e-01,2.548126995708213549e+00,1.884707569699677121e+00
9.140000000000004787e-01,2.722118215077839132e+00,1.924069341018872281e+00
9.145000000000004237e-01,2.857941931212670372e+00,1.950085720414848733e+00
9.150000000000004796e-01,2.958066701158508227e+00,1.959208622623831442e+00
9.155000000000005356e-01,3.024254689351634440e+00,1.965800435115052425e+00
9.160000000000004805e-01,3.057689807558953365e+00,1.962609805634784266e+00
9.165000000000004254e-01,3.059044524733076198e+00,1.953510433007406677e+00
9.170000000000004814e-01,3.028472752465996898e+00,1.940915435536864964e+00
9.175000000000005373e-01,2.965550513694688473e+00,1.918958240405363114e+00
9.180000000000004823e-01,2.869197293702305807e+00,1.884978758007125332e+00
9.185000000000004272e-01,2.737609240302711466e+00,1.838187065511068585e+00
9.190000000000004832e-01,2.568230058695006868e+00,1.790197020616319579e+00
9.195000000000005391e-01,2.357828962207952461e+00,1.740015767726628138e+00
9.200000000000004841e-01,2.103040241606526362e+00,1.683416539704062576e+00
9.205000000000004290e-01,1.802910197772804368e+00,1.618119352880099227e+00
9.210000000000004849e-01,1.467324766464340069e+00,1.544619387499413632e+00
9.215000000000005409e-01,1.123449714324685100e+00,1.464796232677355370e+00
9.220000000000004858e-01,7.973685263373899712e-01,1.386647987870651022e+00
9.225000000000004308e-01,5.159127663917117967e-01,1.325748604943226550e+00
9.230000000000004867e-01,3.194923426884906936e-01,1.267668111666945485e+00
9.235000000000005427e-01,2.384785426922264584e-01,1.199216458264280583e+00
9.240000000000004876e-01,2.590684193526063828e-01,1.129982230102937635e+00
9.245000000000004325e-01,3.367102376101351879e-01,1.069494812208775070e+00
9.250000000000004885e-01,4.292307844310948584e-01,1.010769246372013264e+00
9.255000000000005445e-01,5.106839957761183380e-01,9.470352882831486463e-01
9.260000000000004894e-01,5.685793894590798203e-01,8.853924248046741718e-01
9.265000000000004343e-01,5.971975531568595175e-01,8.426137449360731058e-01
9.270000000000004903e-01,5.948094612423542316e-01,7.910581242454639561e-01
9.275000000000005462e-01,5.628191913331754836e-01,7.311754532180025912e-01
9.280000000000004912e-01,5.047389577031259345e-01,6.798801221396884031e-01
9.285000000000004361e-01,4.264912406474939965e-01,6.286231974768338171e-01
9.290000000000004921e-01,3.375227939813559841e-01,5.749722924807454394e-01
9.295000000000005480e-01,2.510084789290602525e-01,5.372269703366640003e-01
9.300000000000004929e-01,1.822982151786677329e-01,5.101044588939864788e-01
9.305000000000004379e-01,1.451036515390771164e-01,4.853953699111402953e-01
9.310000000000004938e-01,1.461560760322396513e-01,4.589936464246262560e-01
9.315000000000005498e-01,1.821326787920055090e-01,4.384205668267927569e-01
9.320000000000004947e-01,2.418439201953552220e-01,4.309081443966825131e-01
9.325000000000004396e-01,3.114457949812389770e-01,4.246294259824746620e-01
9.330000000000004956e-01,3.790936106455002341e-01,4.222066478031395453e-01
9.335000000000005516e-01,4.370210635590898174e-01,4.207300291997221331e-01
9.340000000000004965e-01,4.813010613666235393e-01,4.169423131460104903e-01
9.345000000000004414e-01,5.106960160279869765e-01,4.123887016683459583e-01
9.350000000000004974e-01,5.254793808888001960e-01,4.110765467843314758e-01
9.355000000000005533e-01,5.265901200186779985e-01,4.094202891310602110e-01
9.360000000000004983e-01,5.153108888924863296e-01,4.109821376129832449e-01
9.365000000000004432e-01,4.934175584935955317e-01,4.178685724633395826e-01
9.370000000000004992e-01,4.635085680845018041e-01,4.285156428193134803e-01
9.375000000000005551e-01,4.292696716238119659e-01,4.403538195344377515e-01
9.380000000000005000e-01,3.955956554285720017e-01,4.511398451880676563e-01
9.385000000000004450e-01,3.682960874843902999e-01,4.605477024112200057e-01
9.390000000000005009e-01,3.527824327362696355e-01,4.708685616310107624e-01
9.395000000000005569e-01,3.519562106933992740e-01,4.813334188037780015e-01
9.400000000000005018e-01,3.650574263600925851e-01,4.915120522993771668e-01
9.405000000000004468e-01,3.883319629805180861e-01,4.990723505890283240e-01
9.410000000000005027e-01,4.164534319459157752e-01,5.050184261685144449e-01
9.415000000000005587e-01,4.441258438323981150e-01,5.077149980078803360e-01
9.420000000000005036e-01,4.675671539173372748e-01,5.077743192789864191e-01
9.425000000000004485e-01,4.850044119777258134e-01,5.052373279830889574e-01
9.430000000000005045e-01,4.960383770677944670e-01,5.030629778308211009e-01
9.435000000000005604e-01,5.007650298634407360e-01,4.992525941894607189e-01
9.440000000000005054e-01,4.993482680284640485e-01,4.968587421064709631e-01
9.445000000000004503e-01,4.919091459025735635e-01,4.926833250834047329e-01
9.450000000000005063e-01,4.784184474143568511e-01,4.882471640088771325e-01
9.455000000000005622e-01,4.586261947389515536e-01,4.877574935715135451e-01
9.460000000000005071e-01,4.322822106229057271e-01,4.827578710762548408e-01
9.465000000000004521e-01,3.998255703681750095e-01,4.746272165458125802e-01
9.470000000000005080e-01,3.633651863192989273e-01,4.650471861931387285e-01
9.475000000000005640e-01,3.274028312714322708e-01,4.557343542587529717e-01
9.480000000000005089e-01,2.985843192615015851e-01,4.599347122365060048e-01
9.485000000000004539e-01,2.838527915322595629e-01,4.633526584634387602e-01
9.490000000000005098e-01,2.874692594712343063e-01,4.653274155554404379e-01
9.495000000000005658e-01,3.096538730975166298e-01,4.669898559567878249e-01
9.500000000000005107e-01,3.484228432913554774e-01,4.705647792526612139e-01
9.505000000000004556e-01,4.018266771772276980e-01,4.836114725520042623e-01
9.510000000000005116e-01,4.682950108322084803e-01,4.989112530180820348e-01
9.515000000000005675e-01,5.454501004634285666e-01,5.230362065754030620e-01
9.520000000000005125e-01,6.288925860485745645e-01,5.471674270094990522e-01
9.525000000000004574e-01,7.124827418275123669e-01,5.712345225381711966e-01
9.530000000000005134e-01,7.899433363334507074e-01,5.885975522957505035e-01
9.535000000000005693e-01,8.562265111628131198e-01,6.012427275009036842e-01
9.540000000000005143e-01,9.078958221500645909e-01,6.121451212951278809e-01
9.545000000000004592e-01,9.428811705141043609e-01,6.216060908955474140e-01
9.550000000000005151e-01,9.600937638959756715e-01,6.273164322791903169e-01
9.555000000000005711e-01,9.591283318940835301e-01,6.212105948339521344e-01
9.560000000000005160e-01,9.400990925424093092e-01,6.120783466984016652e-01
9.565000000000004610e-01,9.035953522785977743e-01,6.013631535412573559e-01
9.570000000000005169e-01,8.507474134019308298e-01,5.890631819913196843e-01
9.575000000000005729e-01,7.834186410511375653e-01,5.723044355730991795e-01
9.580000000000005178e-01,7.045656573893619434e-01,5.549038505152068534e-01
9.585000000000004627e-01,6.187884800935677942e-01,5.339661689582837489e-01
9.590000000000005187e-01,5.328071853879001729e-01,5.064449407792749325e-01
9.595000000000005747e-01,4.549050977823340669e-01,4.735963726839479970e-01
9.600000000000005196e-01,3.925994138651255350e-01,4.534086366364025733e-01
9.605000000000004645e-01,3.503027064886148900e-01,4.429472271842130882e-01
9.610000000000005205e-01,3.289530949812532468e-01,4.341393937022567928e-01
9.615000000000005764e-01,3.265621838229298413e-01,4.289591882818511448e-01
9.620000000000005214e-01,3.387316572196651387e-01,4.224319433696901993e-01
9.625000000000004663e-01,3.595575807405866908e-01,4.157446737154345540e-01
9.630000000000005222e-01,3.829521494196195253e-01,4.096657474478133665e-01
9.635000000000005782e-01,4.037306865868860450e-01,4.059977767389353898e-01
9.640000000000005231e-01,4.181426707160188494e-01,4.037851846288764146e-01
9.645000000000004681e-01,4.239386130383031026e-01,3.997362539658264602e-01
9.650000000000005240e-01,4.201105642259038153e-01,3.970471836795053111e-01
9.655000000000005800e-01,4.066548356287952859e-01,4.056906848765451379e-01
9.660000000000005249e-01,3.847784696079433187e-01,4.171635203414309490e-01
9.665000000000004698e-01,3.574100215968329941e-01,4.278644813967919514e-01
9.670000000000005258e-01,3.292633646670369285e-01,4.395255681508431489e-01
9.675000000000005818e-01,3.058049616325748121e-01,4.525604866893281342e-01
9.680000000000005267e-01,2.913033432299427239e-01,4.687306977345332415e-01
9.685000000000004716e-01,2.870780798328105843e-01,4.894809538650970460e-01
9.690000000000005276e-01,2.913428133692858024e-01,5.097694695388303998e-01
9.695000000000005835e-01,3.009473022339127501e-01,5.295562550977468419e-01
9.700000000000005285e-01,3.134050255759972536e-01,5.471913364351423947e-01
9.705000000000004734e-01,3.271132530293893170e-01,5.640522503476836924e-01
9.710000000000005294e-01,3.395262288932959782e-01,5.759454942792452403e-01
9.715000000000005853e-01,3.461534099537576514e-01,5.939292489274728970e-01
9.720000000000005302e-01,3.425474604005849244e-01,6.135964236337495548e-01
9.725000000000004752e-01,3.270230525207146743e-01,6.301436164146073660e-01
9.730000000000005311e-01,3.021482294970702087e-01,6.540787225611258693e-01
9.735000000000005871e-01,2.757610678681766680e-01,6.999433143411278868e-01
9.740000000000005320e-01,2.620368395861134569e-01,7.381729527876553787e-01
9.745000000000004770e-01,2.808252702694441494e-01,7.780086311896866613e-01
9.750000000000005329e-01,3.517932738288619410e-01,8.351775821634603858e-01
9.755000000000005889e-01,4.838016870283919912e-01,8.902674520467444008e-01
9.760000000000005338e-01,6.689594254050458266e-01,9.530031962928147138e-01
9.765000000000004787e-01,8.835816140826040499e-01,1.015425415193264458e+00
9.770000000000005347e-01,1.100093621475777272e+00,1.073028908996377373e+00
9.775000000000005906e-01,1.301091132162031760e+00,1.123726060380803471e+00
9.780000000000005356e-01,1.478858805744976523e+00,1.170195071888176397e+00
9.785000000000004805e-01,1.630393280025471014e+00,1.212903650523605714e+00
9.790000000000005365e-01,1.754570370440573956e+00,1.246501351253293199e+00
9.795000000000005924e-01,1.851021795537810988e+00,1.274760243163937989e+00
9.800000000000005373e-01,1.919707664705965655e+00,1.300639977885321930e+00
9.805000000000004823e-01,1.960701410909541753e+00,1.318227243723817610e+00
9.810000000000005382e-01,1.974026374553979668e+00,1.327932603938009049e+00
9.815000000000005942e-01,1.959517729654310925e+00,1.329817092058619199e+00
9.820000000000005391e-01,1.916730040219502884e+00,1.322505064848656264e+00
9.825000000000004841e-01,1.844927404998501386e+00,1.301113947982112773e+00
9.830000000000005400e-01,1.743204708943035808e+00,1.276096868353747471e+00
9.835000000000005960e-01,1.610824169059371869e+00,1.239478575005192651e+00
9.840000000000005409e-01,1.447986711408709048e+00,1.197103306778757759e+00
9.845000000000004858e-01,1.257604736299619441e+00,1.151665358147677676e+00
9.850000000000005418e-01,1.048835162432025570e+00,1.100608582586495965e+00
9.855000000000005977e-01,8.396840281933112271e-01,1.045429757732901255e+00
9.860000000000005427e-01,6.492424215389260844e-01,9.897120956679745785e-01
9.865000000000004876e-01,4.890249821912721062e-01,9.267922009035510778e-01
9.870000000000005436e-01,3.673410424440443078e-01,8.588091492136775695e-01
9.875000000000005995e-01,2.885206242383877573e-01,7.858091720198134844e-01
9.880000000000005445e-01,2.487722707198555538e-01,7.178036858889091931e-01
9.885000000000004894e-01,2.380248579971247780e-01,6.553969819373408612e-01
9.890000000000005453e-01,2.450371863742012990e-01,6.069436759393408432e-01
9.895000000000006013e-01,2.611710607432448650e-01,5.626145866122871375e-01
9.900000000000005462e-01,2.816763595861847547e-01,5.261226904241341762e-01
9.905000000000004912e-01,3.044679420971849737e-01,4.937285820753504195e-01
9.910000000000005471e-01,3.276491437653143990e-01,4.661124340490556683e-01
9.915000000000006031e-01,3.490030551445599816e-01,4.570505192660718197e-01
9.920000000000005480e-01,3.669799800060160044e-01,4.473188545450008102e-01
9.925000000000004929e-01,3.805183218729593642e-01,4.377662295233133993e-01
9.930000000000005489e-01,3.885949872297879137e-01,4.387098240305061236e-01
9.935000000000006048e-01,3.907387607585862677e-01,4.425339623965897085e-01
9.940000000000005498e-01,3.879709654431184318e-01,4.462233521465825414e-01
9.945000000000004947e-01,3.832319807017258162e-01,4.478144722674562983e-01
9.950000000000005507e-01,3.809766480524580667e-01,4.523787531919848393e-01
9.955000000000006066e-01,3.859964926944783326e-01,4.561940836887455886e-01
9.960000000000005516e-01,4.014806907729311369e-01,4.595806127175897093e-01
9.965000000000004965e-01,4.272733801968001677e-01,4.626416899285262785e-01
9.970000000000005524e-01,4.600614866863769192e-01,4.656197138117383894e-01
9.975000000000006084e-01,4.952709143832740857e-01,4.639501485018899807e-01
9.980000000000005533e-01,5.288674890400265616e-01,4.591982729719044087e-01
9.985000000000004983e-01,5.579564808238546281e-01,4.538977186406025766e-01
9.990000000000005542e-01,5.804056989979013981e-01,4.462576178459339293e-01
9.995000000000006102e-01,5.943448891914885346e-01,4.386086033048166577e-01
1.000000000000000444e+00,5.979970924835262824e-01,4.363439474941747109e-01
1.000500000000000611e+00,5.897690506935497901e-01,4.337346671353671246e-01
1.001000000000000556e+00,5.686147553173772629e-01,4.307924983573558353e-01
1.001500000000000501e+00,5.348982634166531414e-01,4.265396253296433460e-01
1.002000000000000668e+00,4.912245958882308083e-01,4.235263032074542688e-01
1.002500000000000391e+00,4.416652003492053669e-01,4.275823844045312794e-01
1.003000000000000558e+00,3.900648178083581108e-01,4.405199734635537046e-01
1.003500000000000725e+00,3.409114570520755949e-01,4.550770731864116625e-01
1.004000000000000448e+00,3.015274093421358437e-01,4.686611217276497321e-01
1.004500000000000615e+00,2.821969759402628286e-01,4.839709676577397812e-01
1.005000000000000560e+00,2.935680831869670881e-01,5.094133797556525955e-01
1.005500000000000504e+00,3.417737295562276456e-01,5.359774328367664653e-01
1.006000000000000671e+00,4.258811111178403830e-01,5.649460450288619207e-01
1.006500000000000394e+00,5.395644371995900190e-01,5.956346644472960694e-01
1.007000000000000561e+00,6.730478462306537235e-01,6.260403583239638747e-01
1.007500000000000728e+00,8.149177539850722685e-01,6.545689498533843187e-01
1.008000000000000451e+00,9.536309863423786393e-01,6.804692683243278584e-01
1.008500000000000618e+00,1.079762361528188830e+00,7.031448607707221354e-01
1.009000000000000563e+00,1.187358056250374272e+00,7.228419118681010946e-01
1.009500000000000508e+00,1.273320550081134206e+00,7.411534510693510436e-01
1.010000000000000675e+00,1.336223639743809199e+00,7.541414300794002656e-01
1.010500000000000398e+00,1.375446010504112415e+00,7.603234413011807913e-01
1.011000000000000565e+00,1.390707280392372569e+00,7.581273799283978487e-01
1.011500000000000732e+00,1.381891945290198764e+00,7.535905817097627857e-01
1.012000000000000455e+00,1.349050925438662896e+00,7.498286482506018036e-01
1.012500000000000622e+00,1.292503262023532162e+00,7.390081402109867081e-01
1.013000000000000567e+00,1.213007764339010253e+00,7.260089261917745951e-01
1.013500000000000512e+00,1.112041765163863882e+00,7.144168918106804655e-01
1.014000000000000679e+00,9.923129484029027392e-01,6.964672136807044112e-01
1.014500000000000401e+00,8.587010503789658245e-01,6.685890653413798512e-01
1.015000000000000568e+00,7.196136831479186258e-01,6.397918396807550367e-01
1.015500000000000735e+00,5.875193437206570612e-01,6.092591616855089764e-01
1.016000000000000458e+00,4.761078558022530105e-01,5.768099154584493959e-01
1.016500000000000625e+00,3.952465103656810363e-01,5.435878171058460273e-01
1.017000000000000570e+00,3.475366796016924331e-01,5.138019428954722079e-01
1.017500000000000515e+00,3.269188241691481367e-01,4.923425212529122241e-01
1.018000000000000682e+00,3.229093726586810265e-01,4.728738756568914847e-01
1.018500000000000405e+00,3.266548150605969036e-01,4.554044037162241487e-01
1.019000000000000572e+00,3.323159429777445828e-01,4.393809383422616621e-01
1.019500000000000739e+00,3.363198864402042743e-01,4.185927941412083131e-01
1.020000000000000462e+00,3.372098143393946201e-01,3.996686919252079861e-01
1.020500000000000629e+00,3.355346906859533185e-01,3.925599958643546938e-01
1.021000000000000574e+00,3.329936101013002414e-01,3.886281208958058953e-01
1.021500000000000519e+00,3.312851249978315815e-01,3.960689617317862954e-01
1.022000000000000686e+00,3.314268550082261067e-01,4.161086000689437903e-01
1.022500000000000409e+00,3.336233435922552615e-01,4.427677837047784282e-01
1.023000000000000576e+00,3.376535956920727055e-01,4.669929274740899916e-01
1.023500000000000743e+00,3.437840201516672023e-01,4.893766143100027333e-01
1.024000000000000465e+00,3.536041627140930621e-01,5.100971695233011971e-01
1.024500000000000632e+00,3.699092000771920796e-01,5.309323326409810528e-01
1.025000000000000577e+00,3.957217243052881250e-01,5.530394903272204399e-01
1.025500000000000522e+00,4.335401469117427520e-01,5.722350299840187615e-01
1.026000000000000689e+00,4.845733660080752681e-01,5.888120632352041861e-01
1.026500000000000412e+00,5.473390434683685912e-01,6.048971951453926410e-01
1.027000000000000579e+00,6.171556183830000375e-01,6.226915088366901108e-01
1.027500000000000746e+00,6.874432446810642139e-01,6.398837307492722948e-01
1.028000000000000469e+00,7.517316100303423898e-01,6.514455868361097579e-01
1.028500000000000636e+00,8.050991787687588053e-01,6.574537774301745241e-01
1.029000000000000581e+00,8.444806493090390997e-01,6.599367089076043635e-01
1.029500000000000526e+00,8.681434629837673222e-01,6.550548282246505538e-01
1.030000000000000693e+00,8.750641995329375700e-01,6.435247293821368952e-01
1.030500000000000416e+00,8.646993526411490549e-01,6.291724104623843683e-01
1.031000000000000583e+00,8.371575885523435678e-01,6.119114298343901748e-01
1.031500000000000750e+00,7.935002198899911985e-01,5.923803587850525743e-01
1.032000000000000473e+00,7.359086844256268467e-01,5.682730931472350644e-01
1.032500000000000639e+00,6.675753912086848096e-01,5.440206822529189967e-01
1.033000000000000584e+00,5.923286708352957231e-01,5.264547984572823802e-01
1.033500000000000529e+00,5.143037182118007644e-01,5.070986609202954298e-01
1.034000000000000696e+00,4.383216397829333699e-01,4.893479201601939610e-01
1.034500000000000419e+00,3.713952289873054813e-01,4.691250665949355247e-01
1.035000000000000586e+00,3.239254391964391799e-01,4.537510032751884692e-01
1.035500000000000753e+00,3.069543591284972228e-01,4.451847549292619055e-01
1.036000000000000476e+00,3.261332105775091028e-01,4.361834921708535040e-01
1.036500000000000643e+00,3.789341532303461824e-01,4.293754685851690622e-01
1.037000000000000588e+00,4.555457156333363455e-01,4.287684128152533525e-01
1.037500000000000533e+00,5.422574657733880699e-01,4.351074967919014713e-01
1.038000000000000700e+00,6.263340098392857769e-01,4.417659131181491117e-01
1.038500000000000423e+00,6.986806975017129107e-01,4.474623987003145120e-01
1.039000000000000590e+00,7.538372784496596424e-01,4.519200638674218951e-01
1.039500000000000757e+00,7.890510515709673323e-01,4.568639411736958311e-01
1.040000000000000480e+00,8.034070684249199346e-01,4.618028719972049889e-01
1.040500000000000647e+00,7.971265401791407523e-01,4.669108968481212041e-01
1.041000000000000592e+00,7.710424122421082327e-01,4.714843034304798119e-01
1.041500000000000536e+00,7.264867174793183668e-01,4.748369929146161184e-01
1.042000000000000703e+00,6.657843582836731056e-01,4.800307747783583712e-01
1.042500000000000426e+00,5.931624252414169352e-01,4.868473166644412542e-01
1.043000000000000593e+00,5.155314428849357977e-01,4.935145646750269677e-01
1.043500000000000760e+00,4.422593376936764242e-01,4.994367827288109796e-01
1.044000000000000483e+00,3.830460586904945730e-01,5.069738851409845148e-01
1.044500000000000650e+00,3.445829049060263882e-01,5.115817415089469744e-01
1.045000000000000595e+00,3.284069271128060574e-01,5.166454787298493390e-01
1.045500000000000540e+00,3.310423815262604763e-01,5.168052496406917440e-01
1.046000000000000707e+00,3.458323564034377906e-01,5.158799463007550656e-01
1.046500000000000430e+00,3.654813452304476740e-01,5.167364218896109973e-01
1.047000000000000597e+00,3.841680090140416337e-01,5.203967417224824032e-01
1.047500000000000764e+00,3.986882201726320574e-01,5.221262099076982022e-01
1.048000000000000487e+00,4.085948063869419000e-01,5.227412818528139882e-01
1.048500000000000654e+00,4.154521433058454005e-01,5.248977323811934159e-01
1.049000000000000599e+00,4.215044055037179271e-01,5.236760560990310065e-01
1.049500000000000544e+00,4.283131439100456572e-01,5.254974695705790788e-01
1.050000000000000711e+00,4.360081925572003025e-01,5.259408663701131692e-01
1.050500000000000433e+00,4.434801398148941476e-01,5.205399050273648021e-01
1.051000000000000600e+00,4.493366367399290739e-01,5.145760052932394357e-01
1.051500000000000767e+00,4.530494742379070350e-01,5.095251686662554125e-01
1.052000000000000490e+00,4.555637902794819061e-01,5.053526152256280213e-01
1.052500000000000657e+00,4.588637457948759879e-01,4.997177622126591778e-01
1.053000000000000602e+00,4.646668014604374841e-01,4.974697195976650610e-01
1.053500000000000547e+00,4.731652948042654461e-01,4.926115215737675856e-01
1.054000000000000714e+00,4.826632331515526841e-01,4.858635782533209380e-01
1.054500000000000437e+00,4.900810394345150312e-01,4.808246450785818027e-01
1.055000000000000604e+00,4.919179429493393263e-01,4.748908118905646458e-01
1.055500000000000771e+00,4.855389489566566685e-01,4.691903802725322370e-01
1.056000000000000494e+00,4.704096944223739030e-01,4.662908626180621852e-01
1.056500000000000661e+00,4.484194151895913860e-01,4.680077805601666197e-01
1.057000000000000606e+00,4.228729165446374338e-01,4.708318092031652524e-01
1.057500000000000551e+00,3.970143630444268323e-01,4.727945702448853038e-01
1.058000000000000718e+00,3.735216975165108755e-01,4.756603432719527236e-01
1.058500000000000441e+00,3.550764456492673804e-01,4.806647417663878485e-01
1.059000000000000608e+00,3.447812205189820234e-01,4.807035004676258327e-01
1.059500000000000774e+00,3.453747014405736393e-01,4.793582913952545432e-01
1.060000000000000497e+00,3.578233122728377014e-01,4.795898617431382793e-01
1.060500000000000664e+00,3.806093254291179617e-01,4.818068696095783032e-01
1.061000000000000609e+00,4.098588334745825179e-01,4.807481854125993381e-01
1.061500000000000554e+00,4.402318141062268597e-01,4.785688167318416508e-01
1.062000000000000721e+00,4.661911346389405741e-01,4.770175505517212922e-01
1.062500000000000444e+00,4.831228655521913606e-01,4.727691193871338404e-01
1.063000000000000611e+00,4.883629461083344170e-01,4.659687502139187032e-01
1.063500000000000778e+00,4.820091512033680692e-01,4.675758609329850879e-01
1.064000000000000501e+00,4.668669595833104813e-01,4.725686546677673183e-01
1.064500000000000668e+00,4.470890679470452267e-01,4.746833492907124308e-01
1.065000000000000613e+00,4.263749692027708482e-01,4.754854510868474771e-01
1.065500000000000558e+00,4.074795586576873130e-01,4.808839078540964040e-01
1.066000000000000725e+00,3.927443801739485263e-01,4.880652744366004159e-01
1.066500000000000448e+00,3.835721722914720577e-01,5.047545742701449178e-01
1.067000000000000615e+00,3.793387826434416743e-01,5.223197350934631888e-01
1.067500000000000782e+00,3.785348782592798389e-01,5.411550753002224434e-01
1.068000000000000504e+00,3.815411673424694006e-01,5.562323420800395768e-01
1.068500000000000671e+00,3.911595966697884452e-01,5.657890279432041813e-01
1.069000000000000616e+00,4.097898465918756727e-01,5.772686428585879215e-01
1.069500000000000561e+00,4.374652808519307046e-01,5.870925071265465922e-01
1.070000000000000728e+00,4.738813493358712270e-01,5.966984410241985559e-01
1.070500000000000451e+00,5.191353695507621158e-01,6.063854982257476101e-01
1.071000000000000618e+00,5.700189024387126713e-01,6.144633420309953964e-01
1.071500000000000785e+00,6.194353977146666024e-01,6.208670809011584968e-01
1.072000000000000508e+00,6.591453834998706185e-01,6.255389975719564122e-01
1.072500000000000675e+00,6.817877057869553559e-01,6.333682716537426538e-01
1.073000000000000620e+00,6.812793730426048855e-01,6.522004814635202763e-01
1.073500000000000565e+00,6.537463233868991974e-01,6.711749089921611455e-01
1.074000000000000732e+00,6.003304142104093355e-01,6.873711001520055319e-01
1.074500000000000455e+00,5.292560306583037333e-01,7.017873535516196970e-01
1.075000000000000622e+00,4.564404922875325288e-01,7.254172281321292770e-01
1.075500000000000789e+00,4.033191466567552230e-01,7.498851778603133900e-01
1.076000000000000512e+00,3.888155627587357444e-01,7.745560377515505746e-01
1.076500000000000679e+00,4.164613471899388797e-01,8.014235457261491558e-01
1.077000000000000624e+00,4.725552992667803598e-01,8.303831837751060041e-01
1.077500000000000568e+00,5.421614126547633639e-01,8.559397349582977821e-01
1.078000000000000735e+00,6.163934279435634433e-01,8.780721683361232266e-01
1.078500000000000458e+00,6.894032637609383007e-01,8.990341121462025464e-01
1.079000000000000625e+00,7.557908139780356027e-01,9.199872092302638915e-01
1.079500000000000792e+00,8.125685330881904367e-01,9.429589842887151629e-01
1.080000000000000515e+00,8.605124338978290544e-01,9.632012607427965500e-01
1.080500000000000682e+00,8.917398807727723309e-01,9.894566098806720778e-01
1.081000000000000627e+00,8.889308554723687195e-01,1.016990096982139935e+00
1.081500000000000572e+00,8.461973128759158191e-01,1.053629841229264175e+00
1.082000000000000739e+00,7.705573833107195458e-01,1.093948339649291723e+00
1.082500000000000462e+00,6.638738865001215794e-01,1.132217573514930464e+00
1.083000000000000629e+00,5.450730199794803221e-01,1.177935167212721623e+00
1.083500000000000796e+00,4.592639056383972518e-01,1.244841740277735642e+00
1.084000000000000519e+00,4.452421857087314194e-01,1.320071894906578613e+00
1.084500000000000686e+00,5.127275379455237259e-01,1.387657040413655229e+00
1.085000000000000631e+00,6.519521565287411669e-01,1.453296133586779337e+00
1.085500000000000576e+00,8.424945658785809588e-01,1.519303902174085730e+00
1.086000000000000743e+00,1.053737890513398501e+00,1.582136655680903115e+00
1.086500000000000465e+00,1.259441203542751575e+00,1.639306034137218093e+00
1.087000000000000632e+00,1.434053659524678226e+00,1.696137978648980749e+00
1.087500000000000799e+00,1.574497061013633070e+00,1.750897578591752435e+00
1.088000000000000522e+00,1.672187206170388407e+00,1.814852551724825513e+00
1.088500000000000689e+00,1.691820599329050268e+00,1.904371601063047592e+00
1.089000000000000634e+00,1.628154369346140440e+00,1.985961558149395900e+00
1.089500000000000579e+00,1.483937721166013191e+00,2.061188446222528725e+00
1.090000000000000746e+00,1.240301896495563438e+00,2.178440745797126432e+00
1.090500000000000469e+00,9.009307676626410188e-01,2.302510487781870285e+00
1.091000000000000636e+00,6.249714917648298007e-01,2.465135879272904784e+00
1.091500000000000803e+00,6.590689866676179287e-01,2.649277346693035717e+00
1.092000000000000526e+00,9.971374409751957435e-01,2.814798945433644839e+00
1.092500000000000693e+00,1.516366549744070369e+00,2.944430561193633000e+00
1.093000000000000638e+00,2.079662231618111257e+00,3.053483819170340841e+00
1.093500000000000583e+00,2.631700149845790371e+00,3.146662523154631685e+00
1.094000000000000750e+00,3.110375245020426060e+00,3.226006200153433756e+00
1.094500000000000473e+00,3.523645032600097871e+00,3.295034893514320995e+00
1.095000000000000639e+00,3.864696560333876985e+00,3.354196058489802290e+00
1.095500000000000806e+00,4.142732699202910318e+00,3.402346806403861557e+00
1.096000000000000529e+00,4.367484432877538403e+00,3.434973272517113152e+00
1.096500000000000696e+00,4.545728559769058208e+00,3.466804387329893267e+00
1.097000000000000641e+00,4.682050478155044715e+00,3.499525054872206997e+00
1.097500000000000586e+00,4.779627692780280768e+00,3.522127163418750317e+00
1.098000000000000753e+00,4.840675282512885147e+00,3.522177150212132624e+00
1.098500000000000476e+00,4.866618266899604528e+00,3.523341023825557361e+00
1.099000000000000643e+00,4.858092386214600822e+00,3.515827794849854193e+00
1.099500000000000810e+00,4.814900059005472244e+00,3.492296265507191411e+00
1.100000000000000533e+00,4.736011663880176137e+00,3.458308511599992752e+00
1.100500000000000700e+00,4.619584824494928910e+00,3.417982891236268639e+00
1.101000000000000645e+00,4.462881341986947525e+00,3.371419965457947310e+00
1.101500000000000590e+00,4.261955662669309142e+00,3.316731392855741145e+00
1.102000000000000757e+00,4.011012474155887908e+00,3.255860317457587083e+00
1.102500000000000480e+00,3.701444982319121557e+00,3.185735276522872361e+00
1.103000000000000647e+00,3.322096805329157743e+00,3.100029283463997309e+00
1.103500000000000814e+00,2.871343132026712652e+00,3.001502968417253392e+00
1.104000000000000536e+00,2.356863725606867632e+00,2.888362661521560959e+00
1.104500000000000703e+00,1.792404503737396126e+00,2.756245519256159682e+00
1.105000000000000648e+00,1.237543372562110999e+00,2.614068791075625064e+00
1.105500000000000593e+00,7.938430132015759089e-01,2.483460524650431100e+00
1.106000000000000760e+00,6.101689289179582643e-01,2.346009690993497543e+00
1.106500000000000483e+00,7.732886765511560734e-01,2.176075605170025185e+00
1.107000000000000650e+00,1.123556188894058838e+00,2.034071108966631680e+00
1.107500000000000817e+00,1.422763025408978255e+00,1.973441949296404374e+00
1.108000000000000540e+00,1.613590803338025736e+00,1.921265963928894482e+00
1.108500000000000707e+00,1.718260307705283818e+00,1.866782271951292982e+00
1.109000000000000652e+00,1.744183677286237799e+00,1.809420676770789882e+00
1.109500000000000597e+00,1.687935503413450444e+00,1.747361989511722502e+00
1.110000000000000764e+00,1.569635560770372473e+00,1.682425481971566938e+00
1.110500000000000487e+00,1.413564924318670091e+00,1.611964826145906970e+00
1.111000000000000654e+00,1.216165652984799062e+00,1.545007551757519249e+00
1.111500000000000821e+00,9.999024943494116968e-01,1.474501442948572771e+00
1.112000000000000544e+00,7.933965172039937341e-01,1.405818347004350377e+00
1.112500000000000711e+00,6.272423902651710348e-01,1.348051976872717717e+00
1.113000000000000655e+00,5.253565960973877180e-01,1.291909751716045829e+00
1.113500000000000600e+00,4.983340440539437699e-01,1.235133329556707515e+00
1.114000000000000767e+00,5.381540790139840436e-01,1.175076204705321370e+00
1.114500000000000490e+00,6.231901589830955990e-01,1.112485037703626833e+00
1.115000000000000657e+00,7.221990910324992408e-01,1.063895813309549521e+00
1.115500000000000824e+00,8.084051316525038278e-01,1.028077111056667103e+00
1.116000000000000547e+00,8.699688788969067721e-01,9.909468496528589521e-01
1.116500000000000714e+00,8.987656493423725745e-01,9.553081812914225868e-01
1.117000000000000659e+00,8.944100853351560909e-01,9.225930385524574451e-01
1.117500000000000604e+00,8.679937754696082086e-01,8.881977716307325466e-01
1.118000000000000771e+00,8.261447406155968398e-01,8.565164417264649055e-01
1.118500000000000494e+00,7.741772496806034187e-01,8.278521867435175707e-01
1.119000000000000661e+00,7.154972198213551682e-01,7.981119514804809745e-01
1.119500000000000828e+00,6.488087236722204221e-01,7.701877853968805976e-01
1.120000000000000551e+00,5.781482791637977403e-01,7.437507523391613251e-01
1.120500000000000718e+00,5.124014081467407333e-01,7.183636011110052788e-01
1.121000000000000663e+00,4.608251631388003422e-01,6.920802560388937819e-01
1.121500000000000608e+00,4.323261099264762986e-01,6.650812813553925729e-01
1.122000000000000774e+00,4.293978922376625040e-01,6.397313830502402432e-01
1.122500000000000497e+00,4.438622408833212130e-01,6.159803460279937859e-01
1.123000000000000664e+00,4.644773886171109645e-01,5.944008040605645027e-01
1.123500000000000831e+00,4.833767046890510288e-01,5.720564389889782886e-01
1.124000000000000554e+00,4.950258579725323460e-01,5.507725513263078687e-01
1.124500000000000721e+00,4.950364155000865907e-01,5.359459512408313309e-01
1.125000000000000666e+00,4.820615872742753938e-01,5.269875715359569890e-01
1.125500000000000611e+00,4.587815927240471714e-01,5.229539174809922919e-01
1.126000000000000778e+00,4.310986734907327755e-01,5.209527047673223610e-01
1.126500000000000501e+00,4.068618390736490897e-01,5.195080730649774825e-01
1.127000000000000668e+00,3.934226143955000810e-01,5.192190414230719586e-01
1.127500000000000835e+00,3.935205774369118781e-01,5.175404473931458638e-01
1.128000000000000558e+00,4.051703923946624597e-01,5.194342905188646942e-01
1.128500000000000725e+00,4.248151141754806237e-01,5.241765539931181328e-01
1.129000000000000670e+00,4.487839237908287093e-01,5.277967272041952373e-01
1.129500000000000615e+00,4.738245380488324554e-01,5.254018637338633280e-01
1.130000000000000782e+00,4.965888531967617148e-01,5.240670587170532801e-01
1.130500000000000504e+00,5.129741811442811716e-01,5.272093392659982225e-01
1.131000000000000671e+00,5.201003438681268687e-01,5.302265817918134783e-01
1.131500000000000838e+00,5.177510844781035848e-01,5.322688005282951718e-01
1.132000000000000561e+00,5.074416272488372348e-01,5.328502155380399063e-01
1.132500000000000728e+00,4.919575845846847484e-01,5.318384548000534284e-01
1.133000000000000673e+00,4.753306306323314412e-01,5.269447316587800856e-01
1.133500000000000618e+00,4.607109898575242890e-01,5.234704042893428833e-01
1.134000000000000785e+00,4.483082774874335152e-01,5.186254323033188118e-01
1.134500000000000508e+00,4.369281169310627599e-01,5.151498629933838336e-01
1.135000000000000675e+00,4.264244344759672289e-01,5.108126201644199726e-01
1.135500000000000842e+00,4.179949666242435136e-01,5.053724817183754547e-01
1.136000000000000565e+00,4.131497724921205372e-01,4.957641699456186712e-01
1.136500000000000732e+00,4.127010430773555560e-01,4.846260042927609812e-01
1.137000000000000677e+00,4.161971675956147587e-01,4.711737233900444299e-01
1.137500000000000622e+00,4.220578533298356416e-01,4.599527296889774353e-01
1.138000000000000789e+00,4.286077785378236693e-01,4.490105639760966771e-01
1.138500000000000512e+00,4.349172718340736377e-01,4.397093054447805405e-01
1.139000000000000679e+00,4.407561953688359790e-01,4.306281744955360868e-01
1.139500000000000846e+00,4.465549917906780908e-01,4.209991936011658886e-01
1.140000000000000568e+00,4.534428779505521589e-01,4.109860962660372152e-01
1.140500000000000735e+00,4.626353770309152291e-01,4.019749496601906502e-01
1.141000000000000680e+00,4.743218103494409310e-01,3.935957197860102674e-01
1.141500000000000625e+00,4.869888622431692293e-01,3.872160248907732805e-01
1.142000000000000792e+00,4.979882930644749517e-01,3.831064440389485570e-01
1.142500000000000515e+00,5.047761541632368454e-01,3.791350552754929604e-01
1.143000000000000682e+00,5.053728476775589673e-01,3.767708808904203233e-01
1.143500000000000849e+00,4.985659998175043239e-01,3.757856498016282076e-01
1.144000000000000572e+00,4.849157932692000905e-01,3.801962838695671643e-01
1.144500000000000739e+00,4.673199446395764345e-01,3.840055360543486729e-01
1.145000000000000684e+00,4.500985893233992452e-01,3.882879697652915629e-01
1.145500000000000629e+00,4.372138484327984242e-01,3.961554490784222060e-01
1.146000000000000796e+00,4.306784408999548286e-01,4.046040559773629863e-01
1.146500000000000519e+00,4.301919115310026132e-01,4.139555111896576767e-01
1.147000000000000686e+00,4.344359866224208888e-01,4.225280574209465678e-01
1.147500000000000853e+00,4.427594379661822233e-01,4.307133969427264786e-01
1.148000000000000576e+00,4.556450478713718333e-01,4.395321655032816688e-01
1.148500000000000743e+00,4.738102936943654475e-01,4.473794720569779781e-01
1.149000000000000687e+00,4.971809161888122719e-01,4.595090513708828261e-01
1.149500000000000632e+00,5.250501052026564919e-01,4.714654056203384513e-01
1.150000000000000799e+00,5.565447979965159053e-01,4.822702578412007002e-01
1.150500000000000522e+00,5.903414736841321453e-01,4.882135132249676990e-01
1.151000000000000689e+00,6.243071539310822704e-01,4.925154840844968018e-01
1.151500000000000856e+00,6.555096272384379752e-01,4.959647551773465612e-01
1.152000000000000579e+00,6.806216742868492764e-01,4.991705361557168819e-01
1.152500000000000746e+00,6.966290107993409197e-01,4.983173440451890701e-01
1.153000000000000691e+00,7.014171248601483999e-01,4.970433359943680074e-01
1.153500000000000636e+00,6.939510456819152351e-01,4.985635076251770381e-01
1.154000000000000803e+00,6.742520352055370036e-01,5.000699849374601325e-01
1.154500000000000526e+00,6.436138518672718245e-01,5.009693431419952603e-01
1.155000000000000693e+00,6.049812987510103657e-01,5.041143918378028221e-01
1.155500000000000860e+00,5.626731168857022070e-01,5.098780937929233703e-01
1.156000000000000583e+00,5.208719934064880430e-01,5.140176502114729429e-01
1.156500000000000750e+00,4.818488276865982023e-01,5.149547854612690490e-01
1.157000000000000695e+00,4.461891656815454299e-01,5.174616547406294398e-01
1.157500000000000639e+00,4.155750611844826747e-01,5.222574489957787502e-01
1.158000000000000806e+00,3.952581920560732653e-01,5.280853681289328083e-01
1.158500000000000529e+00,3.927370876449923776e-01,5.349262339563382040e-01
1.159000000000000696e+00,4.130165820308684954e-01,5.429220111906893909e-01
1.159500000000000863e+00,4.557466192825413431e-01,5.502912666261152719e-01
1.160000000000000586e+00,5.159892352983427299e-01,5.588219179856552810e-01
1.160500000000000753e+00,5.856153062546859411e-01,5.736857081841264527e-01
1.161000000000000698e+00,6.554409875432591903e-01,5.868987276153021515e-01
1.161500000000000643e+00,7.176009076589303648e-01,5.994593540462707093e-01
1.162000000000000810e+00,7.664299905073684860e-01,6.068446314499984506e-01
1.162500000000000533e+00,7.983139045140601464e-01,6.067808129460533495e-01
1.163000000000000700e+00,8.114179521455644473e-01,6.028950906600378801e-01
1.163500000000000867e+00,8.055181604169732168e-01,5.990276414860741250e-01
1.164000000000000590e+00,7.818877928246570352e-01,5.951418717701597583e-01
1.164500000000000757e+00,7.432016398915478606e-01,5.911870160801300234e-01
1.165000000000000702e+00,6.933349439553235793e-01,5.862710920503217960e-01
1.165500000000000647e+00,6.366673503636713916e-01,5.803775003097629837e-01
1.166000000000000814e+00,5.768939158753603191e-01,5.690020468960583777e-01
1.166500000000000536e+00,5.167609890123386895e-01,5.523265641712703511e-01
1.167000000000000703e+00,4.595261676953535934e-01,5.334628153759032321e-01
1.167500000000000870e+00,4.098713580835201542e-01,5.142663650415245646e-01
1.168000000000000593e+00,3.719215249886274610e-01,4.956447992175448403e-01
1.168500000000000760e+00,3.466067105949485194e-01,4.791684950767509110e-01
1.169000000000000705e+00,3.322869693646554601e-01,4.647964903862333297e-01
1.169500000000000650e+00,3.269414572797617047e-01,4.549677148931409176e-01
1.170000000000000817e+00,3.287448879795481504e-01,4.532531207846619559e-01
1.170500000000000540e+00,3.353993363970533825e-01,4.505810477977331141e-01
1.171000000000000707e+00,3.442815526073495502e-01,4.492245852590283084e-01
1.171500000000000874e+00,3.541611642282779804e-01,4.504322806955919356e-01
1.172000000000000597e+00,3.669482232530755783e-01,4.620392645699185619e-01
1.172500000000000764e+00,3.876597021194363446e-01,4.724308782384928351e-01
1.173000000000000709e+00,4.225879007622329597e-01,4.816813426687004407e-01
1.173500000000000654e+00,4.775910236732056058e-01,4.908308041078897621e-01
1.174000000000000821e+00,5.568416463023087015e-01,5.061531971214722203e-01
1.174500000000000544e+00,6.596315514155840498e-01,5.216905299853000777e-01
1.175000000000000711e+00,7.775088157941807410e-01,5.392594580199554510e-01
1.175500000000000878e+00,8.975595012313520860e-01,5.559506896695387557e-01
1.176000000000000600e+00,1.008448353428726074e+00,5.734214991917923054e-01
1.176500000000000767e+00,1.102906729169000899e+00,5.873929809667585156e-01
1.177000000000000712e+00,1.177011675772263066e+00,5.968719073452326551e-01
1.177500000000000657e+00,1.228787086841502507e+00,5.953037804414165191e-01
1.178000000000000824e+00,1.257217274214391889e+00,5.888872669880360622e-01
1.178500000000000547e+00,1.261761277775631296e+00,5.798859469896735508e-01
1.179000000000000714e+00,1.242211514682719287e+00,5.684619634434117108e-01
1.179500000000000881e+00,1.198741962877140299e+00,5.556665755248196836e-01
1.180000000000000604e+00,1.132035175129688431e+00,5.397166202724771322e-01
1.180500000000000771e+00,1.043435783337131495e+00,5.225365266697777900e-01
1.181000000000000716e+00,9.351652911262225976e-01,5.042493535212526634e-01
1.181500000000000661e+00,8.107595053776008864e-01,4.881419879688991270e-01
1.182000000000000828e+00,6.760111004781330646e-01,4.708681287969611051e-01
1.182500000000000551e+00,5.406425429792227622e-01,4.515910999678450222e-01
1.183000000000000718e+00,4.197800892900530600e-01,4.291717143806308421e-01
1.183500000000000885e+00,3.301056275764244208e-01,4.066374602219299805e-01
1.184000000000000608e+00,2.783258388101632619e-01,3.822583905868955911e-01
1.184500000000000774e+00,2.597422832231883194e-01,3.665206682854058040e-01
1.185000000000000719e+00,2.673700180995305375e-01,3.617643907539776493e-01
1.185500000000000664e+00,2.942383288932429730e-01,3.677856656919977207e-01
1.186000000000000831e+00,3.321508749917503334e-01,3.793728443977274489e-01
1.186500000000000554e+00,3.726449608411491754e-01,3.931464762879400832e-01
1.187000000000000721e+00,4.091040015361873117e-01,4.054901739186070886e-01
1.187500000000000888e+00,4.376607228730221566e-01,4.165523780521070973e-01
1.188000000000000611e+00,4.572457821872104589e-01,4.279323042732050553e-01
1.188500000000000778e+00,4.696084716718155194e-01,4.441705733071745210e-01
1.189000000000000723e+00,4.786333521971515848e-01,4.599971274010201117e-01
1.189500000000000668e+00,4.885372613940287545e-01,4.745440803078405656e-01
1.190000000000000835e+00,5.021857257292621224e-01,4.853919901737442366e-01
1.190500000000000558e+00,5.202806462622876493e-01,4.986851549857576060e-01
1.191000000000000725e+00,5.409026271673191832e-01,5.152845585804748385e-01
1.191500000000000892e+00,5.597440864497432722e-01,5.311280080939750903e-01
1.192000000000000615e+00,5.716122029026641238e-01,5.417118262628421999e-01
1.192500000000000782e+00,5.723181693024905758e-01,5.547335073905441671e-01
1.193000000000000727e+00,5.599342050929270176e-01,5.658349729433334030e-01
1.193500000000000671e+00,5.349633440038832344e-01,5.762128155390359163e-01
1.194000000000000838e+00,4.993018426564989065e-01,5.886714748982301293e-01
1.194500000000000561e+00,4.549799333314857863e-01,5.997668093535162281e-01
1.195000000000000728e+00,4.044215381270199750e-01,6.106535933797867521e-01
1.195500000000000895e+00,3.521135807583009592e-01,6.146138522535931070e-01
1.196000000000000618e+00,3.055122794198908420e-01,6.157896566367476732e-01
1.196500000000000785e+00,2.736593516464303488e-01,6.176581213137644077e-01
1.197000000000000730e+00,2.640992836003677735e-01,6.243657390320509482e-01
1.197500000000000675e+00,2.816720499451981219e-01,6.375712722427108181e-01
1.198000000000000842e+00,3.318645810534471829e-01,6.490871153719821596e-01
1.198500000000000565e+00,4.236537982784863710e-01,6.725031150895762755e-01
1.199000000000000732e+00,5.633135236587100136e-01,6.963046531632580693e-01
1.199500000000000899e+00,7.419446810724685815e-01,7.251430620913869030e-01
1.200000000000000622e+00,9.363239167954265918e-01,7.533958787083878672e-01
1.200500000000000789e+00,1.124709490200268558e+00,7.796753562480459587e-01
1.201000000000000734e+00,1.294403531287942055e+00,8.105582955818475543e-01
1.201500000000000679e+00,1.439378749713432937e+00,8.362804814635591555e-01
1.202000000000000846e+00,1.556982624738470378e+00,8.645574269297651160e-01
1.202500000000000568e+00,1.646136396736002094e+00,8.902409259591343993e-01
1.203000000000000735e+00,1.706512945763791311e+00,9.138641546590633435e-01
1.203500000000000902e+00,1.738151161871176242e+00,9.357928018721641816e-01
1.204000000000000625e+00,1.741244065928923890e+00,9.560914124240958989e-01
1.204500000000000792e+00,1.715996298748220683e+00,9.706011654931154808e-01
1.205000000000000737e+00,1.662536971588139734e+00,9.815202690774895711e-01
1.205500000000000682e+00,1.580928946904903931e+00,9.876973209190709202e-01
1.206000000000000849e+00,1.471338706732304491e+00,9.902866579198553731e-01
1.206500000000000572e+00,1.334445801691958255e+00,9.879081626661809779e-01
1.207000000000000739e+00,1.172229907156236761e+00,9.794006222539131112e-01
1.207500000000000906e+00,9.893949659464711388e-01,9.647255351848448290e-01
1.208000000000000629e+00,7.956549810170072679e-01,9.471261716055906499e-01
1.208500000000000796e+00,6.079397467863024707e-01,9.178219390200205163e-01
1.209000000000000741e+00,4.483806087669505169e-01,8.810828665197180110e-01
1.209500000000000686e+00,3.347964525270059055e-01,8.370582835883080275e-01
1.210000000000000853e+00,2.713318663082261994e-01,7.904042663133508118e-01
1.210500000000000576e+00,2.487745128316427023e-01,7.435685078919402891e-01
1.211000000000000743e+00,2.520387348721082055e-01,6.976480992775977441e-01
1.211500000000000909e+00,2.669451759579525296e-01,6.473695106738526217e-01
1.212000000000000632e+00,2.835210556306766994e-01,6.101868675235635475e-01
1.212500000000000799e+00,2.967296861000643937e-01,5.821525022305691355e-01
1.213000000000000744e+00,3.056196694812531867e-01,5.504165479626468294e-01
1.213500000000000689e+00,3.115215704877410396e-01,5.153812868707197126e-01
1.214000000000000856e+00,3.161844932143824671e-01,4.886815945051939947e-01
1.214500000000000579e+00,3.211018997026687249e-01,4.737545363021898881e-01
1.215000000000000746e+00,3.278730385984708340e-01,4.722270982256094318e-01
1.215500000000000913e+00,3.380586046681459678e-01,4.800998554503600468e-01
1.216000000000000636e+00,3.523119843066795376e-01,4.871832657507643161e-01
1.216500000000000803e+00,3.700594056039188118e-01,5.059452129961761191e-01
1.217000000000000748e+00,3.902438322169853313e-01,5.271096389614193800e-01
1.217500000000000693e+00,4.121874681530951490e-01,5.450482580092652629e-01
1.218000000000000860e+00,4.357396302894994133e-01,5.582955858694159668e-01
1.218500000000000583e+00,4.609679850288836422e-01,5.704446143346582065e-01
1.219000000000000750e+00,4.881464176560387780e-01,5.800675860859701993e-01
1.219500000000000917e+00,5.182364369319267805e-01,5.877139516887517345e-01
1.220000000000000639e+00,5.530657734842370221e-01,5.933734437082648361e-01
1.220500000000000806e+00,5.942040200448104326e-01,5.994612283146825149e-01
1.221000000000000751e+00,6.412784569346896557e-01,6.050339612890812679e-01
1.221500000000000696e+00,6.916432810838887280e-01,6.099530579411741593e-01
1.222000000000000863e+00,7.413136348493571948e-01,6.112899150265439507e-01
1.222500000000000586e+00,7.861231108914330523e-01,6.098491211231759079e-01
1.223000000000000753e+00,8.224447548437682221e-01,6.037465220901914176e-01
1.223500000000000920e+00,8.473683139241886542e-01,5.965925910219016526e-01
1.224000000000000643e+00,8.587726102703537867e-01,5.861586880035902780e-01
1.224500000000000810e+00,8.554930393853927839e-01,5.742536613049155081e-01
1.225000000000000755e+00,8.374191407577911139e-01,5.614884658943757323e-01
1.225500000000000700e+00,8.053411793668194818e-01,5.482160539161478052e-01
1.226000000000000867e+00,7.605678041018297808e-01,5.353457308593545516e-01
1.226500000000000590e+00,7.046242744508617317e-01,5.214176071146298108e-01
1.227000000000000757e+00,6.394737633979264979e-01,5.058330176182203042e-01
1.227500000000000924e+00,5.683911034852109356e-01,4.878465213119012600e-01
1.228000000000000647e+00,4.970520291563381154e-01,4.731992893180517190e-01
1.228500000000000814e+00,4.339763147507613716e-01,4.625816768156151282e-01
1.229000000000000759e+00,3.890740301873444329e-01,4.524463964330622257e-01
1.229500000000000703e+00,3.690337661604393693e-01,4.536716206038881039e-01
1.230000000000000870e+00,3.722405472224830647e-01,4.547836119349269457e-01
1.230500000000000593e+00,3.897234804422471388e-01,4.566179340232179307e-01
1.231000000000000760e+00,4.113611124887620041e-01,4.566692725756557047e-01
1.231500000000000927e+00,4.305425343773623403e-01,4.572952804177329855e-01
1.232000000000000650e+00,4.442299135023740075e-01,4.575813301414528023e-01
1.232500000000000817e+00,4.511984743021676403e-01,4.584183058812389966e-01
1.233000000000000762e+00,4.511058554286594413e-01,4.610125665061238220e-01
1.233500000000000707e+00,4.444019806854043741e-01,4.630265334059466831e-01
1.234000000000000874e+00,4.324844622273000816e-01,4.640785285803804561e-01
1.234500000000000597e+00,4.180436596989436926e-01,4.642688647254520906e-01
1.235000000000000764e+00,4.050052555215429839e-01,4.749226704764176743e-01
1.235500000000000931e+00,3.963145087646599007e-01,4.839334376918827951e-01
1.236000000000000654e+00,3.905802653832236571e-01,4.919058130688237496e-01
1.236500000000000821e+00,3.829995948568264974e-01,5.015170524130638796e-01
1.237000000000000766e+00,3.700762380251703121e-01,5.132086764851344629e-01
1.237500000000000711e+00,3.526929239092276291e-01,5.237259015378471494e-01
1.238000000000000878e+00,3.363006054895815167e-01,5.357023552472888195e-01
1.238500000000000600e+00,3.292717601072622235e-01,5.466408207569594113e-01
1.239000000000000767e+00,3.389897149764993789e-01,5.600038404227338784e-01
1.239500000000000934e+00,3.662157384759204826e-01,5.787766871271492475e-01
1.240000000000000657e+00,4.058412134582338737e-01,6.010600427687833314e-01
1.240500000000000824e+00,4.521826867543176087e-01,6.223997787613128052e-01
1.241000000000000769e+00,4.995208454425486555e-01,6.456701266606711398e-01
1.241500000000000714e+00,5.410298744508128532e-01,6.663849330638531576e-01
1.242000000000000881e+00,5.700014242029021183e-01,6.919442527058221604e-01
1.242500000000000604e+00,5.803987371652512550e-01,7.303210347069345465e-01
1.243000000000000771e+00,5.674832637032587446e-01,7.652948396016435728e-01
1.243500000000000938e+00,5.294486954506294474e-01,7.975094838972365263e-01
1.244000000000000661e+00,4.677057281998017180e-01,8.354577917629161243e-01
1.244500000000000828e+00,3.887888740967778700e-01,8.795353796229681276e-01
1.245000000000000773e+00,3.085071137077414205e-01,9.388425989509856517e-01
1.245500000000000718e+00,2.543050529146849148e-01,9.910845178979101888e-01
1.246000000000000885e+00,2.607464679137011521e-01,1.036864364271606664e+00
1.246500000000000608e+00,3.577113429855587889e-01,1.092974273352052883e+00
1.247000000000000774e+00,5.568540934837719059e-01,1.155930838130711180e+00
1.247500000000000941e+00,8.375649059434415733e-01,1.220126934311519529e+00
1.248000000000000664e+00,1.157318267077082519e+00,1.296628268057123057e+00
1.248500000000000831e+00,1.477491458244711620e+00,1.359757438213539782e+00
1.249000000000000776e+00,1.768449871220839409e+00,1.414162834631610188e+00
1.249500000000000721e+00,2.018160914123336536e+00,1.462272898286468337e+00
1.250000000000000888e+00,2.225875850069988893e+00,1.501004157766142155e+00
1.250500000000000611e+00,2.393955832021164021e+00,1.534063517623018846e+00
1.251000000000000778e+00,2.524968893823416494e+00,1.562708750054994322e+00
1.251500000000000945e+00,2.621014923632546179e+00,1.574923043204883522e+00
1.252000000000000668e+00,2.683657725176033182e+00,1.581092909181486927e+00
1.252500000000000835e+00,2.713973115863676622e+00,1.578790250822527330e+00
1.253000000000000780e+00,2.712577662266994594e+00,1.570652774366095183e+00
1.253500000000000725e+00,2.679612898673522814e+00,1.565535204051390572e+00
1.254000000000000892e+00,2.614701430808422877e+00,1.568028856505023105e+00
1.254500000000000615e+00,2.516909475262218976e+00,1.558635804241753853e+00
1.255000000000000782e+00,2.384753600979170329e+00,1.543898789694807538e+00
1.255500000000000949e+00,2.216297623161251895e+00,1.519275850111712289e+00
1.256000000000000671e+00,2.009464832736313156e+00,1.484967721168840127e+00
1.256500000000000838e+00,1.763007585669538857e+00,1.448307911823171201e+00
1.257000000000000783e+00,1.479487331112418591e+00,1.405408083514493311e+00
1.257500000000000728e+00,1.172297954985386914e+00,1.357398485139793554e+00
1.258000000000000895e+00,8.706119757247094970e-01,1.305448145809391614e+00
1.258500000000000618e+00,6.099062548499464276e-01,1.256643772262538317e+00
1.259000000000000785e+00,4.187737116931651293e-01,1.213970832181727966e+00
1.259500000000000952e+00,3.102735190643143293e-01,1.167025786584360958e+00
1.260000000000000675e+00,2.797825559679277818e-01,1.108599785630262513e+00
1.260500000000000842e+00,3.033303091093172421e-01,1.055605097243993429e+00
1.261000000000000787e+00,3.519479645897348186e-01,9.929039660317597882e-01
1.261500000000000732e+00,4.029272511319513805e-01,9.205353552060613342e-01
1.262000000000000899e+00,4.429914428365583912e-01,8.627212681012519369e-01
1.262500000000000622e+00,4.666418779531862349e-01,8.031845859976842750e-01
1.263000000000000789e+00,4.730216748955170525e-01,7.482933153809147031e-01
1.263500000000000956e+00,4.643769448275781864e-01,7.021839349927834206e-01
1.264000000000000679e+00,4.450146902926681025e-01,6.670886080522651085e-01
1.264500000000000846e+00,4.178505695182356261e-01,6.339436772748086035e-01
1.265000000000000790e+00,3.839526094871879014e-01,6.049149880360517040e-01
1.265500000000000735e+00,3.468767122668484637e-01,5.740485850678003210e-01
1.266000000000000902e+00,3.137369593999764783e-01,5.522459056496904495e-01
1.266500000000000625e+00,2.917105737111744812e-01,5.409918991279261125e-01
1.267000000000000792e+00,2.850827339408162908e-01,5.374474222440982496e-01
1.267500000000000959e+00,2.949208888442922949e-01,5.325773980493830884e-01
1.268000000000000682e+00,3.192480286364732800e-01,5.268644574550374049e-01
1.268500000000000849e+00,3.534102421111929848e-01,5.208044106981862820e-01
1.269000000000000794e+00,3.917562652714009497e-01,5.138074924179485414e-01
1.269500000000000739e+00,4.301749597518924051e-01,5.074089962125455378e-01
1.270000000000000906e+00,4.672292587775347950e-01,5.000866319741243959e-01
1.270500000000000629e+00,5.016497363642477003e-01,4.871812390005069160e-01
1.271000000000000796e+00,5.294199309592456659e-01,4.769546321921741550e-01
1.271500000000000963e+00,5.455090054276852118e-01,4.702008865698333873e-01
1.272000000000000686e+00,5.466857438676432368e-01,4.614316984255679155e-01
1.272500000000000853e+00,5.322820091886548699e-01,4.484995761507961087e-01
1.273000000000000798e+00,5.041605321753038771e-01,4.402089747225267358e-01
1.273500000000000743e+00,4.666182371258854045e-01,4.331699296643208297e-01
1.274000000000000909e+00,4.261332325572854129e-01,4.253337387645331757e-01
1.274500000000000632e+00,3.906393868895498001e-01,4.149150292088237824e-01
1.275000000000000799e+00,3.677230128340202020e-01,4.098867168363002911e-01
1.275500000000000966e+00,3.618794152737966896e-01,4.240821318649171667e-01
1.276000000000000689e+00,3.735423433258735493e-01,4.385007282690109309e-01
1.276500000000000856e+00,4.012202582781594917e-01,4.512391926319608837e-01
1.277000000000000801e+00,4.423661472365634784e-01,4.649075616420256241e-01
1.277500000000000746e+00,4.920547017121111866e-01,4.805569118431270437e-01
1.278000000000000913e+00,5.438393881569851818e-01,4.958112327090539173e-01
1.278500000000000636e+00,5.921316303343340248e-01,5.065462182498465804e-01
1.279000000000000803e+00,6.331186726804480802e-01,5.140369587644492144e-01
1.279500000000000970e+00,6.644768042288045073e-01,5.231030437557792068e-01
1.280000000000000693e+00,6.848576215050072857e-01,5.291225854398506900e-01
1.280500000000000860e+00,6.933965251109881489e-01,5.316655791520513707e-01
1.281000000000000805e+00,6.893103408517345931e-01,5.312574672297760703e-01
1.281500000000000750e+00,6.718265602265870440e-01,5.294382090750111569e-01
1.282000000000000917e+00,6.406403440759371737e-01,5.258811696145959669e-01
1.282500000000000639e+00,5.967074049502325561e-01,5.213157741020053582e-01
1.283000000000000806e+00,5.429339839984755889e-01,5.153164932970105694e-01
1.283500000000000973e+00,4.842552757115644591e-01,5.049974341266073585e-01
1.284000000000000696e+00,4.265888499281290658e-01,4.935077481486914164e-01
1.284500000000000863e+00,3.751299437857703034e-01,4.819914130639753047e-01
1.285000000000000808e+00,3.338744781410683538e-01,4.769736532133119766e-01
1.285500000000000753e+00,3.064636989375778553e-01,4.712239798327547691e-01
1.286000000000000920e+00,2.959093743927658227e-01,4.629021348175289541e-01
1.286500000000000643e+00,3.027419919142360083e-01,4.527158247836092775e-01
1.287000000000000810e+00,3.235496045077722038e-01,4.441920534094812578e-01
1.287500000000000977e+00,3.515518776474468310e-01,4.471361854362725374e-01
1.288000000000000700e+00,3.792328670012708458e-01,4.555943500155968384e-01
1.288500000000000867e+00,4.009058199398027322e-01,4.707081333326946226e-01
1.289000000000000812e+00,4.134180951184123209e-01,4.845563879232068771e-01
1.289500000000000757e+00,4.156351882181590907e-01,4.912390417546911303e-01
1.290000000000000924e+00,4.076367670942701027e-01,4.959692294515583022e-01
1.290500000000000647e+00,3.901693106618336904e-01,4.987593942960056870e-01
1.291000000000000814e+00,3.649625840369541963e-01,5.068672356798760159e-01
1.291500000000000981e+00,3.357620278860252716e-01,5.150463890589792593e-01
1.292000000000000703e+00,3.093615684913139097e-01,5.266362623528120235e-01
1.292500000000000870e+00,2.969988263758280844e-01,5.402644229114239582e-01
1.293000000000000815e+00,3.162848786051256633e-01,5.604503326432630494e-01
1.293500000000000760e+00,3.870284782652178568e-01,5.861094018650875315e-01
1.294000000000000927e+00,5.151098776786374733e-01,6.216148223432099718e-01
1.294500000000000650e+00,6.856352194484712781e-01,6.561131147959679000e-01
1.295000000000000817e+00,8.751664526645038800e-01,6.881771980117400433e-01
1.295500000000000984e+00,1.062989202448344050e+00,7.164618601537493525e-01
1.296000000000000707e+00,1.235525194694173212e+00,7.399466000204222293e-01
1.296500000000000874e+00,1.385776178538984160e+00,7.604752431050574302e-01
1.297000000000000819e+00,1.510696368753305041e+00,7.800554105955177508e-01
1.297500000000000764e+00,1.609031576801878582e+00,7.989767898346005204e-01
1.298000000000000931e+00,1.680170114174238449e+00,8.170224973969494320e-01
1.298500000000000654e+00,1.723713088844990526e+00,8.311225215299252733e-01
1.299000000000000821e+00,1.739393760743282114e+00,8.391826531003466760e-01
1.299500000000000988e+00,1.727089070562573880e+00,8.426756890687417956e-01
1.300000000000000711e+00,1.686812776902974154e+00,8.384210911625051832e-01
1.300500000000000878e+00,1.618689510367304241e+00,8.267993770882998694e-01
1.301000000000000822e+00,1.522987723511959102e+00,8.145898831866787981e-01
1.301500000000000767e+00,1.400357449378778263e+00,8.038760679497075623e-01
1.302000000000000934e+00,1.252462929789240009e+00,7.998137594287554331e-01
1.302500000000000657e+00,1.083211263467333207e+00,7.914988436822931739e-01
1.303000000000000824e+00,9.006914695980080543e-01,7.741891543898542505e-01
1.303500000000000991e+00,7.191677050504593494e-01,7.518443098726388385e-01
1.304000000000000714e+00,5.576433704698947613e-01,7.253961539038132900e-01
1.304500000000000881e+00,4.312049618384286021e-01,6.964025491652844346e-01
1.305000000000000826e+00,3.433179616148832602e-01,6.645358672601119343e-01
1.305500000000000771e+00,2.885820279772973729e-01,6.276961976577541957e-01
1.306000000000000938e+00,2.597940120730189428e-01,5.871516610518058288e-01
1.306500000000000661e+00,2.514093009385302557e-01,5.513514978202137540e-01
1.307000000000000828e+00,2.593753368346017329e-01,5.206195682028249561e-01
1.307500000000000995e+00,2.798827592656116803e-01,4.988933893206127235e-01
1.308000000000000718e+00,3.084847631140167357e-01,4.805636511370436348e-01
1.308500000000000885e+00,3.401677166460682633e-01,4.736575256341370443e-01
1.309000000000000830e+00,3.701761068207642391e-01,4.685579341598353764e-01
1.309500000000000774e+00,3.949333232007608552e-01,4.680263024832919672e-01
1.310000000000000941e+00,4.124331192416096359e-01,4.737296605535809557e-01
1.310500000000000664e+00,4.221326798102881805e-01,4.832945641237997303e-01
1.311000000000000831e+00,4.247185492338946267e-01,4.978512735998249505e-01
1.311500000000000998e+00,4.217049943010348079e-01,5.108610093550025599e-01
1.312000000000000721e+00,4.146444882127529041e-01,5.220922739111391042e-01
1.312500000000000888e+00,4.044224948908879402e-01,5.322741884829282899e-01
1.313000000000000833e+00,3.913349799619672553e-01,5.368833083768634884e-01
1.313500000000000778e+00,3.756736369199751846e-01,5.405471718048596719e-01
1.314000000000000945e+00,3.581542941531502544e-01,5.453420871085822297e-01
1.314500000000000668e+00,3.402184789674453369e-01,5.508258415262539121e-01
1.315000000000000835e+00,3.245764026195090968e-01,5.595094089845729091e-01
1.315500000000001002e+00,3.158489634073672336e-01,5.776863912700991310e-01
1.316000000000000725e+00,3.203126340311876485e-01,5.943811137483029361e-01
1.316500000000000892e+00,3.436370625582079730e-01,6.080336952871043810e-01
1.317000000000000837e+00,3.878940023647949875e-01,6.213033713522084778e-01
1.317500000000000782e+00,4.511334502034086147e-01,6.386278402263469989e-01
1.318000000000000949e+00,5.293121070795072658e-01,6.557098472024522895e-01
1.318500000000000671e+00,6.176865849739870962e-01,6.747755137114155310e-01
1.319000000000000838e+00,7.108606327159379124e-01,6.934510787283660882e-01
1.319500000000001005e+00,8.027928169613580689e-01,7.107389373402208665e-01
1.320000000000000728e+00,8.876662837504797343e-01,7.267883186845234267e-01
1.320500000000000895e+00,9.608860122271207782e-01,7.417157681231940636e-01
1.321000000000000840e+00,1.019396807667175553e+00,7.519083140150240041e-01
1.321500000000000785e+00,1.061428812447581915e+00,7.543321399380428227e-01
1.322000000000000952e+00,1.086067272550673923e+00,7.443729447841025415e-01
1.322500000000000675e+00,1.092872023403439030e+00,7.277805954144426215e-01
1.323000000000000842e+00,1.081634584181725867e+00,7.101674404107789496e-01
1.323500000000001009e+00,1.052332051626281073e+00,6.915533530092337067e-01
1.324000000000000732e+00,1.005349155450919074e+00,6.699863355859607683e-01
1.324500000000000899e+00,9.420308907211074612e-01,6.426760597973056877e-01
1.325000000000000844e+00,8.654785308475965167e-01,6.120822206213750727e-01
1.325500000000000789e+00,7.810042332296189826e-01,5.801253812086657469e-01
1.326000000000000956e+00,6.951455627572048490e-01,5.461639088178383838e-01
1.326500000000000679e+00,6.131527803270524490e-01,5.144847250486184187e-01
1.327000000000000846e+00,5.371298946481029013e-01,4.933970060980625294e-01
1.327500000000001013e+00,4.669767868418364110e-01,4.716632757569413359e-01
1.328000000000000735e+00,4.034414093361490816e-01,4.499206630696329645e-01
1.328500000000000902e+00,3.503874522426723148e-01,4.378400886102831180e-01
1.329000000000000847e+00,3.138026977050705768e-01,4.257184206446519292e-01
1.329500000000000792e+00,2.978307931455230761e-01,4.211814358576396744e-01
1.330000000000000959e+00,3.022620036411959310e-01,4.195074065680260977e-01
1.330500000000000682e+00,3.245053098772300304e-01,4.155920958036311008e-01
1.331000000000000849e+00,3.621696854682301958e-01,4.102318646512156386e-01
1.331500000000001016e+00,4.127678369244359158e-01,4.078245475419458588e-01
1.332000000000000739e+00,4.722698459245734948e-01,4.188134089753813294e-01
1.332500000000000906e+00,5.351831083979960990e-01,4.309819076241179769e-01
1.333000000000000851e+00,5.960519525307352851e-01,4.451613636699690568e-01
1.333500000000000796e+00,6.507342365322538180e-01,4.585310290744216144e-01
1.334000000000000963e+00,6.965679916677164352e-01,4.745846968868605020e-01
1.334500000000000686e+00,7.317755088601034519e-01,4.929705346292275192e-01
1.335000000000000853e+00,7.549367486845912634e-01,5.098646132013902044e-01
1.335500000000001020e+00,7.649266430596950439e-01,5.266266802933149416e-01
1.336000000000000743e+00,7.611000537498505691e-01,5.427846447988339262e-01
1.336500000000000909e+00,7.435156799914580672e-01,5.528653348556235025e-01
1.337000000000000854e+00,7.133144579319006251e-01,5.599065073752981236e-01
1.337500000000000799e+00,6.732869856846306345e-01,5.640056743859530597e-01
1.338000000000000966e+00,6.281523019488230997e-01,5.683650842274634574e-01
1.338500000000000689e+00,5.838889817696454321e-01,5.721671380046019495e-01
1.339000000000000856e+00,5.464051597366311741e-01,5.749096571459283433e-01
1.339500000000001023e+00,5.208034384949525863e-01,5.782375891899598219e-01
1.340000000000000746e+00,5.112903961884913695e-01,5.808485446711065814e-01
1.340500000000000913e+00,5.195788562274678002e-01,5.825619216109882981e-01
1.341000000000000858e+00,5.421194720490268848e-01,5.883636624445354180e-01
1.341500000000000803e+00,5.710335432045092752e-01,5.957550219068913355e-01
1.342000000000000970e+00,5.986157744668505476e-01,5.983594141705838032e-01
1.342500000000000693e+00,6.200962230601598790e-01,6.014905833418285885e-01
1.343000000000000860e+00,6.336441242929755635e-01,6.041941929818743784e-01
1.343500000000001027e+00,6.394750014142190908e-01,6.063172400478321622e-01
1.344000000000000750e+00,6.388351667392960787e-01,6.065885316748605982e-01
1.344500000000000917e+00,6.330300958304888592e-01,6.080159463212118087e-01
1.345000000000000862e+00,6.229114173691979728e-01,6.161357414964248047e-01
1.345500000000000806e+00,6.088900737763921489e-01,6.231397931648419153e-01
1.346000000000000973e+00,5.912480232635280997e-01,6.282072497929063193e-01
1.346500000000000696e+00,5.706386293279434030e-01,6.288193665493881923e-01
1.347000000000000863e+00,5.485676157715918544e-01,6.245098407215106118e-01
1.347500000000001030e+00,5.273905535615929230e-01,6.169407409936928932e-01
1.348000000000000753e+00,5.095072942336653643e-01,6.074193545087320789e-01
1.348500000000000920e+00,4.963560838664698993e-01,5.970917042718857370e-01
1.349000000000000865e+00,4.879614509988410842e-01,5.847644498180670780e-01
1.349500000000000810e+00,4.827459964002186465e-01,5.789884673773455503e-01
1.350000000000000977e+00,4.784007301578483973e-01,5.761324277265745808e-01
1.350500000000000700e+00,4.740658009485918534e-01,5.729354690974786113e-01
1.351000000000000867e+00,4.708091950455638997e-01,5.685986224403376532e-01
1.351500000000001034e+00,4.695843945786413731e-01,5.637268817608739324e-01
1.352000000000000757e+00,4.695715068596166830e-01,5.583248087752288313e-01
1.352500000000000924e+00,4.684846157033760727e-01,5.552243210095579862e-01
1.353000000000000869e+00,4.641372670887067287e-01,5.549004224068377900e-01
1.353500000000000814e+00,4.565023374864602412e-01,5.540411573404637746e-01
1.354000000000000981e+00,4.484573766126407901e-01,5.565727622829499399e-01
1.354500000000000703e+00,4.428266879266452571e-01,5.596959705065983615e-01
1.355000000000000870e+00,4.387771582623424260e-01,5.667431836534742029e-01
1.355500000000001037e+00,4.331496358899816768e-01,5.760717468623376414e-01
1.356000000000000760e+00,4.243515308888059501e-01,5.860295149725883723e-01
1.356500000000000927e+00,4.140324830607687856e-01,5.937314362620018660e-01
1.357000000000000872e+00,4.059618401371827834e-01,6.064898926021118353e-01
1.357500000000000817e+00,4.038893675655472748e-01,6.191758866675898254e-01
1.358000000000000984e+00,4.100070633117025021e-01,6.299860696325055853e-01
1.358500000000000707e+00,4.241522018982779585e-01,6.434566184790816434e-01
1.359000000000000874e+00,4.430809297660111556e-01,6.555272128948269605e-01
1.359500000000001041e+00,4.605497501226622492e-01,6.666449952343912466e-01
1.360000000000000764e+00,4.695494152466000992e-01,6.772276414473752393e-01
1.360500000000000931e+00,4.655501274942814294e-01,6.872300558787015623e-01
1.361000000000000876e+00,4.482891085969014644e-01,6.994889290417241057e-01
1.361500000000000821e+00,4.211286823003487778e-01,7.156300616703902273e-01
1.362000000000000988e+00,3.889731275136905642e-01,7.336342081214792810e-01
1.362500000000000711e+00,3.576111013056721410e-01,7.509258999352157460e-01
1.363000000000000878e+00,3.342642016734201915e-01,7.694397050565425777e-01
1.363500000000001044e+00,3.265196175191425465e-01,7.902648200890310948e-01
1.364000000000000767e+00,3.393572668698761063e-01,8.099664011405943720e-01
1.364500000000000934e+00,3.709876565392810632e-01,8.290880661961603781e-01
1.365000000000000879e+00,4.140503549438308006e-01,8.534651248904498999e-01
1.365500000000000824e+00,4.611917405477735099e-01,8.778613783900131029e-01
1.366000000000000991e+00,5.077401094672719939e-01,9.064846318025464589e-01
1.366500000000000714e+00,5.507792509687716720e-01,9.376190926873284592e-01
1.367000000000000881e+00,5.880241723394973308e-01,9.653352139929871623e-01
1.367500000000001048e+00,6.183063449648545928e-01,9.912195038534908909e-01
1.368000000000000771e+00,6.398059637605149064e-01,1.018485394170998593e+00
1.368500000000000938e+00,6.468699920789291458e-01,1.047645883711932457e+00
1.369000000000000883e+00,6.328770354689580158e-01,1.076563478531082030e+00
1.369500000000000828e+00,5.976262090353731127e-01,1.117378259069644164e+00
1.370000000000000995e+00,5.447839923748304392e-01,1.167025583944700795e+00
1.370500000000000718e+00,4.770332669035118878e-01,1.218079750165705466e+00
1.371000000000000885e+00,4.059102984441033124e-01,1.264247847500620248e+00
1.371500000000001052e+00,3.552047245535728814e-01,1.305711467270640691e+00
1.372000000000000774e+00,3.534342315197071538e-01,1.355551549739937967e+00
1.372500000000000941e+00,4.168692940547860104e-01,1.412852145545027582e+00
1.373000000000000886e+00,5.358786719067415438e-01,1.473966440019943924e+00
1.373500000000000831e+00,6.892612517263926319e-01,1.537540881559425365e+00
1.374000000000000998e+00,8.557738011537642242e-01,1.609025230560175768e+00
1.374500000000000721e+00,1.011345299374268425e+00,1.680027125698110080e+00
1.375000000000000888e+00,1.137852428862804910e+00,1.749517940150957740e+00
1.375500000000001055e+00,1.232447749463873476e+00,1.827502026353062137e+00
1.376000000000000778e+00,1.276826644631535057e+00,1.903855260257784732e+00
1.376500000000000945e+00,1.256441640408373583e+00,1.969300611189446881e+00
1.377000000000000890e+00,1.172951761036764129e+00,2.046463596625923920e+00
1.377500000000000835e+00,1.019609787311400728e+00,2.119485534244175629e+00
1.378000000000001002e+00,7.949605180714128805e-01,2.203697813639549530e+00
1.378500000000000725e+00,5.598572726938073618e-01,2.291826631080088106e+00
1.379000000000000892e+00,4.617822138368765650e-01,2.367516484299811097e+00
1.379500000000001059e+00,6.140673927344006966e-01,2.456343518633348211e+00
1.380000000000000782e+00,9.895618341025109732e-01,2.562388174998457835e+00
1.380500000000000949e+00,1.482082659166561900e+00,2.656558551385058919e+00
1.381000000000000894e+00,1.996599480955147943e+00,2.737057850056324515e+00
1.381500000000000838e+00,2.484456805730209883e+00,2.813559243349647687e+00
1.382000000000001005e+00,2.917409315786640533e+00,2.880968462492559112e+00
1.382500000000000728e+00,3.278822239135352312e+00,2.940621013143535301e+00
1.383000000000000895e+00,3.574311647052093921e+00,2.990594578054090569e+00
1.383500000000001062e+00,3.814019166050902410e+00,3.031683696658726390e+00
1.384000000000000785e+00,4.005702773831533392e+00,3.067525260900708428e+00
1.384500000000000952e+00,4.154855751003029951e+00,3.089158514762931684e+00
1.385000000000000897e+00,4.265379464849204716e+00,3.106108517845859840e+00
1.385500000000000842e+00,4.340019892461569384e+00,3.120780257455734397e+00
1.386000000000001009e+00,4.380583161979432205e+00,3.127561040334954967e+00
1.386500000000000732e+00,4.388009256255037904e+00,3.128809774095851370e+00
1.387000000000000899e+00,4.362378071939991386e+00,3.122832428881687772e+00
1.387500000000001066e+00,4.302902364921889600e+00,3.107019014927209888e+00
1.388000000000000789e+00,4.207917314383243124e+00,3.086075500281306283e+00
1.388500000000000956e+00,4.074824125698148336e+00,3.068162091325806085e+00
1.389000000000000901e+00,3.899913634034159138e+00,3.047624331043576440e+00
1.389500000000000846e+00,3.677986033186971149e+00,3.020842441833101688e+00
1.390000000000001013e+00,3.401728062079625747e+00,2.981684579893944864e+00
1.390500000000000735e+00,3.061397117543125823e+00,2.932316969547052565e+00
1.391000000000000902e+00,2.649519013125054112e+00,2.875229968934918112e+00
1.391500000000001069e+00,2.176540404262115480e+00,2.810630714836234834e+00
1.392000000000000792e+00,1.669720966626349057e+00,2.748425027835205814e+00
1.392500000000000959e+00,1.168353820346751171e+00,2.677865357790533363e+00
1.393000000000000904e+00,7.481211645567630297e-01,2.586688265263149766e+00
1.393500000000000849e+00,5.267592367256044295e-01,2.490614967904962729e+00
1.394000000000001016e+00,5.541722986772625870e-01,2.405953441331373899e+00
1.394500000000000739e+00,7.811646037550311616e-01,2.305396794330652810e+00
1.395000000000000906e+00,1.047651369649347020e+00,2.219063894772351997e+00
1.395500000000001073e+00,1.245440000257909574e+00,2.124839262254176742e+00
1.396000000000000796e+00,1.361921750353973115e+00,2.037694418710134237e+00
1.396500000000000963e+00,1.410254769836683630e+00,1.936227112606253131e+00
1.397000000000000908e+00,1.392102989722196593e+00,1.833663041701091290e+00
1.397500000000000853e+00,1.318772115432512937e+00,1.739047738409247756e+00
1.398000000000001020e+00,1.207356719078039875e+00,1.682984457093686270e+00
1.398500000000000743e+00,1.055675021038223971e+00,1.631781624495838967e+00
1.399000000000000909e+00,8.824175157282857507e-01,1.579407363642153950e+00
1.399500000000001076e+00,7.223637267566487274e-01,1.532562335171680612e+00
1.400000000000000799e+00,5.966152072332038259e-01,1.479941937382621031e+00
1.400500000000000966e+00,5.152644451812475879e-01,1.419359109982221590e+00
1.401000000000000689e+00,4.797982862385806735e-01,1.362657637400965793e+00
1.401500000000000856e+00,4.852676488713942859e-01,1.322254712592349613e+00
1.402000000000001023e+00,5.229535780648414400e-01,1.280008214964870827e+00
1.402500000000000746e+00,5.817296841440346977e-01,1.238569471492477314e+00
1.403000000000000913e+00,6.495811292476535437e-01,1.195861919923056016e+00
1.403500000000001080e+00,7.121626146442923133e-01,1.157354659521818041e+00
1.404000000000000803e+00,7.513436697155497779e-01,1.119090323888047411e+00
1.404500000000000970e+00,7.578047690171771933e-01,1.078320529270602179e+00
1.405000000000000693e+00,7.362745182396788213e-01,1.047167536254603570e+00
1.405500000000000860e+00,6.973241576851851864e-01,1.021388609815089499e+00
1.406000000000001027e+00,6.483824722435336252e-01,1.000696875168581190e+00
1.406500000000000750e+00,5.948073400685351952e-01,9.799927582278940008e-01
1.407000000000000917e+00,5.441188006378826492e-01,9.561322928606330596e-01
1.407500000000001084e+00,5.034360587609630899e-01,9.310344530054648349e-01
1.408000000000000806e+00,4.766416495340283221e-01,9.052101296154033694e-01
1.408500000000000973e+00,4.642754452247154218e-01,8.849052545239020073e-01
1.409000000000000696e+00,4.652526412983273296e-01,8.648189300741984109e-01
1.409500000000000863e+00,4.769997361851300299e-01,8.431574802883450293e-01
1.410000000000001030e+00,4.954747720104809572e-01,8.195037373616216314e-01
1.410500000000000753e+00,5.178415538610185997e-01,7.934405017703947127e-01
1.411000000000000920e+00,5.429956786208227637e-01,7.656432211364180285e-01
1.411500000000001087e+00,5.681233185960363752e-01,7.458740913451371579e-01
1.412000000000000810e+00,5.874079116717196847e-01,7.368347305927247515e-01
1.412500000000000977e+00,5.960633402582452556e-01,7.272891295021276514e-01
1.413000000000000700e+00,5.933013127292511291e-01,7.213185066909683085e-01
1.413500000000000867e+00,5.803497401891555274e-01,7.113893795274709442e-01
1.414000000000001034e+00,5.591319950399904481e-01,7.019795778047118739e-01
1.414500000000000757e+00,5.324746753461219173e-01,6.906522300200169662e-01
1.415000000000000924e+00,5.030546928865258227e-01,6.792931110509268233e-01
1.415500000000001091e+00,4.733544925224894007e-01,6.774570315662373776e-01
1.416000000000000814e+00,4.466653828218024591e-01,6.738141706423710353e-01
1.416500000000000981e+00,4.266737780074179587e-01,6.613158168623738398e-01
1.417000000000000703e+00,4.150870782557437022e-01,6.488274494189563146e-01
1.417500000000000870e+00,4.107684594061337124e-01,6.390912631449829906e-01
1.418000000000001037e+00,4.115461842521372371e-01,6.292745582235519386e-01
1.418500000000000760e+00,4.153947921515088737e-01,6.164983423046866973e-01
1.419000000000000927e+00,4.209706544897471869e-01,6.015015252646715993e-01
1.419500000000001094e+00,4.287712182272310768e-01,5.870664127828246759e-01
1.420000000000000817e+00,4.400492880427093745e-01,5.716268569349056694e-01
1.420500000000000984e+00,4.527560277083203522e-01,5.550643085633193419e-01
1.421000000000000707e+00,4.631455172468820214e-01,5.535164965457022301e-01
1.421500000000000874e+00,4.703873691827008541e-01,5.609137956376695211e-01
1.422000000000001041e+00,4.755018858089629097e-01,5.688668768887599203e-01
1.422500000000000764e+00,4.787623009648723782e-01,5.745956112785156611e-01
1.423000000000000931e+00,4.808584792553601828e-01,5.788457384155536456e-01
1.423500000000001098e+00,4.837946615075215395e-01,5.820673603285391184e-01
1.424000000000000821e+00,4.902556426769793529e-01,5.841209337023451909e-01
1.424500000000000988e+00,5.027843091229863282e-01,5.859143847599428412e-01
1.425000000000000711e+00,5.213769078399054235e-01,5.872739768138716121e-01
1.425500000000000878e+00,5.424282626294169019e-01,5.874521408929207489e-01
1.426000000000001044e+00,5.611088305624317707e-01,5.787641775458278737e-01
1.426500000000000767e+00,5.735412884249418974e-01,5.672813002186687381e-01
1.427000000000000934e+00,5.774927985075304360e-01,5.521791450761375231e-01
1.427500000000001101e+00,5.726058428346396667e-01,5.358149430645795519e-01
1.428000000000000824e+00,5.603463171767321116e-01,5.225594529133712474e-01
1.428500000000000991e+00,5.434450309625143971e-01,5.086098807255803322e-01
1.429000000000000714e+00,5.249379852766274945e-01,4.964234389218696863e-01
1.429500000000000881e+00,5.070771115468046819e-01,4.876869720143964804e-01
1.430000000000001048e+00,4.907666787215470561e-01,4.750002882254360514e-01
1.430500000000000771e+00,4.765925133033091510e-01,4.788558961011742943e-01
1.431000000000000938e+00,4.669507691364852553e-01,4.883125385609178859e-01
1.431500000000001105e+00,4.666560675962974081e-01,4.976176601013534428e-01
1.432000000000000828e+00,4.803410438767787838e-01,5.046237061238584287e-01
1.432500000000000995e+00,5.091057109892804800e-01,5.074463768457143642e-01
1.433000000000000718e+00,5.494091629274355792e-01,5.185882839282471846e-01
1.433500000000000885e+00,5.941090089577428790e-01,5.329050370923442692e-01
1.434000000000001052e+00,6.353838627800684202e-01,5.468191370747279567e-01
1.434500000000000774e+00,6.674060095247937863e-01,5.650826082870191724e-01
1.435000000000000941e+00,6.868978742775043722e-01,5.817718632972196380e-01
1.435500000000001108e+00,6.924081713606368149e-01,5.902412586471704747e-01
1.436000000000000831e+00,6.836754415557197984e-01,6.006026391366591222e-01
1.436500000000000998e+00,6.615240865287950189e-01,6.083749684940086278e-01
1.437000000000000721e+00,6.280201332111092771e-01,6.130081702496462670e-01
1.437500000000000888e+00,5.863839350679151963e-01,6.147439718395754094e-01
1.438000000000001055e+00,5.403073106539544312e-01,6.144396713367280549e-01
1.438500000000000778e+00,4.930241682958759197e-01,6.131356534705239003e-01
1.439000000000000945e+00,4.474112660223951154e-01,6.096983258387871363e-01
1.439500000000001112e+00,4.078218208059893324e-01,6.037644609926841044e-01
1.440000000000000835e+00,3.818521981905312890e-01,6.186271897391177887e-01
1.440500000000001002e+00,3.789218703068875094e-01,6.303661220577533308e-01
1.441000000000000725e+00,4.056487920303445405e-01,6.400134492739228964e-01
1.441500000000000892e+00,4.631911892579688717e-01,6.463234786249674180e-01
1.442000000000001059e+00,5.484185184403383984e-01,6.536878205917744378e-01
1.442500000000000782e+00,6.534186580899971064e-01,6.600727385558855520e-01
1.443000000000000949e+00,7.654965250501476470e-01,6.687725669375905735e-01
1.443500000000001116e+00,8.721423565809347522e-01,6.783314186701527859e-01
1.444000000000000838e+00,9.648112194194828906e-01,6.852786409355106079e-01
1.444500000000001005e+00,1.038814986259409157e+00,6.864229742730930672e-01
1.445000000000000728e+00,1.092007288439922785e+00,6.833704347418159131e-01
1.445500000000000895e+00,1.123733136257083487e+00,6.781296304674699904e-01
1.446000000000001062e+00,1.134157954727535556e+00,6.706281719670470487e-01
1.446500000000000785e+00,1.123841742441189950e+00,6.616412716685995399e-01
1.447000000000000952e+00,1.093499386540949025e+00,6.504060461368424972e-01
1.447500000000001119e+00,1.043966375515072764e+00,6.326319615523370299e-01
1.448000000000000842e+00,9.764099332270731457e-01,6.117388212731642572e-01
1.448500000000001009e+00,8.928146612314650232e-01,5.861249412919382618e-01
1.449000000000000732e+00,7.967334759941576694e-01,5.566561944748236179e-01
1.449500000000000899e+00,6.940820637955789074e-01,5.522711630556590423e-01
1.450000000000001066e+00,5.932756568048447310e-01,5.465376546745479569e-01
1.450500000000000789e+00,5.039357470644078019e-01,5.393907963362183366e-01
1.451000000000000956e+00,4.342153267166278807e-01,5.313190822242279676e-01
1.451500000000001123e+00,3.877426330476746452e-01,5.263245689093177804e-01
1.452000000000000846e+00,3.627585754277881103e-01,5.222412645127096908e-01
1.452500000000001013e+00,3.545547305155120621e-01,5.186265506527375502e-01
1.453000000000000735e+00,3.582768989048683572e-01,5.131918432559370302e-01
1.453500000000000902e+00,3.697680347480696850e-01,5.102787919657407745e-01
1.454000000000001069e+00,3.850216568107880377e-01,5.075475989664512966e-01
1.454500000000000792e+00,3.998029322768835714e-01,5.038560538703280578e-01
1.455000000000000959e+00,4.101122045786363413e-01,4.995148057252207785e-01
1.455500000000001126e+00,4.130460845184783514e-01,5.013206686626296982e-01
1.456000000000000849e+00,4.073329127800472405e-01,5.017914176777210633e-01
1.456500000000001016e+00,3.932183602717405635e-01,5.022914151749239275e-01
1.457000000000000739e+00,3.718841955879964023e-01,5.021210891973540980e-01
1.457500000000000906e+00,3.449675183117773547e-01,5.039017616353996809e-01
1.458000000000001073e+00,3.146943019347926973e-01,5.107157622565734467e-01
1.458500000000000796e+00,2.845767483683691590e-01,5.253798231682902387e-01
1.459000000000000963e+00,2.603046891822121123e-01,5.409318732274366326e-01
1.459500000000001130e+00,2.502253548520038673e-01,5.549898820813032874e-01
1.460000000000000853e+00,2.640574699331406650e-01,5.698120528465315804e-01
1.460500000000001020e+00,3.095771530343651712e-01,5.859516458933359262e-01
1.461000000000000743e+00,3.901153233122146569e-01,6.119043819386414951e-01
1.461500000000000909e+00,5.043764038536470151e-01,6.389092218507238519e-01
1.462000000000001076e+00,6.476943016239218309e-01,6.618528928689844104e-01
1.462500000000000799e+00,8.120381203695794525e-01,6.813959888009240018e-01
1.463000000000000966e+00,9.834391610477540846e-01,6.984846266147546334e-01
1.463500000000001133e+00,1.146131392144462691e+00,7.103955452510770652e-01
1.464000000000000856e+00,1.289268617959034913e+00,7.146321271307052303e-01
1.464500000000001023e+00,1.407324993072399888e+00,7.222013947929346589e-01
1.465000000000000746e+00,1.497930776259420949e+00,7.340528981019471821e-01
1.465500000000000913e+00,1.560223815213994447e+00,7.427265043710681303e-01
1.466000000000001080e+00,1.593895280632347866e+00,7.452606762654307992e-01
1.466500000000000803e+00,1.598692848603179062e+00,7.452730862989312977e-01
1.467000000000000970e+00,1.574273624063516896e+00,7.400092692445686682e-01
1.467500000000001137e+00,1.520329068202107781e+00,7.308254495396162564e-01
1.468000000000000860e+00,1.436878677617440259e+00,7.133807077140910113e-01
1.468500000000001027e+00,1.324642482827420142e+00,6.933907863354300538e-01
1.469000000000000750e+00,1.185448037822611544e+00,6.724509402702305572e-01
1.469500000000000917e+00,1.022761931623401344e+00,6.475851808765281659e-01
1.470000000000001084e+00,8.427896646656922730e-01,6.249213500405600419e-01
1.470500000000000806e+00,6.566921382126660323e-01,6.042492523200581056e-01
1.471000000000000973e+00,4.830962073064338780e-01,5.891571998498753571e-01
1.471500000000001140e+00,3.468136754993768611e-01,5.758064085289918976e-01
1.472000000000000863e+00,2.677713925275394535e-01,5.606309810905439894e-01
1.472500000000001030e+00,2.471453914316459333e-01,5.453450063684593951e-01
1.473000000000000753e+00,2.700311547804746248e-01,5.341232547894280147e-01
1.473500000000000920e+00,3.174375784310232151e-01,5.291785833694337970e-01
1.474000000000001087e+00,3.730010225167713078e-01,5.225784643858857326e-01
1.474500000000000810e+00,4.244217320694285145e-01,5.143931903790404103e-01
1.475000000000000977e+00,4.633827694824409482e-01,5.084075845304024677e-01
1.475500000000001144e+00,4.862450028623656051e-01,5.144103676230484812e-01
1.476000000000000867e+00,4.950367633525874500e-01,5.194600683493117987e-01
1.476500000000001034e+00,4.964768610004298699e-01,5.245046455963541243e-01
1.477000000000000757e+00,4.978100865740587300e-01,5.314407083516459185e-01
1.477500000000000924e+00,5.030757385173788565e-01,5.372432831407929488e-01
1.478000000000001091e+00,5.133671558703282178e-01,5.414350291401687221e-01
1.478500000000000814e+00,5.288330845258432111e-01,5.440968398421426322e-01
1.479000000000000981e+00,5.494876559889378953e-01,5.419783480482027738e-01
1.479500000000001148e+00,5.745433784636042596e-01,5.386997743753140222e-01
1.480000000000000870e+00,6.016144617473251355e-01,5.346112252489818584e-01
1.480500000000001037e+00,6.270806972671676416e-01,5.282124633308209471e-01
1.481000000000000760e+00,6.474566506401724375e-01,5.190213659220013209e-01
1.481500000000000927e+00,6.604369299320010933e-01,5.102051327488695831e-01
1.482000000000001094e+00,6.650521579901791380e-01,5.074059884560455647e-01
1.482500000000000817e+00,6.614163375715045312e-01,5.142030599982236883e-01
1.483000000000000984e+00,6.504256530754457533e-01,5.180519783052235372e-01
1.483500000000001151e+00,6.333433124487843902e-01,5.194114726801511983e-01
1.484000000000000874e+00,6.112750166838625265e-01,5.198221884144820226e-01
1.484500000000001041e+00,5.849787159570919437e-01,5.177627322992487402e-01
1.485000000000000764e+00,5.552190927955767963e-01,5.133216272469028896e-01
1.485500000000000931e+00,5.231125192029569826e-01,5.049651798288353755e-01
1.486000000000001098e+00,4.902080588867489541e-01,4.987293840941314227e-01
1.486500000000000821e+00,4.586175209198423697e-01,4.986993671090124702e-01
1.487000000000000988e+00,4.311396474012755275e-01,4.933132705918779060e-01
1.487500000000001155e+00,4.106350819259128038e-01,4.899243882638502079e-01
1.488000000000000878e+00,3.984999113487112110e-01,4.899142675760262966e-01
1.488500000000001044e+00,3.940540352154859316e-01,4.905272446400812392e-01
1.489000000000000767e+00,3.957697991597219911e-01,4.907803888601589004e-01
1.489500000000000934e+00,4.024622857713526791e-01,4.910828859300767069e-01
1.490000000000001101e+00,4.133753446319464731e-01,4.896666522579001257e-01
1.490500000000000824e+00,4.277543248659244624e-01,4.879395856610445614e-01
1.491000000000000991e+00,4.440010804299556746e-01,4.892514201145616859e-01
1.491500000000001158e+00,4.587344282649205018e-01,4.948936590220216480e-01
1.492000000000000881e+00,4.671111544891614065e-01,5.044770698336155101e-01
1.492500000000001048e+00,4.647877379201592052e-01,5.260066691769329505e-01
1.493000000000000771e+00,4.504103710045845865e-01,5.575445535991481183e-01
1.493500000000000938e+00,4.270802275675615323e-01,5.907922451604519232e-01
1.494000000000001105e+00,3.993838744908132510e-01,6.297505632181447099e-01
1.494500000000000828e+00,3.671742327171545472e-01,6.722252422360448509e-01
1.495000000000000995e+00,3.277331553349688287e-01,7.193856473905120286e-01
1.495500000000001162e+00,2.832614179978000246e-01,7.663669625698433796e-01
1.496000000000000885e+00,2.445689751477235219e-01,8.227558643598129606e-01
1.496500000000001052e+00,2.308515835363812163e-01,8.821713477627042277e-01
1.497000000000000774e+00,2.629101892140379149e-01,9.515573327835786799e-01
1.497500000000000941e+00,3.505797296744977420e-01,1.015294764103416236e+00
1.498000000000001108e+00,4.882660015756338789e-01,1.072469848498249778e+00
1.498500000000000831e+00,6.664754061945358243e-01,1.131198969373202745e+00
1.499000000000000998e+00,8.868342419223971262e-01,1.193651407914138485e+00
1.499500000000001165e+00,1.145724987309841847e+00,1.253310215052809706e+00
1.500000000000000888e+00,1.411243615241517313e+00,1.306208682805761745e+00
1.500500000000001055e+00,1.655323145551373498e+00,1.350581821672878657e+00
1.501000000000000778e+00,1.867171747063371301e+00,1.382267443684855435e+00
1.501500000000000945e+00,2.044507076176932170e+00,1.405007794218656736e+00
1.502000000000001112e+00,2.187712745826565719e+00,1.419360421764153779e+00
1.502500000000000835e+00,2.297800300373722848e+00,1.429347502098927247e+00
1.503000000000001002e+00,2.375812368129269547e+00,1.431422493934625839e+00
1.503500000000001169e+00,2.422649337549877213e+00,1.425945608723879099e+00
1.504000000000000892e+00,2.438991452660673964e+00,1.413927788324551793e+00
1.504500000000001059e+00,2.425224625566481329e+00,1.395920344671145674e+00
1.505000000000000782e+00,2.381358878143942093e+00,1.365855847186546956e+00
1.505500000000000949e+00,2.306962833720755501e+00,1.337092496067381786e+00
1.506000000000001116e+00,2.201152712947615608e+00,1.309136993464757426e+00
1.506500000000000838e+00,2.062681132043235888e+00,1.275000466661520671e+00
1.507000000000001005e+00,1.890208714492057185e+00,1.237041764689661205e+00
1.507500000000001172e+00,1.683009021661591165e+00,1.198696324274179492e+00
1.508000000000000895e+00,1.442835577165638039e+00,1.156801744870072035e+00
1.508500000000001062e+00,1.178234891413964203e+00,1.109213095864991727e+00
1.509000000000000785e+00,9.091845240628861902e-01,1.057835934368752895e+00
1.509500000000000952e+00,6.603800842038120011e-01,1.005969085258879847e+00
1.510000000000001119e+00,4.526835464580896695e-01,9.516161668367532078e-01
1.510500000000000842e+00,3.079009777764850631e-01,9.072125575101749329e-01
1.511000000000001009e+00,2.357963224575453098e-01,8.650154627126758200e-01
1.511500000000001176e+00,2.269138545349329017e-01,8.245788712843467039e-01
1.512000000000000899e+00,2.597720145442831141e-01,7.810708780163808651e-01
1.512500000000001066e+00,3.107070288037154793e-01,7.449424280892691375e-01
1.513000000000000789e+00,3.605591088752904128e-01,7.144846612390473028e-01
1.513500000000000956e+00,3.973840689586899400e-01,6.804761427329890644e-01
1.514000000000001123e+00,4.161059329059814682e-01,6.513990280058674642e-01
1.514500000000000846e+00,4.165898079348416827e-01,6.235644921890278747e-01
1.515000000000001013e+00,4.020723128137187463e-01,5.988921238230016098e-01
1.515500000000001180e+00,3.789387296654729287e-01,5.744616317575144127e-01
1.516000000000000902e+00,3.561495327752998152e-01,5.523573307840445867e-01
1.516500000000001069e+00,3.415413861562345832e-01,5.332837417790047274e-01
1.517000000000000792e+00,3.385985582823784479e-01,5.158926500885173683e-01
1.517500000000000959e+00,3.475818216789897108e-01,4.987424103925636176e-01
1.518000000000001126e+00,3.673322095288951150e-01,4.842925772699114839e-01
1.518500000000000849e+00,3.955301077040005997e-01,4.703034769486348909e-01
1.519000000000001016e+00,4.287605587576485133e-01,4.610460525437169998e-01
1.519500000000001183e+00,4.632761721322190551e-01,4.522481003495276153e-01
1.520000000000000906e+00,4.959093963415176498e-01,4.596716546942481441e-01
1.520500000000001073e+00,5.247213543544211323e-01,4.652801188028952706e-01
1.521000000000000796e+00,5.492501936654140549e-01,4.684952570836421470e-01
1.521500000000000963e+00,5.700696908318794165e-01,4.681050895315165827e-01
1.522000000000001130e+00,5.877399344808459380e-01,4.702469583314649593e-01
1.522500000000000853e+00,6.021789058826022556e-01,4.800883556147970133e-01
1.523000000000001020e+00,6.133897693438636889e-01,4.889525002301249867e-01
1.523500000000001187e+00,6.225777805687727762e-01,4.972901301728073209e-01
1.524000000000000909e+00,6.320404722239607587e-01,5.042382666986309214e-01
1.524500000000001076e+00,6.438487970067001687e-01,5.068389066866285653e-01
1.525000000000000799e+00,6.585888392816416914e-01,5.069679681825428608e-01
1.525500000000000966e+00,6.750073122997151120e-01,5.074336151731074773e-01
1.526000000000001133e+00,6.903753586691592226e-01,5.070249503131221136e-01
1.526500000000000856e+00,7.010928559485413158e-01,5.019863219057481007e-01
1.527000000000001023e+00,7.033517631098199496e-01,4.946125320120987601e-01
1.527500000000001190e+00,6.939160881594504948e-01,4.877605442936748803e-01
1.528000000000000913e+00,6.711859525767752688e-01,4.853340265939058429e-01
1.528500000000001080e+00,6.366395412643848228e-01,4.824418215226579099e-01
1.529000000000000803e+00,5.957827589190329842e-01,4.841674453567998415e-01
1.529500000000000970e+00,5.551427601611159668e-01,4.864941550811410775e-01
1.530000000000001137e+00,5.159964060533723806e-01,4.875699817518296397e-01
1.530500000000000860e+00,4.756899272764031350e-01,4.916726661506219398e-01
1.531000000000001027e+00,4.334453915174604210e-01,5.002844296028426951e-01
1.531500000000001194e+00,3.914631828360676247e-01,5.092516271592119059e-01
1.532000000000000917e+00,3.532156771546544616e-01,5.212075607171510194e-01
1.532500000000001084e+00,3.219106904737462083e-01,5.346458859282259279e-01
1.533000000000000806e+00,3.005646242989014061e-01,5.548934419800243267e-01
1.533500000000000973e+00,2.938352609105570612e-01,5.721699613317012822e-01
1.534000000000001140e+00,3.097648989416506571e-01,6.043802030778959722e-01
1.534500000000000863e+00,3.585461870397870232e-01,6.371797961883812755e-01
1.535000000000001030e+00,4.472868229923169237e-01,6.673380280986742630e-01
1.535500000000001197e+00,5.726757565867257593e-01,6.938113758918316165e-01
1.536000000000000920e+00,7.206120821175713287e-01,7.173348697632990767e-01
1.536500000000001087e+00,8.755069961282540003e-01,7.386599041705483870e-01
1.537000000000000810e+00,1.024570675911459450e+00,7.560610452489571198e-01
1.537500000000000977e+00,1.158335162520388151e+00,7.718468742725931309e-01
1.538000000000001144e+00,1.271166562007421952e+00,7.859561422281095000e-01
1.538500000000000867e+00,1.360356906054829285e+00,7.965713896752061318e-01
1.539000000000001034e+00,1.424737953109373123e+00,8.078740703967863812e-01
1.539500000000001201e+00,1.463777080488900761e+00,8.173821997812353857e-01
1.540000000000000924e+00,1.477193986163306105e+00,8.171264455715545605e-01
1.540500000000001091e+00,1.464877518153780311e+00,8.128049276725782812e-01
1.541000000000000814e+00,1.426921859459848951e+00,8.006595741400776012e-01
1.541500000000000981e+00,1.363709928521152026e+00,7.816090466910849965e-01
1.542000000000001148e+00,1.276067591134659951e+00,7.631339299578056012e-01
1.542500000000000870e+00,1.165570062422921715e+00,7.457878017229206957e-01
1.543000000000001037e+00,1.035117708776735812e+00,7.266535121028760980e-01
1.543500000000001204e+00,8.898933480862540879e-01,6.998596985128522352e-01
1.544000000000000927e+00,7.386394525455828308e-01,6.699347425588161320e-01
1.544500000000001094e+00,5.945106508147821600e-01,6.431253909894522058e-01
1.545000000000000817e+00,4.730805325326279953e-01,6.185021432255988216e-01
1.545500000000000984e+00,3.855662782114463449e-01,5.942948651649668790e-01
1.546000000000001151e+00,3.337526577211405998e-01,5.675973079906335705e-01
1.546500000000000874e+00,3.128780395485687427e-01,5.377602373248188128e-01
1.547000000000001041e+00,3.152458673696066915e-01,5.057487787386297784e-01
1.547500000000001208e+00,3.314130732091012943e-01,4.856015043209587212e-01
1.548000000000000931e+00,3.526117510190142634e-01,4.767135734244239420e-01
1.548500000000001098e+00,3.727251721527822248e-01,4.744294359132690819e-01
1.549000000000000821e+00,3.881341185380891012e-01,4.767289292717989957e-01
1.549500000000000988e+00,3.967106010882406886e-01,4.782675373667143459e-01
1.550000000000001155e+00,3.972535994186757735e-01,4.789816422614577851e-01
1.550500000000000878e+00,3.896860016745858912e-01,4.815591502966863335e-01
1.551000000000001044e+00,3.757381691187814399e-01,4.868560480260192835e-01
1.551500000000001211e+00,3.594193636608536968e-01,4.960999227034196268e-01
1.552000000000000934e+00,3.464861749415898973e-01,5.034003804738869103e-01
1.552500000000001101e+00,3.427367058812985645e-01,5.114829486320908725e-01
1.553000000000000824e+00,3.520452494792010167e-01,5.134779822439593522e-01
1.553500000000000991e+00,3.758517602059610607e-01,5.141679055657814024e-01
1.554000000000001158e+00,4.145955284630248872e-01,5.175185335153563715e-01
1.554500000000000881e+00,4.689023352414663504e-01,5.213423574804263438e-01
1.555000000000001048e+00,5.386995455147123302e-01,5.249242983286838138e-01
1.555500000000001215e+00,6.214249763914776459e-01,5.324505268758634724e-01
1.556000000000000938e+00,7.114036473979821196e-01,5.403771092444268342e-01
1.556500000000001105e+00,8.011647013000370299e-01,5.465118922877005847e-01
1.557000000000000828e+00,8.835670902104857394e-01,5.506493205629271470e-01
1.557500000000000995e+00,9.529794545421059748e-01,5.621594809333811948e-01
1.558000000000001162e+00,1.005281717270942954e+00,5.705227504734512456e-01
1.558500000000000885e+00,1.037497626995400157e+00,5.744676762721644403e-01
1.559000000000001052e+00,1.047595644253139779e+00,5.815806736098088070e-01
1.559500000000001219e+00,1.034501628526223183e+00,5.875413946146269550e-01
1.560000000000000941e+00,9.982151748571566063e-01,5.929918639739144570e-01
1.560500000000001108e+00,9.400039910324965442e-01,5.966524244848108172e-01
1.561000000000000831e+00,8.627845523745352185e-01,5.980796718160525938e-01
1.561500000000000998e+00,7.718216976319609568e-01,5.961489857144859350e-01
1.562000000000001165e+00,6.754460678498505066e-01,5.911861774478304188e-01
1.562500000000000888e+00,5.847782843941626840e-01,5.878057426574814226e-01
1.563000000000001055e+00,5.119564477433077299e-01,5.810343879673063316e-01
1.563500000000001222e+00,4.669858698239142680e-01,5.743929190045317101e-01
1.564000000000000945e+00,4.536677102031676512e-01,5.699776053222003203e-01
1.564500000000001112e+00,4.678567541745304870e-01,5.620061675546376145e-01
1.565000000000000835e+00,5.004160638397724403e-01,5.569894488974740376e-01
1.565500000000001002e+00,5.419943373022044764e-01,5.515907790021841173e-01
1.566000000000001169e+00,5.848142708546862911e-01,5.483621111415983851e-01
1.566500000000000892e+00,6.224500177163878600e-01,5.436752509903636232e-01
1.567000000000001059e+00,6.498841184122235992e-01,5.551270502595062606e-01
1.567500000000001226e+00,6.641598737530277630e-01,5.644316490868488412e-01
1.568000000000000949e+00,6.648979495546082363e-01,5.694675424435892142e-01
1.568500000000001116e+00,6.538721930874387134e-01,5.731493629762697273e-01
1.569000000000000838e+00,6.335422600062308174e-01,5.771090720617173542e-01
1.569500000000001005e+00,6.056210110800567259e-01,5.797308597097384775e-01
1.570000000000001172e+00,5.709093586792194364e-01,5.804204076888103137e-01
1.570500000000000895e+00,5.306084268439430485e-01,5.792557257770315493e-01
1.571000000000001062e+00,4.884622825459823403e-01,5.771865716360458087e-01
1.571500000000001229e+00,4.518183995166536460e-01,5.682779461481213268e-01
1.572000000000000952e+00,4.285069383051324232e-01,5.558937874568812276e-01
1.572500000000001119e+00,4.216484145053046584e-01,5.452816812215786069e-01
1.573000000000000842e+00,4.293026135795391940e-01,5.345348618931803353e-01
1.573500000000001009e+00,4.471880480105291933e-01,5.229082047479725048e-01
1.574000000000001176e+00,4.713586796994231887e-01,5.116139632772684909e-01
1.574500000000000899e+00,4.992132667334874263e-01,5.016335957072628471e-01
1.575000000000001066e+00,5.275652547338002263e-01,4.910117451915009257e-01
1.575500000000001233e+00,5.521262652015165306e-01,4.862210450719377519e-01
1.576000000000000956e+00,5.697344137822362153e-01,4.827080618639037479e-01
1.576500000000001123e+00,5.789527907415910057e-01,5.059417446519753891e-01
1.577000000000000846e+00,5.788439919298152825e-01,5.266675325247327510e-01
1.577500000000001013e+00,5.684560690042723685e-01,5.460979269157660854e-01
1.578000000000001180e+00,5.477433958958296545e-01,5.640552819058241019e-01
1.578500000000000902e+00,5.187985647945956291e-01,5.801999400615615032e-01
1.579000000000001069e+00,4.865691379392043103e-01,5.940565472191410290e-01
1.579500000000001236e+00,4.592659584526989081e-01,6.072358945285885046e-01
1.580000000000000959e+00,4.487314775339809603e-01,6.214621541454193876e-01
1.580500000000001126e+00,4.660089059708602544e-01,6.347186753245513957e-01
1.581000000000000849e+00,5.083515289693401051e-01,6.425496211299258631e-01
1.581500000000001016e+00,5.606069785691552010e-01,6.467604914178165521e-01
1.582000000000001183e+00,6.083669888256733049e-01,6.513264683538889654e-01
1.582500000000000906e+00,6.415709726389138279e-01,6.532995651487667477e-01
1.583000000000001073e+00,6.541894670620141961e-01,6.516499863591999064e-01
1.583500000000001240e+00,6.440176925536030828e-01,6.505848102386860843e-01
1.584000000000000963e+00,6.123804987710275149e-01,6.482823532174676329e-01
1.584500000000001130e+00,5.636029135412903290e-01,6.483040784522084987e-01
1.585000000000000853e+00,5.044690660212201028e-01,6.461286017521088443e-01
1.585500000000001020e+00,4.433609688448217900e-01,6.419396735850709801e-01
1.586000000000001187e+00,3.880427216915325328e-01,6.396844254745543967e-01
1.586500000000000909e+00,3.454442114131265340e-01,6.426685301023475905e-01
1.587000000000001076e+00,3.259968338906492069e-01,6.539178212466811857e-01
1.587500000000001243e+00,3.382259086744511811e-01,6.658559291687520254e-01
1.588000000000000966e+00,3.770914218001578111e-01,6.791624782814252859e-01
1.588500000000001133e+00,4.329911888975600531e-01,6.958655198918297646e-01
1.589000000000000856e+00,4.973093121129112393e-01,7.233196258094223285e-01
1.589500000000001023e+00,5.607209929068983634e-01,7.463620494216386403e-01
1.590000000000001190e+00,6.158232484206056512e-01,7.654497257592209891e-01
1.590500000000000913e+00,6.592858232876931401e-01,7.966305329307710181e-01
1.591000000000001080e+00,6.875285403924009664e-01,8.332849507247370724e-01
1.591500000000001247e+00,6.917667955745675501e-01,8.664518559276711551e-01
1.592000000000000970e+00,6.646792018027652960e-01,8.987089101758105603e-01
1.592500000000001137e+00,6.131478673711594496e-01,9.282181739914801000e-01
1.593000000000000860e+00,5.538743877798919524e-01,9.599858240007483889e-01
1.593500000000001027e+00,4.937399163960991544e-01,9.993849848951444903e-01
1.594000000000001194e+00,4.422456447274020763e-01,1.057695033828221387e+00
1.594500000000000917e+00,4.209750212320953477e-01,1.112390494633649363e+00
1.595000000000001084e+00,4.527941514710815407e-01,1.173146471744361596e+00
1.595500000000001251e+00,5.476301762046699162e-01,1.237491837097824732e+00
1.596000000000000973e+00,6.918993935091451997e-01,1.301987134940270963e+00
1.596500000000001140e+00,8.550068659546472549e-01,1.362768578015783882e+00
1.597000000000000863e+00,1.011029623565890656e+00,1.419215451308004861e+00
1.597500000000001030e+00,1.149513661015250099e+00,1.470329346937095494e+00
1.598000000000001197e+00,1.267477065142704307e+00,1.519278005804487908e+00
1.598500000000000920e+00,1.362506773886096978e+00,1.576272440120995766e+00
1.599000000000001087e+00,1.411393039406022565e+00,1.628104213028786607e+00
1.599500000000001254e+00,1.393869549123951002e+00,1.679408214717684533e+00
1.600000000000000977e+00,1.309697916249029204e+00,1.738091845956986514e+00
1.600500000000001144e+00,1.156600106070429401e+00,1.802708800551374724e+00
1.601000000000000867e+00,9.267317959171961217e-01,1.893053653797402758e+00
1.601500000000001034e+00,6.566820903935017828e-01,1.990953294894171277e+00
1.602000000000001201e+00,4.854352134356486603e-01,2.080073001536918209e+00
1.602500000000000924e+00,5.678056126672113013e-01,2.169924493461192760e+00
1.603000000000001091e+00,9.073531321481886902e-01,2.277053819876468044e+00
1.603500000000001258e+00,1.376692612166990681e+00,2.368424879034820130e+00
1.604000000000000981e+00,1.885560712811489070e+00,2.444847734738996969e+00
1.604500000000001148e+00,2.377762904403564637e+00,2.517058106593666800e+00
1.605000000000000870e+00,2.819011911261413594e+00,2.580336731645811454e+00
1.605500000000001037e+00,3.193085841357401922e+00,2.636847962064405859e+00
1.606000000000001204e+00,3.499155246705142552e+00,2.683876939922564819e+00
1.606500000000000927e+00,3.746921530025889346e+00,2.723152404360688283e+00
1.607000000000001094e+00,3.944659055715222795e+00,2.757066061109442856e+00
1.607500000000001261e+00,4.098359960326011020e+00,2.786165039861409287e+00
1.608000000000000984e+00,4.212425615999856987e+00,2.807260542614745891e+00
1.608500000000001151e+00,4.290150256835498332e+00,2.819655414325116460e+00
1.609000000000000874e+00,4.333920178673503543e+00,2.825871797484573289e+00
1.609500000000001041e+00,4.345207615273233515e+00,2.825941236469636575e+00
1.610000000000001208e+00,4.324457409471909486e+00,2.818950818428222593e+00
1.610500000000000931e+00,4.271005240507956380e+00,2.799645950011728335e+00
1.611000000000001098e+00,4.183114481931990980e+00,2.772494984739549473e+00
1.611500000000001265e+00,4.058063964552134806e+00,2.742655772223158372e+00
1.612000000000000988e+00,3.892140850605166236e+00,2.711522827441177785e+00
1.612500000000001155e+00,3.680421676141137688e+00,2.673402338937303391e+00
1.613000000000000878e+00,3.416251648856395207e+00,2.631316279727518026e+00
1.613500000000001044e+00,3.090589194988526245e+00,2.583462001836897670e+00
1.614000000000001211e+00,2.694023269072340909e+00,2.526342335736827316e+00
1.614500000000000934e+00,2.233461148806216823e+00,2.461022875747941985e+00
1.615000000000001101e+00,1.732267955013542915e+00,2.386128315635363428e+00
1.615500000000001268e+00,1.239928536298844142e+00,2.298241085378468274e+00
1.616000000000000991e+00,8.016646933559785637e-01,2.201262385721788117e+00
1.616500000000001158e+00,5.347059955592887714e-01,2.107072451171965177e+00
1.617000000000000881e+00,5.275368169753457126e-01,2.032597098970451821e+00
1.617500000000001048e+00,7.128991048261059671e-01,1.951278169897639359e+00
1.618000000000001215e+00,9.544175452366113754e-01,1.868264673650366081e+00
1.618500000000000938e+00,1.151645041039747852e+00,1.793175951590314288e+00
1.619000000000001105e+00,1.276751037522103172e+00,1.731091538378285666e+00
1.619500000000001272e+00,1.338227046902232376e+00,1.659233019993897162e+00
1.620000000000000995e+00,1.336236449943482896e+00,1.578221173613903572e+00
1.620500000000001162e+00,1.272315332556001932e+00,1.507518877703784899e+00
1.621000000000000885e+00,1.163439374015443617e+00,1.428935462109609089e+00
1.621500000000001052e+00,1.022246358621749618e+00,1.363129104592939012e+00
1.622000000000001219e+00,8.564224810026542789e-01,1.299824660653933650e+00
1.622500000000000941e+00,6.816412713037808269e-01,1.231358608029201607e+00
1.623000000000001108e+00,5.195587289371482731e-01,1.161018028191625140e+00
1.623500000000001275e+00,3.990109906155706598e-01,1.089528338481937642e+00
1.624000000000000998e+00,3.491123280525315620e-01,1.017246327935922512e+00
1.624500000000001165e+00,3.728384369935439646e-01,9.762331426533069623e-01
1.625000000000000888e+00,4.477004359816144641e-01,9.492290548458861554e-01
1.625500000000001055e+00,5.444992373863406510e-01,9.231855422526999977e-01
1.626000000000001222e+00,6.362545541568069840e-01,9.005596617955513583e-01
1.626500000000000945e+00,7.060599397922177056e-01,8.790494661195904502e-01
1.627000000000001112e+00,7.472886135158970378e-01,8.611526345577024122e-01
1.627500000000001279e+00,7.598511105168063162e-01,8.416357903977875754e-01
1.628000000000001002e+00,7.492857622292656838e-01,8.227980732240143258e-01
1.628500000000001169e+00,7.248230686414516288e-01,8.039393586938125003e-01
1.629000000000000892e+00,6.951184786498123547e-01,7.956417247383227309e-01
1.629500000000001059e+00,6.627088922666551918e-01,7.905437333546003753e-01
1.630000000000001226e+00,6.247991715877371233e-01,7.861539478351102783e-01
1.630500000000000949e+00,5.808850408529057097e-01,7.813046820626564637e-01
1.631000000000001116e+00,5.368023009415694435e-01,7.772559570937962459e-01
1.631500000000001283e+00,5.012320187602864463e-01,7.729392585170440366e-01
1.632000000000001005e+00,4.792562857117930730e-01,7.688892201408515925e-01
1.632500000000001172e+00,4.708797405600404495e-01,7.596818589660000454e-01
1.633000000000000895e+00,4.747840200041838488e-01,7.464899210948052755e-01
1.633500000000001062e+00,4.903893314636881828e-01,7.311283691426651021e-01
1.634000000000001229e+00,5.163065262015454904e-01,7.135729410279503249e-01
1.634500000000000952e+00,5.478219059689503068e-01,6.933024073731994807e-01
1.635000000000001119e+00,5.759944298043657707e-01,6.713855076294522606e-01
1.635500000000001286e+00,5.909940231634801533e-01,6.542225973025981300e-01
1.636000000000001009e+00,5.872500728395780856e-01,6.463546726427538136e-01
1.636500000000001176e+00,5.659707642461559995e-01,6.396788476479142727e-01
1.637000000000000899e+00,5.348621592745981257e-01,6.292823535964718884e-01
1.637500000000001066e+00,5.049467350995592296e-01,6.229818202443714314e-01
1.638000000000001233e+00,4.848517307198675352e-01,6.166808279786620828e-01
1.638500000000000956e+00,4.772366566574796076e-01,6.105093088621332820e-01
1.639000000000001123e+00,4.800608031491003236e-01,6.051563556131431820e-01
1.639500000000001290e+00,4.899665408743694717e-01,6.003996876365988999e-01
1.640000000000001013e+00,5.047516713719393255e-01,5.960125716195469048e-01
1.640500000000001180e+00,5.231579975336912991e-01,5.938908135485619910e-01
1.641000000000000902e+00,5.428161700189845229e-01,5.909609762195781046e-01
1.641500000000001069e+00,5.604814554883101874e-01,5.905456300688137761e-01
1.642000000000001236e+00,5.742029241677547580e-01,5.876961824982206428e-01
1.642500000000000959e+00,5.838112649955912170e-01,5.863687552675813652e-01
1.643000000000001126e+00,5.897780390835072328e-01,5.838617339615744806e-01
1.643500000000001293e+00,5.922907863868898115e-01,5.859657232257362569e-01
1.644000000000001016e+00,5.916163359080403028e-01,5.871756474004395931e-01
1.644500000000001183e+00,5.893474031466412466e-01,5.868769436812264484e-01
1.645000000000000906e+00,5.889466962079049628e-01,5.895554319945766064e-01
1.645500000000001073e+00,5.939553326887863083e-01,5.941324155213695279e-01
1.646000000000001240e+00,6.048092306807056895e-01,5.985830012944157730e-01
1.646500000000000963e+00,6.184085242229273582e-01,6.018924114368469080e-01
1.647000000000001130e+00,6.306322108198638698e-01,6.020510310043217794e-01
1.647500000000001297e+00,6.380190471216087289e-01,6.015017415076484575e-01
1.648000000000001020e+00,6.382377696319289084e-01,6.002842833813513135e-01
1.648500000000001187e+00,6.304702398182469025e-01,5.951802380889592570e-01
1.649000000000000909e+00,6.155441758203220592e-01,5.872283234916917394e-01
1.649500000000001076e+00,5.953304908543033402e-01,5.795875072371068359e-01
1.650000000000001243e+00,5.715769114130109241e-01,5.729749813848229456e-01
1.650500000000000966e+00,5.450775312308796527e-01,5.598558248794438530e-01
1.651000000000001133e+00,5.161762939492673397e-01,5.429999980772505230e-01
1.651500000000001300e+00,4.864717731429930581e-01,5.376132113575935456e-01
1.652000000000001023e+00,4.597338557307220630e-01,5.423223682013318392e-01
1.652500000000001190e+00,4.403506652851439940e-01,5.453196327341711669e-01
1.653000000000000913e+00,4.323875593657758865e-01,5.430106258785791784e-01
1.653500000000001080e+00,4.408036220960692697e-01,5.395493921756396860e-01
1.654000000000001247e+00,4.695247290477805313e-01,5.433338368528832785e-01
1.654500000000000970e+00,5.189135966485129980e-01,5.471654652556006138e-01
1.655000000000001137e+00,5.860022129171909011e-01,5.502538138249958299e-01
1.655500000000001304e+00,6.631961771434101705e-01,5.561039509179004359e-01
1.656000000000001027e+00,7.405381984943748552e-01,5.619003082785847258e-01
1.656500000000001194e+00,8.099958814791303752e-01,5.608253110117616957e-01
1.657000000000000917e+00,8.662080079541473188e-01,5.605821834067746812e-01
1.657500000000001084e+00,9.055836964200819628e-01,5.632360918489583979e-01
1.658000000000001251e+00,9.257199348670537287e-01,5.652596019808778793e-01
1.658500000000000973e+00,9.252690658239581811e-01,5.698171532706037823e-01
1.659000000000001140e+00,9.040546184724023160e-01,5.742719863751695186e-01
1.659500000000001307e+00,8.633131372823550365e-01,5.774234827972690720e-01
1.660000000000001030e+00,8.059775129561945750e-01,5.761111431257199822e-01
1.660500000000001197e+00,7.368831607271122408e-01,5.731173275844376747e-01
1.661000000000000920e+00,6.626893098765285206e-01,5.717394704607539069e-01
1.661500000000001087e+00,5.911320283930786568e-01,5.725948909510136797e-01
1.662000000000001254e+00,5.293062427982507812e-01,5.724695331402148701e-01
1.662500000000000977e+00,4.820233008834485799e-01,5.711816873552912899e-01
1.663000000000001144e+00,4.515519888069164933e-01,5.692800927140495570e-01
1.663500000000001311e+00,4.373967011064444632e-01,5.666100713873981620e-01
1.664000000000001034e+00,4.356016109825822658e-01,5.604971320642501142e-01
1.664500000000001201e+00,4.397709287775242726e-01,5.590449886032218263e-01
1.665000000000000924e+00,4.437700262056610834e-01,5.593322537366592906e-01
1.665500000000001091e+00,4.434202721628707211e-01,5.575055473276819828e-01
1.666000000000001258e+00,4.363561895626645315e-01,5.550127199378138698e-01
1.666500000000000981e+00,4.216971958880024185e-01,5.527744209207188231e-01
1.667000000000001148e+00,4.009766336526107144e-01,5.526933060431165057e-01
1.667500000000001315e+00,3.797777989086469352e-01,5.587916218509759725e-01
1.668000000000001037e+00,3.688182965551650150e-01,5.714991004660591178e-01
1.668500000000001204e+00,3.830787117705703460e-01,5.967614259942516375e-01
1.669000000000000927e+00,4.359126831475044206e-01,6.196410113971984046e-01
1.669500000000001094e+00,5.290800269322823990e-01,6.426669913044635862e-01
1.670000000000001261e+00,6.504530230813361236e-01,6.673471987991531629e-01
1.670500000000000984e+00,7.832854699298106294e-01,6.931373353399742365e-01
1.671000000000001151e+00,9.140386353676085429e-01,7.233058961998242165e-01
1.671500000000001318e+00,1.033962189212642047e+00,7.541679665697319512e-01
1.672000000000001041e+00,1.138134847952221307e+00,7.801370737043746839e-01
1.672500000000001208e+00,1.223954580812876669e+00,8.030386903141506494e-01
1.673000000000000931e+00,1.289934590088338329e+00,8.239707165512800691e-01
1.673500000000001098e+00,1.335076244480049468e+00,8.389719865138178800e-01
1.674000000000001265e+00,1.358640514387543075e+00,8.480731561560453935e-01
1.674500000000000988e+00,1.360089990171428731e+00,8.547927645382433770e-01
1.675000000000001155e+00,1.339087963538895476e+00,8.556283372884443406e-01
1.675500000000001322e+00,1.295547332163607956e+00,8.489209585828962901e-01
1.676000000000001044e+00,1.229801654894352225e+00,8.352354416862807218e-01
1.676500000000001211e+00,1.143087707941258691e+00,8.157047029971830066e-01
1.677000000000000934e+00,1.038741457436503257e+00,7.899656827959680161e-01
1.677500000000001101e+00,9.242525304911147765e-01,7.565720681760591537e-01
1.678000000000001268e+00,8.109402160373910817e-01,7.208230818037992815e-01
1.678500000000000991e+00,7.063916872020180593e-01,6.827310905954295794e-01
1.679000000000001158e+00,6.114882314804037655e-01,6.437767187522149825e-01
1.679500000000001325e+00,5.270625177365773073e-01,6.036721001588506441e-01
1.680000000000001048e+00,4.564540253329106845e-01,5.839660042710206334e-01
1.680500000000001215e+00,4.039468858248021488e-01,5.691488085736499114e-01
1.681000000000000938e+00,3.713377286760309870e-01,5.553815427586837883e-01
1.681500000000001105e+00,3.559935470106941890e-01,5.383203348265448440e-01
1.682000000000001272e+00,3.537263801586004730e-01,5.244762314992719165e-01
1.682500000000000995e+00,3.628122326840985123e-01,5.070717522174963410e-01
1.683000000000001162e+00,3.841835188859180628e-01,5.020278507936367651e-01
1.683500000000001329e+00,4.178452015052699364e-01,4.996916511491613089e-01
1.684000000000001052e+00,4.598034262709113085e-01,5.046452464511260727e-01
1.684500000000001219e+00,5.042061769691424944e-01,5.228617361910178341e-01
1.685000000000000941e+00,5.465885337738912719e-01,5.450227912473080139e-01
1.685500000000001108e+00,5.838510836372732271e-01,5.653471248428164619e-01
1.686000000000001275e+00,6.131587895152679213e-01,5.811848477481829089e-01
1.686500000000000998e+00,6.318013321857909315e-01,5.892609155789462205e-01
1.687000000000001165e+00,6.377120178070005974e-01,5.942389176905243930e-01
1.687500000000001332e+00,6.299271049899936026e-01,5.968570960986077090e-01
1.688000000000001055e+00,6.090561094185524826e-01,5.994461756700762978e-01
1.688500000000001222e+00,5.777748733729035635e-01,5.992583359858033587e-01
1.689000000000000945e+00,5.407409070237499948e-01,5.965002266346337567e-01
1.689500000000001112e+00,5.034981743173253532e-01,5.917783822063161780e-01
1.690000000000001279e+00,4.710033620720982528e-01,5.902607473882051092e-01
1.690500000000001002e+00,4.471939208526747866e-01,5.837247270961640755e-01
1.691000000000001169e+00,4.358608065584382851e-01,5.752578506390187973e-01
1.691500000000001336e+00,4.406669073596866104e-01,5.646299849224343248e-01
1.692000000000001059e+00,4.621290875532374498e-01,5.529334178965709112e-01
1.692500000000001226e+00,4.945357448556592095e-01,5.443177851011162804e-01
1.693000000000000949e+00,5.281391984902116254e-01,5.420228890175169401e-01
1.693500000000001116e+00,5.541265032117252964e-01,5.408869432553851109e-01
1.694000000000001283e+00,5.671948603320251525e-01,5.374865093801081128e-01
1.694500000000001005e+00,5.652228963144754204e-01,5.395312010956043736e-01
1.695000000000001172e+00,5.474331830389861375e-01,5.454181250093225186e-01
1.695500000000001339e+00,5.131355814240821100e-01,5.580140215842147589e-01
1.696000000000001062e+00,4.633268646266968105e-01,5.698373463354611257e-01
1.696500000000001229e+00,4.040756015528401690e-01,5.794340009762412036e-01
1.697000000000000952e+00,3.480610618723870564e-01,5.844323916889609949e-01
1.697500000000001119e+00,3.126076322415564657e-01,5.955168033433809738e-01
1.698000000000001286e+00,3.168286392056915424e-01,6.222292888222431539e-01
1.698500000000001009e+00,3.795708982900776185e-01,6.602071434448448795e-01
1.699000000000001176e+00,5.153527296765163523e-01,6.982946177033965141e-01
1.699500000000001343e+00,7.252483923126894494e-01,7.396565881351341298e-01
1.700000000000001066e+00,9.846702212991085279e-01,7.941338624075415797e-01
1.700500000000001233e+00,1.253881154645203555e+00,8.414945049093430773e-01
1.701000000000000956e+00,1.503023792604907483e+00,8.839866425266078576e-01
1.701500000000001123e+00,1.719616623111684728e+00,9.223426591894966498e-01
1.702000000000001290e+00,1.900809134196222105e+00,9.568871757795465172e-01
1.702500000000001013e+00,2.047105436631578179e+00,9.867814407177158964e-01
1.703000000000001180e+00,2.159825720918644443e+00,1.009022112637381507e+00
1.703500000000001346e+00,2.240275583969488338e+00,1.033444517125558848e+00
1.704000000000001069e+00,2.289510426359069317e+00,1.054217160474569370e+00
1.704500000000001236e+00,2.308292584038495576e+00,1.071334846368972693e+00
1.705000000000000959e+00,2.297097889297003981e+00,1.092285182258565523e+00
1.705500000000001126e+00,2.256116583295608713e+00,1.110108681955476628e+00
1.706000000000001293e+00,2.185233743513325777e+00,1.115498563029773793e+00
1.706500000000001016e+00,2.084005247719558085e+00,1.117411823510779723e+00
1.707000000000001183e+00,1.951679768552105454e+00,1.116161517503671208e+00
1.707500000000001350e+00,1.787378155008711333e+00,1.099371181689582588e+00
1.708000000000001073e+00,1.590707463825723478e+00,1.073138912691963265e+00
1.708500000000001240e+00,1.363582513949542996e+00,1.042721406164112352e+00
1.709000000000000963e+00,1.115098034842582297e+00,1.012607590078726583e+00
1.709500000000001130e+00,8.698306177875549938e-01,9.804730835174335635e-01
1.710000000000001297e+00,6.629589249050994448e-01,9.455594750625969658e-01
1.710500000000001020e+00,5.092707609237592248e-01,9.094607234403714324e-01
1.711000000000001187e+00,4.009220855199391309e-01,8.777579064270067954e-01
1.711500000000001354e+00,3.308199903013803178e-01,8.410837509799918843e-01
1.712000000000001076e+00,2.951346277774126725e-01,7.980079349988440374e-01
1.712500000000001243e+00,2.865429929695036959e-01,7.600072843092441355e-01
1.713000000000000966e+00,2.946560445105911308e-01,7.204733615189310436e-01
1.713500000000001133e+00,3.112822755448046985e-01,7.009418310626008841e-01
1.714000000000001300e+00,3.330898358772021450e-01,6.900686871237214914e-01
1.714500000000001023e+00,3.590749535451088770e-01,6.746261338512586914e-01
1.715000000000001190e+00,3.866292297682125123e-01,6.651753028247759936e-01
1.715500000000001357e+00,4.112096298925077553e-01,6.657943258844660761e-01
1.716000000000001080e+00,4.291345850447473298e-01,6.666585828451080387e-01
1.716500000000001247e+00,4.390561617409476369e-01,6.665870469280229527e-01
1.717000000000000970e+00,4.411561543289925780e-01,6.647137945709061801e-01
1.717500000000001137e+00,4.363851467638544257e-01,6.550100576553603560e-01
1.718000000000001304e+00,4.269656060139681020e-01,6.425041032929386109e-01
1.718500000000001027e+00,4.169486551595493751e-01,6.283658237277278680e-01
1.719000000000001194e+00,4.112934870124401732e-01,6.117264426894781781e-01
1.719500000000001361e+00,4.138252422043485201e-01,5.960754048197729471e-01
1.720000000000001084e+00,4.258220306534130084e-01,5.808714479809259368e-01
1.720500000000001251e+00,4.457160680495960148e-01,5.643046200770036602e-01
1.721000000000000973e+00,4.697167717603866199e-01,5.441419539344752865e-01
1.721500000000001140e+00,4.935558536139919572e-01,5.202689264100323063e-01
1.722000000000001307e+00,5.139465417069345454e-01,4.989933715885726540e-01
1.722500000000001030e+00,5.285497062120351197e-01,4.897611661912466552e-01
1.723000000000001197e+00,5.353306415871904589e-01,4.848849351995815904e-01
1.723500000000001364e+00,5.324219964796902405e-01,4.828057130589858414e-01
1.724000000000001087e+00,5.185804111540726069e-01,4.801622966029878148e-01
1.724500000000001254e+00,4.937508918370064892e-01,4.762896279435622771e-01
1.725000000000000977e+00,4.594075398864775339e-01,4.748324634397864119e-01
1.725500000000001144e+00,4.187201380044293653e-01,4.777568924632781266e-01
1.726000000000001311e+00,3.767864204450045440e-01,4.842489636557453236e-01
1.726500000000001034e+00,3.410155696619769361e-01,4.969553255176976658e-01
1.727000000000001201e+00,3.209752076779919805e-01,5.108995484368749063e-01
1.727500000000001368e+00,3.260127196298706620e-01,5.234570023219620172e-01
1.728000000000001091e+00,3.612299961001352311e-01,5.346929763480121611e-01
1.728500000000001258e+00,4.263408288043012417e-01,5.455221517969157663e-01
1.729000000000000981e+00,5.175592610886604605e-01,5.620064190279500105e-01
1.729500000000001148e+00,6.300561513470135377e-01,5.779785082920707584e-01
1.730000000000001315e+00,7.589648646138016375e-01,5.960997252132934632e-01
1.730500000000001037e+00,8.965757263273512745e-01,6.158964104849640187e-01
1.731000000000001204e+00,1.031686563909084420e+00,6.346903146264709639e-01
1.731500000000001371e+00,1.153909461692095295e+00,6.464133429422239674e-01
1.732000000000001094e+00,1.256533901574284240e+00,6.542153082855304280e-01
1.732500000000001261e+00,1.336125679107656561e+00,6.552165068814405080e-01
1.733000000000000984e+00,1.391224969843163795e+00,6.549926178255672804e-01
1.733500000000001151e+00,1.421399937630425381e+00,6.549605367840538594e-01
1.734000000000001318e+00,1.426746473789132441e+00,6.531397431868697367e-01
1.734500000000001041e+00,1.407675972066225301e+00,6.455030576427384092e-01
1.735000000000001208e+00,1.364883076540425177e+00,6.365308783683772953e-01
1.735500000000001375e+00,1.299461097716845925e+00,6.288440877007634988e-01
1.736000000000001098e+00,1.213168865942407804e+00,6.247611961396544178e-01
1.736500000000001265e+00,1.108801536500787499e+00,6.248054498651481881e-01
1.737000000000000988e+00,9.904400166583414711e-01,6.222704785708798036e-01
1.737500000000001155e+00,8.632346508005813712e-01,6.160474565017228787e-01
1.738000000000001322e+00,7.329044367567590923e-01,6.048533569271865584e-01
1.738500000000001044e+00,6.060957088571906626e-01,5.945896660383864774e-01
1.739000000000001211e+00,4.916971422587710916e-01,5.846879944187940437e-01
1.739500000000001378e+00,3.999172668015691379e-01,5.788313971735565833e-01
1.740000000000001101e+00,3.369567489461497978e-01,5.723815475718542212e-01
1.740500000000001268e+00,3.006357428755346839e-01,5.584166451806196196e-01
1.741000000000000991e+00,2.830153543067409072e-01,5.540560517858982292e-01
1.741500000000001158e+00,2.763896265399461427e-01,5.509687473054943885e-01
1.742000000000001325e+00,2.765554514693269739e-01,5.510146589620241731e-01
1.742500000000001048e+00,2.830503646457299127e-01,5.587790438037437690e-01
1.743000000000001215e+00,2.984186257136455245e-01,5.597294110885837615e-01
1.743500000000001382e+00,3.267490802326812882e-01,5.590131399017186364e-01
1.744000000000001105e+00,3.711454061730575793e-01,5.561722521331603497e-01
1.744500000000001272e+00,4.311866953325919627e-01,5.532508723733760014e-01
1.745000000000000995e+00,5.023856471569752014e-01,5.489589109035962755e-01
1.745500000000001162e+00,5.781262069524996106e-01,5.464186485523504500e-01
1.746000000000001329e+00,6.521165942868533127e-01,5.460669744006081405e-01
1.746500000000001052e+00,7.197709488280534806e-01,5.462394533345613645e-01
1.747000000000001219e+00,7.784920636913089664e-01,5.455562975797925152e-01
1.747500000000001386e+00,8.271546086543425380e-01,5.500482939609139255e-01
1.748000000000001108e+00,8.651225177054520099e-01,5.517504793100647120e-01
1.748500000000001275e+00,8.914707263954284588e-01,5.517294591018194749e-01
1.749000000000000998e+00,9.049168206437041562e-01,5.501098916981607134e-01
1.749500000000001165e+00,9.042021886304194567e-01,5.435462982184768865e-01
1.750000000000001332e+00,8.884353160169350394e-01,5.350385876482299796e-01
1.750500000000001055e+00,8.573419374813771032e-01,5.422164300251334224e-01
1.751000000000001222e+00,8.116144917305575524e-01,5.473440409234867632e-01
1.751500000000001389e+00,7.534062542514119443e-01,5.505857362320030202e-01
1.752000000000001112e+00,6.868000194178224271e-01,5.530428312026918203e-01
1.752500000000001279e+00,6.179907124867719537e-01,5.553879177769658337e-01
1.753000000000001002e+00,5.549489859672731562e-01,5.560379453728520049e-01
1.753500000000001169e+00,5.063910657158697814e-01,5.555341839271324966e-01
1.754000000000001336e+00,4.797928621237973479e-01,5.582658452930859827e-01
1.754500000000001059e+00,4.783892052855339694e-01,5.632181464334163890e-01
1.755000000000001226e+00,4.987078089997007413e-01,5.729998993588164558e-01
1.755500000000001393e+00,5.315218927251530445e-01,5.839872516215166565e-01
1.756000000000001116e+00,5.661445069938781938e-01,5.944303970877529153e-01
1.756500000000001283e+00,5.944643244691439898e-01,6.015207326448805958e-01
1.757000000000001005e+00,6.126128014681646583e-01,6.098690143610218106e-01
1.757500000000001172e+00,6.206703062144041105e-01,6.236991589400993075e-01
1.758000000000001339e+00,6.211407033899801755e-01,6.423260305353354349e-01
1.758500000000001062e+00,6.169226840240575882e-01,6.591195824023735605e-01
1.759000000000001229e+00,6.099983432642271941e-01,6.746179680889674568e-01
1.759500000000001396e+00,6.013731874829822965e-01,6.882773196291523954e-01
1.760000000000001119e+00,5.914336587688088231e-01,6.956179199315694062e-01
1.760500000000001286e+00,5.801347497788630347e-01,6.999403273836246608e-01
1.761000000000001009e+00,5.673300020033085200e-01,7.066869225202970783e-01
1.761500000000001176e+00,5.534495459681664231e-01,7.121675004640113382e-01
1.762000000000001343e+00,5.400918575689603873e-01,7.135223746677011869e-01
1.762500000000001066e+00,5.299063779001145225e-01,7.142863572263882244e-01
1.763000000000001233e+00,5.254239320269575853e-01,7.137942261038427993e-01
1.763500000000001400e+00,5.273014047002096971e-01,7.153405286904349625e-01
1.764000000000001123e+00,5.334480973900102008e-01,7.158973147782459190e-01
1.764500000000001290e+00,5.398425939267237350e-01,7.194851233340343599e-01
1.765000000000001013e+00,5.421336046477212012e-01,7.227385820515020987e-01
1.765500000000001180e+00,5.368802097250183758e-01,7.234740639870004264e-01
1.766000000000001346e+00,5.221910833524552320e-01,7.221448905614021863e-01
1.766500000000001069e+00,4.981593994518317414e-01,7.221251256040741584e-01
1.767000000000001236e+00,4.673752505921570655e-01,7.228895041168794666e-01
1.767500000000001403e+00,4.349805238131502771e-01,7.234251515756543460e-01
1.768000000000001126e+00,4.069836392796479241e-01,7.236192423551933706e-01
1.768500000000001293e+00,3.873121226681254803e-01,7.282019039127153315e-01
1.769000000000001016e+00,3.772469137069682232e-01,7.424678641901812925e-01
1.769500000000001183e+00,3.773293102662677589e-01,7.651400624826133479e-01
1.770000000000001350e+00,3.879297698654698978e-01,7.880392420531875386e-01
1.770500000000001073e+00,4.079517673099973818e-01,8.080203031291286475e-01
1.771000000000001240e+00,4.340740987436652598e-01,8.290570678692541495e-01
1.771500000000001407e+00,4.619990519869750512e-01,8.556704744160302800e-01
1.772000000000001130e+00,4.887787490963765857e-01,8.802423309681159935e-01
1.772500000000001297e+00,5.139082374131193065e-01,9.040975108819054862e-01
1.773000000000001020e+00,5.367284745260715306e-01,9.339478343920399883e-01
1.773500000000001187e+00,5.529283460941274431e-01,9.733142173083443316e-01
1.774000000000001354e+00,5.570157500652461735e-01,1.008838778675545722e+00
1.774500000000001076e+00,5.469491205960920199e-01,1.041010235980275977e+00
1.775000000000001243e+00,5.231178666256299792e-01,1.073730521434785423e+00
1.775500000000001410e+00,4.848452580575954296e-01,1.119150765592530794e+00
1.776000000000001133e+00,4.331893699015741395e-01,1.165901881678564456e+00
1.776500000000001300e+00,3.758615194114842684e-01,1.218053560764505550e+00
1.777000000000001023e+00,3.282809966167771765e-01,1.273679226650257679e+00
1.777500000000001190e+00,3.090970890475537303e-01,1.328669199687114277e+00
1.778000000000001357e+00,3.283287852593352318e-01,1.388964549452090136e+00
1.778500000000001080e+00,3.830324265837458109e-01,1.454521878276201274e+00
1.779000000000001247e+00,4.639209412855317960e-01,1.517646072206334296e+00
1.779500000000001414e+00,5.597575413661479704e-01,1.576914237137349240e+00
1.780000000000001137e+00,6.594754860234635085e-01,1.630659704302965363e+00
1.780500000000001304e+00,7.532360122780088485e-01,1.685471195398094535e+00
1.781000000000001027e+00,8.277800398330399378e-01,1.744913884431096962e+00
1.781500000000001194e+00,8.640189436507366150e-01,1.807466147135264434e+00
1.782000000000001361e+00,8.524914729712691486e-01,1.864150988394965847e+00
1.782500000000001084e+00,7.953042373384608954e-01,1.917723813235863606e+00
1.783000000000001251e+00,6.914674229625701329e-01,1.980722560520228104e+00
1.783500000000001418e+00,5.443755594053997227e-01,2.058137796253274310e+00
1.784000000000001140e+00,3.898834678173523360e-01,2.129913521921792174e+00
1.784500000000001307e+00,3.089513073096635809e-01,2.217014917247591477e+00
1.785000000000001030e+00,3.853677857524377970e-01,2.298312475462462423e+00
1.785500000000001197e+00,6.359868047055015072e-01,2.389130247622421876e+00
1.786000000000001364e+00,1.010904040924687664e+00,2.464226801974260805e+00
1.786500000000001087e+00,1.449807234533087019e+00,2.527269250950977320e+00
1.787000000000001254e+00,1.891997071319209356e+00,2.584408706974221204e+00
1.787500000000001421e+00,2.294390121033389462e+00,2.635182821335884551e+00
1.788000000000001144e+00,2.636710563442433930e+00,2.680262759857142907e+00
1.788500000000001311e+00,2.920258587537863271e+00,2.716350747713979885e+00
1.789000000000001034e+00,3.151976671096069715e+00,2.749942240454040121e+00
1.789500000000001201e+00,3.337998676130239151e+00,2.777552229363030811e+00
1.790000000000001368e+00,3.482984679888753821e+00,2.801479235970609771e+00
1.790500000000001091e+00,3.590408085894989831e+00,2.813750161244265691e+00
1.791000000000001258e+00,3.662815800963110213e+00,2.815154252982838834e+00
1.791500000000001425e+00,3.701945682814894667e+00,2.808856773606376755e+00
1.792000000000001148e+00,3.708738873956846760e+00,2.813662612910099003e+00
1.792500000000001315e+00,3.683299946139262371e+00,2.807130103187897241e+00
1.793000000000001037e+00,3.624850277389926934e+00,2.788040012066600681e+00
1.793500000000001204e+00,3.531700575151735855e+00,2.762515891661449174e+00
1.794000000000001371e+00,3.401227535012104397e+00,2.736850432915473696e+00
1.794500000000001094e+00,3.229792373375232728e+00,2.708668345131833188e+00
1.795000000000001261e+00,3.012519203503448928e+00,2.673282252442288343e+00
1.795500000000001428e+00,2.742961297704224144e+00,2.632521725743721230e+00
1.796000000000001151e+00,2.413546485841207012e+00,2.582940740637475141e+00
1.796500000000001318e+00,2.022552923091556210e+00,2.527361022104087418e+00
1.797000000000001041e+00,1.593700341241564455e+00,2.465077582969889214e+00
1.797500000000001208e+00,1.160608718801992234e+00,2.393628492464118462e+00
1.798000000000001375e+00,7.641665121044987075e-01,2.320806281857235476e+00
1.798500000000001098e+00,4.776756766064521598e-01,2.248538824581314266e+00
1.799000000000001265e+00,3.520525118382393237e-01,2.181048652697998858e+00
1.799500000000001432e+00,3.937079128842022602e-01,2.106058410195052133e+00
1.800000000000001155e+00,5.482882048964848876e-01,2.017822957942357220e+00
1.800500000000001322e+00,7.248932321608337892e-01,1.946593534760510114e+00
1.801000000000001044e+00,8.642479531040377916e-01,1.886215914801845583e+00
1.801500000000001211e+00,9.514544235391919624e-01,1.827692948986657129e+00
1.802000000000001378e+00,9.874198281277954958e-01,1.762508345876312887e+00
1.802500000000001101e+00,9.719154222235137919e-01,1.689918288846228744e+00
1.803000000000001268e+00,9.103499729788850914e-01,1.622459224564285707e+00
1.803500000000001435e+00,8.160857429449753786e-01,1.566410976615873363e+00
1.804000000000001158e+00,7.058869731359915800e-01,1.511819897664322898e+00
1.804500000000001325e+00,6.020770082931106160e-01,1.451530362438426147e+00
1.805000000000001048e+00,5.228659214432779256e-01,1.388741653797196385e+00
1.805500000000001215e+00,4.717251042402570427e-01,1.329496052567760600e+00
1.806000000000001382e+00,4.469637654109000491e-01,1.274294848194726271e+00
1.806500000000001105e+00,4.447248122375748736e-01,1.232804557496156361e+00
1.807000000000001272e+00,4.568359549434315992e-01,1.208322575202328331e+00
1.807500000000001439e+00,4.766118238824135211e-01,1.183376023280945377e+00
1.808000000000001162e+00,5.019316565416784837e-01,1.155723106180595483e+00
1.808500000000001329e+00,5.312785665310013616e-01,1.133085986922720334e+00
1.809000000000001052e+00,5.598688162258154133e-01,1.112030393417917207e+00
1.809500000000001219e+00,5.805681451511646163e-01,1.085547719413959333e+00
1.810000000000001386e+00,5.880499987886717017e-01,1.054804107427871340e+00
1.810500000000001108e+00,5.824389758808428130e-01,1.022434720242354711e+00
1.811000000000001275e+00,5.693742765262921335e-01,9.933464660699120596e-01
1.811500000000001442e+00,5.556704620640297021e-01,9.596457376299257769e-01
1.812000000000001165e+00,5.435184430465771488e-01,9.245625277940469067e-01
1.812500000000001332e+00,5.313061853629097442e-01,8.916155027876273564e-01
1.813000000000001055e+00,5.185941551448667308e-01,8.617272241320035331e-01
1.813500000000001222e+00,5.067103594689943424e-01,8.289516506076054503e-01
1.814000000000001389e+00,4.971851978445074316e-01,7.961609535252784919e-01
1.814500000000001112e+00,4.907599873608208263e-01,7.640616353772712310e-01
1.815000000000001279e+00,4.871762100937406248e-01,7.348099450642239239e-01
1.815500000000001446e+00,4.857204888438377277e-01,7.021931379626653591e-01
1.816000000000001169e+00,4.860421947623419503e-01,6.745937150449609065e-01
1.816500000000001336e+00,4.885467262230770435e-01,6.631596971761843928e-01
1.817000000000001059e+00,4.940835441710761944e-01,6.505599815087265148e-01
1.817500000000001226e+00,5.031722138387554333e-01,6.434361025914238086e-01
1.818000000000001393e+00,5.148861309373912176e-01,6.373584706293244917e-01
1.818500000000001116e+00,5.268340472766968041e-01,6.353191983502639584e-01
1.819000000000001283e+00,5.370595255561939618e-01,6.328794859499601300e-01
1.819500000000001450e+00,5.452152784979288347e-01,6.301003878695592419e-01
1.820000000000001172e+00,5.519086072604589832e-01,6.281179660538522835e-01
1.820500000000001339e+00,5.578295920697105004e-01,6.239858865833712853e-01
1.821000000000001062e+00,5.637592128335836561e-01,6.213862788755829536e-01
1.821500000000001229e+00,5.706695323124936214e-01,6.244962332474366384e-01
1.822000000000001396e+00,5.790514261124735107e-01,6.262814781652682461e-01
1.822500000000001119e+00,5.881720859083567898e-01,6.310741785447865349e-01
1.823000000000001286e+00,5.959536243822427526e-01,6.360090431769174213e-01
1.823500000000001453e+00,5.993011973440474094e-01,6.401778433086723341e-01
1.824000000000001176e+00,5.948779708231061170e-01,6.439306418491135275e-01
1.824500000000001343e+00,5.803368420232026814e-01,6.406148952363450721e-01
1.825000000000001066e+00,5.552945152048525124e-01,6.357799217194820551e-01
1.825500000000001233e+00,5.215451884854525044e-01,6.295044279865109615e-01
1.826000000000001400e+00,4.831512941833085995e-01,6.232463391108569173e-01
1.826500000000001123e+00,4.466982278032849973e-01,6.200280304502483464e-01
1.827000000000001290e+00,4.198862999818220310e-01,6.114843479954175098e-01
1.827500000000001457e+00,4.078980863273174995e-01,6.013636195535078111e-01
1.828000000000001180e+00,4.121233452292599742e-01,5.922410467863900019e-01
1.828500000000001346e+00,4.327751540950032227e-01,5.880105412661632558e-01
1.829000000000001069e+00,4.701307093936251680e-01,5.881672248666588443e-01
1.829500000000001236e+00,5.223244772423381033e-01,5.883977962343076573e-01
1.830000000000001403e+00,5.837528852559682457e-01,5.877210948198628993e-01
1.830500000000001126e+00,6.467695611089205876e-01,5.928082073481377723e-01
1.831000000000001293e+00,7.045705412476898077e-01,5.962411816861068470e-01
1.831500000000001460e+00,7.527303079157683374e-01,6.031456770394518774e-01
1.832000000000001183e+00,7.890936493125060291e-01,6.076053065378957951e-01
1.832500000000001350e+00,8.129084338664280818e-01,6.102784610053259007e-01
1.833000000000001073e+00,8.239308410991725840e-01,6.110636808329997782e-01
1.833500000000001240e+00,8.218633231733770694e-01,6.089154584674721926e-01
1.834000000000001407e+00,8.062530837344050738e-01,6.079826092078444155e-01
1.834500000000001130e+00,7.768125166240290591e-01,6.093060689862789259e-01
1.835000000000001297e+00,7.339877648435044755e-01,6.075821668389027597e-01
1.835500000000001464e+00,6.794940276287727565e-01,6.036523278707042195e-01
1.836000000000001187e+00,6.164722658802693767e-01,5.986471101260959493e-01
1.836500000000001354e+00,5.490213561450298929e-01,5.907556957927937447e-01
1.837000000000001076e+00,4.812832384097721627e-01,5.832358826753157865e-01
1.837500000000001243e+00,4.169401437674846167e-01,5.751210470930872010e-01
1.838000000000001410e+00,3.602675553591856428e-01,5.692201020605650585e-01
1.838500000000001133e+00,3.180866562108978224e-01,5.620714421993677767e-01
1.839000000000001300e+00,2.986350018058946398e-01,5.538813972941217800e-01
1.839500000000001467e+00,3.060591792666285671e-01,5.454892223985998712e-01
1.840000000000001190e+00,3.383763101915047145e-01,5.446473048643024617e-01
1.840500000000001357e+00,3.917866196322118966e-01,5.506002414602428896e-01
1.841000000000001080e+00,4.645022843693221715e-01,5.594871266223637729e-01
1.841500000000001247e+00,5.564425103232849557e-01,5.665240130266574470e-01
1.842000000000001414e+00,6.657115937322983790e-01,5.722228780562065298e-01
1.842500000000001137e+00,7.860509789185328167e-01,5.809811242615128268e-01
1.843000000000001304e+00,9.084668301202178942e-01,5.891481492841896817e-01
1.843500000000001471e+00,1.024431444239040090e+00,5.937836559746568765e-01
1.844000000000001194e+00,1.127434674278199100e+00,5.993412231282616576e-01
1.844500000000001361e+00,1.213049435570497936e+00,6.019672705566552207e-01
1.845000000000001084e+00,1.278484829652235089e+00,6.026655462433042620e-01
1.845500000000001251e+00,1.322065166484643672e+00,6.049806206840093736e-01
1.846000000000001418e+00,1.342800307704945961e+00,6.062187585322750261e-01
1.846500000000001140e+00,1.340121662328838337e+00,6.046727734045078684e-01
1.847000000000001307e+00,1.313813214459857104e+00,5.990068301995190581e-01
1.847500000000001474e+00,1.264148534320401529e+00,5.905752572649982657e-01
1.848000000000001197e+00,1.192222126267500348e+00,5.787509048096242115e-01
1.848500000000001364e+00,1.100394268818116750e+00,5.684947968444381550e-01
1.849000000000001087e+00,9.926469579235911445e-01,5.666170759881129504e-01
1.849500000000001254e+00,8.745842362433128292e-01,5.740110667073270445e-01
1.850000000000001421e+00,7.530192104444629608e-01,5.785884862329802036e-01
1.850500000000001144e+00,6.354561276262378211e-01,5.824412479363251238e-01
1.851000000000001311e+00,5.295565978335707857e-01,5.881010353202363872e-01
1.851500000000001478e+00,4.420952705542940397e-01,5.918508092504773943e-01
1.852000000000001201e+00,3.778781436190152276e-01,5.998789886309496833e-01
1.852500000000001368e+00,3.400956716502460675e-01,6.094744725974898802e-01
1.853000000000001091e+00,3.310434250015530933e-01,6.200572128516550485e-01
1.853500000000001258e+00,3.502027405345642386e-01,6.293372538568431374e-01
1.854000000000001425e+00,3.909209292835187921e-01,6.324171225625911941e-01
1.854500000000001148e+00,4.416724515779330007e-01,6.335170717675879803e-01
1.855000000000001315e+00,4.913971700452945401e-01,6.358694026890341355e-01
1.855500000000001481e+00,5.330324386782823165e-01,6.398011660443689852e-01
1.856000000000001204e+00,5.636605126752791683e-01,6.406809624060203490e-01
1.856500000000001371e+00,5.831325078990335919e-01,6.440981107457816046e-01
1.857000000000001094e+00,5.927990999304697528e-01,6.488301896642592048e-01
1.857500000000001261e+00,5.949548747277264571e-01,6.526086580752772370e-01
1.858000000000001428e+00,5.925286926477333349e-01,6.554526568272395215e-01
1.858500000000001151e+00,5.878000278709968329e-01,6.589155598096735345e-01
1.859000000000001318e+00,5.807001974443146697e-01,6.646624290858242912e-01
1.859500000000001485e+00,5.694109574618968495e-01,6.654534375212368680e-01
1.860000000000001208e+00,5.529556183125383662e-01,6.646495862834902457e-01
1.860500000000001375e+00,5.330359168658842517e-01,6.629747061893919158e-01
1.861000000000001098e+00,5.130945335727183920e-01,6.649984137166855547e-01
1.861500000000001265e+00,4.943658084394930152e-01,6.672803302505557754e-01
1.862000000000001432e+00,4.743784369576096727e-01,6.685486054721787585e-01
1.862500000000001155e+00,4.503031277358986451e-01,6.700120198951593498e-01
1.863000000000001322e+00,4.216295236402866076e-01,6.746944871317748227e-01
1.863500000000001489e+00,3.897628877111350421e-01,6.899275397521424935e-01
1.864000000000001211e+00,3.579900101113727695e-01,7.024227979996040538e-01
1.864500000000001378e+00,3.350172195942088815e-01,7.128009728181354809e-01
1.865000000000001101e+00,3.375279800378902517e-01,7.205696972078901030e-01
1.865500000000001268e+00,3.838565121527012236e-01,7.257670486795397835e-01
1.866000000000001435e+00,4.848535865955375668e-01,7.366182428177012742e-01
1.866500000000001158e+00,6.446692591692474439e-01,7.540010250254601809e-01
1.867000000000001325e+00,8.590563038297286402e-01,7.748464072052475560e-01
1.867500000000001492e+00,1.103183382029180537e+00,7.984111728218060700e-01
1.868000000000001215e+00,1.342787225983163246e+00,8.417928206548765946e-01
1.868500000000001382e+00,1.557203621905337121e+00,8.807830736690647200e-01
1.869000000000001105e+00,1.739267978657636160e+00,9.128849525325610781e-01
1.869500000000001272e+00,1.887785974026178648e+00,9.409295628190562644e-01
1.870000000000001439e+00,2.003454394432165664e+00,9.655798981372161194e-01
1.870500000000001162e+00,2.087307662113011109e+00,9.856926434710053808e-01
1.871000000000001329e+00,2.140183848032560565e+00,1.003874742342310666e+00
1.871500000000001496e+00,2.162576583559983057e+00,1.016017221389153402e+00
1.872000000000001219e+00,2.154641134203209241e+00,1.025738093603310475e+00
1.872500000000001386e+00,2.116263364340002617e+00,1.027859597119473278e+00
1.873000000000001108e+00,2.047147547917702148e+00,1.022095477821814535e+00
1.873500000000001275e+00,1.946897855297504920e+00,1.008692190730829497e+00
1.874000000000001442e+00,1.815099499547062178e+00,9.927958439730906193e-01
1.874500000000001165e+00,1.651487378012361118e+00,9.721504695930255346e-01
1.875000000000001332e+00,1.456457985072306283e+00,9.454967544134390556e-01
1.875500000000001499e+00,1.232531860152724201e+00,9.153909022722791500e-01
1.876000000000001222e+00,9.882441021731814823e-01,8.865489928841888689e-01
1.876500000000001389e+00,7.468112804986100084e-01,8.548477800437245255e-01
1.877000000000001112e+00,5.500414574407801460e-01,8.177900719905600857e-01
1.877500000000001279e+00,4.231162578576902478e-01,7.894831880994540585e-01
1.878000000000001446e+00,3.567204003711912930e-01,7.597568258104241412e-01
1.878500000000001169e+00,3.386880139493541053e-01,7.281102406387235382e-01
1.879000000000001336e+00,3.579216231688745475e-01,7.008434988680104505e-01
1.879500000000001503e+00,3.994270536664880078e-01,6.878039718579183059e-01
1.880000000000001226e+00,4.466179906879126915e-01,6.735967346045411697e-01
1.880500000000001393e+00,4.853449571910771754e-01,6.631291016131352078e-01
1.881000000000001116e+00,5.067730404951068524e-01,6.522484798323512356e-01
1.881500000000001283e+00,5.092354113639395718e-01,6.393118220683319253e-01
1.882000000000001450e+00,4.988031378838073127e-01,6.234354118836601399e-01
1.882500000000001172e+00,4.866750592046384938e-01,6.076612696039089823e-01
1.883000000000001339e+00,4.820891259460985401e-01,5.882129696029099186e-01
1.883500000000001506e+00,4.877596535883099160e-01,5.759389030957640099e-01
1.884000000000001229e+00,5.027889780894622129e-01,5.718731965652645854e-01
1.884500000000001396e+00,5.249692169636073213e-01,5.670205747103895799e-01
1.885000000000001119e+00,5.505137535830852968e-01,5.602628775217267654e-01
1.885500000000001286e+00,5.750693913565746440e-01,5.514962346701424156e-01
1.886000000000001453e+00,5.949732463512150682e-01,5.414331484235670455e-01
1.886500000000001176e+00,6.076486595356572762e-01,5.334588517399986296e-01
1.887000000000001343e+00,6.116402203534416770e-01,5.399471518126668368e-01
1.887500000000001510e+00,6.066155984641392607e-01,5.411735598780935685e-01
1.888000000000001233e+00,5.931713948222656629e-01,5.426033625121083892e-01
1.888500000000001400e+00,5.723950246104012596e-01,5.433528052812544029e-01
1.889000000000001123e+00,5.459076272049816492e-01,5.567063252429080844e-01
1.889500000000001290e+00,5.165108888687794941e-01,5.756146429748447702e-01
1.890000000000001457e+00,4.882797349039617596e-01,5.964818605421482456e-01
1.890500000000001180e+00,4.654515759696384869e-01,6.196446997145703683e-01
1.891000000000001346e+00,4.516605881565899372e-01,6.409300286427906945e-01
1.891500000000001513e+00,4.516979329410200639e-01,6.571418114162969060e-01
1.892000000000001236e+00,4.736890477412988854e-01,6.711797432263085783e-01
1.892500000000001403e+00,5.268715015200806651e-01,6.860862847236217643e-01
1.893000000000001126e+00,6.125668187586934543e-01,6.976462133670384702e-01
1.893500000000001293e+00,7.189744478696240559e-01,7.046175464856848647e-01
1.894000000000001460e+00,8.302715622534450057e-01,7.098879186429503108e-01
1.894500000000001183e+00,9.348588398538184574e-01,7.133411731296385172e-01
1.895000000000001350e+00,1.025834302567484979e+00,7.127725627181776824e-01
1.895500000000001517e+00,1.099251459906278594e+00,7.071784748831663192e-01
1.896000000000001240e+00,1.152748402485536783e+00,7.045477065884525603e-01
1.896500000000001407e+00,1.184741614519058128e+00,7.036810356254435961e-01
1.897000000000001130e+00,1.194030368077374282e+00,6.975913237126496469e-01
1.897500000000001297e+00,1.179694007488874430e+00,6.900611997351930871e-01
1.898000000000001464e+00,1.141208692043495176e+00,6.822009665494629393e-01
1.898500000000001187e+00,1.078739881601702422e+00,6.719132520339941017e-01
1.899000000000001354e+00,9.935874202815746514e-01,6.595515587737799112e-01
1.899500000000001521e+00,8.887686291577880926e-01,6.474626861599267480e-01
1.900000000000001243e+00,7.697614554207251603e-01,6.399373193132449344e-01
1.900500000000001410e+00,6.454777515023637502e-01,6.312334973126014770e-01
1.901000000000001133e+00,5.288791578684016725e-01,6.264479160448234163e-01
1.901500000000001300e+00,4.354524159439270292e-01,6.194730393099561194e-01
1.902000000000001467e+00,3.790526342260377435e-01,6.100628798240194106e-01
1.902500000000001190e+00,3.644888133217923931e-01,6.014700286655315642e-01
1.903000000000001357e+00,3.824113168478368019e-01,5.914518788027637308e-01
1.903500000000001524e+00,4.171419903310583099e-01,5.800407477405891132e-01
1.904000000000001247e+00,4.562330299664427713e-01,5.709214495338639228e-01
1.904500000000001414e+00,4.927219347497387436e-01,5.642533784032609523e-01
1.905000000000001137e+00,5.241095339991261870e-01,5.573883647249261442e-01
1.905500000000001304e+00,5.509346451306227355e-01,5.502732129281964202e-01
1.906000000000001471e+00,5.752325057437731592e-01,5.400858082637067792e-01
1.906500000000001194e+00,5.994251740309988197e-01,5.277426828737616926e-01
1.907000000000001361e+00,6.265811771987593870e-01,5.317508268284725226e-01
1.907500000000001528e+00,6.601883997981976560e-01,5.363248809113582150e-01
1.908000000000001251e+00,7.009758590369707942e-01,5.421992338005445777e-01
1.908500000000001418e+00,7.441525072259721485e-01,5.521589635872853341e-01
1.909000000000001140e+00,7.823947751033994980e-01,5.634930026833113725e-01
1.909500000000001307e+00,8.103660577624987038e-01,5.803147583441123913e-01
1.910000000000001474e+00,8.255035602988046728e-01,5.974067593585603575e-01
1.910500000000001197e+00,8.267228108786029983e-01,6.100426755899461817e-01
1.911000000000001364e+00,8.135732860092371732e-01,6.217132346656375486e-01
1.911500000000001531e+00,7.862848042767875967e-01,6.307865547833507724e-01
1.912000000000001254e+00,7.461067418833352560e-01,6.401137280139979069e-01
1.912500000000001421e+00,6.955996784614457695e-01,6.483997538311752074e-01
1.913000000000001144e+00,6.388454469735765917e-01,6.536134942995185382e-01
1.913500000000001311e+00,5.814489782495015913e-01,6.567875236687640284e-01
1.914000000000001478e+00,5.304944617487201697e-01,6.602952199906895192e-01
1.914500000000001201e+00,4.951458580642945084e-01,6.612178620895002856e-01
1.915000000000001368e+00,4.853121433391708872e-01,6.594997609630753876e-01
1.915500000000001535e+00,5.032448968852626381e-01,6.520758235768939759e-01
1.916000000000001258e+00,5.403903394748599265e-01,6.415761624927150963e-01
1.916500000000001425e+00,5.865002699718667722e-01,6.297378374069328988e-01
1.917000000000001148e+00,6.339122544201877263e-01,6.188783273708350352e-01
1.917500000000001315e+00,6.770061039570796080e-01,6.098178590735771065e-01
1.918000000000001481e+00,7.119512547407237379e-01,6.044616026122257013e-01
1.918500000000001204e+00,7.360084198081239260e-01,6.031227249743292829e-01
1.919000000000001371e+00,7.463677622528310796e-01,6.029910404467370144e-01
1.919500000000001538e+00,7.401137908023602829e-01,6.014867083143442539e-01
1.920000000000001261e+00,7.154791659805511683e-01,5.945529201917310047e-01
1.920500000000001428e+00,6.737763473988656049e-01,5.940659652182050943e-01
1.921000000000001151e+00,6.230566196693784198e-01,6.036980693546536436e-01
1.921500000000001318e+00,5.808937422488316127e-01,6.114575830191878447e-01
1.922000000000001485e+00,5.613814945420535496e-01,6.181172853753380547e-01
1.922500000000001208e+00,5.603700719410091846e-01,6.316580950271716288e-01
1.923000000000001375e+00,5.682589465555646369e-01,6.496362341531753959e-01
1.923500000000001542e+00,5.801452995592912831e-01,6.666898140236491299e-01
1.924000000000001265e+00,5.933767046747592255e-01,6.845728504833430428e-01
1.924500000000001432e+00,6.054143516663414992e-01,7.119521922980942552e-01
1.925000000000001155e+00,6.150571937078772589e-01,7.435058116391413119e-01
1.925500000000001322e+00,6.222114156030129628e-01,7.727176519051237591e-01
1.926000000000001489e+00,6.258284655447230449e-01,7.996716046757547103e-01
1.926500000000001211e+00,6.232846582399222957e-01,8.254524751931766602e-01
1.927000000000001378e+00,6.121562503633621866e-01,8.480785090633657930e-01
1.927500000000001545e+00,5.918808906039869644e-01,8.688889055507686976e-01
1.928000000000001268e+00,5.642643480733626760e-01,8.930579834337575296e-01
1.928500000000001435e+00,5.338240096324342598e-01,9.248945341707284218e-01
1.929000000000001158e+00,5.055379368842757293e-01,9.533928626062309064e-01
1.929500000000001325e+00,4.786780172662864485e-01,9.752510332075219335e-01
1.930000000000001492e+00,4.520602996287896858e-01,9.969640435280278101e-01
1.930500000000001215e+00,4.321062932745535212e-01,1.022343623551465130e+00
1.931000000000001382e+00,4.311417679003709535e-01,1.046484340705841953e+00
1.931500000000001549e+00,4.623312578147806273e-01,1.073341695647139105e+00
1.932000000000001272e+00,5.318669456463145373e-01,1.105374098318622433e+00
1.932500000000001439e+00,6.305497380539684116e-01,1.134801592432839401e+00
1.933000000000001162e+00,7.399743507991558555e-01,1.159948239770992595e+00
1.933500000000001329e+00,8.465022024474435636e-01,1.184743102722384256e+00
1.934000000000001496e+00,9.477130416885287678e-01,1.224741884881451526e+00
1.934500000000001219e+00,1.049637346779465741e+00,1.269437813007836757e+00
1.935000000000001386e+00,1.136239393760390959e+00,1.314030685775213092e+00
1.935500000000001553e+00,1.178192610884435165e+00,1.368850720845134594e+00
1.936000000000001275e+00,1.163951725787524705e+00,1.424282140370104921e+00
1.936500000000001442e+00,1.096345558565559486e+00,1.483331067598073316e+00
1.937000000000001165e+00,9.693559694869881005e-01,1.536035050887741615e+00
1.937500000000001332e+00,7.820599071615381703e-01,1.582732994919922476e+00
1.938000000000001499e+00,5.790729589807130928e-01,1.654767616420595999e+00
1.938500000000001222e+00,4.673914605897267482e-01,1.756764131338329538e+00
1.939000000000001389e+00,5.377025770325027931e-01,1.837121294734870958e+00
1.939500000000001556e+00,7.861381264753102283e-01,1.908660660808386478e+00
1.940000000000001279e+00,1.166671840184344555e+00,1.975619005817069063e+00
1.940500000000001446e+00,1.641746746813623758e+00,2.035315846232085502e+00
1.941000000000001169e+00,2.115937790276585240e+00,2.088892050159253166e+00
1.941500000000001336e+00,2.545609257004610271e+00,2.138192773547424430e+00
1.942000000000001503e+00,2.907502488852799161e+00,2.181746343158689427e+00
1.942500000000001226e+00,3.203138678607732714e+00,2.220814519096680595e+00
1.943000000000001393e+00,3.441838407926260945e+00,2.254625139374682341e+00
1.943500000000001560e+00,3.631498615885797587e+00,2.277176581593240101e+00
1.944000000000001283e+00,3.778091386312286915e+00,2.292693156846211444e+00
1.944500000000001450e+00,3.886162445181487790e+00,2.309623290340804491e+00
1.945000000000001172e+00,3.959146927224568735e+00,2.323220557251805207e+00
1.945500000000001339e+00,3.999487676673869174e+00,2.327619929005147803e+00
1.946000000000001506e+00,4.008626440491118714e+00,2.321836162125048730e+00
1.946500000000001229e+00,3.986927531852218376e+00,2.306780490998478150e+00
1.947000000000001396e+00,3.933628176025257606e+00,2.288339565845842305e+00
1.947500000000001563e+00,3.846886395409729431e+00,2.265541509992254454e+00
1.948000000000001286e+00,3.723886884036507805e+00,2.241168070347330232e+00
1.948500000000001453e+00,3.560893109400380840e+00,2.214568518531415897e+00
1.949000000000001176e+00,3.353132603716373783e+00,2.181384159116258381e+00
1.949500000000001343e+00,3.094441587880083500e+00,2.141248455330274858e+00
1.950000000000001510e+00,2.776902231735263182e+00,2.096095909087389852e+00
1.950500000000001233e+00,2.392718254756943885e+00,2.044918228350326661e+00
1.951000000000001400e+00,1.946894641027884232e+00,1.988547904310943082e+00
1.951500000000001567e+00,1.466119027431097122e+00,1.941408862668639213e+00
1.952000000000001290e+00,1.017732379751984606e+00,1.892769106652060440e+00
1.952500000000001457e+00,6.758272808430022538e-01,1.841141409508434634e+00
1.953000000000001180e+00,4.993875238212514556e-01,1.793728402411981282e+00
1.953500000000001346e+00,5.026623563927122840e-01,1.733175770538192051e+00
1.954000000000001513e+00,6.352005530456222848e-01,1.696946372411086257e+00
1.954500000000001236e+00,8.124285244765987457e-01,1.671916068909952147e+00
1.955000000000001403e+00,9.619993956898067466e-01,1.644541255131094060e+00
1.955500000000001570e+00,1.054693313647443675e+00,1.612890375675707588e+00
1.956000000000001293e+00,1.092133817250686034e+00,1.575854380457672788e+00
1.956500000000001460e+00,1.083534112012315420e+00,1.535671968892219574e+00
1.957000000000001183e+00,1.033063080008639556e+00,1.505079555998203311e+00
1.957500000000001350e+00,9.526909607261284663e-01,1.461842917000027775e+00
1.958000000000001517e+00,8.537713833654574369e-01,1.410164186794671037e+00
1.958500000000001240e+00,7.370782135538397339e-01,1.354502949707351300e+00
1.959000000000001407e+00,6.097805654311945212e-01,1.297760054364019533e+00
1.959500000000001574e+00,4.932198387489606373e-01,1.244008042003177161e+00
1.960000000000001297e+00,4.118033905321616395e-01,1.184553181654862453e+00
1.960500000000001464e+00,3.779865960207949294e-01,1.133840838134886786e+00
1.961000000000001187e+00,3.917617639393055629e-01,1.078483527811667786e+00
1.961500000000001354e+00,4.407901806315940862e-01,1.017248779769223344e+00
1.962000000000001521e+00,5.077300554345266503e-01,9.773498890706541209e-01
1.962500000000001243e+00,5.796107909305256989e-01,9.436446937023574844e-01
1.963000000000001410e+00,6.504145742350030401e-01,9.064288527780357541e-01
1.963500000000001577e+00,7.139784912744751022e-01,8.670991002038623829e-01
1.964000000000001300e+00,7.608075038964625669e-01,8.267680288382035503e-01
1.964500000000001467e+00,7.851788849536612824e-01,7.924659389425325884e-01
1.965000000000001190e+00,7.872734571506346812e-01,7.609692948777442290e-01
1.965500000000001357e+00,7.693850347989514837e-01,7.271065203679606403e-01
1.966000000000001524e+00,7.340770979366550986e-01,6.928338192084400049e-01
1.966500000000001247e+00,6.873770572364197307e-01,6.705939607979407580e-01
1.967000000000001414e+00,6.404236296690737351e-01,6.508852100421675946e-01
1.967500000000001581e+00,6.025619288230366077e-01,6.294165616788428563e-01
1.968000000000001304e+00,5.735393953121358246e-01,6.046925270598765279e-01
1.968500000000001471e+00,5.491202116923474819e-01,5.871003555509165528e-01
1.969000000000001194e+00,5.293409752789746126e-01,5.677846446236166633e-01
1.969500000000001361e+00,5.188520629785339233e-01,5.466972584683097436e-01
1.970000000000001528e+00,5.219450265156176938e-01,5.266986068040234725e-01
1.970500000000001251e+00,5.369922182021413803e-01,5.197429764771578364e-01
1.971000000000001418e+00,5.564508034279402882e-01,5.143913806899705898e-01
1.971500000000001585e+00,5.714700504272307580e-01,5.129569811019181191e-01
1.972000000000001307e+00,5.753553364339950571e-01,5.201187732882811554e-01
1.972500000000001474e+00,5.646839151262770251e-01,5.254706214495838967e-01
1.973000000000001197e+00,5.393995969627944920e-01,5.297810057487817303e-01
1.973500000000001364e+00,5.026488198861382983e-01,5.334239414406820590e-01
1.974000000000001531e+00,4.604095697145777488e-01,5.349577693437265191e-01
1.974500000000001254e+00,4.206404853813678346e-01,5.352304444825232155e-01
1.975000000000001421e+00,3.917998997570429909e-01,5.334084025672835017e-01
1.975500000000001588e+00,3.805149434659119700e-01,5.306201994577922632e-01
1.976000000000001311e+00,3.881107771273892282e-01,5.270391674064948129e-01
1.976500000000001478e+00,4.091633852058357834e-01,5.258645541269720836e-01
1.977000000000001201e+00,4.366153733928959113e-01,5.282551597399927079e-01
1.977500000000001368e+00,4.677826059193085362e-01,5.286854747490871143e-01
1.978000000000001535e+00,5.035791870680592641e-01,5.286258192051522808e-01
1.978500000000001258e+00,5.441666008393819531e-01,5.288408668848589844e-01
1.979000000000001425e+00,5.888100522745787213e-01,5.313219852670775234e-01
1.979500000000001592e+00,6.366638783306337590e-01,5.306450316980237947e-01
1.980000000000001315e+00,6.845054330890477656e-01,5.297507540307929697e-01
1.980500000000001481e+00,7.265786228732566965e-01,5.306964260585804727e-01
1.981000000000001204e+00,7.574833296132974514e-01,5.247097993980613939e-01
1.981500000000001371e+00,7.739474055231958527e-01,5.240980123614060737e-01
1.982000000000001538e+00,7.746774104683630258e-01,5.243937698639994371e-01
1.982500000000001261e+00,7.597820227400354787e-01,5.261196313000179314e-01
1.983000000000001428e+00,7.305693348546649091e-01,5.339912470533570987e-01
1.983500000000001595e+00,6.895008511498489367e-01,5.421915302416346893e-01
1.984000000000001318e+00,6.395490173558426861e-01,5.504033464111709462e-01
1.984500000000001485e+00,5.830010555375635395e-01,5.536727882693101011e-01
1.985000000000001208e+00,5.219913204011834562e-01,5.558848530979877411e-01
1.985500000000001375e+00,4.628864089275049887e-01,5.659019021427195151e-01
1.986000000000001542e+00,4.224526499126968204e-01,5.761537542677545032e-01
1.986500000000001265e+00,4.234147538497469720e-01,5.849092522732731725e-01
1.987000000000001432e+00,4.709276204209196237e-01,5.916496017192363066e-01
1.987500000000001599e+00,5.516193108579255933e-01,5.942307919877106714e-01
1.988000000000001322e+00,6.518389062682854451e-01,5.940466124396889258e-01
1.988500000000001489e+00,7.599354655218714116e-01,5.928786333275032350e-01
1.989000000000001211e+00,8.657933435999671801e-01,5.932727396591639391e-01
1.989500000000001378e+00,9.626018718200782809e-01,5.919003522101025094e-01
1.990000000000001545e+00,1.046258334462395689e+00,5.904302106879949497e-01
1.990500000000001268e+00,1.113995040183216600e+00,5.840673426030825732e-01
1.991000000000001435e+00,1.163619851873368916e+00,5.758369717409074218e-01
1.991500000000001602e+00,1.193309177079419969e+00,5.695683024629235591e-01
1.992000000000001325e+00,1.201669358771400464e+00,5.641660597448659997e-01
1.992500000000001492e+00,1.187887390663738163e+00,5.573648915518458757e-01
1.993000000000001215e+00,1.151932384343691274e+00,5.635971005748772189e-01
1.993500000000001382e+00,1.094856115360458571e+00,5.640997004179859609e-01
1.994000000000001549e+00,1.019199539524690890e+00,5.628898397812683863e-01
1.994500000000001272e+00,9.293228179153860680e-01,5.591021549803758539e-01
1.995000000000001439e+00,8.313578654272604229e-01,5.673106390586595271e-01
1.995500000000001606e+00,7.328737683695727423e-01,5.752662392968815874e-01
1.996000000000001329e+00,6.423232873945934340e-01,5.805022531082421056e-01
1.996500000000001496e+00,5.670671179728232758e-01,5.822875895242297650e-01
1.997000000000001219e+00,5.105850812761157931e-01,5.862490336996870610e-01
1.997500000000001386e+00,4.723577676684382887e-01,5.911351838518134061e-01
1.998000000000001553e+00,4.496829736517682363e-01,5.965583405766146097e-01
1.998500000000001275e+00,4.394194719980774044e-01,6.020601557295689465e-01
1.999000000000001442e+00,4.394849563731051956e-01,6.097712895126453647e-01
1.999500000000001609e+00,4.486510874786692749e-01,6.232415173094814076e-01
2.000000000000001332e+00,4.651313873153953837e-01,6.298521344131093880e-01
2.000500000000001499e+00,4.862515782182981749e-01,6.347813551816602340e-01
2.001000000000001222e+00,5.093587712789152677e-01,6.367619257538688071e-01
2.001500000000001389e+00,5.322704077432649505e-01,6.383468679274862945e-01
2.002000000000001556e+00,5.528417793824543791e-01,6.383840992305148676e-01
2.002500000000001279e+00,5.685422712219688757e-01,6.353116516556160942e-01
2.003000000000001446e+00,5.764186873837051639e-01,6.348598893405525967e-01
2.003500000000001613e+00,5.735318845001855514e-01,6.387815203037821021e-01
2.004000000000001336e+00,5.579566415364507481e-01,6.423482585656274946e-01
2.004500000000001503e+00,5.296609831195376872e-01,6.435241674462719441e-01
2.005000000000001226e+00,4.905334286854518000e-01,6.563900599090896071e-01
2.005500000000001393e+00,4.440546208938928596e-01,6.851459163761366433e-01
2.006000000000001560e+00,3.953656028941480161e-01,7.137799717133760380e-01
2.006500000000001283e+00,3.507113054021455123e-01,7.361007663537141310e-01
2.007000000000001450e+00,3.160641629133483232e-01,7.551665247942958015e-01
2.007500000000001616e+00,2.975609033427762951e-01,7.767288851297916574e-01
2.008000000000001339e+00,3.026777166965565202e-01,7.956423630427905680e-01
2.008500000000001506e+00,3.395249457522754866e-01,8.115583417263447785e-01
2.009000000000001229e+00,4.157162675648108374e-01,8.390228271564291740e-01
2.009500000000001396e+00,5.363668837443338333e-01,8.741733481749340839e-01
2.010000000000001563e+00,6.972535824963854711e-01,9.072993304653040880e-01
2.010500000000001286e+00,8.866044130175995130e-01,9.385459545279631888e-01
2.011000000000001453e+00,1.090421936204087228e+00,9.664937300645600748e-01
2.011500000000001620e+00,1.288212027815637928e+00,9.904839327044048236e-01
2.012000000000001343e+00,1.465138835472106438e+00,1.008881598850850825e+00
2.012500000000001510e+00,1.615631553817021615e+00,1.020496215036244880e+00
2.013000000000001233e+00,1.738319028705689107e+00,1.023812699839791396e+00
2.013500000000001400e+00,1.833196880202880852e+00,1.024967593889108297e+00
2.014000000000001567e+00,1.900681252748944727e+00,1.033554463463622231e+00
2.014500000000001290e+00,1.941277989500936441e+00,1.036240116996312022e+00
2.015000000000001457e+00,1.955417766709418803e+00,1.033488013763486757e+00
2.015500000000001624e+00,1.943343201755787675e+00,1.027541386829876391e+00
2.016000000000001346e+00,1.905024493129125363e+00,1.022518402306488827e+00
2.016500000000001513e+00,1.840115451290165627e+00,1.016079976311375033e+00
2.017000000000001236e+00,1.748002343546617876e+00,1.000667785981404823e+00
2.017500000000001403e+00,1.628041706309488301e+00,9.788657560002747005e-01
2.018000000000001570e+00,1.480162341327968534e+00,9.548117454720911335e-01
2.018500000000001293e+00,1.306235781239160731e+00,9.232914613175979834e-01
2.019000000000001460e+00,1.112965690215301340e+00,8.866160612079516667e-01
2.019500000000001627e+00,9.157987249852507228e-01,8.463763178083028027e-01
2.020000000000001350e+00,7.361130216327541609e-01,8.103642612287951241e-01
2.020500000000001517e+00,5.869665533098842314e-01,7.862168650046705842e-01
2.021000000000001240e+00,4.718850437016369748e-01,7.656800185003619363e-01
2.021500000000001407e+00,3.937510031788163944e-01,7.495683531827072033e-01
2.022000000000001574e+00,3.519351522480090311e-01,7.316524785256085517e-01
2.022500000000001297e+00,3.401080976299107883e-01,7.113891121277229335e-01
2.023000000000001464e+00,3.492881406378582354e-01,6.909114722885227877e-01
2.023500000000001631e+00,3.709497103268117879e-01,6.706249125943042344e-01
2.024000000000001354e+00,3.986525042704493482e-01,6.468409573740825369e-01
2.024500000000001521e+00,4.278043176459641050e-01,6.241562060641019372e-01
2.025000000000001243e+00,4.548391424650459203e-01,6.094816497325221683e-01
2.025500000000001410e+00,4.769155103185658828e-01,5.962626496132038545e-01
2.026000000000001577e+00,4.920980797515023819e-01,5.804250180867439601e-01
2.026500000000001300e+00,4.997400347853772073e-01,5.645670703070624352e-01
2.027000000000001467e+00,5.006357838170190089e-01,5.509748243760257402e-01
2.027500000000001634e+00,4.964667889468561413e-01,5.323012549134868987e-01
2.028000000000001357e+00,4.888480409405698834e-01,5.331135144340735099e-01
2.028500000000001524e+00,4.788849030569664045e-01,5.367844287171646966e-01
2.029000000000001247e+00,4.675131891594325184e-01,5.427039807849128872e-01
2.029500000000001414e+00,4.564005339507107850e-01,5.458338687293824432e-01
2.030000000000001581e+00,4.490999084603592983e-01,5.464815086842053082e-01
2.030500000000001304e+00,4.515220267292880396e-01,5.448801174853951101e-01
2.031000000000001471e+00,4.707754710958737543e-01,5.411107718332053285e-01
2.031500000000001638e+00,5.125398611030251850e-01,5.351355967921248569e-01
2.032000000000001361e+00,5.780355663653830023e-01,5.380053323656280861e-01
2.032500000000001528e+00,6.633098457260893088e-01,5.403063174324903573e-01
2.033000000000001251e+00,7.615649904287524752e-01,5.504838662413313877e-01
2.033500000000001418e+00,8.649561112986129396e-01,5.653722227339441631e-01
2.034000000000001585e+00,9.650953336481290501e-01,5.783485881617927982e-01
2.034500000000001307e+00,1.054116186828508273e+00,5.946888531710309289e-01
2.035000000000001474e+00,1.126211342789877889e+00,6.097641874611010593e-01
2.035500000000001641e+00,1.178249746297036271e+00,6.197753774195435827e-01
2.036000000000001364e+00,1.209312461163102537e+00,6.239443846466582455e-01
2.036500000000001531e+00,1.219808105253408215e+00,6.244459517984680685e-01
2.037000000000001254e+00,1.210690150062911696e+00,6.226586059467009715e-01
2.037500000000001421e+00,1.183053925013187735e+00,6.373888347647557184e-01
2.038000000000001588e+00,1.138108451188938997e+00,6.480540176993297985e-01
2.038500000000001311e+00,1.077288226636870183e+00,6.542604122789720256e-01
2.039000000000001478e+00,1.002339628975779551e+00,6.537664492663821658e-01
2.039500000000001645e+00,9.154618045850261288e-01,6.520192881504796034e-01
2.040000000000001368e+00,8.197346906750538897e-01,6.492077330089286447e-01
2.040500000000001535e+00,7.200128900529522147e-01,6.422557919349143329e-01
2.041000000000001258e+00,6.240858706181799942e-01,6.378100862627731349e-01
2.041500000000001425e+00,5.429765636549744867e-01,6.329230079331923386e-01
2.042000000000001592e+00,4.882294329823583245e-01,6.236457264695478564e-01
2.042500000000001315e+00,4.660322031486791028e-01,6.158570274453850635e-01
2.043000000000001481e+00,4.740421207926954206e-01,6.110367036416732844e-01
2.043500000000001648e+00,5.047220483538028546e-01,6.066662650673265711e-01
2.044000000000001371e+00,5.495747218760408392e-01,6.042255784909843497e-01
2.044500000000001538e+00,6.006728564661348857e-01,6.106080896065179120e-01
2.045000000000001261e+00,6.513385192290748193e-01,6.177176839913991468e-01
2.045500000000001428e+00,6.969636151225248044e-01,6.237922334247411049e-01
2.046000000000001595e+00,7.351279850475892497e-01,6.281282240207284318e-01
2.046500000000001318e+00,7.648306794982864254e-01,6.308072449868629139e-01
2.047000000000001485e+00,7.855704457550533037e-01,6.318787897410691468e-01
2.047500000000001652e+00,7.968414893168989099e-01,6.315300130639378562e-01
2.048000000000001375e+00,7.980682792812937576e-01,6.310749643063313652e-01
2.048500000000001542e+00,7.888757780914347206e-01,6.370252730669326846e-01
2.049000000000001265e+00,7.695906410374159234e-01,6.432856846658169259e-01
2.049500000000001432e+00,7.416843501402627936e-01,6.509042339138930711e-01
2.050000000000001599e+00,7.078296061338209544e-01,6.576104133996505396e-01
2.050500000000001322e+00,6.714180678551809889e-01,6.672420479251464087e-01
2.051000000000001489e+00,6.357945322991536141e-01,6.716232569324487311e-01
2.051500000000001656e+00,6.036024126043340043e-01,6.757567530713572967e-01
2.052000000000001378e+00,5.758181461564775283e-01,6.792453996292281415e-01
2.052500000000001545e+00,5.511054359997225038e-01,6.814249527833525777e-01
2.053000000000001268e+00,5.274464076648524014e-01,6.819011479983078106e-01
2.053500000000001435e+00,5.044620155928540850e-01,6.809818960985993819e-01
2.054000000000001602e+00,4.837869158370095013e-01,6.797916684517824049e-01
2.054500000000001325e+00,4.675319247202883166e-01,6.778812695408988898e-01
2.055000000000001492e+00,4.564397344061295603e-01,6.836509004484746521e-01
2.055500000000001659e+00,4.497006059575633929e-01,6.905417961162980678e-01
2.056000000000001382e+00,4.466082141720342236e-01,6.934637995549725042e-01
2.056500000000001549e+00,4.479832715488630823e-01,6.972605310935098277e-01
2.057000000000001272e+00,4.551607869004262175e-01,7.043678848382044499e-01
2.057500000000001439e+00,4.672724341662080616e-01,7.099958316563210747e-01
2.058000000000001606e+00,4.810758381161005515e-01,7.283757116035411983e-01
2.058500000000001329e+00,4.934290865063622467e-01,7.489872255400753520e-01
2.059000000000001496e+00,5.028463248141596953e-01,7.679741937636318516e-01
2.059500000000001663e+00,5.094017982915659548e-01,7.862789599277055785e-01
2.060000000000001386e+00,5.137916077822158867e-01,8.029389186171458359e-01
2.060500000000001553e+00,5.163448309467886244e-01,8.181223090435638667e-01
2.061000000000001275e+00,5.164296200123629221e-01,8.369265394184906004e-01
2.061500000000001442e+00,5.123786391657592088e-01,8.554220673087421511e-01
2.062000000000001609e+00,5.019173647357914048e-01,8.836166420940239075e-01
2.062500000000001332e+00,4.837209339100412286e-01,9.126401299408893886e-01
2.063000000000001499e+00,4.596069031818666994e-01,9.512202626624752799e-01
2.063500000000001666e+00,4.331742347945696237e-01,9.951710604482288947e-01
2.064000000000001389e+00,4.073913427057845871e-01,1.045797332870513241e+00
2.064500000000001556e+00,3.866914387522976115e-01,1.092630349436056303e+00
2.065000000000001279e+00,3.775048326100184370e-01,1.142349142445235444e+00
2.065500000000001446e+00,3.844966514500637866e-01,1.199514551026255926e+00
2.066000000000001613e+00,4.069452955859194643e-01,1.259397513206259145e+00
2.066500000000001336e+00,4.409237821563196102e-01,1.314722594461501526e+00
2.067000000000001503e+00,4.847471228779657304e-01,1.383037551673022225e+00
2.067500000000001670e+00,5.379875145154732197e-01,1.443286258817823908e+00
2.068000000000001393e+00,5.945680415070010438e-01,1.493558456311138372e+00
2.068500000000001560e+00,6.463688592620795426e-01,1.539791823451858388e+00
2.069000000000001283e+00,6.869328880317392416e-01,1.584554880272754485e+00
2.069500000000001450e+00,7.047721921586874716e-01,1.616395327702768725e+00
2.070000000000001616e+00,6.893999437397765329e-01,1.647003527008391588e+00
2.070500000000001339e+00,6.346591081138087675e-01,1.689101370386634215e+00
2.071000000000001506e+00,5.429312260091601061e-01,1.727131019241492371e+00
2.071500000000001673e+00,4.343029181587066967e-01,1.764968503570342850e+00
2.072000000000001396e+00,3.539716531943479239e-01,1.809001129665552599e+00
2.072500000000001563e+00,3.654496645025309687e-01,1.849242874951591897e+00
2.073000000000001286e+00,5.204889202598710352e-01,1.916182613229254317e+00
2.073500000000001453e+00,8.141878507404104459e-01,1.986306231470551520e+00
2.074000000000001620e+00,1.188577977391928497e+00,2.054139213095761196e+00
2.074500000000001343e+00,1.614072477308521103e+00,2.112233956148620084e+00
2.075000000000001510e+00,2.027553573662974618e+00,2.162754136843982877e+00
2.075500000000001677e+00,2.385907513044667638e+00,2.212033328567085455e+00
2.076000000000001400e+00,2.685385563544897103e+00,2.257911384311738878e+00
2.076500000000001567e+00,2.932323327398554724e+00,2.299291258182917908e+00
2.077000000000001290e+00,3.133050835469576079e+00,2.334637663071872815e+00
2.077500000000001457e+00,3.292482546138793875e+00,2.364276634616572892e+00
2.078000000000001624e+00,3.414248992580743991e+00,2.387668400442388261e+00
2.078500000000001346e+00,3.500967670489383288e+00,2.407808163539308044e+00
2.079000000000001513e+00,3.554435046807880472e+00,2.423534824922632058e+00
2.079500000000001680e+00,3.575724180278384345e+00,2.436864659648041886e+00
2.080000000000001403e+00,3.565209083579103044e+00,2.447645158208050731e+00
2.080500000000001570e+00,3.522540110083186793e+00,2.447862037953834058e+00
2.081000000000001293e+00,3.446585019885783474e+00,2.437855520982913582e+00
2.081500000000001460e+00,3.335334222842329499e+00,2.420485544356929086e+00
2.082000000000001627e+00,3.185751501815211828e+00,2.398001145246962729e+00
2.082500000000001350e+00,2.993541074403503366e+00,2.366189174108983551e+00
2.083000000000001517e+00,2.752838727170168198e+00,2.329153055720433851e+00
2.083500000000001684e+00,2.456177177878441142e+00,2.288692099126270030e+00
2.084000000000001407e+00,2.097269207132959501e+00,2.243706137855773441e+00
2.084500000000001574e+00,1.688282266626442318e+00,2.192570114395882008e+00
2.085000000000001297e+00,1.284652844072969646e+00,2.149864748004248760e+00
2.085500000000001464e+00,9.020571945481161702e-01,2.100290674158300952e+00
2.086000000000001631e+00,5.752594964094505103e-01,2.041371324477363025e+00
2.086500000000001354e+00,3.915674519170040946e-01,1.970572083285664577e+00
2.087000000000001521e+00,3.602248229979430061e-01,1.878448340135467465e+00
2.087500000000001688e+00,4.482472913956653815e-01,1.805414047087841256e+00
2.088000000000001410e+00,5.976674104411562327e-01,1.736470653141194642e+00
2.088500000000001577e+00,7.394410539805086335e-01,1.669337132965324155e+00
2.089000000000001300e+00,8.367358844888427294e-01,1.615231227817540471e+00
2.089500000000001467e+00,8.866168869285342424e-01,1.565334833907108036e+00
2.090000000000001634e+00,9.024176068343324753e-01,1.518903341382085381e+00
2.090500000000001357e+00,8.931733821408943674e-01,1.478124467087350125e+00
2.091000000000001524e+00,8.543070111091172203e-01,1.432499878917413483e+00
2.091500000000001691e+00,7.873310175034975433e-01,1.384923284413799971e+00
2.092000000000001414e+00,7.094463999250330000e-01,1.332584518281109354e+00
2.092500000000001581e+00,6.394512308522257715e-01,1.281586232190037755e+00
2.093000000000001304e+00,5.839545207552443440e-01,1.230902142089031592e+00
2.093500000000001471e+00,5.401106993147868351e-01,1.178010365957868677e+00
2.094000000000001638e+00,5.057025096659532037e-01,1.128016048540204652e+00
2.094500000000001361e+00,4.832714633419474271e-01,1.076339634059998662e+00
2.095000000000001528e+00,4.776252594018655095e-01,1.026879512296503760e+00
2.095500000000001695e+00,4.915835451589589122e-01,9.807728171155323249e-01
2.096000000000001418e+00,5.216726023874868057e-01,9.444313527583287904e-01
2.096500000000001585e+00,5.573528293328690042e-01,9.186243263847877483e-01
2.097000000000001307e+00,5.876766007660694235e-01,8.948995922973266293e-01
2.097500000000001474e+00,6.068145886580020854e-01,8.753863481450121498e-01
2.098000000000001641e+00,6.142964551550497143e-01,8.527853622365043629e-01
2.098500000000001364e+00,6.119457156624068528e-01,8.304440091379005073e-01
2.099000000000001531e+00,6.016760853180642687e-01,8.065606521094531578e-01
2.099500000000001698e+00,5.866897334905643024e-01,7.807035674358029365e-01
2.100000000000001421e+00,5.717278934173416483e-01,7.546149015237546553e-01
2.100500000000001588e+00,5.595582518442607789e-01,7.388675962629303040e-01
2.101000000000001311e+00,5.496862739100605300e-01,7.220544800953356823e-01
2.101500000000001478e+00,5.418271314557357998e-01,7.055700479936721781e-01
2.102000000000001645e+00,5.383124927399423054e-01,6.948791002382355142e-01
2.102500000000001368e+00,5.418403568465925968e-01,6.840910709419184554e-01
2.103000000000001535e+00,5.515459715881121383e-01,6.783367951338578061e-01
2.103500000000001702e+00,5.647063811839071468e-01,6.794922303943160546e-01
2.104000000000001425e+00,5.806169222945269937e-01,6.784953747284357961e-01
2.104500000000001592e+00,6.005426759033308803e-01,6.750042543121688166e-01
2.105000000000001315e+00,6.262371662287415930e-01,6.704290695286795332e-01
2.105500000000001481e+00,6.590184629684353590e-01,6.784344046644880111e-01
2.106000000000001648e+00,6.969381841129803634e-01,6.977760543446976937e-01
2.106500000000001371e+00,7.335394072472033455e-01,7.155268279540571985e-01
2.107000000000001538e+00,7.622450502531956662e-01,7.300310910295098044e-01
2.107500000000001705e+00,7.798669132390870784e-01,7.402875032027481650e-01
2.108000000000001428e+00,7.866295589508536246e-01,7.365209668508601037e-01
2.108500000000001595e+00,7.850168303523219482e-01,7.319474541986521476e-01
2.109000000000001318e+00,7.780669287894290687e-01,7.306098742863536000e-01
2.109500000000001485e+00,7.672407421971378927e-01,7.312155146868881683e-01
2.110000000000001652e+00,7.514799495098724025e-01,7.290971499634942843e-01
2.110500000000001375e+00,7.286304162480059521e-01,7.239378092819294119e-01
2.111000000000001542e+00,6.975976517648767583e-01,7.109342780111548299e-01
2.111500000000001709e+00,6.592817746503010223e-01,6.925565201127763526e-01
2.112000000000001432e+00,6.162944396614428166e-01,6.683413434241362028e-01
2.112500000000001599e+00,5.724697780101704048e-01,6.477106125102629619e-01
2.113000000000001322e+00,5.329513696577490300e-01,6.358345601590118523e-01
2.113500000000001489e+00,5.036957170427236452e-01,6.365857923880795521e-01
2.114000000000001656e+00,4.890575939112650206e-01,6.382262878584783472e-01
2.114500000000001378e+00,4.919460937616751406e-01,6.369643323395212109e-01
2.115000000000001545e+00,5.141314191505379494e-01,6.328629376068631851e-01
2.115500000000001712e+00,5.530902897554995645e-01,6.247461013750419401e-01
2.116000000000001435e+00,6.055598591970033917e-01,6.141809289197910360e-01
2.116500000000001602e+00,6.713349601115463638e-01,6.029009755387284564e-01
2.117000000000001325e+00,7.497953938855748124e-01,5.896842175055324597e-01
2.117500000000001492e+00,8.352100843095744409e-01,5.814528286184168504e-01
2.118000000000001659e+00,9.182071589282371216e-01,5.779217556046305493e-01
2.118500000000001382e+00,9.905141795261858118e-01,5.798946832926984429e-01
2.119000000000001549e+00,1.046883970705324796e+00,5.864484086862639112e-01
2.119500000000001716e+00,1.084563694506153642e+00,5.903766554946608958e-01
2.120000000000001439e+00,1.102380973510630247e+00,5.893271691149097880e-01
2.120500000000001606e+00,1.100109803167184319e+00,5.881337374859842981e-01
2.121000000000001329e+00,1.078094120370356013e+00,5.894698080434490617e-01
2.121500000000001496e+00,1.037113809342911530e+00,5.919726709757533456e-01
2.122000000000001663e+00,9.785623953730866464e-01,5.978607094954462298e-01
2.122500000000001386e+00,9.048263029223310161e-01,6.025834350881077439e-01
2.123000000000001553e+00,8.195268845908312283e-01,6.169074679250604598e-01
2.123500000000001720e+00,7.275011782849151176e-01,6.307915772528200904e-01
2.124000000000001442e+00,6.349446059293176736e-01,6.461935430207648157e-01
2.124500000000001609e+00,5.501115815825845523e-01,6.579540122543378056e-01
2.125000000000001332e+00,4.831354016220328340e-01,6.632658769027959256e-01
2.125500000000001499e+00,4.419928598717627888e-01,6.662893138496174261e-01
2.126000000000001666e+00,4.273479124976802268e-01,6.635057945921809530e-01
2.126500000000001389e+00,4.331024376439114865e-01,6.583125880275135788e-01
2.127000000000001556e+00,4.515511842038072987e-01,6.606898320702201399e-01
2.127500000000001723e+00,4.764573803565329557e-01,6.619297086568234345e-01
2.128000000000001446e+00,5.022554763015596446e-01,6.620582722452965641e-01
2.128500000000001613e+00,5.238369576400629946e-01,6.599049436319439632e-01
2.129000000000001336e+00,5.377835118509846080e-01,6.584334156587234865e-01
2.129500000000001503e+00,5.423161336274804345e-01,6.591591671158872900e-01
2.130000000000001670e+00,5.363743621601536615e-01,6.563878819485845506e-01
2.130500000000001393e+00,5.194372237221573929e-01,6.526059678888127547e-01
2.131000000000001560e+00,4.918454698590502550e-01,6.561032158750174093e-01
2.131500000000001727e+00,4.554132256967478587e-01,6.640427381011179131e-01
2.132000000000001450e+00,4.146536283091738495e-01,6.726954661637400967e-01
2.132500000000001616e+00,3.780776825422434984e-01,6.907569766011123491e-01
2.133000000000001339e+00,3.585986606312207003e-01,7.068854660805076184e-01
2.133500000000001506e+00,3.730026341280353597e-01,7.214569531489605225e-01
2.134000000000001673e+00,4.378653262769155452e-01,7.358039426455786902e-01
2.134500000000001396e+00,5.614250892304920582e-01,7.491253237090591544e-01
2.135000000000001563e+00,7.397777202999280544e-01,7.611118598028874249e-01
2.135500000000001730e+00,9.525569261336522819e-01,7.718479983540145195e-01
2.136000000000001453e+00,1.170220251147062296e+00,7.833566896936071666e-01
2.136500000000001620e+00,1.371514180039435260e+00,7.837935108820681673e-01
2.137000000000001343e+00,1.546563096785435132e+00,7.798375790705407429e-01
2.137500000000001510e+00,1.691971311333980710e+00,7.826733367207777681e-01
2.138000000000001677e+00,1.807137417588270178e+00,7.829475742238168889e-01
2.138500000000001400e+00,1.892538074202992915e+00,7.810856166429421821e-01
2.139000000000001567e+00,1.948995951739951993e+00,7.764303836513358759e-01
2.139500000000001734e+00,1.977333883333202369e+00,7.678178570257363500e-01
2.140000000000001457e+00,1.978190438463354184e+00,7.550038866806079163e-01
2.140500000000001624e+00,1.951945421312756057e+00,7.401330524313840531e-01
2.141000000000001346e+00,1.898745652059290689e+00,7.255164991695265408e-01
2.141500000000001513e+00,1.818617729212605116e+00,7.077477194809510541e-01
2.142000000000001680e+00,1.711671193803807611e+00,6.939402208607549083e-01
2.142500000000001403e+00,1.578439902837353248e+00,6.894960863132313378e-01
2.143000000000001570e+00,1.420460872721333478e+00,6.832823998793960962e-01
2.143500000000001737e+00,1.241255750026505345e+00,6.759625816627993222e-01
2.144000000000001460e+00,1.047911350871624903e+00,6.688974749435926404e-01
2.144500000000001627e+00,8.530314355157188055e-01,6.591614693771006284e-01
2.145000000000001350e+00,6.751807451811413507e-01,6.453107254163131801e-01
2.145500000000001517e+00,5.342482087900535248e-01,6.341299625609246871e-01
2.146000000000001684e+00,4.418251275658140464e-01,6.260635110247438906e-01
2.146500000000001407e+00,3.957579517301837990e-01,6.172190475932802789e-01
2.147000000000001574e+00,3.847473385340665630e-01,6.124132769004486665e-01
2.147500000000001741e+00,3.947696543965747984e-01,6.102199972429099839e-01
2.148000000000001464e+00,4.129567827769858868e-01,5.984487799590639812e-01
2.148500000000001631e+00,4.303769437231743100e-01,5.829910236782513966e-01
2.149000000000001354e+00,4.429920418289702289e-01,5.663101092117975854e-01
2.149500000000001521e+00,4.507597930137273723e-01,5.532996603468812724e-01
2.150000000000001688e+00,4.557810337824596547e-01,5.465047318174469648e-01
2.150500000000001410e+00,4.600996247519365534e-01,5.515217681921816828e-01
2.151000000000001577e+00,4.638709514056550409e-01,5.513227116199235223e-01
2.151500000000001744e+00,4.649934233882196399e-01,5.474310229813396100e-01
2.152000000000001467e+00,4.606206097941348832e-01,5.457828190660065637e-01
2.152500000000001634e+00,4.495468988049730052e-01,5.475678075735352923e-01
2.153000000000001357e+00,4.341591462842572247e-01,5.433864474608831596e-01
2.153500000000001524e+00,4.210253531998038312e-01,5.446528149975826683e-01
2.154000000000001691e+00,4.191563963392197500e-01,5.551494306279588509e-01
2.154500000000001414e+00,4.364721278471840327e-01,5.591178347948930760e-01
2.155000000000001581e+00,4.774673186000332192e-01,5.549378505437561060e-01
2.155500000000001748e+00,5.427970638847261498e-01,5.679406578764206737e-01
2.156000000000001471e+00,6.286480046445312997e-01,5.842794340252523977e-01
2.156500000000001638e+00,7.267296279252718483e-01,5.970847733582607120e-01
2.157000000000001361e+00,8.269644802221467472e-01,6.070779487413251463e-01
2.157500000000001528e+00,9.206059352519003758e-01,6.146974002346162758e-01
2.158000000000001695e+00,1.001297642008255551e+00,6.195350970734965212e-01
2.158500000000001418e+00,1.064701261516679542e+00,6.235809240085588012e-01
2.159000000000001585e+00,1.107863986400150491e+00,6.291516997820655321e-01
2.159500000000001751e+00,1.128734468665915536e+00,6.387411515872095658e-01
2.160000000000001474e+00,1.125879334819253952e+00,6.505134260183889072e-01
2.160500000000001641e+00,1.098415340851067512e+00,6.611069819555219773e-01
2.161000000000001364e+00,1.046166839397600246e+00,6.720086285966815343e-01
2.161500000000001531e+00,9.700668929765173809e-01,6.795867971706078814e-01
2.162000000000001698e+00,8.728774738654749843e-01,6.855181752818400032e-01
2.162500000000001421e+00,7.603107130276821612e-01,6.881959325586353149e-01
2.163000000000001588e+00,6.422957159746275346e-01,6.881475419573732655e-01
2.163500000000001755e+00,5.333098964003767373e-01,6.843443720740786107e-01
2.164000000000001478e+00,4.503513315064271438e-01,6.778145471240458741e-01
2.164500000000001645e+00,4.077195240807348631e-01,6.787942742650913130e-01
2.165000000000001368e+00,4.089628834548797442e-01,6.797098403782957377e-01
2.165500000000001535e+00,4.440458522093612137e-01,6.809003075759323398e-01
2.166000000000001702e+00,4.977183119591074845e-01,6.818029883453500251e-01
2.166500000000001425e+00,5.577476615030149132e-01,6.791370821916695721e-01
2.167000000000001592e+00,6.167713426455444514e-01,6.777850205366469094e-01
2.167500000000001759e+00,6.710260622826141885e-01,6.718400624441462909e-01
2.168000000000001481e+00,7.183795666566894500e-01,6.657618249421031198e-01
2.168500000000001648e+00,7.567205864889160472e-01,6.585006266381550066e-01
2.169000000000001371e+00,7.833975890676934117e-01,6.469596431695013861e-01
2.169500000000001538e+00,7.958009568579964554e-01,6.411963002376606102e-01
2.170000000000001705e+00,7.925383330576086793e-01,6.345149569634206399e-01
2.170500000000001428e+00,7.741668336062584865e-01,6.319857187534611009e-01
2.171000000000001595e+00,7.428743912731803345e-01,6.281079934389623975e-01
2.171500000000001762e+00,7.018319271167212658e-01,6.253554493761259714e-01
2.172000000000001485e+00,6.553738417756043155e-01,6.200729937646937140e-01
2.172500000000001652e+00,6.092240396757362397e-01,6.121104368731780099e-01
2.173000000000001375e+00,5.691407307257654313e-01,6.036118492009437952e-01
2.173500000000001542e+00,5.392190492400247281e-01,6.038287343929986672e-01
2.174000000000001709e+00,5.215799892223278444e-01,6.249603014292078873e-01
2.174500000000001432e+00,5.160923089747637693e-01,6.409118636707038519e-01
2.175000000000001599e+00,5.201800759649481964e-01,6.545173846103129467e-01
2.175500000000001766e+00,5.306099933240118194e-01,6.717557845130007754e-01
2.176000000000001489e+00,5.452007626667079165e-01,6.935750659038009136e-01
2.176500000000001656e+00,5.620560517126250710e-01,7.221811200227045147e-01
2.177000000000001378e+00,5.788483585322803382e-01,7.593142970436761452e-01
2.177500000000001545e+00,5.940829763611042980e-01,7.958611375392756759e-01
2.178000000000001712e+00,6.079397479307522278e-01,8.289543699845056679e-01
2.178500000000001435e+00,6.200228257413155086e-01,8.529947774492150359e-01
2.179000000000001602e+00,6.265802113489267189e-01,8.733335981035533768e-01
2.179500000000001769e+00,6.230014113169606293e-01,8.918458696579030232e-01
2.180000000000001492e+00,6.077545651578060149e-01,9.134400657904724330e-01
2.180500000000001659e+00,5.821000738160072574e-01,9.468753785381623933e-01
2.181000000000001382e+00,5.485340699280498722e-01,9.801212965150064571e-01
2.181500000000001549e+00,5.106711840641239286e-01,1.014739711193665350e+00
2.182000000000001716e+00,4.740485732117615814e-01,1.050468578847737033e+00
2.182500000000001439e+00,4.472645058060983336e-01,1.075364353695731801e+00
2.183000000000001606e+00,4.398532841333865351e-01,1.108042547777307929e+00
2.183500000000001773e+00,4.557148681275526303e-01,1.148919485331810986e+00
2.184000000000001496e+00,4.928311035508260995e-01,1.194583002353987844e+00
2.184500000000001663e+00,5.459075864414062451e-01,1.239302737594268455e+00
2.185000000000001386e+00,6.063373628197538112e-01,1.284223648407853524e+00
2.185500000000001553e+00,6.665494397386143577e-01,1.324869664805130354e+00
2.186000000000001720e+00,7.222768002230749440e-01,1.361402354208056664e+00
2.186500000000001442e+00,7.661838081987829563e-01,1.390986168008766732e+00
2.187000000000001609e+00,7.839124393768640564e-01,1.421923706306021495e+00
2.187500000000001776e+00,7.670361639169420709e-01,1.460034891072574004e+00
2.188000000000001499e+00,7.137775907332922776e-01,1.502684186449943615e+00
2.188500000000001666e+00,6.217679211034956577e-01,1.550897755564497382e+00
2.189000000000001389e+00,5.022191853686023277e-01,1.593497685817269360e+00
2.189500000000001556e+00,3.959903008749380837e-01,1.640233432295011173e+00
2.190000000000001723e+00,3.671969158013234646e-01,1.693971993957503752e+00
2.190500000000001446e+00,4.680272224949244553e-01,1.749949850244108207e+00
2.191000000000001613e+00,7.047852731253821945e-01,1.825221410243751397e+00
2.191500000000001780e+00,1.037389283127486239e+00,1.888091047735071637e+00
2.192000000000001503e+00,1.435361181161663113e+00,1.947337115122582674e+00
2.192500000000001670e+00,1.848918801704577231e+00,2.007244697578481674e+00
2.193000000000001393e+00,2.225813283518744967e+00,2.062324146699370697e+00
2.193500000000001560e+00,2.545340562985899613e+00,2.111740342748976929e+00
2.194000000000001727e+00,2.809265148022569214e+00,2.150069671263492133e+00
2.194500000000001450e+00,3.023955026775963617e+00,2.184459568103031213e+00
2.195000000000001616e+00,3.195113011873426778e+00,2.207898387382581262e+00
2.195500000000001783e+00,3.327140404449723921e+00,2.222624274939772437e+00
2.196000000000001506e+00,3.423308460525507968e+00,2.234453803890118273e+00
2.196500000000001673e+00,3.485982837360990239e+00,2.243624909589406080e+00
2.197000000000001396e+00,3.516766455053625950e+00,2.246040401167683775e+00
2.197500000000001563e+00,3.516541746192663798e+00,2.236164321151653755e+00
2.198000000000001730e+00,3.485420965009873751e+00,2.234091506592910115e+00
2.198500000000001453e+00,3.422639416061513007e+00,2.215560758206385206e+00
2.199000000000001620e+00,3.326452857926794682e+00,2.183642579231986680e+00
2.199500000000001787e+00,3.194081603166945449e+00,2.160697024769903329e+00
2.200000000000001510e+00,3.021671463805775115e+00,2.136992836935476259e+00
2.200500000000001677e+00,2.804191865953829410e+00,2.108025173410082331e+00
2.201000000000001400e+00,2.535300241872299853e+00,2.074652225558369256e+00
2.201500000000001567e+00,2.208030661534918337e+00,2.036740723118176000e+00
2.202000000000001734e+00,1.822011534551654321e+00,2.001864337660540727e+00
2.202500000000001457e+00,1.407150836624232237e+00,1.964718781550204296e+00
2.203000000000001624e+00,1.009541735729520218e+00,1.926312041650093176e+00
2.203500000000001791e+00,6.796502735059505307e-01,1.883978671460540877e+00
2.204000000000001513e+00,4.623051122252612721e-01,1.833481550135674265e+00
2.204500000000001680e+00,3.760221448365682062e-01,1.770658398284093549e+00
2.205000000000001403e+00,4.063795614448239002e-01,1.703998827904878111e+00
2.205500000000001570e+00,5.089142549278704575e-01,1.638445169372413357e+00
2.206000000000001737e+00,6.282701725261768955e-01,1.565686051461364858e+00
2.206500000000001460e+00,7.241540359210972833e-01,1.516490194785087287e+00
2.207000000000001627e+00,7.818792097109518169e-01,1.460651010197994371e+00
2.207500000000001794e+00,7.984577778073662646e-01,1.405258898829969239e+00
2.208000000000001517e+00,7.706414183709716648e-01,1.356384976374291895e+00
2.208500000000001684e+00,7.019318322862753146e-01,1.303980234688560058e+00
2.209000000000001407e+00,6.092449801892017014e-01,1.244726507676942262e+00
2.209500000000001574e+00,5.204088053591995333e-01,1.183464665168942442e+00
2.210000000000001741e+00,4.587057628444681789e-01,1.122412040922374565e+00
2.210500000000001464e+00,4.308136682684007290e-01,1.055686601289513415e+00
2.211000000000001631e+00,4.394380457869225820e-01,1.006287577559521251e+00
2.211500000000001798e+00,4.824486296077406533e-01,9.649819661683982641e-01
2.212000000000001521e+00,5.464257290802045919e-01,9.198471984777878419e-01
2.212500000000001688e+00,6.155537160360633475e-01,8.704156828707247939e-01
2.213000000000001410e+00,6.786497319796964689e-01,8.223605752198432928e-01
2.213500000000001577e+00,7.290734374781813187e-01,7.883002957182653203e-01
2.214000000000001744e+00,7.632116479737366399e-01,7.692111733483816272e-01
2.214500000000001467e+00,7.799370574327857408e-01,7.558674071916129389e-01
2.215000000000001634e+00,7.804666242803400822e-01,7.437409205040207416e-01
2.215500000000001801e+00,7.675805920295728502e-01,7.300068827973981156e-01
2.216000000000001524e+00,7.441892922567888702e-01,7.278360780692312293e-01
2.216500000000001691e+00,7.126502194189762163e-01,7.243047908663927670e-01
2.217000000000001414e+00,6.760135767228262482e-01,7.247916238149614276e-01
2.217500000000001581e+00,6.396655495192011820e-01,7.287358762127110756e-01
2.218000000000001748e+00,6.104232223537995328e-01,7.316604174717505904e-01
2.218500000000001471e+00,5.935417507826876715e-01,7.306605620071926488e-01
2.219000000000001638e+00,5.910197094068665447e-01,7.279927377528863097e-01
2.219500000000001805e+00,6.015801850221025315e-01,7.252847549423206974e-01
2.220000000000001528e+00,6.208585970783918606e-01,7.214576489009256743e-01
2.220500000000001695e+00,6.427374420777942632e-01,7.193368773483529433e-01
2.221000000000001418e+00,6.625795707300722315e-01,7.196146850242736148e-01
2.221500000000001585e+00,6.805057130388804110e-01,7.169664564780752203e-01
2.222000000000001751e+00,7.005573828175459816e-01,7.112684006491113431e-01
2.222500000000001474e+00,7.230369312604090215e-01,7.133956096382816359e-01
2.223000000000001641e+00,7.418465899377860717e-01,7.158992882736401331e-01
2.223500000000001808e+00,7.510609070086795569e-01,7.133731956763678106e-01
2.224000000000001531e+00,7.480140689751197947e-01,7.128021659131236198e-01
2.224500000000001698e+00,7.329358994827411822e-01,7.070557583358001441e-01
2.225000000000001421e+00,7.084771303778676366e-01,7.003641607542018255e-01
2.225500000000001588e+00,6.782915692151737508e-01,6.988814086074210952e-01
2.226000000000001755e+00,6.444190710146427969e-01,6.958065298505543561e-01
2.226500000000001478e+00,6.074559279880078488e-01,6.951315764582208789e-01
2.227000000000001645e+00,5.697683448167947251e-01,6.946682988014111215e-01
2.227500000000001812e+00,5.371130910115640145e-01,6.919677751902251206e-01
2.228000000000001535e+00,5.175254783895365529e-01,6.864514226753946069e-01
2.228500000000001702e+00,5.193306924732705721e-01,6.815784882200051076e-01
2.229000000000001425e+00,5.488704845403863386e-01,6.766284306304369833e-01
2.229500000000001592e+00,6.064615988095385379e-01,6.745795663143976384e-01
2.230000000000001759e+00,6.854121921220609481e-01,6.733884835320103068e-01
2.230500000000001481e+00,7.717670229617725752e-01,6.701289273414297032e-01
2.231000000000001648e+00,8.516287359322325390e-01,6.646661681749707062e-01
2.231500000000001815e+00,9.173726628491856161e-01,6.548116163981019255e-01
2.232000000000001538e+00,9.657743636425546452e-01,6.463940553833156244e-01
2.232500000000001705e+00,9.954261111710621668e-01,6.386390885284707331e-01
2.233000000000001428e+00,1.005503581052501705e+00,6.274327103187643528e-01
2.233500000000001595e+00,9.954143549438105865e-01,6.127318358111276675e-01
2.234000000000001762e+00,9.650206996387538094e-01,6.007256313532000069e-01
2.234500000000001485e+00,9.152619667465810016e-01,5.876428536230364763e-01
2.235000000000001652e+00,8.489911664099635269e-01,5.725775792174571110e-01
2.235500000000001819e+00,7.716634382612158616e-01,5.618790109913199826e-01
2.236000000000001542e+00,6.911540108530127569e-01,5.593098010377128837e-01
2.236500000000001709e+00,6.162402661653040292e-01,5.555090564196925040e-01
2.237000000000001432e+00,5.547471589338632825e-01,5.550847189483923971e-01
2.237500000000001599e+00,5.123838445103794381e-01,5.553052727740147576e-01
2.238000000000001766e+00,4.911929464580994109e-01,5.536079128020519047e-01
2.238500000000001489e+00,4.880927480361679782e-01,5.564160542003819820e-01
2.239000000000001656e+00,4.964179874974916085e-01,5.597854706136818903e-01
2.239500000000001823e+00,5.090694217174047687e-01,5.619149585139172620e-01
2.240000000000001545e+00,5.203648273382874834e-01,5.596874139411209814e-01
2.240500000000001712e+00,5.264430798477989226e-01,5.570856189737350972e-01
2.241000000000001435e+00,5.250340270473299320e-01,5.543543673006929851e-01
2.241500000000001602e+00,5.151062565378694558e-01,5.505224264343678842e-01
2.242000000000001769e+00,4.963099132559907756e-01,5.407927777211034570e-01
2.242500000000001492e+00,4.686815171435202987e-01,5.325426638916130884e-01
2.243000000000001659e+00,4.335793726206135235e-01,5.214135056039800320e-01
2.243500000000001826e+00,3.953438295735423602e-01,5.125572174665079528e-01
2.244000000000001549e+00,3.616869614899865804e-01,5.058620400113380544e-01
2.244500000000001716e+00,3.424696811673314523e-01,5.094433140188312503e-01
2.245000000000001439e+00,3.490386638988587364e-01,5.175913559397840036e-01
2.245500000000001606e+00,3.941546337149381962e-01,5.337762300256969628e-01
2.246000000000001773e+00,4.881225469758462276e-01,5.558598407060875157e-01
2.246500000000001496e+00,6.303547974281653588e-01,5.765768247947680170e-01
2.247000000000001663e+00,8.072125571381947307e-01,5.946808650008130748e-01
2.247500000000001830e+00,9.991124600082189611e-01,6.107865815042253788e-01
2.248000000000001553e+00,1.189074990981885627e+00,6.251410417525058438e-01
2.248500000000001720e+00,1.365611762437696886e+00,6.469706744821169808e-01
2.249000000000001442e+00,1.521568437841256838e+00,6.731216195567889526e-01
2.249500000000001609e+00,1.652769351236570872e+00,7.002199383401278565e-01
2.250000000000001776e+00,1.757076352152252330e+00,7.272226140235196201e-01
2.250500000000001499e+00,1.833596963027024129e+00,7.511973322927387731e-01
2.251000000000001666e+00,1.882030581597419427e+00,7.778742850030340161e-01
2.251500000000001833e+00,1.902212609519428055e+00,7.934467610206095145e-01
2.252000000000001556e+00,1.893879974781270903e+00,8.053915416600843091e-01
2.252500000000001723e+00,1.856642014438197874e+00,8.098145477721951924e-01
2.253000000000001446e+00,1.790113538226775436e+00,8.115433181871758439e-01
2.253500000000001613e+00,1.694168537000249497e+00,8.080454345528476079e-01
2.254000000000001780e+00,1.569308838222384317e+00,7.988796690288058056e-01
2.254500000000001503e+00,1.417218208680291802e+00,7.924943588622582746e-01
2.255000000000001670e+00,1.241710191901860272e+00,7.797674520380171170e-01
2.255500000000001837e+00,1.050371509211064369e+00,7.638670176757414998e-01
2.256000000000001560e+00,8.566864268719716069e-01,7.440535833341088701e-01
2.256500000000001727e+00,6.803865769993657775e-01,7.191352702587320289e-01
2.257000000000001450e+00,5.416390170093324796e-01,7.041690210285371787e-01
2.257500000000001616e+00,4.508377761924474703e-01,6.902495259450678322e-01
2.258000000000001783e+00,4.047879403782535523e-01,6.708186853903228553e-01
2.258500000000001506e+00,3.926386516016356909e-01,6.636296644043767623e-01
2.259000000000001673e+00,4.030400499045340146e-01,6.594656356695967059e-01
2.259500000000001840e+00,4.265707310853119050e-01,6.546392707474633088e-01
2.260000000000001563e+00,4.544871272627205028e-01,6.521142213888381223e-01
2.260500000000001730e+00,4.784221013243862286e-01,6.486655642602375815e-01
2.261000000000001453e+00,4.925161587975306898e-01,6.438460542790698238e-01
2.261500000000001620e+00,4.951270094826827339e-01,6.387601185400149095e-01
2.262000000000001787e+00,4.886487038287462559e-01,6.356977910727620307e-01
2.262500000000001510e+00,4.780653366272069604e-01,6.309085979339343897e-01
2.263000000000001677e+00,4.692746230303345700e-01,6.210711408770448472e-01
2.263500000000001844e+00,4.681779449333241527e-01,6.107878624128338929e-01
2.264000000000001567e+00,4.813444477317974091e-01,5.997870206724040809e-01
2.264500000000001734e+00,5.160855726090636253e-01,5.875222183871733339e-01
2.265000000000001457e+00,5.741598695952632170e-01,5.725998109137335756e-01
2.265500000000001624e+00,6.475594407780460582e-01,5.589016063733897033e-01
2.266000000000001791e+00,7.263734453676893299e-01,5.484998105156650983e-01
2.266500000000001513e+00,8.039216923911350898e-01,5.519780255466524288e-01
2.267000000000001680e+00,8.760700490993637013e-01,5.552891938331987465e-01
2.267500000000001847e+00,9.394186373578141680e-01,5.556746114310561202e-01
2.268000000000001570e+00,9.906703647032106819e-01,5.663398013760707617e-01
2.268500000000001737e+00,1.027006894479429278e+00,5.865125570558656909e-01
2.269000000000001460e+00,1.046333103889885763e+00,6.073189950921080715e-01
2.269500000000001627e+00,1.047329671688850938e+00,6.309232330283396362e-01
2.270000000000001794e+00,1.029511555505563170e+00,6.563340034275646495e-01
2.270500000000001517e+00,9.932635356162350382e-01,6.783897468950309539e-01
2.271000000000001684e+00,9.399434045839717422e-01,6.991074917102126918e-01
2.271500000000001851e+00,8.723190728592795651e-01,7.192623195216970577e-01
2.272000000000001574e+00,7.954741629652802848e-01,7.402166350572219056e-01
2.272500000000001741e+00,7.180784328115106252e-01,7.534176614990755194e-01
2.273000000000001464e+00,6.534837332942462496e-01,7.547134833247439722e-01
2.273500000000001631e+00,6.167721034925561785e-01,7.535295165427117192e-01
2.274000000000001798e+00,6.132228695232752047e-01,7.473490614408236921e-01
2.274500000000001521e+00,6.328930401751915458e-01,7.388971901324123959e-01
2.275000000000001688e+00,6.617702173279248479e-01,7.299387432152115718e-01
2.275500000000001855e+00,6.900363233547676112e-01,7.166411553273743795e-01
2.276000000000001577e+00,7.113941241552709238e-01,6.993447710491014213e-01
2.276500000000001744e+00,7.211637488524285100e-01,6.775458533609758360e-01
2.277000000000001467e+00,7.167217741180572643e-01,6.546995228042720161e-01
2.277500000000001634e+00,6.982707038055964155e-01,6.441197752938071508e-01
2.278000000000001801e+00,6.685836946519548851e-01,6.320971296112736226e-01
2.278500000000001524e+00,6.318969886834227001e-01,6.219034885740388763e-01
2.279000000000001691e+00,5.923851245068636473e-01,6.315249960501329030e-01
2.279500000000001858e+00,5.531824568771449568e-01,6.415308188495070230e-01
2.280000000000001581e+00,5.174956642074047819e-01,6.569988877838587316e-01
2.280500000000001748e+00,4.918746293750210219e-01,6.762044711505957872e-01
2.281000000000001471e+00,4.846261023056360751e-01,6.935772861387007326e-01
2.281500000000001638e+00,4.943016518762897715e-01,7.105244243748186639e-01
2.282000000000001805e+00,5.117246960982659854e-01,7.422619538372886572e-01
2.282500000000001528e+00,5.316349742772907838e-01,7.743972386309562195e-01
2.283000000000001695e+00,5.521965977121257030e-01,8.065035645019428268e-01
2.283500000000001862e+00,5.705354647874804064e-01,8.455929427351648320e-01
2.284000000000001585e+00,5.818658232385172102e-01,8.892885327016536445e-01
2.284500000000001751e+00,5.814125427676438695e-01,9.351561200072371349e-01
2.285000000000001474e+00,5.664238124156324439e-01,9.791967791976492475e-01
2.285500000000001641e+00,5.372701773814309023e-01,1.021127293212299225e+00
2.286000000000001808e+00,4.983341306326350972e-01,1.058821717156492204e+00
2.286500000000001531e+00,4.589474524442803682e-01,1.093712737580641470e+00
2.287000000000001698e+00,4.299024065061772260e-01,1.125080046906145714e+00
2.287500000000001865e+00,4.166847882820189364e-01,1.158668711030331533e+00
2.288000000000001588e+00,4.224417269541193565e-01,1.192955255780618895e+00
2.288500000000001755e+00,4.500565534400101098e-01,1.224755196672385527e+00
2.289000000000001478e+00,4.977510603014698165e-01,1.259959101924629676e+00
2.289500000000001645e+00,5.583777485679248809e-01,1.295944703238252727e+00
2.290000000000001812e+00,6.219114626005077806e-01,1.336951271039519273e+00
2.290500000000001535e+00,6.785705625370939131e-01,1.375549562307028406e+00
2.291000000000001702e+00,7.227090960091351324e-01,1.409502435753389404e+00
2.291500000000001869e+00,7.545309091216931829e-01,1.458603119847191376e+00
2.292000000000001592e+00,7.741230949058910404e-01,1.513703290329115880e+00
2.292500000000001759e+00,7.730272032636641422e-01,1.564119747308299724e+00
2.293000000000001481e+00,7.411041315031227095e-01,1.606785892443998831e+00
2.293500000000001648e+00,6.754027340580682770e-01,1.643883148832240737e+00
2.294000000000001815e+00,5.775258842094246337e-01,1.679846348392496580e+00
2.294500000000001538e+00,4.568862062988697792e-01,1.713596489673813839e+00
2.295000000000001705e+00,3.447878429538461242e-01,1.751714411998460008e+00
2.295500000000001872e+00,2.997986911263849641e-01,1.798664915214701621e+00
2.296000000000001595e+00,3.793546130573126618e-01,1.834121483642296768e+00
2.296500000000001762e+00,5.894819151106337474e-01,1.872040652988606668e+00
2.297000000000001485e+00,8.862666343400386060e-01,1.907224604152267577e+00
2.297500000000001652e+00,1.241890371558558082e+00,1.951679248792235200e+00
2.298000000000001819e+00,1.623723107110651709e+00,1.998218370338164407e+00
2.298500000000001542e+00,1.976212490020131884e+00,2.039654724830776367e+00
2.299000000000001709e+00,2.277021089396485731e+00,2.075805064723730275e+00
2.299500000000001876e+00,2.526953383621613813e+00,2.105202363304395252e+00
2.300000000000001599e+00,2.730827554022086989e+00,2.128731268842662949e+00
2.300500000000001766e+00,2.893020219358258593e+00,2.155280932980304431e+00
2.301000000000001489e+00,3.016998526641728962e+00,2.186245527724094195e+00
2.301500000000001656e+00,3.105440690900640455e+00,2.212787974171164240e+00
2.302000000000001823e+00,3.160332639253802256e+00,2.234373769242452124e+00
2.302500000000001545e+00,3.182976835917030289e+00,2.251239583322861115e+00
2.303000000000001712e+00,3.173957057823630468e+00,2.264884963336860846e+00
2.303500000000001879e+00,3.133103789414306117e+00,2.270715168786048288e+00
2.304000000000001602e+00,3.059478417887068424e+00,2.269440063695861376e+00
2.304500000000001769e+00,2.951369767238152697e+00,2.260673707211350525e+00
2.305000000000001492e+00,2.806280967080072131e+00,2.243615895620270972e+00
2.305500000000001659e+00,2.620884712513904979e+00,2.218095955882317671e+00
2.306000000000001826e+00,2.390984645621191174e+00,2.187684390243061383e+00
2.306500000000001549e+00,2.111830323864232639e+00,2.155548105636330813e+00
2.307000000000001716e+00,1.780536318756003711e+00,2.120221279270833925e+00
2.307500000000001883e+00,1.407289058795016867e+00,2.076454976926609852e+00
2.308000000000001606e+00,1.036687136291181810e+00,2.029422236810895175e+00
2.308500000000001773e+00,7.178138622365529686e-01,1.977769230201361639e+00
2.309000000000001496e+00,4.792608029362435684e-01,1.921062762442002025e+00
2.309500000000001663e+00,3.597821502768870916e-01,1.865312451395048754e+00
2.310000000000001830e+00,3.607722949575799531e-01,1.823833948076154288e+00
2.310500000000001553e+00,4.329030394544964855e-01,1.772894475354338528e+00
2.311000000000001720e+00,5.239356204357947799e-01,1.721807225347929959e+00
2.311500000000001886e+00,6.055149994600493857e-01,1.676497042636148294e+00
2.312000000000001609e+00,6.653919390471320083e-01,1.630184224131566939e+00
2.312500000000001776e+00,6.987920025001078672e-01,1.582050586454788021e+00
2.313000000000001499e+00,7.046903004875716414e-01,1.537183486448444381e+00
2.313500000000001666e+00,6.856233505855522381e-01,1.493922121645878009e+00
2.314000000000001833e+00,6.478974341048844288e-01,1.448643058978702935e+00
2.314500000000001556e+00,6.006993635577960733e-01,1.406780495344805759e+00
2.315000000000001723e+00,5.537559364679501828e-01,1.376825236051202550e+00
2.315500000000001890e+00,5.128348727756486536e-01,1.346641417812664887e+00
2.316000000000001613e+00,4.790691833341537142e-01,1.311012781635966018e+00
2.316500000000001780e+00,4.537735732941740596e-01,1.270554103134908797e+00
2.317000000000001503e+00,4.409143412534276552e-01,1.229920514034851919e+00
2.317500000000001670e+00,4.441814689680826933e-01,1.189070399675218770e+00
2.318000000000001837e+00,4.643593613793489672e-01,1.151656097206708917e+00
2.318500000000001560e+00,4.985239911638039700e-01,1.109410726991692631e+00
2.319000000000001727e+00,5.399904967445270376e-01,1.063631155692182251e+00
2.319500000000001894e+00,5.806755835571225655e-01,1.043800984350343075e+00
2.320000000000001616e+00,6.143860195420505210e-01,1.026539737318376666e+00
2.320500000000001783e+00,6.384773412680051496e-01,1.004877747799637122e+00
2.321000000000001506e+00,6.535795858088804255e-01,9.810025615977064906e-01
2.321500000000001673e+00,6.625661575474202092e-01,9.612507158938358165e-01
2.322000000000001840e+00,6.692244598920622511e-01,9.388556343366272205e-01
2.322500000000001563e+00,6.759924821306664278e-01,9.122685490002474529e-01
2.323000000000001730e+00,6.830487762647111660e-01,8.843845369131578815e-01
2.323500000000001897e+00,6.909613714071929369e-01,8.548738634428598715e-01
2.324000000000001620e+00,7.023386648658318521e-01,8.218111472849169985e-01
2.324500000000001787e+00,7.182497869387298728e-01,7.870691492909138720e-01
2.325000000000001510e+00,7.345504793862087656e-01,7.534968471076093355e-01
2.325500000000001677e+00,7.443094544139075008e-01,7.159792484227707199e-01
2.326000000000001844e+00,7.422344408336385424e-01,6.979172613067452513e-01
2.326500000000001567e+00,7.272015784807862593e-01,6.842529210738719225e-01
2.327000000000001734e+00,7.025692759390105291e-01,6.732181295616099792e-01
2.327500000000001901e+00,6.742696431128549772e-01,6.589089511833081669e-01
2.328000000000001624e+00,6.477252108195912239e-01,6.405243711926849048e-01
2.328500000000001791e+00,6.254868240049895611e-01,6.392707736368731242e-01
2.329000000000001513e+00,6.061349178772308388e-01,6.407304132087789927e-01
2.329500000000001680e+00,5.864461657012248752e-01,6.427666962253606453e-01
2.330000000000001847e+00,5.661465632595128472e-01,6.505433270999679829e-01
2.330500000000001570e+00,5.512902711996920946e-01,6.589012683694479566e-01
2.331000000000001737e+00,5.530743642566867679e-01,6.672562221033760954e-01
2.331500000000001904e+00,5.803025887778170411e-01,6.721720878342356542e-01
2.332000000000001627e+00,6.329606798856277639e-01,6.753458823394468125e-01
2.332500000000001794e+00,7.042698838470290434e-01,6.868211206674080804e-01
2.333000000000001517e+00,7.844273109130960320e-01,6.950964417631855241e-01
2.333500000000001684e+00,8.627067517558414389e-01,6.981051581006866291e-01
2.334000000000001851e+00,9.302521818908546791e-01,6.944590646661857880e-01
2.334500000000001574e+00,9.818979221676553681e-01,6.883551432973717965e-01
2.335000000000001741e+00,1.015669055375945096e+00,6.824221079722156968e-01
2.335500000000001908e+00,1.031355107260886417e+00,6.766096474437889308e-01
2.336000000000001631e+00,1.029421959500578909e+00,6.768392910145994978e-01
2.336500000000001798e+00,1.010596453960268093e+00,6.743340301936208148e-01
2.337000000000001521e+00,9.759804640653774177e-01,6.705105454644046947e-01
2.337500000000001688e+00,9.274345415610930621e-01,6.653856050621227425e-01
2.338000000000001855e+00,8.680290404888542088e-01,6.601380437977044657e-01
2.338500000000001577e+00,8.024170289998148187e-01,6.589722932425108315e-01
2.339000000000001744e+00,7.367498959215139642e-01,6.546597376241529709e-01
2.339500000000001911e+00,6.772919242947095242e-01,6.488828038764540285e-01
2.340000000000001634e+00,6.277493608016808668e-01,6.394214185365280079e-01
2.340500000000001801e+00,5.879239483042975056e-01,6.297110931989302607e-01
2.341000000000001524e+00,5.552524110131060731e-01,6.174495349283386503e-01
2.341500000000001691e+00,5.266371635145445929e-01,6.029352102790370704e-01
2.342000000000001858e+00,4.990634397237886932e-01,6.011584690013809240e-01
2.342500000000001581e+00,4.702094446223682445e-01,5.969461690633437456e-01
2.343000000000001748e+00,4.395096882525174609e-01,5.996630380879752753e-01
2.343500000000001915e+00,4.090739524954935535e-01,6.074323744842911044e-01
2.344000000000001638e+00,3.840648210009514618e-01,6.128555612563639787e-01
2.344500000000001805e+00,3.723395645960113631e-01,6.162758435659665412e-01
2.345000000000001528e+00,3.821984745871273015e-01,6.200504103185240368e-01
2.345500000000001695e+00,4.192848688076790675e-01,6.263312553720435938e-01
2.346000000000001862e+00,4.889575554784739708e-01,6.313265006681125779e-01
2.346500000000001585e+00,5.991997745237604978e-01,6.434576057416074857e-01
2.347000000000001751e+00,7.493280239652257979e-01,6.612166642489145651e-01
2.347500000000001918e+00,9.233061694868949232e-01,6.820953132445259914e-01
2.348000000000001641e+00,1.099414585674339362e+00,7.023514367246862511e-01
2.348500000000001808e+00,1.261554121168823928e+00,7.258028276815835511e-01
2.349000000000001531e+00,1.402010528066189865e+00,7.513211405710223945e-01
2.349500000000001698e+00,1.517796995837765506e+00,7.697222952664916074e-01
2.350000000000001865e+00,1.607776160477331517e+00,7.893098532171104464e-01
2.350500000000001588e+00,1.671445876043700762e+00,8.067605167551261669e-01
2.351000000000001755e+00,1.708537609333633522e+00,8.180071733399131295e-01
2.351500000000001922e+00,1.718901422920956490e+00,8.261452107456547234e-01
2.352000000000001645e+00,1.702446365946778339e+00,8.384611814377784800e-01
2.352500000000001812e+00,1.659067195879909251e+00,8.584487308807148276e-01
2.353000000000001535e+00,1.588593659855329410e+00,8.675143202318819080e-01
2.353500000000001702e+00,1.490859117914975274e+00,8.738942143382739669e-01
2.354000000000001869e+00,1.366036802972954156e+00,8.732318139404612323e-01
2.354500000000001592e+00,1.215539626662602180e+00,8.734055106669973423e-01
2.355000000000001759e+00,1.044174044851972516e+00,8.785075950366550979e-01
2.355500000000001926e+00,8.644906391621987041e-01,8.803358845247727382e-01
2.356000000000001648e+00,7.001316971638884556e-01,8.756175849359809638e-01
2.356500000000001815e+00,5.751937269356837135e-01,8.668093269021962533e-01
2.357000000000001538e+00,4.991152839285247222e-01,8.634838784683376289e-01
2.357500000000001705e+00,4.701685542997850464e-01,8.569891449379598569e-01
2.358000000000001872e+00,4.758529433123766528e-01,8.476521801611234253e-01
2.358500000000001595e+00,4.966054802540794677e-01,8.331235276965976988e-01
2.359000000000001762e+00,5.167469795203813998e-01,8.264254237690746852e-01
2.359500000000001929e+00,5.275381431540717703e-01,8.166295058651718008e-01
2.360000000000001652e+00,5.262033651001516432e-01,8.051785519480265663e-01
2.360500000000001819e+00,5.151746393451661632e-01,7.862391625968153663e-01
2.361000000000001542e+00,5.010401928800617410e-01,7.698705439390308713e-01
2.361500000000001709e+00,4.926811327550808528e-01,7.579893151836589738e-01
2.362000000000001876e+00,4.988280201774350497e-01,7.480379835426146373e-01
2.362500000000001599e+00,5.235722852634238089e-01,7.390329726289612822e-01
2.363000000000001766e+00,5.629149666766640747e-01,7.253418257107963063e-01
2.363500000000001933e+00,6.087783053806516964e-01,7.124876131092854337e-01
2.364000000000001656e+00,6.559359650493885585e-01,6.980790065038874337e-01
2.364500000000001823e+00,7.037809350822348264e-01,6.857424127454810892e-01
2.365000000000001545e+00,7.532006070508908691e-01,6.840878230154272543e-01
2.365500000000001712e+00,8.035481600185840900e-01,6.785375113337481778e-01
2.366000000000001879e+00,8.524860032710513957e-01,6.734955456319871026e-01
2.366500000000001602e+00,8.971574500858329193e-01,6.714799047587586278e-01
2.367000000000001769e+00,9.347085891186758255e-01,6.687270659895930836e-01
2.367500000000001936e+00,9.621699683415867455e-01,6.649499199376047720e-01
2.368000000000001659e+00,9.766466270480979039e-01,6.601171347001212331e-01
2.368500000000001826e+00,9.764025171795051028e-01,6.569724664017770888e-01
2.369000000000001549e+00,9.625566016624033105e-01,6.522827711021942365e-01
2.369500000000001716e+00,9.405264033575271299e-01,6.512455565658799017e-01
2.370000000000001883e+00,9.194019252349898697e-01,6.538211653032849346e-01
2.370500000000001606e+00,9.046674571760767725e-01,6.532174633838022659e-01
2.371000000000001773e+00,8.914373994172972715e-01,6.499814646724701994e-01
2.371500000000001940e+00,8.736022076378224810e-01,6.491581525558745014e-01
2.372000000000001663e+00,8.498277614125824275e-01,6.521648227521740226e-01
2.372500000000001830e+00,8.203108203368201234e-01,6.524650794785266106e-01
2.373000000000001553e+00,7.855349013563117655e-01,6.514556837281705315e-01
2.373500000000001720e+00,7.475507370785278161e-01,6.492098066524499833e-01
2.374000000000001886e+00,7.092312252285790652e-01,6.449191287907729553e-01
2.374500000000001609e+00,6.729899472236768876e-01,6.383326371471915728e-01
2.375000000000001776e+00,6.416011075162695310e-01,6.312301731210995248e-01
2.375500000000001943e+00,6.188588761886910650e-01,6.237928734758734217e-01
2.376000000000001666e+00,6.079298183364018060e-01,6.210702489280163219e-01
2.376500000000001833e+00,6.088848898155385658e-01,6.158487734574149552e-01
2.377000000000001556e+00,6.183068625172498667e-01,6.116045409032512259e-01
2.377500000000001723e+00,6.314693058742198994e-01,6.084900956258907367e-01
2.378000000000001890e+00,6.452457894564165297e-01,6.229897105220264519e-01
2.378500000000001613e+00,6.599380406639111518e-01,6.373397597186383212e-01
2.379000000000001780e+00,6.773770601302666616e-01,6.504640649661155294e-01
2.379500000000001947e+00,6.956683974376630664e-01,6.656209462329668591e-01
2.380000000000001670e+00,7.081471908778607105e-01,6.829903465120447104e-01
2.380500000000001837e+00,7.079755675123894365e-01,6.991276484116115686e-01
2.381000000000001560e+00,6.912674632385392703e-01,7.141475321475126981e-01
2.381500000000001727e+00,6.572190008582521337e-01,7.281416384655079455e-01
2.382000000000001894e+00,6.083970305524049049e-01,7.485443872768744455e-01
2.382500000000001616e+00,5.520148205451285151e-01,7.662747691382817417e-01
2.383000000000001783e+00,4.993128329410810307e-01,7.910748530307539772e-01
2.383500000000001950e+00,4.622729966303224525e-01,8.237296068691856155e-01
2.384000000000001673e+00,4.514244925905662176e-01,8.628534518924620977e-01
2.384500000000001840e+00,4.754006407996675954e-01,9.060089342001469426e-01
2.385000000000001563e+00,5.373036601753423680e-01,9.469887216293747523e-01
2.385500000000001730e+00,6.261916951907187112e-01,9.925529153349513800e-01
2.386000000000001897e+00,7.188652245335412916e-01,1.038062053450586442e+00
2.386500000000001620e+00,7.984004980418595299e-01,1.080456198890464181e+00
2.387000000000001787e+00,8.611807885686590947e-01,1.124809445147946008e+00
2.387500000000001954e+00,9.055589214928637665e-01,1.165070627779397183e+00
2.388000000000001677e+00,9.250137025803782942e-01,1.201778053271655544e+00
2.388500000000001844e+00,9.013067510410965877e-01,1.235286578150126102e+00
2.389000000000001567e+00,8.231437797072652662e-01,1.262002692394952108e+00
2.389500000000001734e+00,6.979280452302117910e-01,1.293797265682933517e+00
2.390000000000001901e+00,5.544392616777874538e-01,1.329593077004073809e+00
2.390500000000001624e+00,4.449239934062288460e-01,1.379208800002870605e+00
2.391000000000001791e+00,4.306130895012130755e-01,1.425454231959297324e+00
2.391500000000001958e+00,5.589954121824403099e-01,1.463596321706536418e+00
2.392000000000001680e+00,8.682595375171844321e-01,1.497802228860338314e+00
2.392500000000001847e+00,1.307222831399358798e+00,1.537142568201712800e+00
2.393000000000001570e+00,1.763355727495096614e+00,1.572459353574490626e+00
2.393500000000001737e+00,2.169432775016387982e+00,1.607062938734160618e+00
2.394000000000001904e+00,2.510052575888992443e+00,1.636303396235385454e+00
2.394500000000001627e+00,2.790306149413432024e+00,1.659201299145972808e+00
2.395000000000001794e+00,3.018083652965567243e+00,1.690119145145065671e+00
2.395500000000001961e+00,3.200004217352328872e+00,1.718603128904597099e+00
2.396000000000001684e+00,3.341135548114421816e+00,1.744559822134218008e+00
2.396500000000001851e+00,3.445345367777895795e+00,1.763370101220001152e+00
2.397000000000001574e+00,3.515603827055554742e+00,1.778340907105032898e+00
2.397500000000001741e+00,3.554120921239063868e+00,1.795357173056631339e+00
2.398000000000001908e+00,3.562322376211697783e+00,1.814208762278232578e+00
2.398500000000001631e+00,3.540687966901292949e+00,1.825282479791205947e+00
2.399000000000001798e+00,3.488558952425107496e+00,1.831970394780179090e+00
2.399500000000001965e+00,3.404091237055764996e+00,1.837129573378870839e+00
2.400000000000001688e+00,3.284404803164282960e+00,1.834195132613038126e+00
2.400500000000001855e+00,3.125776133249146493e+00,1.822942499275798101e+00
2.401000000000001577e+00,2.923691433784191496e+00,1.804927448974705362e+00
2.401500000000001744e+00,2.672712805702988526e+00,1.777470948036589338e+00
2.402000000000001467e+00,2.366441738923262150e+00,1.745491976151151592e+00
2.402500000000001634e+00,1.999517906575018600e+00,1.707179577465323561e+00
2.403000000000001801e+00,1.581664363531223305e+00,1.670628536306663303e+00
2.403500000000001524e+00,1.169880942936383006e+00,1.638431284270771338e+00
2.404000000000001691e+00,8.178002059272460045e-01,1.600314220269299481e+00
2.404500000000001858e+00,5.543647571190978285e-01,1.549605170672569088e+00
2.405000000000001581e+00,4.180291393760050545e-01,1.500226495932613036e+00
2.405500000000001748e+00,4.202774323220658248e-01,1.445675994500843053e+00
2.406000000000001915e+00,5.122835749087075730e-01,1.384870394276876082e+00
2.406500000000001638e+00,6.328492941963621554e-01,1.346809078702412510e+00
2.407000000000001805e+00,7.402814012740196459e-01,1.298773973834623119e+00
2.407500000000001528e+00,8.151753174701704685e-01,1.244904449339479857e+00
2.408000000000001695e+00,8.592587017802012506e-01,1.190888071917224789e+00
2.408500000000001862e+00,8.795703906740875988e-01,1.143313162473970968e+00
2.409000000000001585e+00,8.751602100800542905e-01,1.111929584075204147e+00
2.409500000000001751e+00,8.440664052195854250e-01,1.094435796460805577e+00
2.410000000000001474e+00,7.896845203765606724e-01,1.069712092622463251e+00
2.410500000000001641e+00,7.211493976794562943e-01,1.042178180723550396e+00
2.411000000000001808e+00,6.481780448708959197e-01,1.012120073443382617e+00
2.411500000000001531e+00,5.766051380383444558e-01,9.872769242980701243e-01
2.412000000000001698e+00,5.123418407418076637e-01,9.588330361550482239e-01
2.412500000000001865e+00,4.645935702707467696e-01,9.297205507387166223e-01
2.413000000000001588e+00,4.408301163724925864e-01,9.018332810862953464e-01
2.413500000000001755e+00,4.401872345478586301e-01,8.732758273074405775e-01
2.414000000000001922e+00,4.553680550147066741e-01,8.418753631105601043e-01
2.414500000000001645e+00,4.787578030953647534e-01,8.191144581611289333e-01
2.415000000000001812e+00,5.041333828081049351e-01,8.011089800435415853e-01
2.415500000000001535e+00,5.258834348804130032e-01,7.795527573836038560e-01
2.416000000000001702e+00,5.392364559004867441e-01,7.575966378430788462e-01
2.416500000000001869e+00,5.417282938455552088e-01,7.404827936139893874e-01
2.417000000000001592e+00,5.348497842339648978e-01,7.311039173750798481e-01
2.417500000000001759e+00,5.237941379161450417e-01,7.280227774766357962e-01
2.418000000000001481e+00,5.145838675621227098e-01,7.240571913721129960e-01
2.418500000000001648e+00,5.122342008466640451e-01,7.205625675634186322e-01
2.419000000000001815e+00,5.199120158390314606e-01,7.154795508024789363e-01
2.419500000000001538e+00,5.376633515366916471e-01,7.088522406044893698e-01
2.420000000000001705e+00,5.640597401707607705e-01,7.009350795367200737e-01
2.420500000000001872e+00,5.981485888064853595e-01,6.910759160030387482e-01
2.421000000000001595e+00,6.387800539753606399e-01,6.782070215323633411e-01
2.421500000000001762e+00,6.835470168813506664e-01,6.629461943032387561e-01
2.422000000000001929e+00,7.290747738875720252e-01,6.444292668206502706e-01
2.422500000000001652e+00,7.721417242728734198e-01,6.234709261758102361e-01
2.423000000000001819e+00,8.112095676832817848e-01,5.991717059324349615e-01
2.423500000000001542e+00,8.479040620314883814e-01,5.828394305955242327e-01
2.424000000000001709e+00,8.860300680001140794e-01,5.704932621095958334e-01
2.424500000000001876e+00,9.268949810309248249e-01,5.575825803553695614e-01
2.425000000000001599e+00,9.670789421394125895e-01,5.429482788674216964e-01
2.425500000000001766e+00,1.000980451144890093e+00,5.327850738364616756e-01
2.426000000000001489e+00,1.023485392319776643e+00,5.260669283811085783e-01
2.426500000000001656e+00,1.031299769367255204e+00,5.240435951528554792e-01
2.427000000000001823e+00,1.023270487892659508e+00,5.286127322537798046e-01
2.427500000000001545e+00,1.000454831425947155e+00,5.410741713265577735e-01
2.428000000000001712e+00,9.661503551145790292e-01,5.493900255475899774e-01
2.428500000000001879e+00,9.249907790113265360e-01,5.531751847212563744e-01
2.429000000000001602e+00,8.808335709979973061e-01,5.529558872867000874e-01
2.429500000000001769e+00,8.355777563036628219e-01,5.542527214438571770e-01
2.430000000000001936e+00,7.896830992820959016e-01,5.629769503194009816e-01
2.430500000000001659e+00,7.427364993654259617e-01,5.705142701194249044e-01
2.431000000000001826e+00,6.940685183420233217e-01,5.762769063642287914e-01
2.431500000000001549e+00,6.438901119785894744e-01,5.790863614709538254e-01
2.432000000000001716e+00,5.943202428469626097e-01,5.841554919711896554e-01
2.432500000000001883e+00,5.489450899807843953e-01,5.905505217464618317e-01
2.433000000000001606e+00,5.105097258890575196e-01,5.998882760658136304e-01
2.433500000000001773e+00,4.793270781631057131e-01,6.010415722104824887e-01
2.434000000000001496e+00,4.543947316091165867e-01,6.005835344165002532e-01
2.434500000000001663e+00,4.352370781735331873e-01,5.988333968082176773e-01
2.435000000000001830e+00,4.226735800893771655e-01,5.956971853009319640e-01
2.435500000000001553e+00,4.193986424931825385e-01,5.921928754421027508e-01
2.436000000000001720e+00,4.312296341954377499e-01,5.914907712754198243e-01
2.436500000000001886e+00,4.680398256377086286e-01,5.911422386574460841e-01
2.437000000000001609e+00,5.418526085746611098e-01,5.895327611438034854e-01
2.437500000000001776e+00,6.601530597470046668e-01,5.895070087763408795e-01
2.438000000000001943e+00,8.164490857956152592e-01,5.887649464186172077e-01
2.438500000000001666e+00,9.901562468523218419e-01,5.859154372240463760e-01
2.439000000000001833e+00,1.160813520631000184e+00,5.814900649955068168e-01
2.439500000000001556e+00,1.315928428600919187e+00,5.806225954691671687e-01
2.440000000000001723e+00,1.449348935471296951e+00,5.896882738112366740e-01
2.440500000000001890e+00,1.558437630146913833e+00,6.015865917362109849e-01
2.441000000000001613e+00,1.642324805825633671e+00,6.160882297951942865e-01
2.441500000000001780e+00,1.700954351867683290e+00,6.290568908921549962e-01
2.442000000000001503e+00,1.734533371730752283e+00,6.405181252911033019e-01
2.442500000000001670e+00,1.743226747054091863e+00,6.498388676091225724e-01
2.443000000000001837e+00,1.727058000082748679e+00,6.572674316375340942e-01
2.443500000000001560e+00,1.685976988867458726e+00,6.637867287993366450e-01
2.444000000000001727e+00,1.620044706609378604e+00,6.647628236094041965e-01
2.444500000000001894e+00,1.529708844395392120e+00,6.614423497460969470e-01
2.445000000000001616e+00,1.416159306472035473e+00,6.551088287613429095e-01
2.445500000000001783e+00,1.281777507830585083e+00,6.571776666816673274e-01
2.446000000000001950e+00,1.130797677719062921e+00,6.759802097118615682e-01
2.446500000000001673e+00,9.703750872051196685e-01,6.862887477198492681e-01
2.447000000000001840e+00,8.118112020625403158e-01,6.883820442958699104e-01
2.447500000000001563e+00,6.703627399742075887e-01,6.895063383704362892e-01
2.448000000000001730e+00,5.614517480749058320e-01,6.871262887431213162e-01
2.448500000000001897e+00,4.939668779549232225e-01,6.881868466067198042e-01
2.449000000000001620e+00,4.659012926229705864e-01,6.955259953696323327e-01
2.449500000000001787e+00,4.678793985393488453e-01,6.993798425349582182e-01
2.450000000000001510e+00,4.897740380336176313e-01,6.982851211217223630e-01
2.450500000000001677e+00,5.235447397402583913e-01,6.989047023319697738e-01
2.451000000000001844e+00,5.642919173483741391e-01,7.007298047344331371e-01
2.451500000000001567e+00,6.098586628498434692e-01,7.027309311536181768e-01
2.452000000000001734e+00,6.600335315073314613e-01,7.014682445612452355e-01
2.452500000000001901e+00,7.153062891033827864e-01,7.118379093345341690e-01
2.453000000000001624e+00,7.750074306499010746e-01,7.204501433913715891e-01
2.453500000000001791e+00,8.355202556403862335e-01,7.271486991624694918e-01
2.454000000000001958e+00,8.909716480793552495e-01,7.310855267918152656e-01
2.454500000000001680e+00,9.360093874690826876e-01,7.336582389992547526e-01
2.455000000000001847e+00,9.674519631665106090e-01,7.320080362588820000e-01
2.455500000000001570e+00,9.841219555847748879e-01,7.227210753992108216e-01
2.456000000000001737e+00,9.859205686749664688e-01,7.140261478163596465e-01
2.456500000000001904e+00,9.729948644556778437e-01,7.076615312729267471e-01
2.457000000000001627e+00,9.454829135465100398e-01,7.013030552882489888e-01
2.457500000000001794e+00,9.038692719000515075e-01,6.937436843179201063e-01
2.458000000000001517e+00,8.495702536273095351e-01,6.905647711591129667e-01
2.458500000000001684e+00,7.854272920568627914e-01,6.913165242029117863e-01
2.459000000000001851e+00,7.160805278155233378e-01,6.922625805279547517e-01
2.459500000000001574e+00,6.479163260732786478e-01,6.912422084840263992e-01
2.460000000000001741e+00,5.877716514793436264e-01,6.883552902865035517e-01
2.460500000000001908e+00,5.414447998320571775e-01,6.931704009053045734e-01
2.461000000000001631e+00,5.135283585741070578e-01,7.041408606120511671e-01
2.461500000000001798e+00,5.059435921649628742e-01,7.167283817007864544e-01
2.462000000000001965e+00,5.156942224024441135e-01,7.305433640607663648e-01
2.462500000000001688e+00,5.363120794232776323e-01,7.485908468653037495e-01
2.463000000000001855e+00,5.615913896307709319e-01,7.684902150304635526e-01
2.463500000000001577e+00,5.873572467249446039e-01,7.825611304380442057e-01
2.464000000000001744e+00,6.110784350411150312e-01,7.962367457212716770e-01
2.464500000000001911e+00,6.312634323515837753e-01,8.154634313952114910e-01
2.465000000000001634e+00,6.473779993773518537e-01,8.325167056214174410e-01
2.465500000000001801e+00,6.591129367139977324e-01,8.543738787906109966e-01
2.466000000000001524e+00,6.646620136717935612e-01,8.741131769703737175e-01
2.466500000000001691e+00,6.610805676680586718e-01,8.960913317066999673e-01
2.467000000000001858e+00,6.470609361920012237e-01,9.157244594625127965e-01
2.467500000000001581e+00,6.242597351715979404e-01,9.327513346058191601e-01
2.468000000000001748e+00,5.961302960603863665e-01,9.481395753408081717e-01
2.468500000000001915e+00,5.659191462691106622e-01,9.620574766154769142e-01
2.469000000000001638e+00,5.357684765142747274e-01,9.791342326641361282e-01
2.469500000000001805e+00,5.077211552897803459e-01,1.020372151077459488e+00
2.470000000000001972e+00,4.847164935346287007e-01,1.067361999978881926e+00
2.470500000000001695e+00,4.696125316290520324e-01,1.119677949445349485e+00
2.471000000000001862e+00,4.631007008512774137e-01,1.166908229960364807e+00
2.471500000000001585e+00,4.640651163718237382e-01,1.230765965869912382e+00
2.472000000000001751e+00,4.725309967434000447e-01,1.288870962133978448e+00
2.472500000000001918e+00,4.894889550889022223e-01,1.342551969026875458e+00
2.473000000000001641e+00,5.143741091707153545e-01,1.395245850878735983e+00
2.473500000000001808e+00,5.455399562736190644e-01,1.444640085920672723e+00
2.474000000000001531e+00,5.793913888309709659e-01,1.494737768512372389e+00
2.474500000000001698e+00,6.059453940563029883e-01,1.542784620860547795e+00
2.475000000000001865e+00,6.133303802808264260e-01,1.586881145979147867e+00
2.475500000000001588e+00,5.968081502814484018e-01,1.621555846212829000e+00
2.476000000000001755e+00,5.584132981065691448e-01,1.653374209941542716e+00
2.476500000000001922e+00,5.001444585741413595e-01,1.684651446478566239e+00
2.477000000000001645e+00,4.268763805982350723e-01,1.723484155062423584e+00
2.477500000000001812e+00,3.566825891440715823e-01,1.770034023207416984e+00
2.478000000000001979e+00,3.232822307798974282e-01,1.830936985590819521e+00
2.478500000000001702e+00,3.641665207707859842e-01,1.881338052615191714e+00
2.479000000000001869e+00,5.066996343436831474e-01,1.931774519034318072e+00
2.479500000000001592e+00,7.648147539738847644e-01,1.991740495356076668e+00
2.480000000000001759e+00,1.109047994314980246e+00,2.047075956046428669e+00
2.480500000000001926e+00,1.470475518918229252e+00,2.091207365412931285e+00
2.481000000000001648e+00,1.803543551202759998e+00,2.136595296453541959e+00
2.481500000000001815e+00,2.092507727027324016e+00,2.177870276671553196e+00
2.482000000000001538e+00,2.335336448148738864e+00,2.212687849769531923e+00
2.482500000000001705e+00,2.534163104852125148e+00,2.243282851100931730e+00
2.483000000000001872e+00,2.692035834527056970e+00,2.268827324701768511e+00
2.483500000000001595e+00,2.811920117749244330e+00,2.291196134459987377e+00
2.484000000000001762e+00,2.896392138753214329e+00,2.309558356757213105e+00
2.484500000000001929e+00,2.947528523844551440e+00,2.321240407114957272e+00
2.485000000000001652e+00,2.966777806026183129e+00,2.325378978100282712e+00
2.485500000000001819e+00,2.954774545969051758e+00,2.320608770474217319e+00
2.486000000000001986e+00,2.911194774420128972e+00,2.308546002086938387e+00
2.486500000000001709e+00,2.834737315706260752e+00,2.294816018933950819e+00
2.487000000000001876e+00,2.723189034661384511e+00,2.272668624352448763e+00
2.487500000000001599e+00,2.573471749953227139e+00,2.246487173300476314e+00
2.488000000000001766e+00,2.381664853181191255e+00,2.220484476242696292e+00
2.488500000000001933e+00,2.143234894429181914e+00,2.190770224851219528e+00
2.489000000000001656e+00,1.854448229186917541e+00,2.167204762436927279e+00
2.489500000000001823e+00,1.518853919546303333e+00,2.140636153123784968e+00
2.490000000000001545e+00,1.162811756529640750e+00,2.113297109347374469e+00
2.490500000000001712e+00,8.288137687433149159e-01,2.081315462299504482e+00
2.491000000000001879e+00,5.515364520175360941e-01,2.042913207563987754e+00
2.491500000000001602e+00,3.696841654287847390e-01,1.998406679533521135e+00
2.492000000000001769e+00,3.028254754259967485e-01,1.951034154187885505e+00
2.492500000000001936e+00,3.312294592206723176e-01,1.900655911732252124e+00
2.493000000000001659e+00,4.124727708654322700e-01,1.857682369698869573e+00
2.493500000000001826e+00,5.065436125046315352e-01,1.812098488515099026e+00
2.494000000000001993e+00,5.878420033829747648e-01,1.768588806438018413e+00
2.494500000000001716e+00,6.448695706020535212e-01,1.719115996613952424e+00
2.495000000000001883e+00,6.744020022682161164e-01,1.673664935349545191e+00
2.495500000000001606e+00,6.767060428403719463e-01,1.631386697591174162e+00
2.496000000000001773e+00,6.553886510229001150e-01,1.586355651754936869e+00
2.496500000000001940e+00,6.176789776707048985e-01,1.533694732011817941e+00
2.497000000000001663e+00,5.732911604618200485e-01,1.480435784821202860e+00
2.497500000000001830e+00,5.326589517657426276e-01,1.430156923255597068e+00
2.498000000000001553e+00,5.037819628915340964e-01,1.375812650940762216e+00
2.498500000000001720e+00,4.905246701858484992e-01,1.319395963216212442e+00
2.499000000000001886e+00,4.926018186796712328e-01,1.260336659704607953e+00
2.499500000000001609e+00,5.071162900404364571e-01,1.198322026789586880e+00
2.500000000000001776e+00,5.300798439337037760e-01,1.141879548615780005e+00
2.500500000000001943e+00,5.567821177347662687e-01,1.089811933560250301e+00
2.501000000000001666e+00,5.826091675338967990e-01,1.036856979369781495e+00
2.501500000000001833e+00,6.043934409535233199e-01,9.811910034135976622e-01
2.502000000000002000e+00,6.215727171774825255e-01,9.255190811370178627e-01
2.502500000000001723e+00,6.357492361380285839e-01,8.829838546967944124e-01
2.503000000000001890e+00,6.487006328255715548e-01,8.508504033556980595e-01
2.503500000000001613e+00,6.607322288659964737e-01,8.355302869716654257e-01
2.504000000000001780e+00,6.709611531118091499e-01,8.347947965739400678e-01
2.504500000000001947e+00,6.788080474240814066e-01,8.310021633173780842e-01
2.505000000000001670e+00,6.848515945426336682e-01,8.202717778674676330e-01
2.505500000000001837e+00,6.904180713129044467e-01,8.091789729912183260e-01
2.506000000000001560e+00,6.966833606807322221e-01,8.046595290508070653e-01
2.506500000000001727e+00,7.042098693213384442e-01,7.972261162012853619e-01
2.507000000000001894e+00,7.131599092334478529e-01,7.879916899208662118e-01
2.507500000000001616e+00,7.234517408557356033e-01,7.840516298271572593e-01
2.508000000000001783e+00,7.348391889693021151e-01,7.835350656596282715e-01
2.508500000000001950e+00,7.477484482118723630e-01,7.843822901682114823e-01
2.509000000000001673e+00,7.638969208086130447e-01,7.832959226134529329e-01
2.509500000000001840e+00,7.845145959990851292e-01,7.759778087957706072e-01
2.510000000000002007e+00,8.088067015017561534e-01,7.580300099084179566e-01
2.510500000000001730e+00,8.357447462324418819e-01,7.406729300234672353e-01
2.511000000000001897e+00,8.633377129845023479e-01,7.313532815533979603e-01
2.511500000000001620e+00,8.872042791275264184e-01,7.202355957113657503e-01
2.512000000000001787e+00,9.030685878963945479e-01,7.072038515644955003e-01
2.512500000000001954e+00,9.080804446119161710e-01,6.966550363711937477e-01
2.513000000000001677e+00,9.002632529677307982e-01,6.869823626746393019e-01
2.513500000000001844e+00,8.783565215402662218e-01,6.786066345575436642e-01
2.514000000000001567e+00,8.424161304161460473e-01,6.722339413815224818e-01
2.514500000000001734e+00,7.944704869659605651e-01,6.632642281797967998e-01
2.515000000000001901e+00,7.384241069284703807e-01,6.521309749663991573e-01
2.515500000000001624e+00,6.788789861463693232e-01,6.559512547135902816e-01
2.516000000000001791e+00,6.195530688688952736e-01,6.603149327711169692e-01
2.516500000000001958e+00,5.625671631777918735e-01,6.653504028102243950e-01
2.517000000000001680e+00,5.086507475588293303e-01,6.761169763853235315e-01
2.517500000000001847e+00,4.571829099577046085e-01,6.888438430748301533e-01
2.518000000000002014e+00,4.070403870700089466e-01,7.027977139507456394e-01
2.518500000000001737e+00,3.601666805945651917e-01,7.165370862520147321e-01
2.519000000000001904e+00,3.263058185755413065e-01,7.336550499130264358e-01
2.519500000000001627e+00,3.240523319889256348e-01,7.490958252481515478e-01
2.520000000000001794e+00,3.712096093289745657e-01,7.530443661532403299e-01
2.520500000000001961e+00,4.685749329871453095e-01,7.539153927854563841e-01
2.521000000000001684e+00,6.025698538461747855e-01,7.526088789653676558e-01
2.521500000000001851e+00,7.603218829276273683e-01,7.514142901231392058e-01
2.522000000000001574e+00,9.277421922525684872e-01,7.488204721311626511e-01
2.522500000000001741e+00,1.089494977532310838e+00,7.435160821775043116e-01
2.523000000000001908e+00,1.234589405070080081e+00,7.347417700419542896e-01
2.523500000000001631e+00,1.357232526078470558e+00,7.343714401080485565e-01
2.524000000000001798e+00,1.455076581269474811e+00,7.336120712892760798e-01
2.524500000000001965e+00,1.527661443969102972e+00,7.325517351976424951e-01
2.525000000000001688e+00,1.575454030313129028e+00,7.259259599859234635e-01
2.525500000000001855e+00,1.599280324070690762e+00,7.130383179346974076e-01
2.526000000000002021e+00,1.599938124880041945e+00,7.190712873921533133e-01
2.526500000000001744e+00,1.577900187289844602e+00,7.279121416923575172e-01
2.527000000000001911e+00,1.533141209114891046e+00,7.301696092069611677e-01
2.527500000000001634e+00,1.465179252385512276e+00,7.355357077254718323e-01
2.528000000000001801e+00,1.373414031538414015e+00,7.393603145554733524e-01
2.528500000000001968e+00,1.257847100223083103e+00,7.415625740213689365e-01
2.529000000000001691e+00,1.120380146834848878e+00,7.416946682423910531e-01
2.529500000000001858e+00,9.670928456843570498e-01,7.402368489265963580e-01
2.530000000000001581e+00,8.112201957712876776e-01,7.398484682577894933e-01
2.530500000000001748e+00,6.713313412584687168e-01,7.398847280098245216e-01
2.531000000000001915e+00,5.588827860264149461e-01,7.464976351461042325e-01
2.531500000000001638e+00,4.750805489105438539e-01,7.509886650484336457e-01
2.532000000000001805e+00,4.218187753158589293e-01,7.515355357833761740e-01
2.532500000000001972e+00,4.026836598877371887e-01,7.551221231578292281e-01
2.533000000000001695e+00,4.135385177827241021e-01,7.600706391902617431e-01
2.533500000000001862e+00,4.421563921945481646e-01,7.616346435759704381e-01
2.534000000000002029e+00,4.775515413029378098e-01,7.623476528106105654e-01
2.534500000000001751e+00,5.145780312492440611e-01,7.609274592881175581e-01
2.535000000000001918e+00,5.540107840421730767e-01,7.607192038547958557e-01
2.535500000000001641e+00,5.998126270226232792e-01,7.606018390520533634e-01
2.536000000000001808e+00,6.548498238597886267e-01,7.598397301712809249e-01
2.536500000000001975e+00,7.180851335909803623e-01,7.544346778047894553e-01
2.537000000000001698e+00,7.847374751289175610e-01,7.470426331011692511e-01
2.537500000000001865e+00,8.495147759938553866e-01,7.397226125798394003e-01
2.538000000000001588e+00,9.086680004249180209e-01,7.309976686472673402e-01
2.538500000000001755e+00,9.595233871420145721e-01,7.206667668861813647e-01
2.539000000000001922e+00,9.996681026502163281e-01,7.081624977625627926e-01
2.539500000000001645e+00,1.026770972904295753e+00,7.016862424264177500e-01
2.540000000000001812e+00,1.038806562617570650e+00,6.945121483342809876e-01
2.540500000000001979e+00,1.034347750099871011e+00,6.866720662970939859e-01
2.541000000000001702e+00,1.012971454426707663e+00,6.767379147048643295e-01
2.541500000000001869e+00,9.760069152276088511e-01,6.746452298458944785e-01
2.542000000000002036e+00,9.274826035012682102e-01,6.772549101693057239e-01
2.542500000000001759e+00,8.740843091553722743e-01,6.778774931002277127e-01
2.543000000000001926e+00,8.226154732765179611e-01,6.738616195789386421e-01
2.543500000000001648e+00,7.767336471977811518e-01,6.618547780201701203e-01
2.544000000000001815e+00,7.372318613166737311e-01,6.682572551212269119e-01
2.544500000000001982e+00,7.048040639637591642e-01,6.816021059759530543e-01
2.545000000000001705e+00,6.799617132139432751e-01,6.912000007435626925e-01
2.545500000000001872e+00,6.609046865861648579e-01,7.020459732756270110e-01
2.546000000000001595e+00,6.450176509510582301e-01,7.119729412681792269e-01
2.546500000000001762e+00,6.319464432815879995e-01,7.276189357252068612e-01
2.547000000000001929e+00,6.220090901513205539e-01,7.480432032961943367e-01
2.547500000000001652e+00,6.135371090928792848e-01,7.669609040256308852e-01
2.548000000000001819e+00,6.053139277334643742e-01,7.833527114396471314e-01
2.548500000000001986e+00,5.995243597756374498e-01,7.973632748435864892e-01
2.549000000000001709e+00,6.003294118785207356e-01,8.090442766259141605e-01
2.549500000000001876e+00,6.100922381083463408e-01,8.200945453818921926e-01
2.550000000000002043e+00,6.281379105352928871e-01,8.327674634874260295e-01
2.550500000000001766e+00,6.520576645959452744e-01,8.548048072145523202e-01
2.551000000000001933e+00,6.794672683833457016e-01,8.823591272190052237e-01
2.551500000000001656e+00,7.093781732862056710e-01,9.076609448920750500e-01
2.552000000000001823e+00,7.415907968728283617e-01,9.321208536423061242e-01
2.552500000000001990e+00,7.746375136301186792e-01,9.572516434202238411e-01
2.553000000000001712e+00,8.045315862025358422e-01,9.797562776891886038e-01
2.553500000000001879e+00,8.269304725013064683e-01,1.000798565538226548e+00
2.554000000000001602e+00,8.405556793138095895e-01,1.024780459924653053e+00
2.554500000000001769e+00,8.456369234836387250e-01,1.051975592969504492e+00
2.555000000000001936e+00,8.351657816758699671e-01,1.076821145417083292e+00
2.555500000000001659e+00,7.949644844549019762e-01,1.098211825022123334e+00
2.556000000000001826e+00,7.168490026680770510e-01,1.115714047572891943e+00
2.556500000000001993e+00,6.067659412826011955e-01,1.132225270592396527e+00
2.557000000000001716e+00,4.881257021322739087e-01,1.174136803084089742e+00
2.557500000000001883e+00,4.025751212213067309e-01,1.230336985677860540e+00
2.558000000000002050e+00,4.044934298194436950e-01,1.284736326857716548e+00
2.558500000000001773e+00,5.419832791477448009e-01,1.348608311440207430e+00
2.559000000000001940e+00,8.165705326821907084e-01,1.407017944356256045e+00
2.559500000000001663e+00,1.194386526234948676e+00,1.457556503569266582e+00
2.560000000000001830e+00,1.622681204890497053e+00,1.502048115728245037e+00
2.560500000000001997e+00,2.019133848211944304e+00,1.542570091392878151e+00
2.561000000000001720e+00,2.354854755107386843e+00,1.578302958239094389e+00
2.561500000000001886e+00,2.631970398494716701e+00,1.609456206986602078e+00
2.562000000000001609e+00,2.857412939752238756e+00,1.636468633544440943e+00
2.562500000000001776e+00,3.037420544468061756e+00,1.658139017008256610e+00
2.563000000000001943e+00,3.176955187690214011e+00,1.672209132269845577e+00
2.563500000000001666e+00,3.279882567082066380e+00,1.680717323599355995e+00
2.564000000000001833e+00,3.349158756481192434e+00,1.686975264794945417e+00
2.564500000000002000e+00,3.386905143163509102e+00,1.690881925140155007e+00
2.565000000000001723e+00,3.394377534254259476e+00,1.687854949172253427e+00
2.565500000000001890e+00,3.371881263016790253e+00,1.689700880141889794e+00
2.566000000000002057e+00,3.318714030420884420e+00,1.681739607899172873e+00
2.566500000000001780e+00,3.233191832087674022e+00,1.659622362968186104e+00
2.567000000000001947e+00,3.112731350959032639e+00,1.632642404933289937e+00
2.567500000000001670e+00,2.953904743936792698e+00,1.603889483490005929e+00
2.568000000000001837e+00,2.752393852984064360e+00,1.572108962259879616e+00
2.568500000000002004e+00,2.502832193967756247e+00,1.533464617142271891e+00
2.569000000000001727e+00,2.198720029061516534e+00,1.498031493161616101e+00
2.569500000000001894e+00,1.833626411978741100e+00,1.469510423241782604e+00
2.570000000000001616e+00,1.411136192266747580e+00,1.444000440301661081e+00
2.570500000000001783e+00,9.858927109556739898e-01,1.413485514782754970e+00
2.571000000000001950e+00,6.434460456809730777e-01,1.375497260208182748e+00
2.571500000000001673e+00,4.327750327881074166e-01,1.329404582864423645e+00
2.572000000000001840e+00,3.860245481318662630e-01,1.271922516353697352e+00
2.572500000000002007e+00,4.734785526889094820e-01,1.202651522273500584e+00
2.573000000000001730e+00,6.204764904635164946e-01,1.145431925741719592e+00
2.573500000000001897e+00,7.594583056263620735e-01,1.092373462196269296e+00
2.574000000000002064e+00,8.549984142656945618e-01,1.066320936433695188e+00
2.574500000000001787e+00,8.963186582546276426e-01,1.044316332975361306e+00
2.575000000000001954e+00,8.867502848755220990e-01,1.021553872541022256e+00
2.575500000000001677e+00,8.413540572485842528e-01,9.910025143162808359e-01
2.576000000000001844e+00,7.832432406263138969e-01,9.580689683326838457e-01
2.576500000000002011e+00,7.248764480076010930e-01,9.226582129814534516e-01
2.577000000000001734e+00,6.666178989030621116e-01,8.843960904403359580e-01
2.577500000000001901e+00,6.158202323499375463e-01,8.440414261812617669e-01
2.578000000000001624e+00,5.856147697494605842e-01,8.160063830466305346e-01
2.578500000000001791e+00,5.799658157371683220e-01,7.932576438518689210e-01
2.579000000000001958e+00,5.916984091686190439e-01,7.721694566610599608e-01
2.579500000000001680e+00,6.132883343564340395e-01,7.520995331764007696e-01
2.580000000000001847e+00,6.406488571367929818e-01,7.284797397176822065e-01
2.580500000000002014e+00,6.716382632704792632e-01,7.044882079464209745e-01
2.581000000000001737e+00,7.047585384195016456e-01,6.812497828753761864e-01
2.581500000000001904e+00,7.360891912852290941e-01,6.845038616127485653e-01
2.582000000000002071e+00,7.595947893586882937e-01,6.931208067034380083e-01
2.582500000000001794e+00,7.703411600904067624e-01,7.000144575133804281e-01
2.583000000000001961e+00,7.651642884712352988e-01,7.082066777390847445e-01
2.583500000000001684e+00,7.435529888015848243e-01,7.155716570069979854e-01
2.584000000000001851e+00,7.085277115933451553e-01,7.251852797233574455e-01
2.584500000000002018e+00,6.670253993878224597e-01,7.303095108645077937e-01
2.585000000000001741e+00,6.303228686128928837e-01,7.340052779739477673e-01
2.585500000000001908e+00,6.103649446144308044e-01,7.379066893350284539e-01
2.586000000000001631e+00,6.132992969148777229e-01,7.423370972542553403e-01
2.586500000000001798e+00,6.372235276652318259e-01,7.433275063922725190e-01
2.587000000000001965e+00,6.746568470323671685e-01,7.426114742509843936e-01
2.587500000000001688e+00,7.187445737598900930e-01,7.379802849889559591e-01
2.588000000000001855e+00,7.652706143990350984e-01,7.257364599164770613e-01
2.588500000000002021e+00,8.104018978184459598e-01,7.112951473243863676e-01
2.589000000000001744e+00,8.496916704287211797e-01,6.910591359208503315e-01
2.589500000000001911e+00,8.785666519760193527e-01,6.710601469308017375e-01
2.590000000000002078e+00,8.932085369547962950e-01,6.678922195815534257e-01
2.590500000000001801e+00,8.917404140945544011e-01,6.686583381833396400e-01
2.591000000000001968e+00,8.747315019657480040e-01,6.655030183557714141e-01
2.591500000000001691e+00,8.429854942153390818e-01,6.600120325505708374e-01
2.592000000000001858e+00,7.948364812511109490e-01,6.541183210425272065e-01
2.592500000000002025e+00,7.293034048465940611e-01,6.506345266689261830e-01
2.593000000000001748e+00,6.526749245078240502e-01,6.440682465034907045e-01
2.593500000000001915e+00,5.794166306565232683e-01,6.330734232791018767e-01
2.594000000000001638e+00,5.210513466490019896e-01,6.408889080710427066e-01
2.594500000000001805e+00,4.833590364341426304e-01,6.470958279642665678e-01
2.595000000000001972e+00,4.733897896271049843e-01,6.553335655283133443e-01
2.595500000000001695e+00,4.947220487444435877e-01,6.621720918568092529e-01
2.596000000000001862e+00,5.415092697217527284e-01,6.742603530194632988e-01
2.596500000000002029e+00,6.024290795101145957e-01,6.912398200178425656e-01
2.597000000000001751e+00,6.681853195640912180e-01,7.020923236943952261e-01
2.597500000000001918e+00,7.359996750662365361e-01,7.171497381653409997e-01
2.598000000000002085e+00,8.122889115644046365e-01,7.311194816849948541e-01
2.598500000000001808e+00,9.078633990403737197e-01,7.449885176904450512e-01
2.599000000000001975e+00,1.022787029550064064e+00,7.616049411238886568e-01
2.599500000000001698e+00,1.145512759300620242e+00,7.733366375263539538e-01
2.600000000000001865e+00,1.263575962695739463e+00,7.823542014914958154e-01
2.600500000000002032e+00,1.367456798497227455e+00,7.922696122736343494e-01
2.601000000000001755e+00,1.451135838633447195e+00,8.006186544339634059e-01
2.601500000000001922e+00,1.511561061280485951e+00,8.089298630123158418e-01
2.602000000000001645e+00,1.547691435187603659e+00,8.153481583130315347e-01
2.602500000000001812e+00,1.559707529664009495e+00,8.202241490392052636e-01
2.603000000000001979e+00,1.548446470322490942e+00,8.247987774120794091e-01
2.603500000000001702e+00,1.514940018337607164e+00,8.423467192411463467e-01
2.604000000000001869e+00,1.460035205097467870e+00,8.477668796898711889e-01
2.604500000000002036e+00,1.384240593403869513e+00,8.504767345304515835e-01
2.605000000000001759e+00,1.287999159027917173e+00,8.472661618891794699e-01
2.605500000000001926e+00,1.172515946710703805e+00,8.412209032433821676e-01
2.606000000000002093e+00,1.041118877004008292e+00,8.322106086642325762e-01
2.606500000000001815e+00,9.005530886930911416e-01,8.209080334213456620e-01
2.607000000000001982e+00,7.607187052697095275e-01,8.089953129750019345e-01
2.607500000000001705e+00,6.340017759688182375e-01,7.916620545362074157e-01
2.608000000000001872e+00,5.365771728371988569e-01,7.728508721509376178e-01
2.608500000000002039e+00,4.781842842677790917e-01,7.578977000436356581e-01
2.609000000000001762e+00,4.539277024388530535e-01,7.438176011904484852e-01
2.609500000000001929e+00,4.575981857233634709e-01,7.271641094130951721e-01
2.610000000000001652e+00,4.839831724208017993e-01,7.072339520503639898e-01
2.610500000000001819e+00,5.258869417769986843e-01,6.919139673250715994e-01
2.611000000000001986e+00,5.747734352449682671e-01,6.752426724372623257e-01
2.611500000000001709e+00,6.228942264053441979e-01,6.635727852601666088e-01
2.612000000000001876e+00,6.647667002888884014e-01,6.594635677745216418e-01
2.612500000000002043e+00,6.976970959113562021e-01,6.556806264709219567e-01
2.613000000000001766e+00,7.223628254274793159e-01,6.555070396141441380e-01
2.613500000000001933e+00,7.452854076845270015e-01,6.676343239149505893e-01
2.614000000000002100e+00,7.800369159225746252e-01,6.832653134214808910e-01
2.614500000000001823e+00,8.305447769216941500e-01,6.973253457363796093e-01
2.615000000000001990e+00,8.831342829608802569e-01,7.099845554259744951e-01
2.615500000000001712e+00,9.264551698960643566e-01,7.218748444137669251e-01
2.616000000000001879e+00,9.559021006798207321e-01,7.325916045222109485e-01
2.616500000000002046e+00,9.704253950204048129e-01,7.427579219161529744e-01
2.617000000000001769e+00,9.710150991577395363e-01,7.487728067347421135e-01
2.617500000000001936e+00,9.598919954803747379e-01,7.539613901084782910e-01
2.618000000000001659e+00,9.395422886714372979e-01,7.582209603428048394e-01
2.618500000000001826e+00,9.115852615426920380e-01,7.732242070229058406e-01
2.619000000000001993e+00,8.763144205005621856e-01,8.076914386492733966e-01
2.619500000000001716e+00,8.334313732221245719e-01,8.400529851647613455e-01
2.620000000000001883e+00,7.832075304887280431e-01,8.675828067321353920e-01
2.620500000000002050e+00,7.273480363495961054e-01,8.924144041268714522e-01
2.621000000000001773e+00,6.697057036926052920e-01,9.307885044273661590e-01
2.621500000000001940e+00,6.167579289094046180e-01,9.759178201816457454e-01
2.622000000000002107e+00,5.764698224121602710e-01,1.020607198150618622e+00
2.622500000000001830e+00,5.547081009869045953e-01,1.057987073588059879e+00
2.623000000000001997e+00,5.517208547844647537e-01,1.092529545370555910e+00
2.623500000000001720e+00,5.624600468083148508e-01,1.128360173270455347e+00
2.624000000000001886e+00,5.803827464425286298e-01,1.161761545721222699e+00
2.624500000000002053e+00,6.008746471352995888e-01,1.190577677367376408e+00
2.625000000000001776e+00,6.222903884202980462e-01,1.213431645604371667e+00
2.625500000000001943e+00,6.433799448018355793e-01,1.233769721808565478e+00
2.626000000000001666e+00,6.602359544323507246e-01,1.251956571094413606e+00
2.626500000000001833e+00,6.694400618478923981e-01,1.268537590326531461e+00
2.627000000000002000e+00,6.736188379792300562e-01,1.283606602479534287e+00
2.627500000000001723e+00,6.818666522061263002e-01,1.300041400335924857e+00
2.628000000000001890e+00,6.972887099521883902e-01,1.319387455356802796e+00
2.628500000000002057e+00,7.060903751976488341e-01,1.333234386583015851e+00
2.629000000000001780e+00,6.937251078317370201e-01,1.362865793547568316e+00
2.629500000000001947e+00,6.571204618546497844e-01,1.398363790375033666e+00
2.630000000000002114e+00,6.008667748978957501e-01,1.426444935178528439e+00
2.630500000000001837e+00,5.317586193279849605e-01,1.469230497071405850e+00
2.631000000000002004e+00,4.618457702419425104e-01,1.513471468303630774e+00
2.631500000000001727e+00,4.108436961878997873e-01,1.554119767392550866e+00
2.632000000000001894e+00,4.010616649598451877e-01,1.591627693382041908e+00
2.632500000000002061e+00,4.517425225598183935e-01,1.628532526275622505e+00
2.633000000000001783e+00,5.820773084307426792e-01,1.662541643236553179e+00
2.633500000000001950e+00,8.149176371220090420e-01,1.695053556014360474e+00
2.634000000000001673e+00,1.123617411943057309e+00,1.727724821379639897e+00
2.634500000000001840e+00,1.455477719358603705e+00,1.758490148326022684e+00
2.635000000000002007e+00,1.773144922316888472e+00,1.786292422343580544e+00
2.635500000000001730e+00,2.049940698522303428e+00,1.808939854788150781e+00
2.636000000000001897e+00,2.281022441716610061e+00,1.830391027270062310e+00
2.636500000000002064e+00,2.469389039135930553e+00,1.845528906045877715e+00
2.637000000000001787e+00,2.618944609078527108e+00,1.849235934364947598e+00
2.637500000000001954e+00,2.732998543652322532e+00,1.845861025449787363e+00
2.638000000000002121e+00,2.814029947056115866e+00,1.840688070167796342e+00
2.638500000000001844e+00,2.863703485745704214e+00,1.833695570074235892e+00
2.639000000000002011e+00,2.882913206756472668e+00,1.836697049566737405e+00
2.639500000000001734e+00,2.871810616312397979e+00,1.837852190700060673e+00
2.640000000000001901e+00,2.829833491555977965e+00,1.833178376938101595e+00
2.640500000000002068e+00,2.755763186541356546e+00,1.827057492828731755e+00
2.641000000000001791e+00,2.647816406775855835e+00,1.817517025962041233e+00
2.641500000000001958e+00,2.503753174035609597e+00,1.801192856861428382e+00
2.642000000000001680e+00,2.321000955074305150e+00,1.784967577618286505e+00
2.642500000000001847e+00,2.096939622797747482e+00,1.771753463771332804e+00
2.643000000000002014e+00,1.830061018096623027e+00,1.755100580785323716e+00
2.643500000000001737e+00,1.524755847620468563e+00,1.742611569456787857e+00
2.644000000000001904e+00,1.203655221851914536e+00,1.727344344136222620e+00
2.644500000000002071e+00,9.025553445212611825e-01,1.710561322806988915e+00
2.645000000000001794e+00,6.454743607229109781e-01,1.693599841708083531e+00
2.645500000000001961e+00,4.678115411508615429e-01,1.675491971385282941e+00
2.646000000000002128e+00,3.977690832899133944e-01,1.651578846078710638e+00
2.646500000000001851e+00,4.112937092864550337e-01,1.624218140545643507e+00
2.647000000000002018e+00,4.654896449306690220e-01,1.594099143572986987e+00
2.647500000000001741e+00,5.303442590169504811e-01,1.562523287290945362e+00
2.648000000000001908e+00,5.885678642052322163e-01,1.530412373623507127e+00
2.648500000000002075e+00,6.321761539254906470e-01,1.497685073249728438e+00
2.649000000000001798e+00,6.591609763410405387e-01,1.461821689996133600e+00
2.649500000000001965e+00,6.699452427900880469e-01,1.416793115423564009e+00
2.650000000000001688e+00,6.649981744547696083e-01,1.368010488543784264e+00
2.650500000000001855e+00,6.447744527947688598e-01,1.318617984495860540e+00
2.651000000000002021e+00,6.109276634092870584e-01,1.272181863544761704e+00
2.651500000000001744e+00,5.672627287404655716e-01,1.225706555635328376e+00
2.652000000000001911e+00,5.200652621831433065e-01,1.179211319943407776e+00
2.652500000000002078e+00,4.769838988870755969e-01,1.137243949748261596e+00
2.653000000000001801e+00,4.446611193732428191e-01,1.103957245326318004e+00
2.653500000000001968e+00,4.284009813730884630e-01,1.082914323606922968e+00
2.654000000000002135e+00,4.330328868703266498e-01,1.059857953711333067e+00
2.654500000000001858e+00,4.611089445777381002e-01,1.034557689179627538e+00
2.655000000000002025e+00,5.101686416934019253e-01,1.006841007349673411e+00
2.655500000000001748e+00,5.728110441673771591e-01,9.802319173154777632e-01
2.656000000000001915e+00,6.395991607760993514e-01,9.566682042060682400e-01
2.656500000000002082e+00,7.022773358885089356e-01,9.340112667966922189e-01
2.657000000000001805e+00,7.555459731478304519e-01,9.092379543886136561e-01
2.657500000000001972e+00,7.970034163948122030e-01,8.843204907647139734e-01
2.658000000000001695e+00,8.258397832690516083e-01,8.597440797231100662e-01
2.658500000000001862e+00,8.414200007944752091e-01,8.459394960376576122e-01
2.659000000000002029e+00,8.436102621031734694e-01,8.334706746675193401e-01
2.659500000000001751e+00,8.351688213285116680e-01,8.183876758257292439e-01
2.660000000000001918e+00,8.237460637056799317e-01,8.017030537242321175e-01
2.660500000000002085e+00,8.186082716880311860e-01,7.807359699849337753e-01
2.661000000000001808e+00,8.218365426088437564e-01,7.591237216320981807e-01
2.661500000000001975e+00,8.283784583557312065e-01,7.340385449340135482e-01
2.662000000000002142e+00,8.331717549472463791e-01,7.070021845554458340e-01
2.662500000000001865e+00,8.329798307257997303e-01,6.785721641731969900e-01
2.663000000000002032e+00,8.255573047239886941e-01,6.515097569871782790e-01
2.663500000000001755e+00,8.092218507879020972e-01,6.455826029985812786e-01
2.664000000000001922e+00,7.827045271009179794e-01,6.382623115496072197e-01
2.664500000000002089e+00,7.451019764223307806e-01,6.284959134470536890e-01
2.665000000000001812e+00,6.960900472036175568e-01,6.152326369118049643e-01
2.665500000000001979e+00,6.365443677854887294e-01,6.016182735202901810e-01
2.666000000000001702e+00,5.695867802170022642e-01,5.847142814235141151e-01
2.666500000000001869e+00,5.017431142235484476e-01,5.663461981798617595e-01
2.667000000000002036e+00,4.432504166359810260e-01,5.502598519586827663e-01
2.667500000000001759e+00,4.059732345707646184e-01,5.351517442406864555e-01
2.668000000000001926e+00,3.989086099763819449e-01,5.353486369955069435e-01
2.668500000000002093e+00,4.262171171209228615e-01,5.441441125662597189e-01
2.669000000000001815e+00,4.916681690591060416e-01,5.544012494127974477e-01
2.669500000000001982e+00,6.002041877268797787e-01,5.635569324004191527e-01
2.670000000000002149e+00,7.445362441213588811e-01,5.697639119229198634e-01
2.670500000000001872e+00,9.012005059168567422e-01,5.734430249336655017e-01
2.671000000000002039e+00,1.049760585177990979e+00,5.751228171789255494e-01
2.671500000000001762e+00,1.180901966117577251e+00,5.773863233140051898e-01
2.672000000000001929e+00,1.291833848731518186e+00,5.810106054119732466e-01
2.672500000000002096e+00,1.382169986724172128e+00,5.834684782051077212e-01
2.673000000000001819e+00,1.452043151914492514e+00,5.848839337712913311e-01
2.673500000000001986e+00,1.501371606123099500e+00,5.854754125232861650e-01
2.674000000000001709e+00,1.529677085347227905e+00,5.839486940030524931e-01
2.674500000000001876e+00,1.536144032086583122e+00,5.810767015907778443e-01
2.675000000000002043e+00,1.519697613427794636e+00,5.756226038052542071e-01
2.675500000000001766e+00,1.479041915083880721e+00,5.690527040200646924e-01
2.676000000000001933e+00,1.412809099806856983e+00,5.660913415306589869e-01
2.676500000000002100e+00,1.320023323689397898e+00,5.703730650508974653e-01
2.677000000000001823e+00,1.200996199257903241e+00,5.780487468229825732e-01
2.677500000000001990e+00,1.058741290801463064e+00,5.863268735292196387e-01
2.678000000000002156e+00,9.008821825991353283e-01,5.937558397227932216e-01
2.678500000000001879e+00,7.414736444608782673e-01,6.039763448861101836e-01
2.679000000000002046e+00,6.034657060334096546e-01,6.140299684761366672e-01
2.679500000000001769e+00,5.180822076583720959e-01,6.227246504097225799e-01
2.680000000000001936e+00,5.000959898953982741e-01,6.294886441880359618e-01
2.680500000000002103e+00,5.310967837719443585e-01,6.359159659703740308e-01
2.681000000000001826e+00,5.862925362193600609e-01,6.412751095752633468e-01
2.681500000000001993e+00,6.496881266465162064e-01,6.484419200505540104e-01
2.682000000000001716e+00,7.118496257671942384e-01,6.478935141318423740e-01
2.682500000000001883e+00,7.677432539774106113e-01,6.443021849309249482e-01
2.683000000000002050e+00,8.150032858803125668e-01,6.379622464398115866e-01
2.683500000000001773e+00,8.520789259390852965e-01,6.448262737373630094e-01
2.684000000000001940e+00,8.771976927952241931e-01,6.639329398183835274e-01
2.684500000000002107e+00,8.883664435551275051e-01,6.851504123354594800e-01
2.685000000000001830e+00,8.839906042740919290e-01,7.031576028120628541e-01
2.685500000000001997e+00,8.637078229945321928e-01,7.179664690606963884e-01
2.686000000000002164e+00,8.291852784849957914e-01,7.289518800557974743e-01
2.686500000000001886e+00,7.847329965534866059e-01,7.351737619951226321e-01
2.687000000000002053e+00,7.372067279181366839e-01,7.366410000387944024e-01
2.687500000000001776e+00,6.940441649712320027e-01,7.463651024855287863e-01
2.688000000000001943e+00,6.597809244012315943e-01,7.707927168292973974e-01
2.688500000000002110e+00,6.345717346771898582e-01,7.933599202076481172e-01
2.689000000000001833e+00,6.166410723222822687e-01,8.181071355928414279e-01
2.689500000000002000e+00,6.048331875763878207e-01,8.559533043227340876e-01
2.690000000000001723e+00,5.965951895141705652e-01,8.917799356306885805e-01
2.690500000000001890e+00,5.878226270161391875e-01,9.271897041752898971e-01
2.691000000000002057e+00,5.768432124983070564e-01,9.588122969209494917e-01
2.691500000000001780e+00,5.646789844166382188e-01,9.868987396421707858e-01
2.692000000000001947e+00,5.527274554467429546e-01,1.014744913673606197e+00
2.692500000000002114e+00,5.419974368317944657e-01,1.049792771778805811e+00
2.693000000000001837e+00,5.345336539751508464e-01,1.082694745119122448e+00
2.693500000000002004e+00,5.340009377891138387e-01,1.114628141709565590e+00
2.694000000000002171e+00,5.430177649094694026e-01,1.150886834457798713e+00
2.694500000000001894e+00,5.611922755975559118e-01,1.187156298877835248e+00
2.695000000000002061e+00,5.864906953373323351e-01,1.221363422105492091e+00
2.695500000000001783e+00,6.158313870461825656e-01,1.252945383482769515e+00
2.696000000000001950e+00,6.444879682298486623e-01,1.281725970845056350e+00
2.696500000000002117e+00,6.668062245139807498e-01,1.308878965063064559e+00
2.697000000000001840e+00,6.778881272227039734e-01,1.341844435208726427e+00
2.697500000000002007e+00,6.737428944809640274e-01,1.377844949079392256e+00
2.698000000000001730e+00,6.514991140775404643e-01,1.413838046717036390e+00
2.698500000000001897e+00,6.121798593731866411e-01,1.445016732570891582e+00
2.699000000000002064e+00,5.595778023898065889e-01,1.476097477164998617e+00
2.699500000000001787e+00,4.967012955313470646e-01,1.518065583533506624e+00
2.700000000000001954e+00,4.316747950767102493e-01,1.561301731562069861e+00
2.700500000000002121e+00,3.831971937515918913e-01,1.608497326071153921e+00
2.701000000000001844e+00,3.777461076301574794e-01,1.648455656975720940e+00
2.701500000000002011e+00,4.390659454562618746e-01,1.684793536179334250e+00
2.702000000000002178e+00,5.746537480090567751e-01,1.720257685117916768e+00
2.702500000000001901e+00,7.804688539228572530e-01,1.751461787792419678e+00
2.703000000000002068e+00,1.048531576856923220e+00,1.775566531164288975e+00
2.703500000000001791e+00,1.355691157564040461e+00,1.802570668630406825e+00
2.704000000000001958e+00,1.656718385131649596e+00,1.827493947759881943e+00
2.704500000000002125e+00,1.922150165145317446e+00,1.852503090073902126e+00
2.705000000000001847e+00,2.146533603578910210e+00,1.870771778695677456e+00
2.705500000000002014e+00,2.331599942882661924e+00,1.882422339421349511e+00
2.706000000000001737e+00,2.480016793925544860e+00,1.890972318703010080e+00
2.706500000000001904e+00,2.594199482831254233e+00,1.897766070750784406e+00
2.707000000000002071e+00,2.676202346803988164e+00,1.901444635887307166e+00
2.707500000000001794e+00,2.727689665862343738e+00,1.898672374782219174e+00
2.708000000000001961e+00,2.749829290834065798e+00,1.890319908648319336e+00
2.708500000000002128e+00,2.743172949063458876e+00,1.870136163272604346e+00
2.709000000000001851e+00,2.707576632470540368e+00,1.846872653186041324e+00
2.709500000000002018e+00,2.642169148506929410e+00,1.815912525117473919e+00
2.710000000000002185e+00,2.545375798015019786e+00,1.788674194877878376e+00
2.710500000000001908e+00,2.415005942820981577e+00,1.768991668541168183e+00
2.711000000000002075e+00,2.248390781316547127e+00,1.760849039797981685e+00
2.711500000000001798e+00,2.042593374135949436e+00,1.756781879198172636e+00
2.712000000000001965e+00,1.795036463756896294e+00,1.747357700479206244e+00
2.712500000000002132e+00,1.506192791111818696e+00,1.732451722664551941e+00
2.713000000000001855e+00,1.189822524137853721e+00,1.712043512563443892e+00
2.713500000000002021e+00,8.912190168835392168e-01,1.687143939563046091e+00
2.714000000000001744e+00,6.592947430174194157e-01,1.657728908302423809e+00
2.714500000000001911e+00,5.039253495931732552e-01,1.621048449875909014e+00
2.715000000000002078e+00,4.305409668505116305e-01,1.576239964502651025e+00
2.715500000000001801e+00,4.309744412620147291e-01,1.523522310743928854e+00
2.716000000000001968e+00,4.732589447213293998e-01,1.480424451917738082e+00
2.716500000000002135e+00,5.276834470142669486e-01,1.441527248370382708e+00
2.717000000000001858e+00,5.771549756163095735e-01,1.410272427850095767e+00
2.717500000000002025e+00,6.132368811250590301e-01,1.376383713160344024e+00
2.718000000000002192e+00,6.321484292555348272e-01,1.339937579357671327e+00
2.718500000000001915e+00,6.328589547413618899e-01,1.300817675913455540e+00
2.719000000000002082e+00,6.165041128952190030e-01,1.255801455036549275e+00
2.719500000000001805e+00,5.863066167942129203e-01,1.204242955170267360e+00
2.720000000000001972e+00,5.469676346510343734e-01,1.157513496664985375e+00
2.720500000000002139e+00,5.042214987279775018e-01,1.111177618188834870e+00
2.721000000000001862e+00,4.653943070703715490e-01,1.068120364682967560e+00
2.721500000000002029e+00,4.388388933382887380e-01,1.019937209948992729e+00
2.722000000000001751e+00,4.307395771271829155e-01,9.848239117032716594e-01
2.722500000000001918e+00,4.420367681658992076e-01,9.600514059841787073e-01
2.723000000000002085e+00,4.690653560683573642e-01,9.372797566509010192e-01
2.723500000000001808e+00,5.067259709985896254e-01,9.181299274833459867e-01
2.724000000000001975e+00,5.506727322726763241e-01,9.051032634975999525e-01
2.724500000000002142e+00,5.977837465078489343e-01,9.002931149911755915e-01
2.725000000000001865e+00,6.460053960676316320e-01,8.981740555198136633e-01
2.725500000000002032e+00,6.944097207390492743e-01,8.950148737955030409e-01
2.726000000000002199e+00,7.430345432229950031e-01,8.958692933511531731e-01
2.726500000000001922e+00,7.912359587501032188e-01,8.960537399831154382e-01
2.727000000000002089e+00,8.364498068048840107e-01,8.969535322399321275e-01
2.727500000000001812e+00,8.758688904455252944e-01,8.996085485657038250e-01
2.728000000000001979e+00,9.075480154811602640e-01,8.946707555080819496e-01
2.728500000000002146e+00,9.295740684398434706e-01,8.882976630984382727e-01
2.729000000000001869e+00,9.398472021100614526e-01,8.835644086727144630e-01
2.729500000000002036e+00,9.367854075880115428e-01,8.856123053878445228e-01
2.730000000000001759e+00,9.198831717663118468e-01,8.849320555278109568e-01
2.730500000000001926e+00,8.899482948462701382e-01,8.831308446312577942e-01
2.731000000000002093e+00,8.492156797517822486e-01,8.772207991749214617e-01
2.731500000000001815e+00,8.010562709566958484e-01,8.758907154045357801e-01
2.732000000000001982e+00,7.489324790420722744e-01,8.754246391199457245e-01
2.732500000000002149e+00,6.953057287125561370e-01,8.739128604825863178e-01
2.733000000000001872e+00,6.417968160030079749e-01,8.649471656363396654e-01
2.733500000000002039e+00,5.906638589923756122e-01,8.538173821042418510e-01
2.734000000000002206e+00,5.468503603048500139e-01,8.429450081796534544e-01
2.734500000000001929e+00,5.202051451837866880e-01,8.312130208153838407e-01
2.735000000000002096e+00,5.263854527916423942e-01,8.189417445907951620e-01
2.735500000000001819e+00,5.803127122702431695e-01,8.043150383188675256e-01
2.736000000000001986e+00,6.803347323531613311e-01,8.020059482541537221e-01
2.736500000000002153e+00,8.081599860182752115e-01,7.973876534213610867e-01
2.737000000000001876e+00,9.446641081853981436e-01,7.953444850241343511e-01
2.737500000000002043e+00,1.077331490696390892e+00,7.909960449797609483e-01
2.738000000000001766e+00,1.199163930253896559e+00,7.843182018617388396e-01
2.738500000000001933e+00,1.305943997511593402e+00,7.753025589669045869e-01
2.739000000000002100e+00,1.394665554413592634e+00,7.693853918636986977e-01
2.739500000000001823e+00,1.463141909987086375e+00,7.666718249707735744e-01
2.740000000000001990e+00,1.509958792792600368e+00,7.647301503525865130e-01
2.740500000000002156e+00,1.534298663490668790e+00,7.627045180762340726e-01
2.741000000000001879e+00,1.535692133851477958e+00,7.597390890176540790e-01
2.741500000000002046e+00,1.513883022679320955e+00,7.558541323790007871e-01
2.742000000000002213e+00,1.468856026530217296e+00,7.479642805578997633e-01
2.742500000000001936e+00,1.400974942090754238e+00,7.361355251951869905e-01
2.743000000000002103e+00,1.311230994998263899e+00,7.276743711069441067e-01
2.743500000000001826e+00,1.201710465499417957e+00,7.164302911737848722e-01
2.744000000000001993e+00,1.076384699726982586e+00,7.024947210262515451e-01
2.744500000000002160e+00,9.420179784516978794e-01,6.878020033870978489e-01
2.745000000000001883e+00,8.084143460285975191e-01,6.786089077167111183e-01
2.745500000000002050e+00,6.872307194667427455e-01,6.761384173127170660e-01
2.746000000000001773e+00,5.897095001050619567e-01,6.732824441227149848e-01
2.746500000000001940e+00,5.244057883755680605e-01,6.671847810767007614e-01
2.747000000000002107e+00,4.948871856375871014e-01,6.607792509594595520e-01
2.747500000000001830e+00,4.981489563595279391e-01,6.529388217193217159e-01
2.748000000000001997e+00,5.264454219623421194e-01,6.506269864585088047e-01
2.748500000000002164e+00,5.705052217465689246e-01,6.620437944826988996e-01
2.749000000000001886e+00,6.214687148704566289e-01,6.712447641162480050e-01
2.749500000000002053e+00,6.716131051851228495e-01,6.785009490542022181e-01
2.750000000000002220e+00,7.145007887762671039e-01,6.835665987904588903e-01
2.750500000000001943e+00,7.453190538405831678e-01,6.848299574801193224e-01
2.751000000000002110e+00,7.614374891731837680e-01,6.871187065274506622e-01
2.751500000000001833e+00,7.625892986489264391e-01,6.977287396075617654e-01
2.752000000000002000e+00,7.505272754417380288e-01,7.066220078852941677e-01
2.752500000000002167e+00,7.283939927142536463e-01,7.172000802780984507e-01
2.753000000000001890e+00,7.000383199545149315e-01,7.303379057570280608e-01
2.753500000000002057e+00,6.694817514593542906e-01,7.433661053535824959e-01
2.754000000000001780e+00,6.406677170884974570e-01,7.601055028378713718e-01
2.754500000000001947e+00,6.171901244043916934e-01,7.780106721252103563e-01
2.755000000000002114e+00,6.013051549529906392e-01,7.927748537667064221e-01
2.755500000000001837e+00,5.930417393440549079e-01,8.043359290683401719e-01
2.756000000000002004e+00,5.911803969689743976e-01,8.111642890935181205e-01
2.756500000000002171e+00,5.943367648763132616e-01,8.272688883004798432e-01
2.757000000000001894e+00,6.006224319479223084e-01,8.504507069006265185e-01
2.757500000000002061e+00,6.083658975208884323e-01,8.832229100138251354e-01
2.758000000000002228e+00,6.172060213749575031e-01,9.120079638138310907e-01
2.758500000000001950e+00,6.260886588905263395e-01,9.423260588546523708e-01
2.759000000000002117e+00,6.309541774720084373e-01,9.809912312354771569e-01
2.759500000000001840e+00,6.270882203632435203e-01,1.018887676434370615e+00
2.760000000000002007e+00,6.130960926172213110e-01,1.060481196976789997e+00
2.760500000000002174e+00,5.926895864294685623e-01,1.099038663296658003e+00
2.761000000000001897e+00,5.737267062609531232e-01,1.135809787834899387e+00
2.761500000000002064e+00,5.638928491670185394e-01,1.169880689173371735e+00
2.762000000000001787e+00,5.661022782988054391e-01,1.206521453967588364e+00
2.762500000000001954e+00,5.760828003010702858e-01,1.249251427346227405e+00
2.763000000000002121e+00,5.821170920064724363e-01,1.285985514439606847e+00
2.763500000000001844e+00,5.722729347195418814e-01,1.346872570687738246e+00
2.764000000000002011e+00,5.411160553196341372e-01,1.426842033451894975e+00
2.764500000000002178e+00,4.911493475994382907e-01,1.493398642240532315e+00
2.765000000000001901e+00,4.333299504908542099e-01,1.550303499321995515e+00
2.765500000000002068e+00,3.880023458051709007e-01,1.594879077658932998e+00
2.766000000000002235e+00,3.843616645053548608e-01,1.639423261069437254e+00
2.766500000000001958e+00,4.546953319784313163e-01,1.689377476423733038e+00
2.767000000000002125e+00,6.257122707047126919e-01,1.733645154337275063e+00
2.767500000000001847e+00,9.063730683681378020e-01,1.774810027850599825e+00
2.768000000000002014e+00,1.245979677545366204e+00,1.808875555283682157e+00
2.768500000000002181e+00,1.573607099385803565e+00,1.835494563003238211e+00
2.769000000000001904e+00,1.862933840720578216e+00,1.856080331410419504e+00
2.769500000000002071e+00,2.110590813715153224e+00,1.873354174002003658e+00
2.770000000000001794e+00,2.318635017765620532e+00,1.885216060462924892e+00
2.770500000000001961e+00,2.489758301814338992e+00,1.892930172932151489e+00
2.771000000000002128e+00,2.626234235800363859e+00,1.896904385722504527e+00
2.771500000000001851e+00,2.729804016407392009e+00,1.884250985929389444e+00
2.772000000000002018e+00,2.801733399575657035e+00,1.890602835128032178e+00
2.772500000000002185e+00,2.842836443273337288e+00,1.889891135090481900e+00
2.773000000000001908e+00,2.853447141680026000e+00,1.877220601505996456e+00
2.773500000000002075e+00,2.833352463189492187e+00,1.859875484710663995e+00
2.774000000000002242e+00,2.781695168064239443e+00,1.850390417871627502e+00
2.774500000000001965e+00,2.696871409721708357e+00,1.837241129812064999e+00
2.775000000000002132e+00,2.576460681055459112e+00,1.824276603862301283e+00
2.775500000000001855e+00,2.417207570077252843e+00,1.804834990504998737e+00
2.776000000000002021e+00,2.215105653910600214e+00,1.781666218027251558e+00
2.776500000000002188e+00,1.965998481716641377e+00,1.757456912567377572e+00
2.777000000000001911e+00,1.668943568492732954e+00,1.727382581650540816e+00
2.777500000000002078e+00,1.340490181831171856e+00,1.693009707900738237e+00
2.778000000000001801e+00,1.025986458169076077e+00,1.653650299406445257e+00
2.778500000000001968e+00,7.525160483215954654e-01,1.602789386883685330e+00
2.779000000000002135e+00,5.440196924186965211e-01,1.553367184239078824e+00
2.779500000000001858e+00,4.207061969401113544e-01,1.530022229908536202e+00
2.780000000000002025e+00,3.812573572150844137e-01,1.522828595184110956e+00
2.780500000000002192e+00,4.069276766970889025e-01,1.510509034329055922e+00
2.781000000000001915e+00,4.744559550983040164e-01,1.492763137553367647e+00
2.781500000000002082e+00,5.592755527231764168e-01,1.473889999620391578e+00
2.782000000000002249e+00,6.375204769324599452e-01,1.452664453970249570e+00
2.782500000000001972e+00,6.993615086677087422e-01,1.428090643184963371e+00
2.783000000000002139e+00,7.492874053347315932e-01,1.403183298877349827e+00
2.783500000000001862e+00,7.885438302513259057e-01,1.377703426143586096e+00
2.784000000000002029e+00,8.155372939435598933e-01,1.348466053179726787e+00
2.784500000000002196e+00,8.296607692073358908e-01,1.317687698039733180e+00
2.785000000000001918e+00,8.304385076708303837e-01,1.291102258753321408e+00
2.785500000000002085e+00,8.189732448471527260e-01,1.258798942418710709e+00
2.786000000000001808e+00,7.979944093519631965e-01,1.227078604227865855e+00
2.786500000000001975e+00,7.709484283401779603e-01,1.190024779201197092e+00
2.787000000000002142e+00,7.418023993402550476e-01,1.150210370946539218e+00
2.787500000000001865e+00,7.153814208330939728e-01,1.110723023732947290e+00
2.788000000000002032e+00,6.969509250858394456e-01,1.071630427406159436e+00
2.788500000000002199e+00,6.899106862940234119e-01,1.029917081629204700e+00
2.789000000000001922e+00,6.941388377572870194e-01,9.868007685160267162e-01
2.789500000000002089e+00,7.078275132418089255e-01,9.552853223243136238e-01
2.790000000000002256e+00,7.290921130422770569e-01,9.237644978424139897e-01
2.790500000000001979e+00,7.548809843851878032e-01,8.954631874741718622e-01
2.791000000000002146e+00,7.806374036174213993e-01,8.726082751942200177e-01
2.791500000000001869e+00,8.018610836249628893e-01,8.456741009572440460e-01
2.792000000000002036e+00,8.152241015508678856e-01,8.156822430742863839e-01
2.792500000000002203e+00,8.189753512624863285e-01,7.829863036962015910e-01
2.793000000000001926e+00,8.131960040722379102e-01,7.472542997351938610e-01
2.793500000000002093e+00,7.993265742980963928e-01,7.120925779484941209e-01
2.794000000000001815e+00,7.788979475645050332e-01,6.737227856571139650e-01
2.794500000000001982e+00,7.526318148698580845e-01,6.438263500586225430e-01
2.795000000000002149e+00,7.207125875806024151e-01,6.224597056699811004e-01
2.795500000000001872e+00,6.838467860193319092e-01,6.101223697516670041e-01
2.796000000000002039e+00,6.444755387717305828e-01,5.938669537648713082e-01
2.796500000000002206e+00,6.076141770073655302e-01,5.830681103306929458e-01
2.797000000000001929e+00,5.815318609163671049e-01,5.929761910010441506e-01
2.797500000000002096e+00,5.794590780186055223e-01,6.028551505527469656e-01
2.798000000000002263e+00,6.180300283321259469e-01,6.169877157501276743e-01
2.798500000000001986e+00,7.018900630075080027e-01,6.422652563294818373e-01
2.799000000000002153e+00,8.161592805117935390e-01,6.664951603456681362e-01
2.799500000000001876e+00,9.412267779081358032e-01,6.880780232975041155e-01
2.800000000000002043e+00,1.061521023839560929e+00,7.072259306399480971e-01
2.800500000000002210e+00,1.167488220686987432e+00,7.237256335491416559e-01
2.801000000000001933e+00,1.255274886730983974e+00,7.383885675025323447e-01
2.801500000000002100e+00,1.324845111493514249e+00,7.514473531659234817e-01
2.802000000000001823e+00,1.377565342293607831e+00,7.625693122538479418e-01
2.802500000000001990e+00,1.414166434033585773e+00,7.696848523631806271e-01
2.803000000000002156e+00,1.433994548114255085e+00,7.792870034890527764e-01
2.803500000000001879e+00,1.435595372669371983e+00,7.878909385517204322e-01
2.804000000000002046e+00,1.417586028572845880e+00,7.934214722050838553e-01
2.804500000000002213e+00,1.379082543422049723e+00,7.931960819358024883e-01
2.805000000000001936e+00,1.319799447689228078e+00,7.912259753988797328e-01
2.805500000000002103e+00,1.240240007876155293e+00,7.867578085035675795e-01
2.806000000000002270e+00,1.142373058668639363e+00,7.765754478349377044e-01
2.806500000000001993e+00,1.031161541256695013e+00,7.656668645907251936e-01
2.807000000000002160e+00,9.166754107862205014e-01,7.549463210861883100e-01
2.807500000000001883e+00,8.138518836532651068e-01,7.438049833222512008e-01
2.808000000000002050e+00,7.367904192780868611e-01,7.327133400244135730e-01
2.808500000000002217e+00,6.904198852282525944e-01,7.290077943721007259e-01
2.809000000000001940e+00,6.691484262720057696e-01,7.230036806077047018e-01
2.809500000000002107e+00,6.647070163697846867e-01,7.224880569267482233e-01
2.810000000000001830e+00,6.722086525105206434e-01,7.194293418749626579e-01
2.810500000000001997e+00,6.913092245476842868e-01,7.079801485783920878e-01
2.811000000000002164e+00,7.221129069710864323e-01,6.933397127905500668e-01
2.811500000000001886e+00,7.609876519697793551e-01,6.791100389031456963e-01
2.812000000000002053e+00,8.022122376329002824e-01,6.690606391452210699e-01
2.812500000000002220e+00,8.400901956590823838e-01,6.640262474834515150e-01
2.813000000000001943e+00,8.691766493635997293e-01,6.601360567335045060e-01
2.813500000000002110e+00,8.856819541524080242e-01,6.595928790470194647e-01
2.814000000000002277e+00,8.884053723998153185e-01,6.689053561155315908e-01
2.814500000000002000e+00,8.778959966292552153e-01,6.766714723470697024e-01
2.815000000000002167e+00,8.550495367826703719e-01,6.815300834786304218e-01
2.815500000000001890e+00,8.203336511397834041e-01,6.836710068723599321e-01
2.816000000000002057e+00,7.739497664805438104e-01,6.895913928703375495e-01
2.816500000000002224e+00,7.166084179019464040e-01,7.003202048532833901e-01
2.817000000000001947e+00,6.512993690726791574e-01,7.195665225326928205e-01
2.817500000000002114e+00,5.865001242073313303e-01,7.425918112324252363e-01
2.818000000000001837e+00,5.362820983800923313e-01,7.649827251416694285e-01
2.818500000000002004e+00,5.108164557626582170e-01,7.871006036066102718e-01
2.819000000000002171e+00,5.076602944378272309e-01,8.123061231779075131e-01
2.819500000000001894e+00,5.170026356696384440e-01,8.345257966712805731e-01
2.820000000000002061e+00,5.313666197689370652e-01,8.597537836696428348e-01
2.820500000000002228e+00,5.481507862094490147e-01,8.871892728472899892e-01
2.821000000000001950e+00,5.656935615169543796e-01,9.155672268274576142e-01
2.821500000000002117e+00,5.814127257595314013e-01,9.409820508514495918e-01
2.822000000000002284e+00,5.946369482470118539e-01,9.661266965380236327e-01
2.822500000000002007e+00,6.075564942794056122e-01,9.852288634020496261e-01
2.823000000000002174e+00,6.177942626520227520e-01,1.002068118513297357e+00
2.823500000000001897e+00,6.144978444315692956e-01,1.012572581793159232e+00
2.824000000000002064e+00,5.877463978933054056e-01,1.020708570133574522e+00
2.824500000000002231e+00,5.359419496592057186e-01,1.028220095275278467e+00
2.825000000000001954e+00,4.682497709988355794e-01,1.048659981514118877e+00
2.825500000000002121e+00,4.073843329788495171e-01,1.075743419838280257e+00
2.826000000000001844e+00,3.912489367128058060e-01,1.100373905349540049e+00
2.826500000000002011e+00,4.658796073682017758e-01,1.121183502256073439e+00
2.827000000000002178e+00,6.596524643530183862e-01,1.141433556027218188e+00
2.827500000000001901e+00,9.541351695227738849e-01,1.177785814152347177e+00
2.828000000000002068e+00,1.309295197214779938e+00,1.211350585337145125e+00
2.828500000000002235e+00,1.674815784469922519e+00,1.243005949274709421e+00
2.829000000000001958e+00,2.005792141686168595e+00,1.273264119782268056e+00
2.829500000000002125e+00,2.288174897980239209e+00,1.300246983847647808e+00
2.830000000000002292e+00,2.522642654426720199e+00,1.325212888806110323e+00
2.830500000000002014e+00,2.713065451175184606e+00,1.351646942260914752e+00
2.831000000000002181e+00,2.863472659690835975e+00,1.383203643459059551e+00
2.831500000000001904e+00,2.977474640925878546e+00,1.409341028898813741e+00
2.832000000000002071e+00,3.058190957862902515e+00,1.432133012992802712e+00
2.832500000000002238e+00,3.108219975518540235e+00,1.452543851380671658e+00
2.833000000000001961e+00,3.129559981265687352e+00,1.462124322241447283e+00
2.833500000000002128e+00,3.123475995116768100e+00,1.466128131162406589e+00
2.834000000000001851e+00,3.090334745479773382e+00,1.468528273467840428e+00
2.834500000000002018e+00,3.029468308911254404e+00,1.465730201712776015e+00
2.835000000000002185e+00,2.939138072978670913e+00,1.454449008934991516e+00
2.835500000000001908e+00,2.816615792157673770e+00,1.434220959229428161e+00
2.836000000000002075e+00,2.658337086467664978e+00,1.410439919220230376e+00
2.836500000000002242e+00,2.460098638722557851e+00,1.382092877202893755e+00
2.837000000000001965e+00,2.217391046308583302e+00,1.355612330025811163e+00
2.837500000000002132e+00,1.926324278591632133e+00,1.327773188400975801e+00
2.838000000000002299e+00,1.586913756158288002e+00,1.302765704470338459e+00
2.838500000000002021e+00,1.214493259025011707e+00,1.274736701022537888e+00
2.839000000000002188e+00,8.638703404402952035e-01,1.253490544141853347e+00
2.839500000000001911e+00,6.092636404072167000e-01,1.229049634580167361e+00
2.840000000000002078e+00,4.695131152040087352e-01,1.200832619450136418e+00
2.840500000000002245e+00,4.391526124544368193e-01,1.173070173301153707e+00
2.841000000000001968e+00,4.872066647574633258e-01,1.148837990577352253e+00
2.841500000000002135e+00,5.631288910767281441e-01,1.124828696534377670e+00
2.842000000000001858e+00,6.298412547702401110e-01,1.097326763124790272e+00
2.842500000000002025e+00,6.699791948492022087e-01,1.066440818060102602e+00
2.843000000000002192e+00,6.796582712574378293e-01,1.046554150662402316e+00
2.843500000000001915e+00,6.662622113387681733e-01,1.034706438235079906e+00
2.844000000000002082e+00,6.462482880203057611e-01,1.020016468222236128e+00
2.844500000000002249e+00,6.284117921484577707e-01,1.003821162208464735e+00
2.845000000000001972e+00,6.127979881832676945e-01,9.836219070918464924e-01
2.845500000000002139e+00,5.977649340352114704e-01,9.609470861375578599e-01
2.846000000000002306e+00,5.828155387389059028e-01,9.353904220107656098e-01
2.846500000000002029e+00,5.711181130425387886e-01,9.065500943435441661e-01
2.847000000000002196e+00,5.677578072848630253e-01,8.796577152583718862e-01
2.847500000000001918e+00,5.782782143300766453e-01,8.524782019989339821e-01
2.848000000000002085e+00,6.052697267898772271e-01,8.297603511816571409e-01
2.848500000000002252e+00,6.462624557674155890e-01,8.144768985216471746e-01
2.849000000000001975e+00,6.961505378937713484e-01,7.970082737689349051e-01
2.849500000000002142e+00,7.457354436056383706e-01,7.876362038258450937e-01
2.850000000000001865e+00,7.867178379975332536e-01,7.766390961423850214e-01
2.850500000000002032e+00,8.180027876194893022e-01,7.835120318442189147e-01
2.851000000000002199e+00,8.419343556825866770e-01,7.872662832514570885e-01
2.851500000000001922e+00,8.578131047508368301e-01,7.884949816413872048e-01
2.852000000000002089e+00,8.623215440872028514e-01,7.886524344187172408e-01
2.852500000000002256e+00,8.535655126966220640e-01,7.858813823132578813e-01
2.853000000000001979e+00,8.323778729253445974e-01,7.811516049597763134e-01
2.853500000000002146e+00,8.019284051392014945e-01,7.764200448274015676e-01
2.854000000000002313e+00,7.666726537668637764e-01,7.684680285703194835e-01
2.854500000000002036e+00,7.309410047035782565e-01,7.560208343526619856e-01
2.855000000000002203e+00,6.985077790276547072e-01,7.427291631385041226e-01
2.855500000000001926e+00,6.726346473856376074e-01,7.349653914352211048e-01
2.856000000000002093e+00,6.557024711057357624e-01,7.208245113558736650e-01
2.856500000000002260e+00,6.507865550218083772e-01,7.148254397534006266e-01
2.857000000000001982e+00,6.643559419997587812e-01,7.087247511808280054e-01
2.857500000000002149e+00,7.067709896544231984e-01,6.998521671996621452e-01
2.858000000000001872e+00,7.886305151506176614e-01,6.970365434861587328e-01
2.858500000000002039e+00,9.073610919000276720e-01,6.969171831178373466e-01
2.859000000000002206e+00,1.037854703911062604e+00,6.934523091018759411e-01
2.859500000000001929e+00,1.155812844449689347e+00,7.001856848369942821e-01
2.860000000000002096e+00,1.252109407126102969e+00,7.043570108453728329e-01
2.860500000000002263e+00,1.325262379038441463e+00,7.057147969972817902e-01
2.861000000000001986e+00,1.375734412381031335e+00,7.023687475324474905e-01
2.861500000000002153e+00,1.404073059715637450e+00,6.937273511682581217e-01
2.862000000000002320e+00,1.410515226479135631e+00,6.938496467589364558e-01
2.862500000000002043e+00,1.395068558490194954e+00,7.149795857064594751e-01
2.863000000000002210e+00,1.357712211587638551e+00,7.289042533080285491e-01
2.863500000000001933e+00,1.298575155909639900e+00,7.361196390915061283e-01
2.864000000000002100e+00,1.218111750826933237e+00,7.376283387269872982e-01
2.864500000000002267e+00,1.117507088451310082e+00,7.306323403316925535e-01
2.865000000000001990e+00,9.998152468653561664e-01,7.212491401619691711e-01
2.865500000000002156e+00,8.724656723780590539e-01,7.178722034402497121e-01
2.866000000000001879e+00,7.505510772425166843e-01,7.360261048024843156e-01
2.866500000000002046e+00,6.552443860380882112e-01,7.656490441631436106e-01
2.867000000000002213e+00,6.005095798682433816e-01,7.942617115336593203e-01
2.867500000000001936e+00,5.822609475413803581e-01,8.168636367546026067e-01
2.868000000000002103e+00,5.868058346752251797e-01,8.334346470100563176e-01
2.868500000000002270e+00,6.025989500335050542e-01,8.423327642895747092e-01
2.869000000000001993e+00,6.232218920083785196e-01,8.424382820217497514e-01
2.869500000000002160e+00,6.464293008747163949e-01,8.391870665039292687e-01
2.870000000000002327e+00,6.722745166152681584e-01,8.330278343703367838e-01
2.870500000000002050e+00,7.003958743466285330e-01,8.312913038209576166e-01
2.871000000000002217e+00,7.285551534652836558e-01,8.318622398270255625e-01
2.871500000000001940e+00,7.536232252922119290e-01,8.128161948067846865e-01
2.872000000000002107e+00,7.725685139936039336e-01,8.209455016978259856e-01
2.872500000000002274e+00,7.826731057006598435e-01,8.418939829095947180e-01
2.873000000000001997e+00,7.819185167279887327e-01,8.640539167780905139e-01
2.873500000000002164e+00,7.692002024610458122e-01,8.886028224115291030e-01
2.874000000000001886e+00,7.441480450219821741e-01,9.103076155860692076e-01
2.874500000000002053e+00,7.073370804638557940e-01,9.271033953650353876e-01
2.875000000000002220e+00,6.612952440101969032e-01,9.469149086822640227e-01
2.875500000000001943e+00,6.112762395220630030e-01,9.957921066005483990e-01
2.876000000000002110e+00,5.646029325129087173e-01,1.041513584338922938e+00
2.876500000000002277e+00,5.290643040511158190e-01,1.087752999918431440e+00
2.877000000000002000e+00,5.107250114849586353e-01,1.140334872631858287e+00
2.877500000000002167e+00,5.113193927540029549e-01,1.189290048201605776e+00
2.878000000000002334e+00,5.280742279513048754e-01,1.239330843575077834e+00
2.878500000000002057e+00,5.557704764875859293e-01,1.286061440016582180e+00
2.879000000000002224e+00,5.873922816823079485e-01,1.329797584034942082e+00
2.879500000000001947e+00,6.140641674887115098e-01,1.371555820612431198e+00
2.880000000000002114e+00,6.267711409926675081e-01,1.414004731600303710e+00
2.880500000000002281e+00,6.189874901164216237e-01,1.453969752396594206e+00
2.881000000000002004e+00,5.892528078884609055e-01,1.493997018115039044e+00
2.881500000000002171e+00,5.430317115163603159e-01,1.538422656403912736e+00
2.882000000000001894e+00,4.889909114804960599e-01,1.580168645382941772e+00
2.882500000000002061e+00,4.322715126310859302e-01,1.618160688313280637e+00
2.883000000000002228e+00,3.807747057840689675e-01,1.671085873023558932e+00
2.883500000000001950e+00,3.549375541129943801e-01,1.711803091594861881e+00
2.884000000000002117e+00,3.855988871198820500e-01,1.741024901123165769e+00
2.884500000000002284e+00,4.996621424344691031e-01,1.768315379730954762e+00
2.885000000000002007e+00,6.987425872684902561e-01,1.791949584129863826e+00
2.885500000000002174e+00,9.576923998549513595e-01,1.812929359428562481e+00
2.886000000000002341e+00,1.248772806406910352e+00,1.833682341319414766e+00
2.886500000000002064e+00,1.539404962779922004e+00,1.851232805471345388e+00
2.887000000000002231e+00,1.803173243892909783e+00,1.865338918903055809e+00
2.887500000000001954e+00,2.030453964992660509e+00,1.872346609091381842e+00
2.888000000000002121e+00,2.219841490780288140e+00,1.877690090098367959e+00
2.888500000000002288e+00,2.372282456624355884e+00,1.883644096275560731e+00
2.889000000000002011e+00,2.489207827484534619e+00,1.883153842245397724e+00
2.889500000000002178e+00,2.572060614379833687e+00,1.880369447680251938e+00
2.890000000000001901e+00,2.622164898966361957e+00,1.871734423449551876e+00
2.890500000000002068e+00,2.640550421434821438e+00,1.871459142106268292e+00
2.891000000000002235e+00,2.627659717604600598e+00,1.865136340765905620e+00
2.891500000000001958e+00,2.583073792821812820e+00,1.857686163360761533e+00
2.892000000000002125e+00,2.505419401041206751e+00,1.847684918366147455e+00
2.892500000000002292e+00,2.392462419752121594e+00,1.832301234383527877e+00
2.893000000000002014e+00,2.241240526076668793e+00,1.815125868096945538e+00
2.893500000000002181e+00,2.048203396728897729e+00,1.794511833203612960e+00
2.894000000000002348e+00,1.810105340591589451e+00,1.774434513329917751e+00
2.894500000000002071e+00,1.530070249378151503e+00,1.750814103558647528e+00
2.895000000000002238e+00,1.234843032756155923e+00,1.724790027662666647e+00
2.895500000000001961e+00,9.462613580132812618e-01,1.695710839689496874e+00
2.896000000000002128e+00,6.744345972330167971e-01,1.665968697097138351e+00
2.896500000000002295e+00,4.782075207776842474e-01,1.640707126060495291e+00
2.897000000000002018e+00,3.840169326733603450e-01,1.610440298174000029e+00
2.897500000000002185e+00,3.638932052799758177e-01,1.576340040426099209e+00
2.898000000000001908e+00,3.872468737737364552e-01,1.546774209829320679e+00
2.898500000000002075e+00,4.354848120961111735e-01,1.515437382907271369e+00
2.899000000000002242e+00,4.952755615044780457e-01,1.489505433130626777e+00
2.899500000000001965e+00,5.542350056816015558e-01,1.458555318512935184e+00
2.900000000000002132e+00,6.007752434928050889e-01,1.434177801445035039e+00
2.900500000000002299e+00,6.261689119491182787e-01,1.412939627283050781e+00
2.901000000000002021e+00,6.275623434838848436e-01,1.385139445122186785e+00
2.901500000000002188e+00,6.085355029461149146e-01,1.354827894385750353e+00
2.902000000000002355e+00,5.774282312410623508e-01,1.319222470233773148e+00
2.902500000000002078e+00,5.459944360031163679e-01,1.276180091924874915e+00
2.903000000000002245e+00,5.311573105866348454e-01,1.227048425251073605e+00
2.903500000000001968e+00,5.533136572624441918e-01,1.172649690429681923e+00
2.904000000000002135e+00,6.164931355188402184e-01,1.113085965115494735e+00
2.904500000000002302e+00,7.013504706134404687e-01,1.070789728167448329e+00
2.905000000000002025e+00,7.877330102049444616e-01,1.025038277121895547e+00
2.905500000000002192e+00,8.649431627779499143e-01,9.798768423170334252e-01
2.906000000000001915e+00,9.286531091929477455e-01,9.350557837189368282e-01
2.906500000000002082e+00,9.774255932425821580e-01,8.872957412172678415e-01
2.907000000000002249e+00,1.010995397237496984e+00,8.363589634548223017e-01
2.907500000000001972e+00,1.029124390599509997e+00,7.982355776290748217e-01
2.908000000000002139e+00,1.030697117779669991e+00,7.687873337255363149e-01
2.908500000000002306e+00,1.013500971662548045e+00,7.461072764246311495e-01
2.909000000000002029e+00,9.751766337885466873e-01,7.310659198422042593e-01
2.909500000000002196e+00,9.150508792542684233e-01,7.291353761845986714e-01
2.910000000000002363e+00,8.362401607906229106e-01,7.307806389085356180e-01
2.910500000000002085e+00,7.480901453075262664e-01,7.459293789954715148e-01
2.911000000000002252e+00,6.686162117378960934e-01,7.609617980654967972e-01
2.911500000000001975e+00,6.228884345643234122e-01,7.753777993857807749e-01
2.912000000000002142e+00,6.281887321934095381e-01,7.909613982530977472e-01
2.912500000000002309e+00,6.765096707214630634e-01,8.060177942853313793e-01
2.913000000000002032e+00,7.496231817950594900e-01,8.189290683770545920e-01
2.913500000000002199e+00,8.369252533002748962e-01,8.294263406470038236e-01
2.914000000000001922e+00,9.317620668029367170e-01,8.330074373049577430e-01
2.914500000000002089e+00,1.026483057800828602e+00,8.338188706007180206e-01
2.915000000000002256e+00,1.115155382549813279e+00,8.305295996740722497e-01
2.915500000000001979e+00,1.194900408139905945e+00,8.252589262379177448e-01
2.916000000000002146e+00,1.263839793112943699e+00,8.181934978127993752e-01
2.916500000000002313e+00,1.319411195490648225e+00,8.092729185257204749e-01
2.917000000000002036e+00,1.358539735653623071e+00,7.895823341140337792e-01
2.917500000000002203e+00,1.378449492214776306e+00,7.660653738541304270e-01
2.918000000000002370e+00,1.377061342637907471e+00,7.530670376484160933e-01
2.918500000000002093e+00,1.353047290716909989e+00,7.400543227930171941e-01
2.919000000000002260e+00,1.305826707767194117e+00,7.349944806141530673e-01
2.919500000000001982e+00,1.235723584901022409e+00,7.288586314545008049e-01
2.920000000000002149e+00,1.144470422114072239e+00,7.210398637731464389e-01
2.920500000000002316e+00,1.036159723527587673e+00,7.260640384610802522e-01
2.921000000000002039e+00,9.186292454899011029e-01,7.313231856047992530e-01
2.921500000000002206e+00,8.050450815019691841e-01,7.339987412591092442e-01
2.922000000000001929e+00,7.136053879132348010e-01,7.358462980527702424e-01
2.922500000000002096e+00,6.583232236721074937e-01,7.341038584459210758e-01
2.923000000000002263e+00,6.375804275244641994e-01,7.299367042969820973e-01
2.923500000000001986e+00,6.419471726992532767e-01,7.322676580178514305e-01
2.924000000000002153e+00,6.624793732756207865e-01,7.382131442939496857e-01
2.924500000000002320e+00,6.906038045446536433e-01,7.436763910055509408e-01
2.925000000000002043e+00,7.185112520587486618e-01,7.476976505794343808e-01
2.925500000000002210e+00,7.400786825072966923e-01,7.478826299261450705e-01
2.926000000000002377e+00,7.509330963843062756e-01,7.473342804508106285e-01
2.926500000000002100e+00,7.482063238558842588e-01,7.475430109169666215e-01
2.927000000000002267e+00,7.307778006068356147e-01,7.438312356230912803e-01
2.927500000000001990e+00,7.003988226196280475e-01,7.483104112452800827e-01
2.928000000000002156e+00,6.628724516462254357e-01,7.496928482508898872e-01
2.928500000000002323e+00,6.254155959779800211e-01,7.493966767708896137e-01
2.929000000000002046e+00,5.909188978314942053e-01,7.484992255018805274e-01
2.929500000000002213e+00,5.609727056053132044e-01,7.440779058252502409e-01
2.930000000000001936e+00,5.432604971604920729e-01,7.379529073197202971e-01
2.930500000000002103e+00,5.481840130431284708e-01,7.394793292047165956e-01
2.931000000000002270e+00,5.769704199813039391e-01,7.424216260415026358e-01
2.931500000000001993e+00,6.212578987507215711e-01,7.573122485388669167e-01
2.932000000000002160e+00,6.698806376072850011e-01,7.749380333048976333e-01
2.932500000000002327e+00,7.125097545803567023e-01,7.906570586161559833e-01
2.933000000000002050e+00,7.415782006787473568e-01,8.055128608935542278e-01
2.933500000000002217e+00,7.533116517903696296e-01,8.265235446204370895e-01
2.934000000000002384e+00,7.478220397899445482e-01,8.482681884096834324e-01
2.934500000000002107e+00,7.268087308829170867e-01,8.691484096272105164e-01
2.935000000000002274e+00,6.892153624524354205e-01,8.961252260474545928e-01
2.935500000000001997e+00,6.316798224559968533e-01,9.242573785509166084e-01
2.936000000000002164e+00,5.557149329474708743e-01,9.533403505577224823e-01
2.936500000000002331e+00,4.744612501362987511e-01,9.808061256205152789e-01
2.937000000000002053e+00,4.135010395388695192e-01,1.010440018713576249e+00
2.937500000000002220e+00,4.034889984376358596e-01,1.043481781368194028e+00
2.938000000000001943e+00,4.745549754222649907e-01,1.072016971061453772e+00
2.938500000000002110e+00,6.566454781994501833e-01,1.107057926920477886e+00
2.939000000000002277e+00,9.476305215554672312e-01,1.137850881884016729e+00
2.939500000000002000e+00,1.292312576448903849e+00,1.164260868259416215e+00
2.940000000000002167e+00,1.633327107686989965e+00,1.181185496955361236e+00
2.940500000000002334e+00,1.941322606418222518e+00,1.195412045344698804e+00
2.941000000000002057e+00,2.207322166417154286e+00,1.206781640455005133e+00
2.941500000000002224e+00,2.430793569327528214e+00,1.213718185424620621e+00
2.942000000000002391e+00,2.613830877503053873e+00,1.218729151106958675e+00
2.942500000000002114e+00,2.759210425503328512e+00,1.219291777810231459e+00
2.943000000000002281e+00,2.869774932123452693e+00,1.213723857354215951e+00
2.943500000000002004e+00,2.948160714396545590e+00,1.207500072927591095e+00
2.944000000000002171e+00,2.996565471910018097e+00,1.205586103729274328e+00
2.944500000000002338e+00,3.016472731775389438e+00,1.204845081766602766e+00
2.945000000000002061e+00,3.008368243523427576e+00,1.201745053625495885e+00
2.945500000000002228e+00,2.971590659788777788e+00,1.193798189618585859e+00
2.946000000000001950e+00,2.904416365083564155e+00,1.201165161980131124e+00
2.946500000000002117e+00,2.804288904917676906e+00,1.219063271232987633e+00
2.947000000000002284e+00,2.668022021798509780e+00,1.231680427156852664e+00
2.947500000000002007e+00,2.491908487720569720e+00,1.242220349689998393e+00
2.948000000000002174e+00,2.271820603084248269e+00,1.250507306871386781e+00
2.948500000000002341e+00,2.003624192154016992e+00,1.258138745360470212e+00
2.949000000000002064e+00,1.684944274329402747e+00,1.264925263150054713e+00
2.949500000000002231e+00,1.321747499711300788e+00,1.269099055423454692e+00
2.950000000000002398e+00,9.489535871918178822e-01,1.272482297654146777e+00
2.950500000000002121e+00,6.526923523623642254e-01,1.274540577924606843e+00
2.951000000000002288e+00,4.925925002005756559e-01,1.270964337763338170e+00
2.951500000000002011e+00,4.453677420641020679e-01,1.265141422024693041e+00
2.952000000000002178e+00,4.723192619859167829e-01,1.253777942401495427e+00
2.952500000000002345e+00,5.426365438721141299e-01,1.238851319058198230e+00
2.953000000000002068e+00,6.262220337685160398e-01,1.220744930030079889e+00
2.953500000000002235e+00,6.988963011754047994e-01,1.199070414406827378e+00
2.954000000000001958e+00,7.468894262554413022e-01,1.173613833250876537e+00
2.954500000000002125e+00,7.699683775861713153e-01,1.152454445114776682e+00
2.955000000000002292e+00,7.792045005567498350e-01,1.130607832250895672e+00
2.955500000000002014e+00,7.837520933188312222e-01,1.106420644443653956e+00
2.956000000000002181e+00,7.833514289944469855e-01,1.078102556722168703e+00
2.956500000000002348e+00,7.764104488491884171e-01,1.045978823629513332e+00
2.957000000000002071e+00,7.646868496277990923e-01,1.007190289210813550e+00
2.957500000000002238e+00,7.532124555442181180e-01,9.707896026915059373e-01
2.958000000000002405e+00,7.485710638205013145e-01,9.455367475379740094e-01
2.958500000000002128e+00,7.527390717823677635e-01,9.159160326878779124e-01
2.959000000000002295e+00,7.609048976422072563e-01,8.888419103896934015e-01
2.959500000000002018e+00,7.700576654172679447e-01,8.698488053983525203e-01
2.960000000000002185e+00,7.818746970949336239e-01,8.476026488443663132e-01
2.960500000000002352e+00,7.998568047055981678e-01,8.218707306860824069e-01
2.961000000000002075e+00,8.230408169030128951e-01,8.032737608673651275e-01
2.961500000000002242e+00,8.441041946009344432e-01,7.872825374880625393e-01
2.962000000000001965e+00,8.571999722711346470e-01,7.680895339064490734e-01
2.962500000000002132e+00,8.607935183608328433e-01,7.539323620873430443e-01
2.963000000000002299e+00,8.561324862089429999e-01,7.441160644025646143e-01
2.963500000000002021e+00,8.454234853997133481e-01,7.396201094582381952e-01
2.964000000000002188e+00,8.311393934566988495e-01,7.344523588417073423e-01
2.964500000000002355e+00,8.177947102940945623e-01,7.290113024252270479e-01
2.965000000000002078e+00,8.151260243830972252e-01,7.242086780104760591e-01
2.965500000000002245e+00,8.382722150854011733e-01,7.181795751711173015e-01
2.966000000000002412e+00,8.952706497252151951e-01,7.198198111750244710e-01
2.966500000000002135e+00,9.789165333201550467e-01,7.245331968209990370e-01
2.967000000000002302e+00,1.073942108839126330e+00,7.269809977446196614e-01
2.967500000000002025e+00,1.164185466508126154e+00,7.299073238345628045e-01
2.968000000000002192e+00,1.241324731135989623e+00,7.349121940038016998e-01
2.968500000000002359e+00,1.301990713849982884e+00,7.428761192785411360e-01
2.969000000000002082e+00,1.344043090652898176e+00,7.566830094151106856e-01
2.969500000000002249e+00,1.366239937776286828e+00,7.687127514118468063e-01
2.970000000000001972e+00,1.368301533566754546e+00,7.774915280903339498e-01
2.970500000000002139e+00,1.350513832756322419e+00,7.892691593748599743e-01
2.971000000000002306e+00,1.313414121418716274e+00,8.048409937722849072e-01
2.971500000000002029e+00,1.257835900509787663e+00,8.225036672245729097e-01
2.972000000000002196e+00,1.185265355203656501e+00,8.416640468934556418e-01
2.972500000000002363e+00,1.098254892394709303e+00,8.667756027878426028e-01
2.973000000000002085e+00,1.000558923867368888e+00,8.898388159736736469e-01
2.973500000000002252e+00,8.977648624625466089e-01,9.081089359671046246e-01
2.974000000000002419e+00,8.021408101828664261e-01,9.219929544737711646e-01
2.974500000000002142e+00,7.381820856843819278e-01,9.325831922390965811e-01
2.975000000000002309e+00,7.126015922100228384e-01,9.482656673326643748e-01
2.975500000000002032e+00,7.042084231274989836e-01,9.612936349392262603e-01
2.976000000000002199e+00,7.041359892611873672e-01,9.707299547809048468e-01
2.976500000000002366e+00,7.110955545349633145e-01,9.772554594806948103e-01
2.977000000000002089e+00,7.219170247872025437e-01,9.821612901424775499e-01
2.977500000000002256e+00,7.325822853882131280e-01,9.836367008321571515e-01
2.978000000000001979e+00,7.394868504903255868e-01,1.006464482905445657e+00
2.978500000000002146e+00,7.385458592966755997e-01,1.026290458021203555e+00
2.979000000000002313e+00,7.263990797288750745e-01,1.042959046990838745e+00
2.979500000000002036e+00,7.041730057314985469e-01,1.057202301744419648e+00
2.980000000000002203e+00,6.787777873631009040e-01,1.067850105110748515e+00
2.980500000000002370e+00,6.569561780832917641e-01,1.084814733257411179e+00
2.981000000000002093e+00,6.408064857353988897e-01,1.100424955704339958e+00
2.981500000000002260e+00,6.309305699499463405e-01,1.114165333237439492e+00
2.982000000000002427e+00,6.283159545712457827e-01,1.135390098489462041e+00
2.982500000000002149e+00,6.343540063046082533e-01,1.154582252868561199e+00
2.983000000000002316e+00,6.488896972875870528e-01,1.174517474267849693e+00
2.983500000000002039e+00,6.673344166758392593e-01,1.196937739231327402e+00
2.984000000000002206e+00,6.816948849904436170e-01,1.238317899027099100e+00
2.984500000000002373e+00,6.845360291928467289e-01,1.278947213437515718e+00
2.985000000000002096e+00,6.731533097704592850e-01,1.317525617213786804e+00
2.985500000000002263e+00,6.525537246718110529e-01,1.355293196394465660e+00
2.986000000000001986e+00,6.275344217341765063e-01,1.403524831923236960e+00
2.986500000000002153e+00,5.936346973499964097e-01,1.451202499066766016e+00
2.987000000000002320e+00,5.473055776851956100e-01,1.494451556758166655e+00
2.987500000000002043e+00,4.904278508821759419e-01,1.534303299052180769e+00
2.988000000000002210e+00,4.301558594136826730e-01,1.575274459093389812e+00
2.988500000000002377e+00,3.806216094378641612e-01,1.617074875600923667e+00
2.989000000000002100e+00,3.635112335322269184e-01,1.653506452501537716e+00
2.989500000000002267e+00,4.045321394021720307e-01,1.682119433925962193e+00
2.990000000000002434e+00,5.205191101601187587e-01,1.712388922055029461e+00
2.990500000000002156e+00,7.190867018617488338e-01,1.735627844109042917e+00
2.991000000000002323e+00,9.937931031861426678e-01,1.753022838363912372e+00
2.991500000000002046e+00,1.289360757658454260e+00,1.770937230714157984e+00
2.992000000000002213e+00,1.563562233672621815e+00,1.789997999528631034e+00
2.992500000000002380e+00,1.803478100882802693e+00,1.803718378938627076e+00
2.993000000000002103e+00,2.006625185728969640e+00,1.811955437632226884e+00
2.993500000000002270e+00,2.173428105196172133e+00,1.814898142021416305e+00
2.994000000000001993e+00,2.305164945186986891e+00,1.809726916882209879e+00
2.994500000000002160e+00,2.403285053649959924e+00,1.803956367628966717e+00
2.995000000000002327e+00,2.469091868344922336e+00,1.796080525879362844e+00
2.995500000000002050e+00,2.503554327366175336e+00,1.794368021911685540e+00
2.996000000000002217e+00,2.507188842301325771e+00,1.785910506151702437e+00
2.996500000000002384e+00,2.480008447358512225e+00,1.779622639109415871e+00
2.997000000000002107e+00,2.421539984489376796e+00,1.777256426393967637e+00
2.997500000000002274e+00,2.330881493383351710e+00,1.773461862568006753e+00
2.998000000000002441e+00,2.206755374831316008e+00,1.762588920984247132e+00
2.998500000000002164e+00,2.047569615188739700e+00,1.751165435205312981e+00
2.999000000000002331e+00,1.851683979567090521e+00,1.733026392251301839e+00
2.999500000000002053e+00,1.618530665426889836e+00,1.711622312430071124e+00
3.000000000000002220e+00,1.352477200297822479e+00,1.688388742837373391e+00
3.000500000000002387e+00,1.072860331612505380e+00,1.663361536465001178e+00
3.001000000000002110e+00,8.198858339608839918e-01,1.635719128773984066e+00
3.001500000000002277e+00,6.257221349948858258e-01,1.620256338386062644e+00
3.002000000000002000e+00,4.987604496012091881e-01,1.602269372953442073e+00
3.002500000000002167e+00,4.368841023417860958e-01,1.580718863682811115e+00
3.003000000000002334e+00,4.290193635617359780e-01,1.556381824233629807e+00
3.003500000000002057e+00,4.555318585634321460e-01,1.529307841594283568e+00
3.004000000000002224e+00,4.948455116122244535e-01,1.494466323982579725e+00
3.004500000000002391e+00,5.311632502760545993e-01,1.477512742615214147e+00
3.005000000000002114e+00,5.573918353331732689e-01,1.456473536160462157e+00
3.005500000000002281e+00,5.739238123725329821e-01,1.443152657105232883e+00
3.006000000000002448e+00,5.847051057108367811e-01,1.434300796255245425e+00
3.006500000000002171e+00,5.936232876672364878e-01,1.423157690672145037e+00
3.007000000000002338e+00,6.037737993864668029e-01,1.409869013343854949e+00
3.007500000000002061e+00,6.168289283556245284e-01,1.388648983392880343e+00
3.008000000000002228e+00,6.319283594508497970e-01,1.358972679101471126e+00
3.008500000000002395e+00,6.459447251310713733e-01,1.325041512580095837e+00
3.009000000000002117e+00,6.559839885209614030e-01,1.284824856812186944e+00
3.009500000000002284e+00,6.611536611108964623e-01,1.237439419108483873e+00
3.010000000000002007e+00,6.624942723472992956e-01,1.192746504138839647e+00
3.010500000000002174e+00,6.624584750614188611e-01,1.174361687858847425e+00
3.011000000000002341e+00,6.639419840936978678e-01,1.153114136417849656e+00
3.011500000000002064e+00,6.689629077372620802e-01,1.132993767087483006e+00
3.012000000000002231e+00,6.773122419839736619e-01,1.110690914422398645e+00
3.012500000000002398e+00,6.860148225298094982e-01,1.084961755622490198e+00
3.013000000000002121e+00,6.907417284515615652e-01,1.057800283633610228e+00
3.013500000000002288e+00,6.883686839990044160e-01,1.037621141139026593e+00
3.014000000000002455e+00,6.792552470024197930e-01,1.016781197865409547e+00
3.014500000000002178e+00,6.689611377226485356e-01,9.945463491740869078e-01
3.015000000000002345e+00,6.687537583078869696e-01,9.705266380573589480e-01
3.015500000000002068e+00,6.912592428592991833e-01,9.473365593403205720e-01
3.016000000000002235e+00,7.411432084202034254e-01,9.283770747612298813e-01
3.016500000000002402e+00,8.143243572724901957e-01,9.113073402652022148e-01
3.017000000000002125e+00,9.034129547539793137e-01,8.918264254330701135e-01
3.017500000000002292e+00,9.986138317314789958e-01,8.811510865598441988e-01
3.018000000000002014e+00,1.089708315744898792e+00,8.718676292188248800e-01
3.018500000000002181e+00,1.169012957049837542e+00,8.600385995433343922e-01
3.019000000000002348e+00,1.232107525229621192e+00,8.477633152004726558e-01
3.019500000000002071e+00,1.276772044808278439e+00,8.309938967921400854e-01
3.020000000000002238e+00,1.301595258531818233e+00,8.199638913523216166e-01
3.020500000000002405e+00,1.305402958302831706e+00,8.209579124626246172e-01
3.021000000000002128e+00,1.287625744746669465e+00,8.203819442457893629e-01
3.021500000000002295e+00,1.249083252724948467e+00,8.153681588885564047e-01
3.022000000000002462e+00,1.192542616885483797e+00,8.067742901314367554e-01
3.022500000000002185e+00,1.122417287264468655e+00,7.970339632867926571e-01
3.023000000000002352e+00,1.043125275284845443e+00,8.002497254681989469e-01
3.023500000000002075e+00,9.569304327376644270e-01,8.000482886629050050e-01
3.024000000000002242e+00,8.647106699744184777e-01,7.990515759949065044e-01
3.024500000000002409e+00,7.703166362661935107e-01,7.947205784229389725e-01
3.025000000000002132e+00,6.838368395691692969e-01,7.894402858420325186e-01
3.025500000000002299e+00,6.201667166379293272e-01,7.912215766520666049e-01
3.026000000000002021e+00,5.913233103951405223e-01,7.989696017756428015e-01
3.026500000000002188e+00,5.987750239094349336e-01,8.103665278235310243e-01
3.027000000000002355e+00,6.337145300508553181e-01,8.250640228234440432e-01
3.027500000000002078e+00,6.819981055477928322e-01,8.429129043862944037e-01
3.028000000000002245e+00,7.311258937228130028e-01,8.543549998627723019e-01
3.028500000000002412e+00,7.738917421015156783e-01,8.622255224613515345e-01
3.029000000000002135e+00,8.070192008770888936e-01,8.863272696239150594e-01
3.029500000000002302e+00,8.286283355110036775e-01,9.161098601583957945e-01
3.030000000000002469e+00,8.368184590212244256e-01,9.445395959136432262e-01
3.030500000000002192e+00,8.300145945297183747e-01,9.860174723647493478e-01
3.031000000000002359e+00,8.084301007147800533e-01,1.021437517318828592e+00
3.031500000000002082e+00,7.751357281733783910e-01,1.052367354303119118e+00
3.032000000000002249e+00,7.358587052622517222e-01,1.085557791708143371e+00
3.032500000000002416e+00,6.979263144397243046e-01,1.110883238181803012e+00
3.033000000000002139e+00,6.687762670441854684e-01,1.140620612475355289e+00
3.033500000000002306e+00,6.520895865605017550e-01,1.172304313543804710e+00
3.034000000000002029e+00,6.431428899479266770e-01,1.204042478581350162e+00
3.034500000000002196e+00,6.324381799220575306e-01,1.234369075635745272e+00
3.035000000000002363e+00,6.129944961321783792e-01,1.261181369877063529e+00
3.035500000000002085e+00,5.816211312446586401e-01,1.284852141531952263e+00
3.036000000000002252e+00,5.379447129285077622e-01,1.306335211188190293e+00
3.036500000000002419e+00,4.865984802789794506e-01,1.320881300736339581e+00
3.037000000000002142e+00,4.399898540977092987e-01,1.341915762717683425e+00
3.037500000000002309e+00,4.163760815705049301e-01,1.357795824027679510e+00
3.038000000000002476e+00,4.330092473058232416e-01,1.371180832426227125e+00
3.038500000000002199e+00,5.014416263894327930e-01,1.391397232116434290e+00
3.039000000000002366e+00,6.365709577042034661e-01,1.411746713096425632e+00
3.039500000000002089e+00,8.544704111170681182e-01,1.429964497985229732e+00
3.040000000000002256e+00,1.129298871258397785e+00,1.450015023326847619e+00
3.040500000000002423e+00,1.407963335564139218e+00,1.466790163564570371e+00
3.041000000000002146e+00,1.660561177294239243e+00,1.482080769928805442e+00
3.041500000000002313e+00,1.878163000937671523e+00,1.492551569563557612e+00
3.042000000000002036e+00,2.059419965056152435e+00,1.497791685291779862e+00
3.042500000000002203e+00,2.205288894371819630e+00,1.496989821508870833e+00
3.043000000000002370e+00,2.317501743200556241e+00,1.496620791704224240e+00
3.043500000000002093e+00,2.397994070346753492e+00,1.504218592860473436e+00
3.044000000000002260e+00,2.448493604340446161e+00,1.520202831430663259e+00
3.044500000000002427e+00,2.470199831109805011e+00,1.541860296243430684e+00
3.045000000000002149e+00,2.463602564586102162e+00,1.555979939695789849e+00
3.045500000000002316e+00,2.428408044199590332e+00,1.565641707042274788e+00
3.046000000000002483e+00,2.363539068532032772e+00,1.573363444413478085e+00
3.046500000000002206e+00,2.267251789176426335e+00,1.580382574910891957e+00
3.047000000000002373e+00,2.137431316149392302e+00,1.586974109693679580e+00
3.047500000000002096e+00,1.972078562456899276e+00,1.594687362135548625e+00
3.048000000000002263e+00,1.770046304041692053e+00,1.597456778710984793e+00
3.048500000000002430e+00,1.532507305197073233e+00,1.594482882998087270e+00
3.049000000000002153e+00,1.266649717859467561e+00,1.589414162591304081e+00
3.049500000000002320e+00,9.930626738005280396e-01,1.580965227720716904e+00
3.050000000000002043e+00,7.505878652862691958e-01,1.566091091402180613e+00
3.050500000000002210e+00,5.864898698906906294e-01,1.559219662303950038e+00
3.051000000000002377e+00,5.240780313830809556e-01,1.546464413784832681e+00
3.051500000000002100e+00,5.330610404389205526e-01,1.526591337242791724e+00
3.052000000000002267e+00,5.684201908872095199e-01,1.503616327420888910e+00
3.052500000000002434e+00,6.057531576955013097e-01,1.482253235480929465e+00
3.053000000000002156e+00,6.354651887357689599e-01,1.461039422257245146e+00
3.053500000000002323e+00,6.527753065608565830e-01,1.434816631753473182e+00
3.054000000000002490e+00,6.560188703335542160e-01,1.404222945882719564e+00
3.054500000000002213e+00,6.474272769274413974e-01,1.367325432970893040e+00
3.055000000000002380e+00,6.330503291373104080e-01,1.326162547062430530e+00
3.055500000000002103e+00,6.220420915949012031e-01,1.281546936729821340e+00
3.056000000000002270e+00,6.224133256735817632e-01,1.241557151600020781e+00
3.056500000000002437e+00,6.338099773301413276e-01,1.201823600102165157e+00
3.057000000000002160e+00,6.476438187614836917e-01,1.156968093549381349e+00
3.057500000000002327e+00,6.553761136207122417e-01,1.120258667915588369e+00
3.058000000000002050e+00,6.541458715272675528e-01,1.085897288585077280e+00
3.058500000000002217e+00,6.474906421171201520e-01,1.046928580374435702e+00
3.059000000000002384e+00,6.432740463415462795e-01,1.003971180108502503e+00
3.059500000000002107e+00,6.485443898378454586e-01,9.694685522810139178e-01
3.060000000000002274e+00,6.652102077575025030e-01,9.387553470165185265e-01
3.060500000000002441e+00,6.915557883959499996e-01,9.315347495533341515e-01
3.061000000000002164e+00,7.255020329643785404e-01,9.212763340479441787e-01
3.061500000000002331e+00,7.654875081558225602e-01,9.071106604300762655e-01
3.062000000000002498e+00,8.102155602430654024e-01,8.893432204889166748e-01
3.062500000000002220e+00,8.604972389820580991e-01,8.667580332998270354e-01
3.063000000000002387e+00,9.211701648240413487e-01,8.402309109974912538e-01
3.063500000000002110e+00,9.939199713249637913e-01,8.198421656862859841e-01
3.064000000000002277e+00,1.072072462498203205e+00,8.014497737150798606e-01
3.064500000000002444e+00,1.148608159568075271e+00,7.804601477367002493e-01
3.065000000000002167e+00,1.218316583063877134e+00,7.572322213634263832e-01
3.065500000000002334e+00,1.275979603402936924e+00,7.383699016149789518e-01
3.066000000000002057e+00,1.316746085714268322e+00,7.240747308600964383e-01
3.066500000000002224e+00,1.337302194063982430e+00,7.081163527461811213e-01
3.067000000000002391e+00,1.336364226900136343e+00,6.865546453598390109e-01
3.067500000000002114e+00,1.314545240892298406e+00,6.594559761468554715e-01
3.068000000000002281e+00,1.274076578415411998e+00,6.307791594633103127e-01
3.068500000000002448e+00,1.218414362611016877e+00,6.137855217714502931e-01
3.069000000000002171e+00,1.151592660105257959e+00,6.035671148763276372e-01
3.069500000000002338e+00,1.077576538980163701e+00,5.996375404055132030e-01
3.070000000000002505e+00,1.000143233361122652e+00,5.925610048612864889e-01
3.070500000000002228e+00,9.234497875059984873e-01,5.912191501033364771e-01
3.071000000000002395e+00,8.526914335694726343e-01,5.918077235322927176e-01
3.071500000000002117e+00,7.935486576613000054e-01,5.979363344379962086e-01
3.072000000000002284e+00,7.498771370733617880e-01,6.038029198867947978e-01
3.072500000000002451e+00,7.228828793345765114e-01,6.130020963888074270e-01
3.073000000000002174e+00,7.132676564590312296e-01,6.293851966146192245e-01
3.073500000000002341e+00,7.203099240360029132e-01,6.561886869889274054e-01
3.074000000000002064e+00,7.379757989661801520e-01,6.784185100709032579e-01
3.074500000000002231e+00,7.563503256837185162e-01,7.049630279266363431e-01
3.075000000000002398e+00,7.667738656041879208e-01,7.352360473692898246e-01
3.075500000000002121e+00,7.639973856547126463e-01,7.704423787398111401e-01
3.076000000000002288e+00,7.459856424657503871e-01,8.090987167520121703e-01
3.076500000000002455e+00,7.135620621579917833e-01,8.457477434279048190e-01
3.077000000000002178e+00,6.706289066355229922e-01,8.768267984143102156e-01
3.077500000000002345e+00,6.247752769291905484e-01,9.004590660419611314e-01
3.078000000000002512e+00,5.863410346549285945e-01,9.206423209525205209e-01
3.078500000000002235e+00,5.638475967588278959e-01,9.373690533748185727e-01
3.079000000000002402e+00,5.603147159641850283e-01,9.566923295219217360e-01
3.079500000000002125e+00,5.756939228116032536e-01,9.739250426702993346e-01
3.080000000000002292e+00,6.047380594121354314e-01,9.839957887412436044e-01
3.080500000000002458e+00,6.357144796446999591e-01,9.899924085319601330e-01
3.081000000000002181e+00,6.602716931839043291e-01,1.029716583053645884e+00
3.081500000000002348e+00,6.729257276552040867e-01,1.077693883092726512e+00
3.082000000000002071e+00,6.677295311598007155e-01,1.120910312167257672e+00
3.082500000000002238e+00,6.409620559617259516e-01,1.153496038919221256e+00
3.083000000000002405e+00,5.928198442387648814e-01,1.178952540148159756e+00
3.083500000000002128e+00,5.270804359723971766e-01,1.196540107169309142e+00
3.084000000000002295e+00,4.543019263681113418e-01,1.233615246994953729e+00
3.084500000000002462e+00,4.051793136175855237e-01,1.266738050775020330e+00
3.085000000000002185e+00,4.406661107027688429e-01,1.295271115683215957e+00
3.085500000000002352e+00,5.969652685252218038e-01,1.319828609096209471e+00
3.086000000000002519e+00,8.395911493165094663e-01,1.340774987014184738e+00
3.086500000000002242e+00,1.121254290210089266e+00,1.357524618540717709e+00
3.087000000000002409e+00,1.403851497332160081e+00,1.370141231263238613e+00
3.087500000000002132e+00,1.663608424642269101e+00,1.379259133889823241e+00
3.088000000000002299e+00,1.890820839000558307e+00,1.458203394234212524e+00
3.088500000000002466e+00,2.083008285346727995e+00,1.462804495129125470e+00
3.089000000000002188e+00,2.240256209129106502e+00,1.458649948488935033e+00
3.089500000000002355e+00,2.363291755477930245e+00,1.466587517104219085e+00
3.090000000000002078e+00,2.452860259758894212e+00,1.470003574239232114e+00
3.090500000000002245e+00,2.509566161367946968e+00,1.477694516004795844e+00
3.091000000000002412e+00,2.533835349073985999e+00,1.482216234720265646e+00
3.091500000000002135e+00,2.525893061001880380e+00,1.482655793817805545e+00
3.092000000000002302e+00,2.485737107191539952e+00,1.475870483118387977e+00
3.092500000000002469e+00,2.413103675088831945e+00,1.466497683967841414e+00
3.093000000000002192e+00,2.307432799227777664e+00,1.454426014842526760e+00
3.093500000000002359e+00,2.167880721454768178e+00,1.439406324968627748e+00
3.094000000000002526e+00,1.993526666360678989e+00,1.426477136534532564e+00
3.094500000000002249e+00,1.784161799560190387e+00,1.423378181392478403e+00
3.095000000000002416e+00,1.542627112694068492e+00,1.429681256441828197e+00
3.095500000000002139e+00,1.280221389967667545e+00,1.431120385093843650e+00
3.096000000000002306e+00,1.021582151373809033e+00,1.429942282961585098e+00
3.096500000000002473e+00,7.925717489058856646e-01,1.423386517225811998e+00
3.097000000000002196e+00,6.084883638253246740e-01,1.414774101392528571e+00
3.097500000000002363e+00,4.841329794925644525e-01,1.403584990045024128e+00
3.098000000000002085e+00,4.263191156981382401e-01,1.387935775897695789e+00
3.098500000000002252e+00,4.230815049513801940e-01,1.369447024020728376e+00
3.099000000000002419e+00,4.530876439608902406e-01,1.347558268213705723e+00
3.099500000000002142e+00,5.020459537212650369e-01,1.328152677458618092e+00
3.100000000000002309e+00,5.612491156922836399e-01,1.312215062830953238e+00
3.100500000000002476e+00,6.224820411254545771e-01,1.294324657368579379e+00
3.101000000000002199e+00,6.780383095511219871e-01,1.273154379389914714e+00
3.101500000000002366e+00,7.223366846140563124e-01,1.242745858051378383e+00
3.102000000000002533e+00,7.521189593717512167e-01,1.204463451004040619e+00
3.102500000000002256e+00,7.661386541709972464e-01,1.165201541854712364e+00
3.103000000000002423e+00,7.652700564089107704e-01,1.134276310098081719e+00
3.103500000000002146e+00,7.522751449528040091e-01,1.101414289891577969e+00
3.104000000000002313e+00,7.311263498720506071e-01,1.070765781202225320e+00
3.104500000000002480e+00,7.068147908097421883e-01,1.049054737551323724e+00
3.105000000000002203e+00,6.850677277196515202e-01,1.042890295415451751e+00
3.105500000000002370e+00,6.704171897926076706e-01,1.037302993306520538e+00
3.106000000000002093e+00,6.642214015404219740e-01,1.029429663670077266e+00
3.106500000000002260e+00,6.652320700546521248e-01,1.019276047946454211e+00
3.107000000000002427e+00,6.711432956156830887e-01,1.006797588706740409e+00
3.107500000000002149e+00,6.792361402100668410e-01,1.001488484525800526e+00
3.108000000000002316e+00,6.876654928753149765e-01,9.967300448447590222e-01
3.108500000000002483e+00,6.987293475671544352e-01,9.880125204933370986e-01
3.109000000000002206e+00,7.210456494604063904e-01,9.770369417153219604e-01
3.109500000000002373e+00,7.651181253387127068e-01,9.671499374752475786e-01
3.110000000000002540e+00,8.333293064460359778e-01,9.546807839047971589e-01
3.110500000000002263e+00,9.148104498720458500e-01,9.613286753101604187e-01
3.111000000000002430e+00,9.955887074116660518e-01,9.811496895072387980e-01
3.111500000000002153e+00,1.067637117033171545e+00,9.949841723639953894e-01
3.112000000000002320e+00,1.128180431163257946e+00,9.968762838370930357e-01
3.112500000000002487e+00,1.177079554682952667e+00,9.874100877320489689e-01
3.113000000000002210e+00,1.215170523345947107e+00,9.738184823777750188e-01
3.113500000000002377e+00,1.243197994532484252e+00,9.570308137846446073e-01
3.114000000000002100e+00,1.261100982677443083e+00,9.368221355399265482e-01
3.114500000000002267e+00,1.267776217100847314e+00,9.113634765204028376e-01
3.115000000000002434e+00,1.261355145830085345e+00,8.853713090877706193e-01
3.115500000000002156e+00,1.239764641861637040e+00,8.714184060354215333e-01
3.116000000000002323e+00,1.201366382647274467e+00,8.547808887897885288e-01
3.116500000000002490e+00,1.145874492003400524e+00,8.351506625844242748e-01
3.117000000000002213e+00,1.076510293204925528e+00,8.220576287665491977e-01
3.117500000000002380e+00,1.004476559211294084e+00,8.027068118201270419e-01
3.118000000000002547e+00,9.476354718547653766e-01,7.803121379041157990e-01
3.118500000000002270e+00,9.103039289906901255e-01,7.548340350393578646e-01
3.119000000000002437e+00,8.815380346849940318e-01,7.270455672290357940e-01
3.119500000000002160e+00,8.524876344607351664e-01,7.150914475355275579e-01
3.120000000000002327e+00,8.200470498033481936e-01,7.220046704228539891e-01
3.120500000000002494e+00,7.860189041534320076e-01,7.292263680400528081e-01
3.121000000000002217e+00,7.558341824173041568e-01,7.403055235935722678e-01
3.121500000000002384e+00,7.340741436852672441e-01,7.511778820931231948e-01
3.122000000000002107e+00,7.227306682770825441e-01,7.552685429328670486e-01
3.122500000000002274e+00,7.230218094507788740e-01,7.542810592129427505e-01
3.123000000000002441e+00,7.330567584437210904e-01,7.572027512951177153e-01
3.123500000000002164e+00,7.468206895777816934e-01,7.652808499460606040e-01
3.124000000000002331e+00,7.596472289752036477e-01,7.806972027646766898e-01
3.124500000000002498e+00,7.717394099148185971e-01,7.943182171970114558e-01
3.125000000000002220e+00,7.791240310980864781e-01,8.047190590465019833e-01
3.125500000000002387e+00,7.706792510323661194e-01,8.133485228551942114e-01
3.126000000000002554e+00,7.383803352620965654e-01,8.268814470961827201e-01
3.126500000000002277e+00,6.809137814221652985e-01,8.460074876400637267e-01
3.127000000000002444e+00,6.036825232135509811e-01,8.660979899039541463e-01
3.127500000000002167e+00,5.199349195533355950e-01,8.919931238665234075e-01
3.128000000000002334e+00,4.527431522324202318e-01,9.138847448117696226e-01
3.128500000000002501e+00,4.331637934908671994e-01,9.299507821646157968e-01
3.129000000000002224e+00,4.889596052098567069e-01,9.690971402617414299e-01
3.129500000000002391e+00,6.328846196982629291e-01,1.002374337548805894e+00
3.130000000000002114e+00,8.771637876907891762e-01,1.030536980284813442e+00
3.130500000000002281e+00,1.202881035417067590e+00,1.056792903602217448e+00
3.131000000000002448e+00,1.532747823225753425e+00,1.081548628559628966e+00
3.131500000000002171e+00,1.827618962661948787e+00,1.116986223737761907e+00
3.132000000000002338e+00,2.079459195378604797e+00,1.150212368843364752e+00
3.132500000000002505e+00,2.288936142989959066e+00,1.179359344861289127e+00
3.133000000000002228e+00,2.458598754805110254e+00,1.206212127599888051e+00
3.133500000000002395e+00,2.591150472415104655e+00,1.236405383080407816e+00
3.134000000000002562e+00,2.689201640282917971e+00,1.271449926881505599e+00
3.134500000000002284e+00,2.755372652892072338e+00,1.299859799192205401e+00
3.135000000000002451e+00,2.792290759710399861e+00,1.318535115975064009e+00
3.135500000000002174e+00,2.802251437168449932e+00,1.329152942834898266e+00
3.136000000000002341e+00,2.786551508602159721e+00,1.334197865811197925e+00
3.136500000000002508e+00,2.744974154966901558e+00,1.337221582681737297e+00
3.137000000000002231e+00,2.675941131878028401e+00,1.335786951614609919e+00
3.137500000000002398e+00,2.577091959442143310e+00,1.332443922036546269e+00
3.138000000000002121e+00,2.445719812730386966e+00,1.327304911532906084e+00
3.138500000000002288e+00,2.278930977852927864e+00,1.314466540760173441e+00
3.139000000000002455e+00,2.073774223948475104e+00,1.290416339034922144e+00
3.139500000000002178e+00,1.827873262542286215e+00,1.264180755592677619e+00
3.140000000000002345e+00,1.541922557755803558e+00,1.238054686957393624e+00
3.140500000000002512e+00,1.227516426907813152e+00,1.207224414548710101e+00
3.141000000000002235e+00,9.229242919041299453e-01,1.170570996270103192e+00
3.141500000000002402e+00,6.900526644841720181e-01,1.128984352315907547e+00
3.142000000000002569e+00,5.625222248423767946e-01,1.081326666896167854e+00
3.142500000000002292e+00,5.323849108239734340e-01,1.051505924897614408e+00
3.143000000000002458e+00,5.717745348904962333e-01,1.032325679918075778e+00
3.143500000000002181e+00,6.460876234630170689e-01,1.013499575010182063e+00
3.144000000000002348e+00,7.246797687279671329e-01,1.001778595778835212e+00
3.144500000000002515e+00,7.892032987816857137e-01,9.880543518073037212e-01
3.145000000000002238e+00,8.325273166315666495e-01,9.718749740574154083e-01
3.145500000000002405e+00,8.563368892030526203e-01,9.608505553533137622e-01
3.146000000000002128e+00,8.714223770971785132e-01,9.477280925662983080e-01
3.146500000000002295e+00,8.929223123520744210e-01,9.354519968436286748e-01
3.147000000000002462e+00,9.217110385013131957e-01,9.259040635435011879e-01
3.147500000000002185e+00,9.439469835180526180e-01,9.124326169086242055e-01
3.148000000000002352e+00,9.496528052935969688e-01,8.958436092825700081e-01
3.148500000000002519e+00,9.354960729691061960e-01,8.762506052235419229e-01
3.149000000000002242e+00,9.016848083908050038e-01,8.528980310169805845e-01
3.149500000000002409e+00,8.513838937752794545e-01,8.457611032138436791e-01
3.150000000000002576e+00,7.907235189178041246e-01,8.393277488482323578e-01
3.150500000000002299e+00,7.269556303920727824e-01,8.309486991761291241e-01
3.151000000000002466e+00,6.682312964664742783e-01,8.185209293165245370e-01
3.151500000000002188e+00,6.268613000062549512e-01,8.037251985969339207e-01
3.152000000000002355e+00,6.146367275503776817e-01,7.871234923318900512e-01
3.152500000000002522e+00,6.321484181851830808e-01,7.763749989775896587e-01
3.153000000000002245e+00,6.745935621201538668e-01,7.779326134704747098e-01
3.153500000000002412e+00,7.393932183183734574e-01,7.910217871254739963e-01
3.154000000000002135e+00,8.201472742205581090e-01,8.055395140490658745e-01
3.154500000000002302e+00,9.058159627480980580e-01,8.150824134878106308e-01
3.155000000000002469e+00,9.863015491171956972e-01,8.223569773522283466e-01
3.155500000000002192e+00,1.054589210855608084e+00,8.361553474220160265e-01
3.156000000000002359e+00,1.106435003979640896e+00,8.465483219875924448e-01
3.156500000000002526e+00,1.139680149624147987e+00,8.507440394766353498e-01
3.157000000000002249e+00,1.153661331548732738e+00,8.534685578050764665e-01
3.157500000000002416e+00,1.148733004174243622e+00,8.658866782243441751e-01
3.158000000000002583e+00,1.125745300963055140e+00,8.808455748507446614e-01
3.158500000000002306e+00,1.085566679753247277e+00,8.909609725289572291e-01
3.159000000000002473e+00,1.029180699395096488e+00,8.987510847463348052e-01
3.159500000000002196e+00,9.586872452513054421e-01,8.974265666766433336e-01
3.160000000000002363e+00,8.785748593188851263e-01,8.936606445346171324e-01
3.160500000000002530e+00,7.963466482753085440e-01,8.917793816546234487e-01
3.161000000000002252e+00,7.222926453360151156e-01,8.974191111986317138e-01
3.161500000000002419e+00,6.667649739406079634e-01,9.006061288548804500e-01
3.162000000000002142e+00,6.352322095683500258e-01,9.008712859092958825e-01
3.162500000000002309e+00,6.264471467430838825e-01,9.082980607548944985e-01
3.163000000000002476e+00,6.345614781733457388e-01,9.237216426601740915e-01
3.163500000000002199e+00,6.526537024124436925e-01,9.425345048595455966e-01
3.164000000000002366e+00,6.738257807677958677e-01,9.607669837254938505e-01
3.164500000000002533e+00,6.911120285123878437e-01,9.782228413469783446e-01
3.165000000000002256e+00,6.995417100793147602e-01,1.009656138086589827e+00
3.165500000000002423e+00,6.982628616584596326e-01,1.051483235776465186e+00
3.166000000000002590e+00,6.910162573353053617e-01,1.102274784805997498e+00
3.166500000000002313e+00,6.850853933749153635e-01,1.165215028075303971e+00
3.167000000000002480e+00,6.873411551988298784e-01,1.221038747791334034e+00
3.167500000000002203e+00,6.981835860773506486e-01,1.271357866039862561e+00
3.168000000000002370e+00,7.105886606762097379e-01,1.315176565029868128e+00
3.168500000000002537e+00,7.157102163125965699e-01,1.358962537374182933e+00
3.169000000000002260e+00,7.079850855533889042e-01,1.405558647783124337e+00
3.169500000000002427e+00,6.866867917547428979e-01,1.447505041809183490e+00
3.170000000000002149e+00,6.525291151374357224e-01,1.486013618698482697e+00
3.170500000000002316e+00,6.052604731352887457e-01,1.528628287029886401e+00
3.171000000000002483e+00,5.501230494493737355e-01,1.566016361296063142e+00
3.171500000000002206e+00,5.028279502296824077e-01,1.599717113739661301e+00
3.172000000000002373e+00,4.846914290714150475e-01,1.628856633982410651e+00
3.172500000000002540e+00,5.214043581555949380e-01,1.665622116007848152e+00
3.173000000000002263e+00,6.473401166188335054e-01,1.707277024976245450e+00
3.173500000000002430e+00,8.658765558933015916e-01,1.746943636754605622e+00
3.174000000000002597e+00,1.128047288671533810e+00,1.782086508146607073e+00
3.174500000000002320e+00,1.389178592631918452e+00,1.814768602456678481e+00
3.175000000000002487e+00,1.627469006015138886e+00,1.844978862604941483e+00
3.175500000000002210e+00,1.834240311278709568e+00,1.872258770742774914e+00
3.176000000000002377e+00,2.006670372439036676e+00,1.894004734305282156e+00
3.176500000000002544e+00,2.144413329946722957e+00,1.910546707780503617e+00
3.177000000000002267e+00,2.248084037992126305e+00,1.921073737789989355e+00
3.177500000000002434e+00,2.318532689443062456e+00,1.931132831338262079e+00
3.178000000000002156e+00,2.356470600855872455e+00,1.933319713447914978e+00
3.178500000000002323e+00,2.362274279986328995e+00,1.931183555066450674e+00
3.179000000000002490e+00,2.335888717795685299e+00,1.921734323649902931e+00
3.179500000000002213e+00,2.276778104112991308e+00,1.914335193799680646e+00
3.180000000000002380e+00,2.183887167490807801e+00,1.904692490762914359e+00
3.180500000000002547e+00,2.055611837058517910e+00,1.885082221078593578e+00
3.181000000000002270e+00,1.889866466124481503e+00,1.858631015151867460e+00
3.181500000000002437e+00,1.684572233159445265e+00,1.828800529760052251e+00
3.182000000000002604e+00,1.439654302359702820e+00,1.790540259168383219e+00
3.182500000000002327e+00,1.163958663056961607e+00,1.748652186167028777e+00
3.183000000000002494e+00,8.908394789918340217e-01,1.703570468631474100e+00
3.183500000000002217e+00,6.708237759457230664e-01,1.669662087648853044e+00
3.184000000000002384e+00,5.195803330543704579e-01,1.645625501870614071e+00
3.184500000000002551e+00,4.331073218631817379e-01,1.618307149625807240e+00
3.185000000000002274e+00,4.104506334648139187e-01,1.589305066172504999e+00
3.185500000000002441e+00,4.400004088921932732e-01,1.562607353802301535e+00
3.186000000000002164e+00,4.978289593490026199e-01,1.538245183414533201e+00
3.186500000000002331e+00,5.594672879522634146e-01,1.509875112487592652e+00
3.187000000000002498e+00,6.087177353069164187e-01,1.478290996711568051e+00
3.187500000000002220e+00,6.403481387003377989e-01,1.444315700650238288e+00
3.188000000000002387e+00,6.564546127356517546e-01,1.411503662147119087e+00
3.188500000000002554e+00,6.615829579015195527e-01,1.379708022240441423e+00
3.189000000000002277e+00,6.598492376817268745e-01,1.346200894295557227e+00
3.189500000000002444e+00,6.544506923827727585e-01,1.318345017848699730e+00
3.190000000000002611e+00,6.472409018212951226e-01,1.295561199786413376e+00
3.190500000000002334e+00,6.382540351193823902e-01,1.264911534522507486e+00
3.191000000000002501e+00,6.276195130549984125e-01,1.228581590858722317e+00
3.191500000000002224e+00,6.176272699370763952e-01,1.191366630072853372e+00
3.192000000000002391e+00,6.127306083226889966e-01,1.157411761209491852e+00
3.192500000000002558e+00,6.187205288823356408e-01,1.125377042075618172e+00
3.193000000000002281e+00,6.406114640565685470e-01,1.096238475386848821e+00
3.193500000000002448e+00,6.795628256764735253e-01,1.074932204333631791e+00
3.194000000000002171e+00,7.311557378296059673e-01,1.053858785584372626e+00
3.194500000000002338e+00,7.886905030305355613e-01,1.032279239770733215e+00
3.195000000000002505e+00,8.492859086151497428e-01,1.006523488560099544e+00
3.195500000000002228e+00,9.133666796855379744e-01,9.784134390025309713e-01
3.196000000000002395e+00,9.788928481613554666e-01,9.476224085703319755e-01
3.196500000000002562e+00,1.041364800816595659e+00,9.189257801915250434e-01
3.197000000000002284e+00,1.097328574293289893e+00,8.899668415585914039e-01
3.197500000000002451e+00,1.145108321569334064e+00,9.085200218401895400e-01
3.198000000000002618e+00,1.183222888633155279e+00,9.269845133659956327e-01
3.198500000000002341e+00,1.209108574291359428e+00,9.402698085078531332e-01
3.199000000000002508e+00,1.219911829719877439e+00,9.549827209298740183e-01
3.199500000000002231e+00,1.213855897653377758e+00,9.665279475383377061e-01
3.200000000000002398e+00,1.190515048703716827e+00,9.752433057132174898e-01
3.200500000000002565e+00,1.150414663295452389e+00,9.826184646859339455e-01
3.201000000000002288e+00,1.094826275783941316e+00,9.837741242929686214e-01
3.201500000000002455e+00,1.026147928388833508e+00,9.785694939512145085e-01
3.202000000000002178e+00,9.487218278983933217e-01,9.746642272959974429e-01
3.202500000000002345e+00,8.689703337070703304e-01,9.782620772255805619e-01
3.203000000000002512e+00,7.940702947429845171e-01,9.824511153327460944e-01
3.203500000000002235e+00,7.330703415517599852e-01,9.849844591655836368e-01
3.204000000000002402e+00,7.011878926981833793e-01,9.944634551191501304e-01
3.204500000000002569e+00,7.082207989692406169e-01,9.989883617639003788e-01
3.205000000000002292e+00,7.392943435256473794e-01,1.003160757875529052e+00
3.205500000000002458e+00,7.750376261634871478e-01,1.009687850116679053e+00
3.206000000000002625e+00,8.047992752742760825e-01,1.013441515774190060e+00
3.206500000000002348e+00,8.239087173531121078e-01,1.014463147328476644e+00
3.207000000000002515e+00,8.311568201464278882e-01,1.012941472349939698e+00
3.207500000000002238e+00,8.274566513161710768e-01,1.008431890682086607e+00
3.208000000000002405e+00,8.146629687458888380e-01,1.000188447555189208e+00
3.208500000000002572e+00,7.938625951604267872e-01,1.000767561799650096e+00
3.209000000000002295e+00,7.637637714789998755e-01,9.991503136395927243e-01
3.209500000000002462e+00,7.214637121419834598e-01,9.976536352529234986e-01
3.210000000000002185e+00,6.650396895568702060e-01,9.899321893628493241e-01
3.210500000000002352e+00,5.954943430373171864e-01,9.882359814837975431e-01
3.211000000000002519e+00,5.178460012623182784e-01,1.009907282335507972e+00
3.211500000000002242e+00,4.430271905416455214e-01,1.034702692652421874e+00
3.212000000000002409e+00,3.932568038473500671e-01,1.057458006215313162e+00
3.212500000000002576e+00,4.045386830019140345e-01,1.080483946641983106e+00
3.213000000000002299e+00,5.117023248839084326e-01,1.110717048258045514e+00
3.213500000000002466e+00,7.193068589637160448e-01,1.138344367339272578e+00
3.214000000000002633e+00,9.924038394336458513e-01,1.162797449250983162e+00
3.214500000000002355e+00,1.279976326086085914e+00,1.183999013750448803e+00
3.215000000000002522e+00,1.546449793320123334e+00,1.209211580537759900e+00
3.215500000000002245e+00,1.779122090496527919e+00,1.233261352000396105e+00
3.216000000000002412e+00,1.975658402362757471e+00,1.253748324480644882e+00
3.216500000000002579e+00,2.136968595154325801e+00,1.268706630324316631e+00
3.217000000000002302e+00,2.264778323676523986e+00,1.281020015960921521e+00
3.217500000000002469e+00,2.360866476472380349e+00,1.285722386966138275e+00
3.218000000000002192e+00,2.426820423793923709e+00,1.284989469967733111e+00
3.218500000000002359e+00,2.463922938002504281e+00,1.279710886350486909e+00
3.219000000000002526e+00,2.473050687320164087e+00,1.276543594630239475e+00
3.219500000000002249e+00,2.454578341658155249e+00,1.286740637681326405e+00
3.220000000000002416e+00,2.408320854035809422e+00,1.291606894377358428e+00
3.220500000000002583e+00,2.333530815938726466e+00,1.290682499368421166e+00
3.221000000000002306e+00,2.228942888751963114e+00,1.288058165710294078e+00
3.221500000000002473e+00,2.092868803293863600e+00,1.281054577249668425e+00
3.222000000000002640e+00,1.923415368064561148e+00,1.272430525413681179e+00
3.222500000000002363e+00,1.719094628194586916e+00,1.261421549135410602e+00
3.223000000000002530e+00,1.480706857190557058e+00,1.248854060772766283e+00
3.223500000000002252e+00,1.216914863809928748e+00,1.234709853592574236e+00
3.224000000000002419e+00,9.545870750075664546e-01,1.222272522893459668e+00
3.224500000000002586e+00,7.325127301524955170e-01,1.209686988742730396e+00
3.225000000000002309e+00,5.741822004898178289e-01,1.194076403864426705e+00
3.225500000000002476e+00,4.858217005423600132e-01,1.176406590244278627e+00
3.226000000000002199e+00,4.585244012085447629e-01,1.157687818848545103e+00
3.226500000000002366e+00,4.728861820809410754e-01,1.133426164648235757e+00
3.227000000000002533e+00,5.084311896909630146e-01,1.103724685567685215e+00
3.227500000000002256e+00,5.505115234633963794e-01,1.075059778205590622e+00
3.228000000000002423e+00,5.902169991065403520e-01,1.054814599297857924e+00
3.228500000000002590e+00,6.238541896997406022e-01,1.036848653778514207e+00
3.229000000000002313e+00,6.535531440946404924e-01,1.019060204610994669e+00
3.229500000000002480e+00,6.845421259800139602e-01,1.004447899515475751e+00
3.230000000000002647e+00,7.181247166679437521e-01,9.871392158449312504e-01
3.230500000000002370e+00,7.504036293886346964e-01,9.926990769054162556e-01
3.231000000000002537e+00,7.776200812176350396e-01,9.695509877705601465e-01
3.231500000000002260e+00,7.999105459761484127e-01,9.578021684222041143e-01
3.232000000000002427e+00,8.209432643067782198e-01,9.481344962767191964e-01
3.232500000000002593e+00,8.450389847159884837e-01,9.366361272135159677e-01
3.233000000000002316e+00,8.738463083950703814e-01,9.238624028092518037e-01
3.233500000000002483e+00,9.059635891251774931e-01,9.111830398087690241e-01
3.234000000000002206e+00,9.393173405144512600e-01,9.100055568305931430e-01
3.234500000000002373e+00,9.740132701281731809e-01,9.094905690286594346e-01
3.235000000000002540e+00,1.013584612430169063e+00,9.109655136922887309e-01
3.235500000000002263e+00,1.060453237985944597e+00,9.123928020317945142e-01
3.236000000000002430e+00,1.110496430878500806e+00,9.165692753365639600e-01
3.236500000000002597e+00,1.156660486821555311e+00,9.271666646542899848e-01
3.237000000000002320e+00,1.194159620387774012e+00,9.378885352552545074e-01
3.237500000000002487e+00,1.221300916481293353e+00,9.458970494228735593e-01
3.238000000000002654e+00,1.238184922078653161e+00,9.520598653273258938e-01
3.238500000000002377e+00,1.244981496313242397e+00,9.510185312708185901e-01
3.239000000000002544e+00,1.241112482137034290e+00,9.511896075730579270e-01
3.239500000000002267e+00,1.225817636777189579e+00,9.561969470857974995e-01
3.240000000000002434e+00,1.199056119368714812e+00,9.647802067450660379e-01
3.240500000000002601e+00,1.161917233114097003e+00,9.709891807249829698e-01
3.241000000000002323e+00,1.116650775714057797e+00,9.840294418244208696e-01
3.241500000000002490e+00,1.066724562990026826e+00,9.960621576950683398e-01
3.242000000000002213e+00,1.017022795601022711e+00,1.004718729266741883e+00
3.242500000000002380e+00,9.735488584481041263e-01,1.018243569724300412e+00
3.243000000000002547e+00,9.411971453367729001e-01,1.032019563743201251e+00
3.243500000000002270e+00,9.199273006773458494e-01,1.040494690546230228e+00
3.244000000000002437e+00,9.040498291691807520e-01,1.053321197246521956e+00
3.244500000000002604e+00,8.864188559268366685e-01,1.070328171150425334e+00
3.245000000000002327e+00,8.626996689032810917e-01,1.085804119499258702e+00
3.245500000000002494e+00,8.327844007014197913e-01,1.101568023058243639e+00
3.246000000000002661e+00,7.996970318967918656e-01,1.115657100606479935e+00
3.246500000000002384e+00,7.666449079163879521e-01,1.127411544737177973e+00
3.247000000000002551e+00,7.342131095942957542e-01,1.138786169378099622e+00
3.247500000000002274e+00,7.004381374993537968e-01,1.149833595090472116e+00
3.248000000000002441e+00,6.629127581488341026e-01,1.170576753772137879e+00
3.248500000000002608e+00,6.200291217951366951e-01,1.194205751316367303e+00
3.249000000000002331e+00,5.714036451209549838e-01,1.215254324479534409e+00
3.249500000000002498e+00,5.190310368591417589e-01,1.235839309917180939e+00
3.250000000000002220e+00,4.682031851866683136e-01,1.251215606576222772e+00
3.250500000000002387e+00,4.268932580217891237e-01,1.262788058464908492e+00
3.251000000000002554e+00,4.062067569197022054e-01,1.274145237014661536e+00
3.251500000000002277e+00,4.223709806300391945e-01,1.288459694762036367e+00
3.252000000000002444e+00,4.941955694344087324e-01,1.301685398059919674e+00
3.252500000000002611e+00,6.355189928415131417e-01,1.313906549160369419e+00
3.253000000000002334e+00,8.449577353690733705e-01,1.334810786181298337e+00
3.253500000000002501e+00,1.097522424544970177e+00,1.355651530695488605e+00
3.254000000000002668e+00,1.356977380827324886e+00,1.373554840447271497e+00
3.254500000000002391e+00,1.598643969260894249e+00,1.385788051250028241e+00
3.255000000000002558e+00,1.811748402323761553e+00,1.394089762948049094e+00
3.255500000000002281e+00,1.992747206222178047e+00,1.400942154517108351e+00
3.256000000000002448e+00,2.140956736519128434e+00,1.404043034066811302e+00
3.256500000000002615e+00,2.256655131793300573e+00,1.404658269456469322e+00
3.257000000000002338e+00,2.340337959231745035e+00,1.405795349165920305e+00
3.257500000000002505e+00,2.392423116267422323e+00,1.407366144091508620e+00
3.258000000000002228e+00,2.413116909325400350e+00,1.405235563511483932e+00
3.258500000000002395e+00,2.402343759686590197e+00,1.399361110467020941e+00
3.259000000000002562e+00,2.359714454252436422e+00,1.389673830868952908e+00
3.259500000000002284e+00,2.284521577347192967e+00,1.377948221558382702e+00
3.260000000000002451e+00,2.175759448061915347e+00,1.364783895201209241e+00
3.260500000000002618e+00,2.032211205619513184e+00,1.350079355783503798e+00
3.261000000000002341e+00,1.852735325764050867e+00,1.328234518409815212e+00
3.261500000000002508e+00,1.637024722385035602e+00,1.304609559015069919e+00
3.262000000000002675e+00,1.387397271994624370e+00,1.285949511046897253e+00
3.262500000000002398e+00,1.112777990776601111e+00,1.269959171491425787e+00
3.263000000000002565e+00,8.360649674822576705e-01,1.251146120011816576e+00
3.263500000000002288e+00,5.995502398522232212e-01,1.228123491385672006e+00
3.264000000000002455e+00,4.491051524978509346e-01,1.200536685889842525e+00
3.264500000000002622e+00,3.994735739650313588e-01,1.171048078059023556e+00
3.265000000000002345e+00,4.310140538300218926e-01,1.141619226605969040e+00
3.265500000000002512e+00,5.116753462647212203e-01,1.124865346585209869e+00
3.266000000000002235e+00,6.085831584943590666e-01,1.108329179850578772e+00
3.266500000000002402e+00,6.965099120683454492e-01,1.091262830796842387e+00
3.267000000000002569e+00,7.621705997908528873e-01,1.069917865979262084e+00
3.267500000000002292e+00,8.026790101676016809e-01,1.046202808089317537e+00
3.268000000000002458e+00,8.217968757679903202e-01,1.019920130969865557e+00
3.268500000000002625e+00,8.245894733997882753e-01,9.922052235759150074e-01
3.269000000000002348e+00,8.132419371565262622e-01,9.671941635269226678e-01
3.269500000000002515e+00,7.895170136988280962e-01,9.380016831825382928e-01
3.270000000000002682e+00,7.593099948523225340e-01,9.046787690399780146e-01
3.270500000000002405e+00,7.333000409199338376e-01,8.752753712281136078e-01
3.271000000000002572e+00,7.228693651032152001e-01,8.635112504803554856e-01
3.271500000000002295e+00,7.339888891017645189e-01,8.628739022527727176e-01
3.272000000000002462e+00,7.653562383149623560e-01,8.632437442521836424e-01
3.272500000000002629e+00,8.118688985229681743e-01,8.673024764393582053e-01
3.273000000000002352e+00,8.674629899152705992e-01,8.665979625110306062e-01
3.273500000000002519e+00,9.257350811733008333e-01,8.632750518316584243e-01
3.274000000000002242e+00,9.811482621268750037e-01,8.589720395264760500e-01
3.274500000000002409e+00,1.029914184809550548e+00,8.626116965044313689e-01
3.275000000000002576e+00,1.069554040184937715e+00,8.682602521299428444e-01
3.275500000000002299e+00,1.098477352284388697e+00,8.725468765576598340e-01
3.276000000000002466e+00,1.115913307710802105e+00,8.755309036665719358e-01
3.276500000000002633e+00,1.121515223490541002e+00,8.762455831387462313e-01
3.277000000000002355e+00,1.114956808242480557e+00,8.746471584950664679e-01
3.277500000000002522e+00,1.095882405341036314e+00,8.669669659994692079e-01
3.278000000000002689e+00,1.064037558529697058e+00,8.648191934724561714e-01
3.278500000000002412e+00,1.020002620688512884e+00,8.652960021103245358e-01
3.279000000000002579e+00,9.663143272045671139e-01,8.616084246082033049e-01
3.279500000000002302e+00,9.077374369997107673e-01,8.690591159736236193e-01
3.280000000000002469e+00,8.501273642848541368e-01,8.865090232601955389e-01
3.280500000000002636e+00,7.989516294502250204e-01,9.038495444550911362e-01
3.281000000000002359e+00,7.590634030457750203e-01,9.211199034847239453e-01
3.281500000000002526e+00,7.341432905974767387e-01,9.347357654563822615e-01
3.282000000000002249e+00,7.242795081532071855e-01,9.502372365445440616e-01
3.282500000000002416e+00,7.251080395059074091e-01,9.608599903256025421e-01
3.283000000000002583e+00,7.292441743417755751e-01,9.665905534217444917e-01
3.283500000000002306e+00,7.284907085269062277e-01,9.667091375596078562e-01
3.284000000000002473e+00,7.170247072822737433e-01,9.797919827463346110e-01
3.284500000000002640e+00,6.947928149051321167e-01,1.014719494564624069e+00
3.285000000000002363e+00,6.676413809370846941e-01,1.048264906430294685e+00
3.285500000000002530e+00,6.412900992451781024e-01,1.073184728045186054e+00
3.286000000000002697e+00,6.183679181599941455e-01,1.101595249223653372e+00
3.286500000000002419e+00,5.975121638895545262e-01,1.126077818366983951e+00
3.287000000000002586e+00,5.738038905243640908e-01,1.149322128306794921e+00
3.287500000000002309e+00,5.487498371693356747e-01,1.170804243611769824e+00
3.288000000000002476e+00,5.327026674634838255e-01,1.193675398717053859e+00
3.288500000000002643e+00,5.392099195581372406e-01,1.217685648449529090e+00
3.289000000000002366e+00,5.786775604728927602e-01,1.238508187916666170e+00
3.289500000000002533e+00,6.555719658602514599e-01,1.257060636019312616e+00
3.290000000000002256e+00,7.726014128480693799e-01,1.282448441451471410e+00
3.290500000000002423e+00,9.336679946080440606e-01,1.305488521492798704e+00
3.291000000000002590e+00,1.134444411783069651e+00,1.319134665339598333e+00
3.291500000000002313e+00,1.355657415808220412e+00,1.329093993940115626e+00
3.292000000000002480e+00,1.574077175730743017e+00,1.347623455264315151e+00
3.292500000000002647e+00,1.773475790426792598e+00,1.379178133318840427e+00
3.293000000000002370e+00,1.945925143621900277e+00,1.408651976498649816e+00
3.293500000000002537e+00,2.088484150768297187e+00,1.437448030317205694e+00
3.294000000000002704e+00,2.200537606609615615e+00,1.463691051091055684e+00
3.294500000000002427e+00,2.282590776967314383e+00,1.486154120064965944e+00
3.295000000000002593e+00,2.335752697604938088e+00,1.506592339287626814e+00
3.295500000000002316e+00,2.361325641121661434e+00,1.523060581810917302e+00
3.296000000000002483e+00,2.360315590154668186e+00,1.528241033396335657e+00
3.296500000000002650e+00,2.333000929318512995e+00,1.529796259854851570e+00
3.297000000000002373e+00,2.278821940601200247e+00,1.529545591555942385e+00
3.297500000000002540e+00,2.196642742206941001e+00,1.527737206352524080e+00
3.298000000000002263e+00,2.085150683093461410e+00,1.519919639001315215e+00
3.298500000000002430e+00,1.943172465182331221e+00,1.510773469254675039e+00
3.299000000000002597e+00,1.769941451208671523e+00,1.501943770933173994e+00
3.299500000000002320e+00,1.565784757393364091e+00,1.486264325294156530e+00
3.300000000000002487e+00,1.334773473444544445e+00,1.460995762830672007e+00
3.300500000000002654e+00,1.091524486094899160e+00,1.430116571307634699e+00
3.301000000000002377e+00,8.654329351905547529e-01,1.396423500853224420e+00
3.301500000000002544e+00,6.907582374944752912e-01,1.358586608176328925e+00
3.302000000000002711e+00,5.778127435462238060e-01,1.314299676600554578e+00
3.302500000000002434e+00,5.175886752590054263e-01,1.264380311796482692e+00
3.303000000000002601e+00,4.988801651719105834e-01,1.206545139456665749e+00
3.303500000000002323e+00,5.048805005648707711e-01,1.149031980180384549e+00
3.304000000000002490e+00,5.221441093474983308e-01,1.110536507815000018e+00
3.304500000000002657e+00,5.451607341479857149e-01,1.070126306156015561e+00
3.305000000000002380e+00,5.714360719163681379e-01,1.016154078335707256e+00
3.305500000000002547e+00,5.947541093893226050e-01,9.876678377419547683e-01
3.306000000000002270e+00,6.077563083363459739e-01,9.509957246083076132e-01
3.306500000000002437e+00,6.080857193839752650e-01,9.039731223708504793e-01
3.307000000000002604e+00,6.020382411536213674e-01,8.855096927153547348e-01
3.307500000000002327e+00,6.099608660301598650e-01,8.764705904725422769e-01
3.308000000000002494e+00,6.544979799578877211e-01,8.667403189669254937e-01
3.308500000000002661e+00,7.277627196966274248e-01,8.651368820090533651e-01
3.309000000000002384e+00,8.137992711168500204e-01,8.645542668298763500e-01
3.309500000000002551e+00,9.063703112966395858e-01,8.667928826855847424e-01
3.310000000000002718e+00,1.000661895351131925e+00,8.670761514339634379e-01
3.310500000000002441e+00,1.089551258783311827e+00,8.646747139306153462e-01
3.311000000000002608e+00,1.166881252040640859e+00,8.536773821731663547e-01
3.311500000000002331e+00,1.228967176751470713e+00,8.491467246172240690e-01
3.312000000000002498e+00,1.273641268880039590e+00,8.464435756980732695e-01
3.312500000000002665e+00,1.299579135255256590e+00,8.416045847491175902e-01
3.313000000000002387e+00,1.306351624487352980e+00,8.483193647865026055e-01
3.313500000000002554e+00,1.294507354440949554e+00,8.629080152022441386e-01
3.314000000000002277e+00,1.265475096074700989e+00,8.741209445648585596e-01
3.314500000000002444e+00,1.221614522052487661e+00,9.089451933625922742e-01
3.315000000000002611e+00,1.166634772323060121e+00,9.451135862313378988e-01
3.315500000000002334e+00,1.105400295626401519e+00,9.781584893372839984e-01
3.316000000000002501e+00,1.041981934381554842e+00,1.003915437733495786e+00
3.316500000000002668e+00,9.783162432787972929e-01,1.021855122520655579e+00
3.317000000000002391e+00,9.162202376571528806e-01,1.031255911729006991e+00
3.317500000000002558e+00,8.615331828904023714e-01,1.056436390095352174e+00
3.318000000000002725e+00,8.230957250520253288e-01,1.086891054374336418e+00
3.318500000000002448e+00,7.996911035541759416e-01,1.115177297456141803e+00
3.319000000000002615e+00,7.827076525009613039e-01,1.150613286697049764e+00
3.319500000000002338e+00,7.658678645672268859e-01,1.193132464696938344e+00
3.320000000000002505e+00,7.474369121154966766e-01,1.227827876307105770e+00
3.320500000000002672e+00,7.310734870130026763e-01,1.256669954945798917e+00
3.321000000000002395e+00,7.210085593150841188e-01,1.285930657564488877e+00
3.321500000000002562e+00,7.138065011247644032e-01,1.304335482486325803e+00
3.322000000000002284e+00,7.012199328998490744e-01,1.314039988045292429e+00
3.322500000000002451e+00,6.793690257444824354e-01,1.321883895908674722e+00
3.323000000000002618e+00,6.496575710916223656e-01,1.328184285308561474e+00
3.323500000000002341e+00,6.132392197988963956e-01,1.332709423661259329e+00
3.324000000000002508e+00,5.710968029362716303e-01,1.350621019747357376e+00
3.324500000000002675e+00,5.283804074988409649e-01,1.371372145269629250e+00
3.325000000000002398e+00,4.935681006379871727e-01,1.386915292671826894e+00
3.325500000000002565e+00,4.763910709944934041e-01,1.398052110730077180e+00
3.326000000000002732e+00,4.921376369686093488e-01,1.405142580869927604e+00
3.326500000000002455e+00,5.668225064608360952e-01,1.408410725143068642e+00
3.327000000000002622e+00,7.204856225886751009e-01,1.419721733051357626e+00
3.327500000000002345e+00,9.418889592388502985e-01,1.443258539606830482e+00
3.328000000000002512e+00,1.194575068563403120e+00,1.462518235144955492e+00
3.328500000000002679e+00,1.437080302700002310e+00,1.479854495610791298e+00
3.329000000000002402e+00,1.651053792377876306e+00,1.513233989777482691e+00
3.329500000000002569e+00,1.832334204209796313e+00,1.546167623727367602e+00
3.330000000000002292e+00,1.980724908872082635e+00,1.576332193211689381e+00
3.330500000000002458e+00,2.096874752657112762e+00,1.602589804014224573e+00
3.331000000000002625e+00,2.181495856519753307e+00,1.620656954189899857e+00
3.331500000000002348e+00,2.235196321639191019e+00,1.634470168308282512e+00
3.332000000000002515e+00,2.258471783986660153e+00,1.640827493152656968e+00
3.332500000000002682e+00,2.251727932189767412e+00,1.644894229321191226e+00
3.333000000000002405e+00,2.215288391763487574e+00,1.647398701342339455e+00
3.333500000000002572e+00,2.149359695754732957e+00,1.648325959875612590e+00
3.334000000000002739e+00,2.053953244201584205e+00,1.646946217514017707e+00
3.334500000000002462e+00,1.928829011844088281e+00,1.637446057065776506e+00
3.335000000000002629e+00,1.773633120354186632e+00,1.620762611238219186e+00
3.335500000000002352e+00,1.588599736660751827e+00,1.596751435412931519e+00
3.336000000000002519e+00,1.376581134695110453e+00,1.567771797212665241e+00
3.336500000000002686e+00,1.147795393111738171e+00,1.529297740445578979e+00
3.337000000000002409e+00,9.264588886449146576e-01,1.486451312042294193e+00
3.337500000000002576e+00,7.421259473804647788e-01,1.546174659054959655e+00
3.338000000000002299e+00,6.098731039397240483e-01,1.510681130531218663e+00
3.338500000000002466e+00,5.440554019336323321e-01,1.471464740185316478e+00
3.339000000000002633e+00,5.510877456604970082e-01,1.425953034777454942e+00
3.339500000000002355e+00,6.087472241557109198e-01,1.376801921283951735e+00
3.340000000000002522e+00,6.841274778171347881e-01,1.337826057367436317e+00
3.340500000000002689e+00,7.553718189119921211e-01,1.296226857315265768e+00
3.341000000000002412e+00,8.117078068136678315e-01,1.257836438423937775e+00
3.341500000000002579e+00,8.486023955515008543e-01,1.220394413528526512e+00
3.342000000000002746e+00,8.653729793960607264e-01,1.180303142067711253e+00
3.342500000000002469e+00,8.644003016505920067e-01,1.138338893673167096e+00
3.343000000000002636e+00,8.504666671114262666e-01,1.097085476105014612e+00
3.343500000000002359e+00,8.290360783390960941e-01,1.071676887446618265e+00
3.344000000000002526e+00,8.041176184619536205e-01,1.056851494864208929e+00
3.344500000000002693e+00,7.791751010835809010e-01,1.043963425062747863e+00
3.345000000000002416e+00,7.617339316485491896e-01,1.029412253520351150e+00
3.345500000000002583e+00,7.625531460117106475e-01,1.014474094686107053e+00
3.346000000000002306e+00,7.846767075758789289e-01,1.001005239095849708e+00
3.346500000000002473e+00,8.252898165074806780e-01,9.922241261704338733e-01
3.347000000000002640e+00,8.835778841039246823e-01,9.836659232986806334e-01
3.347500000000002363e+00,9.575805334253265633e-01,9.745142985531868307e-01
3.348000000000002530e+00,1.040684511256459333e+00,9.587291279925982401e-01
3.348500000000002697e+00,1.123166134769180591e+00,9.405497928894706039e-01
3.349000000000002419e+00,1.195346794344573249e+00,9.210158131550572058e-01
3.349500000000002586e+00,1.249322582144146931e+00,9.000506996648713898e-01
3.350000000000002753e+00,1.279530610674229907e+00,8.776815775492693428e-01
3.350500000000002476e+00,1.283103597318353550e+00,8.538920575040140903e-01
3.351000000000002643e+00,1.260198224590716620e+00,8.330270698775843474e-01
3.351500000000002366e+00,1.213752603498425175e+00,8.138804175859969403e-01
3.352000000000002533e+00,1.147864074638658582e+00,8.046913167197732308e-01
3.352500000000002700e+00,1.066123361023296301e+00,7.970175291981024257e-01
3.353000000000002423e+00,9.730177196341773804e-01,7.873436409164072947e-01
3.353500000000002590e+00,8.784324104382129628e-01,7.748448367818095983e-01
3.354000000000002313e+00,8.010409857251463706e-01,7.606497163902636860e-01
3.354500000000002480e+00,7.558895547172151952e-01,7.463676488873317583e-01
3.355000000000002647e+00,7.380579408170786504e-01,7.436385677421232243e-01
3.355500000000002370e+00,7.348671342213646263e-01,7.437886312691597279e-01
3.356000000000002537e+00,7.360589464069434706e-01,7.444083655155252499e-01
3.356500000000002704e+00,7.341003116849447174e-01,7.441002376300580590e-01
3.357000000000002427e+00,7.236860106025094774e-01,7.460332139594306744e-01
3.357500000000002593e+00,7.014875929272943456e-01,7.538064406921285432e-01
3.358000000000002760e+00,6.668581326197692283e-01,7.611356644810988170e-01
3.358500000000002483e+00,6.227651657253961970e-01,7.750996041168189965e-01
3.359000000000002650e+00,5.749026398588792386e-01,7.923958607469253623e-01
3.359500000000002373e+00,5.303908635893431756e-01,8.108829620999269405e-01
3.360000000000002540e+00,5.000595259698649153e-01,8.236327537915666408e-01
3.360500000000002707e+00,5.004654767898377710e-01,8.343397610584873947e-01
3.361000000000002430e+00,5.512577173587305257e-01,8.613122436304154750e-01
3.361500000000002597e+00,6.678764990453107675e-01,8.915829586547291408e-01
3.362000000000002320e+00,8.545119607441300502e-01,9.205994214875449222e-01
3.362500000000002487e+00,1.098964877745907565e+00,9.458211435945644840e-01
3.363000000000002654e+00,1.371042530568385764e+00,9.683181645481094835e-01
3.363500000000002377e+00,1.632311147470506540e+00,9.924764282465988741e-01
3.364000000000002544e+00,1.860880328864075839e+00,1.014619509258051222e+00
3.364500000000002711e+00,2.051608467212197695e+00,1.030607327099424486e+00
3.365000000000002434e+00,2.205377344256579164e+00,1.043138034027766947e+00
3.365500000000002601e+00,2.324480344982759572e+00,1.063622373184636594e+00
3.366000000000002768e+00,2.411403410958288251e+00,1.088875801057005877e+00
3.366500000000002490e+00,2.468743157836920776e+00,1.105877180384295277e+00
3.367000000000002657e+00,2.499411550047892394e+00,1.119918872355617712e+00
3.367500000000002380e+00,2.506338427660662838e+00,1.126228660019477523e+00
3.368000000000002547e+00,2.491011408837016106e+00,1.128542388243683359e+00
3.368500000000002714e+00,2.452098517559876178e+00,1.121547412132129162e+00
3.369000000000002437e+00,2.386195724511375627e+00,1.112581796762396102e+00
3.369500000000002604e+00,2.289541313203753869e+00,1.099376236998782508e+00
3.370000000000002327e+00,2.158756980945939929e+00,1.083996814882371984e+00
3.370500000000002494e+00,1.990868551610057935e+00,1.066325166202478858e+00
3.371000000000002661e+00,1.783670345711062977e+00,1.046188390033421012e+00
3.371500000000002384e+00,1.537866775488871962e+00,1.034565058429068207e+00
3.372000000000002551e+00,1.264840337304292461e+00,1.025459993146632165e+00
3.372500000000002718e+00,1.005771435523742596e+00,1.014161956902136064e+00
3.373000000000002441e+00,8.163559835146010357e-01,9.912372770497799301e-01
3.373500000000002608e+00,7.029954618597843430e-01,9.641836238130725434e-01
3.374000000000002775e+00,6.602068730784415029e-01,9.345620151326728964e-01
3.374500000000002498e+00,6.790325659351618137e-01,9.029503679627367552e-01
3.375000000000002665e+00,7.293022600262460964e-01,8.709169767866640210e-01
3.375500000000002387e+00,7.840847332013416437e-01,8.575494118152491296e-01
3.376000000000002554e+00,8.314167424934009176e-01,8.649021522135426077e-01
3.376500000000002721e+00,8.640060557213186110e-01,8.703601064812406252e-01
3.377000000000002444e+00,8.769608937322115327e-01,8.760804084407690651e-01
3.377500000000002611e+00,8.682617031948061115e-01,8.774594268132851482e-01
3.378000000000002334e+00,8.392867755616073566e-01,8.749890718377567600e-01
3.378500000000002501e+00,7.961322921618749771e-01,8.652479873222093110e-01
3.379000000000002668e+00,7.508539569930371416e-01,8.519257968369123857e-01
3.379500000000002391e+00,7.206332878864059044e-01,8.427197197936866502e-01
3.380000000000002558e+00,7.223424045926101211e-01,8.372971789855249147e-01
3.380500000000002725e+00,7.594431657725466689e-01,8.474917849906250522e-01
3.381000000000002448e+00,8.163528726557525150e-01,8.588031803803967135e-01
3.381500000000002615e+00,8.746910772715438265e-01,8.701872020374888939e-01
3.382000000000002782e+00,9.243483901974022254e-01,8.862024066694998981e-01
3.382500000000002505e+00,9.624011447429475785e-01,8.967543011471011960e-01
3.383000000000002672e+00,9.901488640992150980e-01,9.134331870530855157e-01
3.383500000000002395e+00,1.010237410531382718e+00,9.362178889459310538e-01
3.384000000000002562e+00,1.023665266173759525e+00,9.603015151768256041e-01
3.384500000000002728e+00,1.028575698956712525e+00,9.891157868803384101e-01
3.385000000000002451e+00,1.021650206093798419e+00,1.014749480941789850e+00
3.385500000000002618e+00,1.000152856414417091e+00,1.041543355968138185e+00
3.386000000000002341e+00,9.634786205953481675e-01,1.069201454027503218e+00
3.386500000000002508e+00,9.144654603499755563e-01,1.090913529526338355e+00
3.387000000000002675e+00,8.602467345073681049e-01,1.115220189174829013e+00
3.387500000000002398e+00,8.118370154229754831e-01,1.146506553121275251e+00
3.388000000000002565e+00,7.797442879735319021e-01,1.173577889478348180e+00
3.388500000000002732e+00,7.648714474267807040e-01,1.196275601680721667e+00
3.389000000000002455e+00,7.602416750044399540e-01,1.226306241408277931e+00
3.389500000000002622e+00,7.613640328979505156e-01,1.257836447973503358e+00
3.390000000000002789e+00,7.678256747017183637e-01,1.292814267970783026e+00
3.390500000000002512e+00,7.769554878241973217e-01,1.326958953746971259e+00
3.391000000000002679e+00,7.810533451933716620e-01,1.371298179252631977e+00
3.391500000000002402e+00,7.725734883496041538e-01,1.425660377783938060e+00
3.392000000000002569e+00,7.482782695226498637e-01,1.475652263079953563e+00
3.392500000000002736e+00,7.109405061099188794e-01,1.519793499418780724e+00
3.393000000000002458e+00,6.697327985348149326e-01,1.556931385723314687e+00
3.393500000000002625e+00,6.322366473949185828e-01,1.593148462930738196e+00
3.394000000000002348e+00,5.988169134088757728e-01,1.629008595669215520e+00
3.394500000000002515e+00,5.758711185246776498e-01,1.662194558201226746e+00
3.395000000000002682e+00,5.795758670915958088e-01,1.688823032775556454e+00
3.395500000000002405e+00,6.252473901016369906e-01,1.713673152432665603e+00
3.396000000000002572e+00,7.256696333785459530e-01,1.734507579662170285e+00
3.396500000000002739e+00,8.949070268179861731e-01,1.752800805913081073e+00
3.397000000000002462e+00,1.121158917231407148e+00,1.766618490431644428e+00
3.397500000000002629e+00,1.357128010486768677e+00,1.780454139774519717e+00
3.398000000000002796e+00,1.571027595535399390e+00,1.799199267791478984e+00
3.398500000000002519e+00,1.754713835869526672e+00,1.811065257567146203e+00
3.399000000000002686e+00,1.907478564526947862e+00,1.809022103299137152e+00
3.399500000000002409e+00,2.030080303016276400e+00,1.799099870655784361e+00
3.400000000000002576e+00,2.123361660081700908e+00,1.794045144542478543e+00
3.400500000000002743e+00,2.187979407694575773e+00,1.787556059204845171e+00
3.401000000000002466e+00,2.224354834638789136e+00,1.780028070206210122e+00
3.401500000000002633e+00,2.232630738311697449e+00,1.770971728429629799e+00
3.402000000000002355e+00,2.212612610390900070e+00,1.765698179560679648e+00
3.402500000000002522e+00,2.163729367619451338e+00,1.764654718768564390e+00
3.403000000000002689e+00,2.085050148610353205e+00,1.756253576418801421e+00
3.403500000000002412e+00,1.975368595815588435e+00,1.743607867192048078e+00
3.404000000000002579e+00,1.833371053632881997e+00,1.732223287294530678e+00
3.404500000000002746e+00,1.658025351421643423e+00,1.721496930652641311e+00
3.405000000000002469e+00,1.449734135410433833e+00,1.708667913252728487e+00
3.405500000000002636e+00,1.214115149271010496e+00,1.688626251306551307e+00
3.406000000000002803e+00,9.731660405961994886e-01,1.666105692851698183e+00
3.406500000000002526e+00,7.757263923998356514e-01,1.643728213354065160e+00
3.407000000000002693e+00,6.521410702695497053e-01,1.624466487116883018e+00
3.407500000000002416e+00,5.890041457964605431e-01,1.603926532488657353e+00
3.408000000000002583e+00,5.754241224103622265e-01,1.581412069603470139e+00
3.408500000000002750e+00,6.014704995873577653e-01,1.556765149540531024e+00
3.409000000000002473e+00,6.489330697964537098e-01,1.529785250186049828e+00
3.409500000000002640e+00,6.998365026727254579e-01,1.515415195172457041e+00
3.410000000000002363e+00,7.441711377587918452e-01,1.504058289225106204e+00
3.410500000000002530e+00,7.777197368327791738e-01,1.487689190882970802e+00
3.411000000000002697e+00,7.981606799103535543e-01,1.468845739669664807e+00
3.411500000000002419e+00,8.049590640232254790e-01,1.446781573904531770e+00
3.412000000000002586e+00,7.995789455567346993e-01,1.419921171035640084e+00
3.412500000000002753e+00,7.849878532896283900e-01,1.390115239751160914e+00
3.413000000000002476e+00,7.662813116897864152e-01,1.356964654284562366e+00
3.413500000000002643e+00,7.514364496336194410e-01,1.322384473061727350e+00
3.414000000000002810e+00,7.488524422305760098e-01,1.291742676462144912e+00
3.414500000000002533e+00,7.618948435180101786e-01,1.263078419276408182e+00
3.415000000000002700e+00,7.874581965636249237e-01,1.240406146317668545e+00
3.415500000000002423e+00,8.203032868964690305e-01,1.210983680792630857e+00
3.416000000000002590e+00,8.564401849301928049e-01,1.177706506368944028e+00
3.416500000000002757e+00,8.934694264591568347e-01,1.137592661413908468e+00
3.417000000000002480e+00,9.298534319486684296e-01,1.105404864552094413e+00
3.417500000000002647e+00,9.638841518949947673e-01,1.070488389674807639e+00
3.418000000000002370e+00,9.927957487234154721e-01,1.048176627760390556e+00
3.418500000000002537e+00,1.013049424067061777e+00,1.025525180729034869e+00
3.419000000000002704e+00,1.021612624491214039e+00,1.011617105912974601e+00
3.419500000000002427e+00,1.017037850688584211e+00,9.968263723166485013e-01
3.420000000000002593e+00,9.997305821665495307e-01,9.849377561052249375e-01
3.420500000000002760e+00,9.720627371879750900e-01,9.788955851846037337e-01
3.421000000000002483e+00,9.394670067684993686e-01,9.673946181657165910e-01
3.421500000000002650e+00,9.108299480701296247e-01,9.538909091644338645e-01
3.422000000000002817e+00,8.946604002324060056e-01,9.371256030388459557e-01
3.422500000000002540e+00,8.918537899262659607e-01,9.403341085961030021e-01
3.423000000000002707e+00,8.931871378426311514e-01,9.063233469909717233e-01
3.423500000000002430e+00,8.859611721312894428e-01,9.159666074777427225e-01
3.424000000000002597e+00,8.611010595964468939e-01,9.273114396298175466e-01
3.424500000000002764e+00,8.148672469155581188e-01,9.394457703560146200e-01
3.425000000000002487e+00,7.480249795774938093e-01,9.410989036393611062e-01
3.425500000000002654e+00,6.656028255928093662e-01,9.391865540051569372e-01
3.426000000000002377e+00,5.784219252970087544e-01,9.342641673128905255e-01
3.426500000000002544e+00,5.059185119619232784e-01,9.270995040526956998e-01
3.427000000000002711e+00,4.744076792078469329e-01,9.177518733214561353e-01
3.427500000000002434e+00,5.099522155520211930e-01,9.015699160439377691e-01
3.428000000000002601e+00,6.277659966535525937e-01,8.856127358258893967e-01
3.428500000000002768e+00,8.180509585850362919e-01,8.969344400054192201e-01
3.429000000000002490e+00,1.057647423369150186e+00,9.074931766797843524e-01
3.429500000000002657e+00,1.315721054523606215e+00,9.282812163402942573e-01
3.430000000000002824e+00,1.563863009113460434e+00,9.444093031734335231e-01
3.430500000000002547e+00,1.786133707377341562e+00,9.550167066497147195e-01
3.431000000000002714e+00,1.975761011039410819e+00,9.557452121056194683e-01
3.431500000000002437e+00,2.130883844084222822e+00,9.428203405565007689e-01
3.432000000000002604e+00,2.252136536991771187e+00,9.556303213957748621e-01
3.432500000000002771e+00,2.341358541175395658e+00,9.686948281994534060e-01
3.433000000000002494e+00,2.400972250895395455e+00,9.800743803932283615e-01
3.433500000000002661e+00,2.433662969477121685e+00,9.898422047389257017e-01
3.434000000000002384e+00,2.441928885585034958e+00,9.991956412284414002e-01
3.434500000000002551e+00,2.427171522322514985e+00,1.010810308378203848e+00
3.435000000000002718e+00,2.388833456072151584e+00,1.022240214872206732e+00
3.435500000000002441e+00,2.324632886019027289e+00,1.025247795055595379e+00
3.436000000000002608e+00,2.231654846205022302e+00,1.025906444626900171e+00
3.436500000000002775e+00,2.107167322951267519e+00,1.024236535435702811e+00
3.437000000000002498e+00,1.948935891734380643e+00,1.033966961994048583e+00
3.437500000000002665e+00,1.755617426958278715e+00,1.038605047953841343e+00
3.438000000000002832e+00,1.528048978522888124e+00,1.035128273677988986e+00
3.438500000000002554e+00,1.272578589711927055e+00,1.029378764845098049e+00
3.439000000000002721e+00,1.007117000418166874e+00,1.024538417352735875e+00
3.439500000000002444e+00,7.643862899837674529e-01,1.017431070404982929e+00
3.440000000000002611e+00,5.800023062168100374e-01,1.007992598519469096e+00
3.440500000000002778e+00,4.748133320286254677e-01,9.961618353259674707e-01
3.441000000000002501e+00,4.492386112314898372e-01,9.817936569386666035e-01
3.441500000000002668e+00,4.848999019368799290e-01,9.629520404345137674e-01
3.442000000000002391e+00,5.537985446576790816e-01,9.382773511227604502e-01
3.442500000000002558e+00,6.307816357683868613e-01,9.229371740323963902e-01
3.443000000000002725e+00,6.976455762634057312e-01,9.102044069837037510e-01
3.443500000000002448e+00,7.436531996307791381e-01,8.943906036600861587e-01
3.444000000000002615e+00,7.657476874186964766e-01,8.730608663236950617e-01
3.444500000000002782e+00,7.685738770134439291e-01,8.486406879622608868e-01
3.445000000000002505e+00,7.652750360671115581e-01,8.347666346795723502e-01
3.445500000000002672e+00,7.746521927043010791e-01,8.241059138826428709e-01
3.446000000000002839e+00,8.057202242355770982e-01,8.230796574010901256e-01
3.446500000000002562e+00,8.506808730367729776e-01,8.238364507201882958e-01
3.447000000000002728e+00,8.988147049672109423e-01,8.255598613660273255e-01
3.447500000000002451e+00,9.439413038976434134e-01,8.266548529709555337e-01
3.448000000000002618e+00,9.845061388176817863e-01,8.271332196851354235e-01
3.448500000000002785e+00,1.021792872337143221e+00,8.270015626675107923e-01
3.449000000000002508e+00,1.056750527841818332e+00,8.319301608330516018e-01
3.449500000000002675e+00,1.087576162389135792e+00,8.389188439938236597e-01
3.450000000000002398e+00,1.110350331522340639e+00,8.481502491993836435e-01
3.450500000000002565e+00,1.121508847390318975e+00,8.572472248278958373e-01
3.451000000000002732e+00,1.119159996058441520e+00,8.652288531602339017e-01
3.451500000000002455e+00,1.102651050503075547e+00,8.709224393580862200e-01
3.452000000000002622e+00,1.072063416184856788e+00,8.802266773915068399e-01
3.452500000000002789e+00,1.028813995693273364e+00,9.179368655140397459e-01
3.453000000000002512e+00,9.769987090139672370e-01,9.590769725273167179e-01
3.453500000000002679e+00,9.238768862575008622e-01,1.001421586307495781e+00
3.454000000000002846e+00,8.773225162831691515e-01,1.039855475498733028e+00
3.454500000000002569e+00,8.416990881133245006e-01,1.081182732270126623e+00
3.455000000000002736e+00,8.167265400618495264e-01,1.121520410305399729e+00
3.455500000000002458e+00,7.988930439553060259e-01,1.156391729362123311e+00
3.456000000000002625e+00,7.825921159112929626e-01,1.186454365009917522e+00
3.456500000000002792e+00,7.613757568614427651e-01,1.216455468420856389e+00
3.457000000000002515e+00,7.304495272757526303e-01,1.252218501405057749e+00
3.457500000000002682e+00,6.879703306523412554e-01,1.281447210568864348e+00
3.458000000000002405e+00,6.352965077705184926e-01,1.309458162152181249e+00
3.458500000000002572e+00,5.780461657142879073e-01,1.346048564293652827e+00
3.459000000000002739e+00,5.273328464202321486e-01,1.385213478717304714e+00
3.459500000000002462e+00,5.004896006383442453e-01,1.421398125115423738e+00
3.460000000000002629e+00,5.205780600942648828e-01,1.453903799787558127e+00
3.460500000000002796e+00,6.153667715664286053e-01,1.481076566890579205e+00
3.461000000000002519e+00,7.911351828177421996e-01,1.503918209647580051e+00
3.461500000000002686e+00,1.008362629966404356e+00,1.525382134434310810e+00
3.462000000000002853e+00,1.230578999522932815e+00,1.545270872283370789e+00
3.462500000000002576e+00,1.439752497833098666e+00,1.559174071584451093e+00
3.463000000000002743e+00,1.627439585493674956e+00,1.570041404667648743e+00
3.463500000000002466e+00,1.790045094983840457e+00,1.579235660052884072e+00
3.464000000000002633e+00,1.926346969423124778e+00,1.578270522083765171e+00
3.464500000000002800e+00,2.036100625679529319e+00,1.573346837660640984e+00
3.465000000000002522e+00,2.119378622007063395e+00,1.566874447308776341e+00
3.465500000000002689e+00,2.176291197046384962e+00,1.559184154426139557e+00
3.466000000000002412e+00,2.206821135416559443e+00,1.547412312518686717e+00
3.466500000000002579e+00,2.210652791441765519e+00,1.531139540112001596e+00
3.467000000000002746e+00,2.186997248484400913e+00,1.530286441333272629e+00
3.467500000000002469e+00,2.134478838167430226e+00,1.518187781735446551e+00
3.468000000000002636e+00,2.051161850961961797e+00,1.506126374650743838e+00
3.468500000000002803e+00,1.934824832358036373e+00,1.486368782100760066e+00
3.469000000000002526e+00,1.783775845577218577e+00,1.459544654586734547e+00
3.469500000000002693e+00,1.599151581724755689e+00,1.426539666997551636e+00
3.470000000000002860e+00,1.390726505835880866e+00,1.388631756399849371e+00
3.470500000000002583e+00,1.183497362650006046e+00,1.349890869445651731e+00
3.471000000000002750e+00,1.001930646598938601e+00,1.322723936992323157e+00
3.471500000000002473e+00,8.479426177101316853e-01,1.302932520233958780e+00
3.472000000000002640e+00,7.213145087156079827e-01,1.282520224819795995e+00
3.472500000000002807e+00,6.243271103795640098e-01,1.255399763760280507e+00
3.473000000000002530e+00,5.542085392756979090e-01,1.218829095840335608e+00
3.473500000000002697e+00,5.124037439772274327e-01,1.170504940309145203e+00
3.474000000000002419e+00,5.086919094952222498e-01,1.123491322848870100e+00
3.474500000000002586e+00,5.466758310728567771e-01,1.078109042585132960e+00
3.475000000000002753e+00,6.161329691451229440e-01,1.041747098125459292e+00
3.475500000000002476e+00,7.028667813759335026e-01,1.001719679802181018e+00
3.476000000000002643e+00,7.975988785059816566e-01,9.821909685029595050e-01
3.476500000000002810e+00,8.928341190658919402e-01,9.708006838676049854e-01
3.477000000000002533e+00,9.814486024950680454e-01,9.602226917598501998e-01
3.477500000000002700e+00,1.058509033311054282e+00,9.480882797460549183e-01
3.478000000000002867e+00,1.121920285620571445e+00,9.298144293211251243e-01
3.478500000000002590e+00,1.169869446272943536e+00,9.159780813272362376e-01
3.479000000000002757e+00,1.199073375696269483e+00,8.994415598404527090e-01
3.479500000000002480e+00,1.208272523235729423e+00,8.919124657875733275e-01
3.480000000000002647e+00,1.199228019713203697e+00,8.804844072844461023e-01
3.480500000000002814e+00,1.174721143511748611e+00,8.667254846211613906e-01
3.481000000000002537e+00,1.137246271275583087e+00,8.737758277890704806e-01
3.481500000000002704e+00,1.088929802722743201e+00,8.767657263270428603e-01
3.482000000000002427e+00,1.031842620669782162e+00,8.752270149609328032e-01
3.482500000000002593e+00,9.685009813573322024e-01,8.769116012021980211e-01
3.483000000000002760e+00,9.022219666908167790e-01,8.920999710559991414e-01
3.483500000000002483e+00,8.367672454487777856e-01,9.065770821661768286e-01
3.484000000000002650e+00,7.757507645923382711e-01,9.189679273167347118e-01
3.484500000000002817e+00,7.228986455934975908e-01,9.300975501158933456e-01
3.485000000000002540e+00,6.829995392538298349e-01,9.487304714416786577e-01
3.485500000000002707e+00,6.607477639104734068e-01,9.772074703655555528e-01
3.486000000000002874e+00,6.545346515854121305e-01,1.002733644435490401e+00
3.486500000000002597e+00,6.543557541806950262e-01,1.021261643314382628e+00
3.487000000000002764e+00,6.497631603186971860e-01,1.030992709646302741e+00
3.487500000000002487e+00,6.344793687897769541e-01,1.045856045282385072e+00
3.488000000000002654e+00,6.057460650202024510e-01,1.055045108066490434e+00
3.488500000000002821e+00,5.634823015081356079e-01,1.063057741152897195e+00
3.489000000000002544e+00,5.109113245516739843e-01,1.068381063910778472e+00
3.489500000000002711e+00,4.570600440971294143e-01,1.072332286087941844e+00
3.490000000000002434e+00,4.208811306843040501e-01,1.098258277888014556e+00
3.490500000000002601e+00,4.334122505253266699e-01,1.118179470555232369e+00
3.491000000000002768e+00,5.254291998128073349e-01,1.133829590184665559e+00
3.491500000000002490e+00,6.960604810587617264e-01,1.144827974296742434e+00
3.492000000000002657e+00,9.092243721608748164e-01,1.155686630026067974e+00
3.492500000000002824e+00,1.130172069441757632e+00,1.160000920515178446e+00
3.493000000000002547e+00,1.339658519245893409e+00,1.160661358004252852e+00
3.493500000000002714e+00,1.528787228090264350e+00,1.156944319857342363e+00
3.494000000000002881e+00,1.693695251352440367e+00,1.160305743058875683e+00
3.494500000000002604e+00,1.832553151352907861e+00,1.258790196273305240e+00
3.495000000000002771e+00,1.944322296838035147e+00,1.279745596891458836e+00
3.495500000000002494e+00,2.028399664389036072e+00,1.298589025490212379e+00
3.496000000000002661e+00,2.084511499480232288e+00,1.311683914045382870e+00
3.496500000000002828e+00,2.112596447774740316e+00,1.323219697855074095e+00
3.497000000000002551e+00,2.112624666522234573e+00,1.332216138826340712e+00
3.497500000000002718e+00,2.084407661771023879e+00,1.333871332538208998e+00
3.498000000000002441e+00,2.027518317340221365e+00,1.327694300152775897e+00
3.498500000000002608e+00,1.941419462651059247e+00,1.319315555023407693e+00
3.499000000000002775e+00,1.825846080916820657e+00,1.306852899406946600e+00
3.499500000000002498e+00,1.681581993743256120e+00,1.316159957476569442e+00
3.500000000000002665e+00,1.512087798836229791e+00,1.316964678860522264e+00
