rule,q,iy,ix,dx,dy,count_comb_score,residual_comb_score
winding,8,0,0,0.0625,0.0625,2.0381082905737684,1.1238825043544884
winding,8,0,1,0.1875,0.0625,2.0428373266388946,1.070088748764709
winding,8,0,2,0.3125,0.0625,2.0404228664009594,0.934098677111651
winding,8,0,3,0.4375,0.0625,2.041216477897044,0.9096455071449676
winding,8,0,4,0.5625,0.0625,2.0401773258095957,0.8923855474754427
winding,8,0,5,0.6875,0.0625,2.0373407666420085,0.8385484932553143
winding,8,0,6,0.8125,0.0625,2.043024346551325,0.8270017910449812
winding,8,0,7,0.9375,0.0625,2.038827521088311,1.0604889457034028
winding,8,1,0,0.0625,0.1875,2.0437493072582327,1.1203004193255381
winding,8,1,1,0.1875,0.1875,2.04243402941106,0.9540217500343305
winding,8,1,2,0.3125,0.1875,2.0446471527936416,0.8623150480614838
winding,8,1,3,0.4375,0.1875,2.042254716739467,0.8124169341499604
winding,8,1,4,0.5625,0.1875,2.0374266254494633,0.8853838542332797
winding,8,1,5,0.6875,0.1875,2.04392767577026,0.7931064958373075
winding,8,1,6,0.8125,0.1875,2.042764004716717,0.8853692003128142
winding,8,1,7,0.9375,0.1875,2.038521856250706,1.025485828935826
winding,8,2,0,0.0625,0.3125,2.041471763481099,1.0225146312620732
winding,8,2,1,0.1875,0.3125,2.03487538038493,0.8803049108399068
winding,8,2,2,0.3125,0.3125,2.04240215754208,0.8172379297490021
winding,8,2,3,0.4375,0.3125,2.038675258337476,0.8243612593681583
winding,8,2,4,0.5625,0.3125,2.0372640459909857,0.8923371595556945
winding,8,2,5,0.6875,0.3125,2.0345579622313665,0.8291809917702349
winding,8,2,6,0.8125,0.3125,2.0345101197843882,0.9224274105152851
winding,8,2,7,0.9375,0.3125,2.042164725406505,1.0378186561907472
winding,8,3,0,0.0625,0.4375,2.0454783962005636,0.8666390985990483
winding,8,3,1,0.1875,0.4375,2.0357928229818945,0.8479216707353574
winding,8,3,2,0.3125,0.4375,2.045360611185538,0.8211306697720978
winding,8,3,3,0.4375,0.4375,2.0409799839087794,0.8094636245153236
winding,8,3,4,0.5625,0.4375,2.036283493630136,0.8072869039151227
winding,8,3,5,0.6875,0.4375,2.0392551082687036,0.8202200811781438
winding,8,3,6,0.8125,0.4375,2.036913705328884,0.841907422536277
winding,8,3,7,0.9375,0.4375,2.0412047174454546,0.8992043155217128
winding,8,4,0,0.0625,0.5625,2.0458231161894633,0.8358073254908329
winding,8,4,1,0.1875,0.5625,2.0446631440664302,0.8183787295299082
winding,8,4,2,0.3125,0.5625,2.043241328586203,0.8722544447467593
winding,8,4,3,0.4375,0.5625,2.047719519088883,0.8404770197878128
winding,8,4,4,0.5625,0.5625,2.043066911239451,0.7988714052586355
winding,8,4,5,0.6875,0.5625,2.0390859038245903,0.839105265454056
winding,8,4,6,0.8125,0.5625,2.0394995414388535,0.90807304179875
winding,8,4,7,0.9375,0.5625,2.0395277800614786,0.9161103400546552
winding,8,5,0,0.0625,0.6875,2.047793584580164,0.9604080954650285
winding,8,5,1,0.1875,0.6875,2.044780272133943,0.9186347728400337
winding,8,5,2,0.3125,0.6875,2.043439077544327,0.9273096361938779
winding,8,5,3,0.4375,0.6875,2.04490998492448,0.9114892706557486
winding,8,5,4,0.5625,0.6875,2.04010627365554,0.8231103095722069
winding,8,5,5,0.6875,0.6875,2.0405120290479912,0.7901421578410291
winding,8,5,6,0.8125,0.6875,2.045298423263961,0.8854525964595918
winding,8,5,7,0.9375,0.6875,2.039244083770337,0.9441113934202542
winding,8,6,0,0.0625,0.8125,2.0479033588377575,1.0179382702666833
winding,8,6,1,0.1875,0.8125,2.0388407416139933,0.9648855783370687
winding,8,6,2,0.3125,0.8125,2.0421095206611635,0.9156630687875059
winding,8,6,3,0.4375,0.8125,2.0425069263401165,0.8779421157271647
winding,8,6,4,0.5625,0.8125,2.0378998363073304,0.790760689382208
winding,8,6,5,0.6875,0.8125,2.0382665878079327,0.7800847283902592
winding,8,6,6,0.8125,0.8125,2.044181156292778,0.9327239730985474
winding,8,6,7,0.9375,0.8125,2.042702553846003,1.0073681417429128
winding,8,7,0,0.0625,0.9375,2.050320980509856,1.1371720408251527
winding,8,7,1,0.1875,0.9375,2.0455267333089027,0.9914945342006827
winding,8,7,2,0.3125,0.9375,2.042668808998105,0.9108970030618128
winding,8,7,3,0.4375,0.9375,2.038870786471596,0.8658886216016551
winding,8,7,4,0.5625,0.9375,2.0459261061734586,0.8528769307479235
winding,8,7,5,0.6875,0.9375,2.0421189232720174,0.8140664614947765
winding,8,7,6,0.8125,0.9375,2.0415096461376208,0.8524205938341787
winding,8,7,7,0.9375,0.9375,2.0434708505823327,1.011398307339172
winding,16,0,0,0.03125,0.03125,2.0415812003932605,1.141577570143309
winding,16,0,1,0.09375,0.03125,2.0458108899363077,1.1143562085686
winding,16,0,2,0.15625,0.03125,2.0448029515579007,1.0111840557812173
winding,16,0,3,0.21875,0.03125,2.045540100173698,1.0038059420491792
winding,16,0,4,0.28125,0.03125,2.04151685576887,0.9903283859581203
winding,16,0,5,0.34375,0.03125,2.039128608527507,0.9402690292977511
winding,16,0,6,0.40625,0.03125,2.0443888653860336,0.925939890859078
winding,16,0,7,0.46875,0.03125,2.0428149892807843,0.9150088003498468
winding,16,0,8,0.53125,0.03125,2.0453225960025025,0.8530064705114069
winding,16,0,9,0.59375,0.03125,2.0428404446883244,0.8445125548720994
winding,16,0,10,0.65625,0.03125,2.041270358974453,0.8484886710859505
winding,16,0,11,0.71875,0.03125,2.0403393482022607,0.8275262056292894
winding,16,0,12,0.78125,0.03125,2.0447696212329625,0.7955564972359169
winding,16,0,13,0.84375,0.03125,2.0359071255789734,0.7925886393986027
winding,16,0,14,0.90625,0.03125,2.038794537797182,0.8873891866925917
winding,16,0,15,0.96875,0.03125,2.0355703040238327,1.04293926520999
winding,16,1,0,0.03125,0.09375,2.0439691929504207,1.1402807323606372
winding,16,1,1,0.09375,0.09375,2.0376281603794353,1.0931968722663685
winding,16,1,2,0.15625,0.09375,2.0408410057403246,1.0530700366328154
winding,16,1,3,0.21875,0.09375,2.042093690747592,1.0065894381501903
winding,16,1,4,0.28125,0.09375,2.0404037837897886,0.9724261459398456
winding,16,1,5,0.34375,0.09375,2.038233398842617,0.8824185943841617
winding,16,1,6,0.40625,0.09375,2.0357203180362906,0.8783044527584151
winding,16,1,7,0.46875,0.09375,2.0438408519265274,0.8815435477275019
winding,16,1,8,0.53125,0.09375,2.04410160056638,0.9354834040740724
winding,16,1,9,0.59375,0.09375,2.035818600007449,0.9235523287668957
winding,16,1,10,0.65625,0.09375,2.0352126963770925,0.8538022082534821
winding,16,1,11,0.71875,0.09375,2.0405238980591833,0.8806855955126786
winding,16,1,12,0.78125,0.09375,2.0436373769046305,0.8266220836322176
winding,16,1,13,0.84375,0.09375,2.04113564234527,0.8893219292254658
winding,16,1,14,0.90625,0.09375,2.0390589555900545,0.9666021593312938
winding,16,1,15,0.96875,0.09375,2.042195850320334,1.0910909029725209
winding,16,2,0,0.03125,0.15625,2.0455690499593535,1.071307026528597
winding,16,2,1,0.09375,0.15625,2.0402279624686885,1.0238254353832767
winding,16,2,2,0.15625,0.15625,2.0443886357727847,0.9814389665264494
winding,16,2,3,0.21875,0.15625,2.0447009997884655,0.9380087711890602
winding,16,2,4,0.28125,0.15625,2.04495985714374,0.9600936118554652
winding,16,2,5,0.34375,0.15625,2.042703937262987,0.8383999259628446
winding,16,2,6,0.40625,0.15625,2.0377983612524173,0.8501973896244673
winding,16,2,7,0.46875,0.15625,2.0389065607174715,0.8327562515562609
winding,16,2,8,0.53125,0.15625,2.039043057498151,0.8714982992712539
winding,16,2,9,0.59375,0.15625,2.038453763483601,0.9139612766513706
winding,16,2,10,0.65625,0.15625,2.0373863154516605,0.8566297127007051
winding,16,2,11,0.71875,0.15625,2.0390880203524984,0.8101656736920523
winding,16,2,12,0.78125,0.15625,2.042433054059244,0.8946174577369206
winding,16,2,13,0.84375,0.15625,2.040790814675446,0.9223587287297575
winding,16,2,14,0.90625,0.15625,2.042412066609099,1.026039056933845
winding,16,2,15,0.96875,0.15625,2.0394524487826016,1.0578441596770725
winding,16,3,0,0.03125,0.21875,2.0408216001870145,1.0525929101297546
winding,16,3,1,0.09375,0.21875,2.0359125962444704,1.0410742185678037
winding,16,3,2,0.15625,0.21875,2.035668180168945,0.9570560442973169
winding,16,3,3,0.21875,0.21875,2.04120164277041,0.9237895316858737
winding,16,3,4,0.28125,0.21875,2.037718359732496,0.8627646066961147
winding,16,3,5,0.34375,0.21875,2.0426448678099667,0.8141845897641313
winding,16,3,6,0.40625,0.21875,2.0433339948982874,0.8580443229396494
winding,16,3,7,0.46875,0.21875,2.041561980348154,0.8739866321332355
winding,16,3,8,0.53125,0.21875,2.037616145872744,0.8869542666434408
winding,16,3,9,0.59375,0.21875,2.0381262789132775,0.8474040634267933
winding,16,3,10,0.65625,0.21875,2.0379381832223546,0.8119421570519995
winding,16,3,11,0.71875,0.21875,2.0433251288246144,0.8004514190229738
winding,16,3,12,0.78125,0.21875,2.0407312958157267,0.8736383612616353
winding,16,3,13,0.84375,0.21875,2.041132306715005,0.9085024018788529
winding,16,3,14,0.90625,0.21875,2.037824765787511,1.0174946341334075
winding,16,3,15,0.96875,0.21875,2.04233724558211,0.9872254542713472
winding,16,4,0,0.03125,0.28125,2.0393774734122907,1.0731667039049972
winding,16,4,1,0.09375,0.28125,2.036192873074277,1.000578896531463
winding,16,4,2,0.15625,0.28125,2.0332254345093506,0.9119531610649934
winding,16,4,3,0.21875,0.28125,2.040402551790866,0.8557643124823451
winding,16,4,4,0.28125,0.28125,2.036308336911119,0.7921548002702458
winding,16,4,5,0.34375,0.28125,2.0418511896530656,0.8316477766176066
winding,16,4,6,0.40625,0.28125,2.044840339640727,0.8081378630644487
winding,16,4,7,0.46875,0.28125,2.033879945290604,0.8151502947796535
winding,16,4,8,0.53125,0.28125,2.0372229785770695,0.8517293642333704
winding,16,4,9,0.59375,0.28125,2.0349418634170964,0.8580653410208744
winding,16,4,10,0.65625,0.28125,2.0357070308451077,0.8157277392775524
winding,16,4,11,0.71875,0.28125,2.039633178206105,0.801696980371268
winding,16,4,12,0.78125,0.28125,2.035538926936385,0.857638105154859
winding,16,4,13,0.84375,0.28125,2.040140826795403,0.9343409618917854
winding,16,4,14,0.90625,0.28125,2.0363966344409348,0.9485462806477315
winding,16,4,15,0.96875,0.28125,2.0384108810111843,1.0364941113333321
winding,16,5,0,0.03125,0.34375,2.041850366520613,1.037690989679147
winding,16,5,1,0.09375,0.34375,2.0378059745180015,0.9497878271653931
winding,16,5,2,0.15625,0.34375,2.0377822964433006,0.8939363324448388
winding,16,5,3,0.21875,0.34375,2.038389375779044,0.8382137733958742
winding,16,5,4,0.28125,0.34375,2.040782172549387,0.7714005064036883
winding,16,5,5,0.34375,0.34375,2.046637844643153,0.8018569388005757
winding,16,5,6,0.40625,0.34375,2.0436284914107925,0.805342984210193
winding,16,5,7,0.46875,0.34375,2.044542857328588,0.8371779760542811
winding,16,5,8,0.53125,0.34375,2.0363329135209676,0.8169439088010062
winding,16,5,9,0.59375,0.34375,2.0426759175971267,0.8681333779132195
winding,16,5,10,0.65625,0.34375,2.0364422830433466,0.8472863778247226
winding,16,5,11,0.71875,0.34375,2.0349403029917474,0.8178594951805406
winding,16,5,12,0.78125,0.34375,2.0382590065635666,0.8797042816544142
winding,16,5,13,0.84375,0.34375,2.040364791050758,0.8951570477584919
winding,16,5,14,0.90625,0.34375,2.03738016556902,0.883107961472879
winding,16,5,15,0.96875,0.34375,2.03793074142575,0.991963909853625
winding,16,6,0,0.03125,0.40625,2.0416268861017395,0.8884875003757835
winding,16,6,1,0.09375,0.40625,2.0410692363208613,0.9010149119083942
winding,16,6,2,0.15625,0.40625,2.037242584694889,0.8536664959324033
winding,16,6,3,0.21875,0.40625,2.0396867422923295,0.8553143726218967
winding,16,6,4,0.28125,0.40625,2.042034249645124,0.8803028573290949
winding,16,6,5,0.34375,0.40625,2.0444135858639974,0.809284673263856
winding,16,6,6,0.40625,0.40625,2.04334039252524,0.867828101578124
winding,16,6,7,0.46875,0.40625,2.0391856689956853,0.8097393725509866
winding,16,6,8,0.53125,0.40625,2.038352371695159,0.807547483685032
winding,16,6,9,0.59375,0.40625,2.044507769910017,0.8389360768269142
winding,16,6,10,0.65625,0.40625,2.0432609957894488,0.799044428301098
winding,16,6,11,0.71875,0.40625,2.037263782056066,0.8173956902894202
winding,16,6,12,0.78125,0.40625,2.0375290318133135,0.8466930559211515
winding,16,6,13,0.84375,0.40625,2.0379110819000266,0.8881449323663184
winding,16,6,14,0.90625,0.40625,2.0420719246963004,0.8918342362025627
winding,16,6,15,0.96875,0.40625,2.0394775577716744,0.8901957108119838
winding,16,7,0,0.03125,0.46875,2.04606877443223,0.8583446887401998
winding,16,7,1,0.09375,0.46875,2.0441648260394945,0.871076032915556
winding,16,7,2,0.15625,0.46875,2.0410427920219925,0.8298506394210804
winding,16,7,3,0.21875,0.46875,2.039525310996051,0.8514222119842136
winding,16,7,4,0.28125,0.46875,2.0406763951045566,0.914270736559486
winding,16,7,5,0.34375,0.46875,2.0421877316267394,0.9249196519235077
winding,16,7,6,0.40625,0.46875,2.043644886049838,0.8634031440161659
winding,16,7,7,0.46875,0.46875,2.0398578897252313,0.8232563362324128
winding,16,7,8,0.53125,0.46875,2.037513849783839,0.7968881966738337
winding,16,7,9,0.59375,0.46875,2.0407985603427643,0.8396699964083002
winding,16,7,10,0.65625,0.46875,2.044866362965401,0.8475548425948078
winding,16,7,11,0.71875,0.46875,2.034605228450308,0.8109385111328051
winding,16,7,12,0.78125,0.46875,2.0428758294316753,0.8296636940489148
winding,16,7,13,0.84375,0.46875,2.0411873483305043,0.8215524945885385
winding,16,7,14,0.90625,0.46875,2.0371235306345867,0.8936731408791592
winding,16,7,15,0.96875,0.46875,2.043412021408112,0.9159196315487419
winding,16,8,0,0.03125,0.53125,2.043296656936367,0.8584514144074299
winding,16,8,1,0.09375,0.53125,2.0454969619070145,0.8591217535360373
winding,16,8,2,0.15625,0.53125,2.0468691536788772,0.825985764516048
winding,16,8,3,0.21875,0.53125,2.0390337434657986,0.8123410244848616
winding,16,8,4,0.28125,0.53125,2.0412762945937635,0.8757851284089057
winding,16,8,5,0.34375,0.53125,2.043309801240913,0.895800823068548
winding,16,8,6,0.40625,0.53125,2.042223333448677,0.8600978205569838
winding,16,8,7,0.46875,0.53125,2.047751931914648,0.8595721268993698
winding,16,8,8,0.53125,0.53125,2.0449463592247836,0.7867237887691113
winding,16,8,9,0.59375,0.53125,2.0420147009698764,0.840398610418761
winding,16,8,10,0.65625,0.53125,2.04119957061568,0.8478047403722188
winding,16,8,11,0.71875,0.53125,2.0391674597528033,0.84848380797533
winding,16,8,12,0.78125,0.53125,2.0394676687423323,0.8283616532810143
winding,16,8,13,0.84375,0.53125,2.040986413139796,0.884685272627607
winding,16,8,14,0.90625,0.53125,2.038223944936608,0.8834167364214461
winding,16,8,15,0.96875,0.53125,2.0388420554455444,0.9175845131556007
winding,16,9,0,0.03125,0.59375,2.04807080224836,0.8620027473878543
winding,16,9,1,0.09375,0.59375,2.0482905278832573,0.8702435452548118
winding,16,9,2,0.15625,0.59375,2.0490314733624704,0.8144125553097243
winding,16,9,3,0.21875,0.59375,2.043937946558521,0.8573880312229276
winding,16,9,4,0.28125,0.59375,2.0414362982741308,0.9058520929998951
winding,16,9,5,0.34375,0.59375,2.0473358310750935,0.8979167035945556
winding,16,9,6,0.40625,0.59375,2.0483633545750872,0.8803413958490754
winding,16,9,7,0.46875,0.59375,2.048353251270037,0.8027112336084877
winding,16,9,8,0.53125,0.59375,2.041344081429233,0.8193748258054682
winding,16,9,9,0.59375,0.59375,2.0417278003819974,0.7956571633267457
winding,16,9,10,0.65625,0.59375,2.039713995050031,0.8167219602083037
winding,16,9,11,0.71875,0.59375,2.0340427484216863,0.8394494651988168
winding,16,9,12,0.78125,0.59375,2.040668306755484,0.884998049964989
winding,16,9,13,0.84375,0.59375,2.042611296530797,0.9756056791372738
winding,16,9,14,0.90625,0.59375,2.0371639875028493,0.9190400305884318
winding,16,9,15,0.96875,0.59375,2.039806730414417,0.9248491450544835
winding,16,10,0,0.03125,0.65625,2.050034103061893,0.9548264260457753
winding,16,10,1,0.09375,0.65625,2.0507165357007326,0.8561805419592416
winding,16,10,2,0.15625,0.65625,2.0458432777979607,0.8774105426457282
winding,16,10,3,0.21875,0.65625,2.0451070166204253,0.8809482361980313
winding,16,10,4,0.28125,0.65625,2.044963506278465,0.9566407690652038
winding,16,10,5,0.34375,0.65625,2.047304539988442,0.9771462408321324
winding,16,10,6,0.40625,0.65625,2.04422210717777,0.8907915696076575
winding,16,10,7,0.46875,0.65625,2.0428939808856708,0.8927906350778395
winding,16,10,8,0.53125,0.65625,2.03835593511346,0.8471273610000011
winding,16,10,9,0.59375,0.65625,2.040169065425022,0.7861684398560865
winding,16,10,10,0.65625,0.65625,2.0388647960814263,0.7749363907504061
winding,16,10,11,0.71875,0.65625,2.0371254626396085,0.8454439647392409
winding,16,10,12,0.78125,0.65625,2.042462903775227,0.8861997777102943
winding,16,10,13,0.84375,0.65625,2.0460129884404554,0.9030205120883265
winding,16,10,14,0.90625,0.65625,2.0427002205747438,0.9406845401555172
winding,16,10,15,0.96875,0.65625,2.041467507874485,0.9505551482965306
winding,16,11,0,0.03125,0.71875,2.0419422801509968,0.9749163071504379
winding,16,11,1,0.09375,0.71875,2.0460216430074083,0.9838396908926793
winding,16,11,2,0.15625,0.71875,2.0420795209116576,0.9345417280637793
winding,16,11,3,0.21875,0.71875,2.0435840404833545,0.909376706692659
winding,16,11,4,0.28125,0.71875,2.044737149157365,0.9173606868377098
winding,16,11,5,0.34375,0.71875,2.042289326856953,0.9175361047900057
winding,16,11,6,0.40625,0.71875,2.0413182899149356,0.9252841411383926
winding,16,11,7,0.46875,0.71875,2.043238120853705,0.9015316424048544
winding,16,11,8,0.53125,0.71875,2.0380220298985803,0.8430168284352743
winding,16,11,9,0.59375,0.71875,2.0360568791846503,0.7938147793980006
winding,16,11,10,0.65625,0.71875,2.037929705447415,0.7573263431494718
winding,16,11,11,0.71875,0.71875,2.0429199263735534,0.8485047965113445
winding,16,11,12,0.78125,0.71875,2.038616530212877,0.8716404475671035
winding,16,11,13,0.84375,0.71875,2.044527144293793,0.9460350139585462
winding,16,11,14,0.90625,0.71875,2.0495207059024727,0.9267006531379356
winding,16,11,15,0.96875,0.71875,2.0427951265107205,1.0113666898021483
winding,16,12,0,0.03125,0.78125,2.0423253232384586,1.046706122708953
winding,16,12,1,0.09375,0.78125,2.0423689360759227,0.9801265026212711
winding,16,12,2,0.15625,0.78125,2.045379114105955,0.9737924921061129
winding,16,12,3,0.21875,0.78125,2.0411194484041464,0.9691517314858705
winding,16,12,4,0.28125,0.78125,2.040873880982273,0.9027567896834844
winding,16,12,5,0.34375,0.78125,2.035880866428266,0.8937420506282211
winding,16,12,6,0.40625,0.78125,2.0356893353904635,0.8732630242270498
winding,16,12,7,0.46875,0.78125,2.042959065091701,0.8523611857278924
winding,16,12,8,0.53125,0.78125,2.03897001459339,0.7847756752777321
winding,16,12,9,0.59375,0.78125,2.0351894982347347,0.761310624843309
winding,16,12,10,0.65625,0.78125,2.0383749314821142,0.7540767765525375
winding,16,12,11,0.71875,0.78125,2.040394065830587,0.83842901160642
winding,16,12,12,0.78125,0.78125,2.0415883330057523,0.9022875309522363
winding,16,12,13,0.84375,0.78125,2.038978261083727,0.9162917357934406
winding,16,12,14,0.90625,0.78125,2.0444272745827567,1.013077400889518
winding,16,12,15,0.96875,0.78125,2.0448594357103196,1.0586396812259256
winding,16,13,0,0.03125,0.84375,2.0474071259027657,1.0828849459719898
winding,16,13,1,0.09375,0.84375,2.042584954276243,1.028461271431506
winding,16,13,2,0.15625,0.84375,2.0395881663504576,0.9619224802774657
winding,16,13,3,0.21875,0.84375,2.040430609336567,0.9861047477122794
winding,16,13,4,0.28125,0.84375,2.0389400317619564,0.9774600698357641
winding,16,13,5,0.34375,0.84375,2.03703584510234,0.898599714854836
winding,16,13,6,0.40625,0.84375,2.0416784777664936,0.874177544646181
winding,16,13,7,0.46875,0.84375,2.0394632342142223,0.8298767609989223
winding,16,13,8,0.53125,0.84375,2.0406825099446966,0.7843465310016332
winding,16,13,9,0.59375,0.84375,2.03830511680782,0.7896974623461211
winding,16,13,10,0.65625,0.84375,2.0396943296048073,0.8231595688185394
winding,16,13,11,0.71875,0.84375,2.04136979293571,0.805220793104546
winding,16,13,12,0.78125,0.84375,2.0366738889326346,0.8991869005157196
winding,16,13,13,0.84375,0.84375,2.0427394205665292,0.9514633045316893
winding,16,13,14,0.90625,0.84375,2.043019251347626,0.9879785930824491
winding,16,13,15,0.96875,0.84375,2.048054218268378,1.0368038992644875
winding,16,14,0,0.03125,0.90625,2.047666314605173,1.15209544873873
winding,16,14,1,0.09375,0.90625,2.0500411641579954,1.053053332197216
winding,16,14,2,0.15625,0.90625,2.0424272558119507,0.9967658908254746
winding,16,14,3,0.21875,0.90625,2.043887963631137,0.9349560308053756
winding,16,14,4,0.28125,0.90625,2.0402813888362488,0.9323620658664197
winding,16,14,5,0.34375,0.90625,2.0422855122093257,0.8764757435626535
winding,16,14,6,0.40625,0.90625,2.039923428314426,0.8917932944883539
winding,16,14,7,0.46875,0.90625,2.048285790227989,0.8719001981061937
winding,16,14,8,0.53125,0.90625,2.044819184745073,0.8530553141392389
winding,16,14,9,0.59375,0.90625,2.045101649150774,0.819933849487338
winding,16,14,10,0.65625,0.90625,2.0407677526289816,0.8237231370169892
winding,16,14,11,0.71875,0.90625,2.039306962870382,0.8025911488483045
winding,16,14,12,0.78125,0.90625,2.040007510990858,0.8286378039727399
winding,16,14,13,0.84375,0.90625,2.041481942039884,0.89238821739524
winding,16,14,14,0.90625,0.90625,2.045398351595117,0.9828272197909232
winding,16,14,15,0.96875,0.90625,2.049969816086002,1.095655678670511
winding,16,15,0,0.03125,0.96875,2.049748522341172,1.130901531305578
winding,16,15,1,0.09375,0.96875,2.0503891360968334,1.0456746481288062
winding,16,15,2,0.15625,0.96875,2.048755298684896,1.0243504246110613
winding,16,15,3,0.21875,0.96875,2.045661473911139,0.9774227343150783
winding,16,15,4,0.28125,0.96875,2.0464990567086114,0.9333758735642433
winding,16,15,5,0.34375,0.96875,2.04207560637614,0.9157507584036102
winding,16,15,6,0.40625,0.96875,2.0413217247420037,0.8986135919514222
winding,16,15,7,0.46875,0.96875,2.04112348414673,0.9017989399119649
winding,16,15,8,0.53125,0.96875,2.0462822908857032,0.8996528021543503
winding,16,15,9,0.59375,0.96875,2.0456206917190283,0.8725288619537492
winding,16,15,10,0.65625,0.96875,2.0417207701365894,0.8233994248808277
winding,16,15,11,0.71875,0.96875,2.0411834736031236,0.8438705455880685
winding,16,15,12,0.78125,0.96875,2.042070119872188,0.7939594956898272
winding,16,15,13,0.84375,0.96875,2.038710608009742,0.8016918013949258
winding,16,15,14,0.90625,0.96875,2.0425896889749326,0.814676814025442
winding,16,15,15,0.96875,0.96875,2.0374574676008153,1.0233930283122805
winding,32,0,0,0.015625,0.015625,2.042524245952489,1.1685015187717671
winding,32,0,1,0.046875,0.015625,2.044917707851476,1.0806081719845904
winding,32,0,2,0.078125,0.015625,2.0438844374464264,1.0526129765623025
winding,32,0,3,0.109375,0.015625,2.0440564165507813,1.0660228608991258
winding,32,0,4,0.140625,0.015625,2.043705956724276,1.0696004444198741
winding,32,0,5,0.171875,0.015625,2.044068757540514,0.9954477582006622
winding,32,0,6,0.203125,0.015625,2.0456728932951473,0.9916194422130289
winding,32,0,7,0.234375,0.015625,2.042370784916219,0.9811125134178803
winding,32,0,8,0.265625,0.015625,2.044338842987947,0.9715893528115012
winding,32,0,9,0.296875,0.015625,2.042862657524551,0.9684796436225654
winding,32,0,10,0.328125,0.015625,2.0425097364089564,0.9573051662371941
winding,32,0,11,0.359375,0.015625,2.0430131924938464,0.9390108028771932
winding,32,0,12,0.390625,0.015625,2.047224461017477,0.9021369099945717
winding,32,0,13,0.421875,0.015625,2.041321165802351,0.917195618773901
winding,32,0,14,0.453125,0.015625,2.046404303368524,0.9254348055955169
winding,32,0,15,0.484375,0.015625,2.040423837770804,0.8903306070523426
winding,32,0,16,0.515625,0.015625,2.0432733963507226,0.8852397328701073
winding,32,0,17,0.546875,0.015625,2.041241589976803,0.8475671900667415
winding,32,0,18,0.578125,0.015625,2.047254938090704,0.8293203209893246
winding,32,0,19,0.609375,0.015625,2.039654315965778,0.840403770636403
winding,32,0,20,0.640625,0.015625,2.0381809324348894,0.831350134343792
winding,32,0,21,0.671875,0.015625,2.0413027567604547,0.854056492839923
winding,32,0,22,0.703125,0.015625,2.0427754493169545,0.8736049585451097
winding,32,0,23,0.734375,0.015625,2.039643234933554,0.8358476569229265
winding,32,0,24,0.765625,0.015625,2.039969731435421,0.8062843759255623
winding,32,0,25,0.796875,0.015625,2.0361461597624926,0.8192959324775457
winding,32,0,26,0.828125,0.015625,2.038300828411405,0.7913337236462428
winding,32,0,27,0.859375,0.015625,2.0410317774073103,0.801325498994681
winding,32,0,28,0.890625,0.015625,2.03653277934814,0.8014822349707558
winding,32,0,29,0.921875,0.015625,2.0358112193807862,0.830616874144471
winding,32,0,30,0.953125,0.015625,2.040511864004617,0.8962871850499529
winding,32,0,31,0.984375,0.015625,2.0376036723976614,1.0288862709417488
winding,32,1,0,0.015625,0.046875,2.0430386822989077,1.128584012367864
winding,32,1,1,0.046875,0.046875,2.0423337616657222,1.1361370607102832
winding,32,1,2,0.078125,0.046875,2.0406057267703916,1.1251462754428025
winding,32,1,3,0.109375,0.046875,2.040622358841747,1.0913050190316862
winding,32,1,4,0.140625,0.046875,2.040249200125238,1.0534702953505402
winding,32,1,5,0.171875,0.046875,2.041536769276165,1.0308802911638422
winding,32,1,6,0.203125,0.046875,2.0442465269256505,1.0531016837464868
winding,32,1,7,0.234375,0.046875,2.044657364109375,1.0167148763427394
winding,32,1,8,0.265625,0.046875,2.038845284453686,0.9925406783605015
winding,32,1,9,0.296875,0.046875,2.043082033705192,1.0001092779359146
winding,32,1,10,0.328125,0.046875,2.0382055324220993,0.9535322187369948
winding,32,1,11,0.359375,0.046875,2.0390775585896095,0.9307574549549716
winding,32,1,12,0.390625,0.046875,2.0387721136090584,0.9318736747016686
winding,32,1,13,0.421875,0.046875,2.0420773099057645,0.8978420022066449
winding,32,1,14,0.453125,0.046875,2.0450428651541075,0.8830796477236403
winding,32,1,15,0.484375,0.046875,2.047509444581744,0.9175788336417856
winding,32,1,16,0.515625,0.046875,2.0430006879530063,0.8794157918911045
winding,32,1,17,0.546875,0.046875,2.045026924182991,0.8687509784485797
winding,32,1,18,0.578125,0.046875,2.0429063377111194,0.8875876438600986
winding,32,1,19,0.609375,0.046875,2.043795713152591,0.853146718073495
winding,32,1,20,0.640625,0.046875,2.0406409314763696,0.8658342492776548
winding,32,1,21,0.671875,0.046875,2.0370986290063002,0.8617920919852126
winding,32,1,22,0.703125,0.046875,2.0399038405812893,0.8309009253023182
winding,32,1,23,0.734375,0.046875,2.0431022611255765,0.7996578677367184
winding,32,1,24,0.765625,0.046875,2.0438404292615355,0.784282811390732
winding,32,1,25,0.796875,0.046875,2.03853786844537,0.8112400330117704
winding,32,1,26,0.828125,0.046875,2.0406931284372134,0.8354189324867168
winding,32,1,27,0.859375,0.046875,2.0383014230227614,0.8505857935453028
winding,32,1,28,0.890625,0.046875,2.0375002780452753,0.8698192744804212
winding,32,1,29,0.921875,0.046875,2.0441980185521746,0.9666601028228267
winding,32,1,30,0.953125,0.046875,2.0359064897774695,1.0799071521631582
winding,32,1,31,0.984375,0.046875,2.0374950234019877,1.1145919227338854
winding,32,2,0,0.015625,0.078125,2.037671437687415,1.1457246818029503
winding,32,2,1,0.046875,0.078125,2.042581648375315,1.153737014963253
winding,32,2,2,0.078125,0.078125,2.0379490686980275,1.1147350397268778
winding,32,2,3,0.109375,0.078125,2.0344063825482896,1.1021762363880165
winding,32,2,4,0.140625,0.078125,2.038615173955773,1.0862582956360605
winding,32,2,5,0.171875,0.078125,2.04087132493128,1.0781404688326761
winding,32,2,6,0.203125,0.078125,2.0450257556490765,1.0487517754405726
winding,32,2,7,0.234375,0.078125,2.0442163488733294,1.0146680637551289
winding,32,2,8,0.265625,0.078125,2.044544797324272,0.969411197431736
winding,32,2,9,0.296875,0.078125,2.0398924407137486,0.9491496512280774
winding,32,2,10,0.328125,0.078125,2.038963466559088,0.9221268507536647
winding,32,2,11,0.359375,0.078125,2.040590072119015,0.9301069843546573
winding,32,2,12,0.390625,0.078125,2.036392494339394,0.8686346371715138
winding,32,2,13,0.421875,0.078125,2.036517571705898,0.9068523969110466
winding,32,2,14,0.453125,0.078125,2.044158079223002,0.8907276385454909
winding,32,2,15,0.484375,0.078125,2.0480308967782275,0.8777728367725949
winding,32,2,16,0.515625,0.078125,2.0470774549157413,0.8732696313349138
winding,32,2,17,0.546875,0.078125,2.0427938107266193,0.9211881776593825
winding,32,2,18,0.578125,0.078125,2.0387715274134073,0.8923846314303444
winding,32,2,19,0.609375,0.078125,2.041203503272374,0.9080493459007363
winding,32,2,20,0.640625,0.078125,2.0384447518805993,0.8661113928509235
winding,32,2,21,0.671875,0.078125,2.0365131391638553,0.8271360183294298
winding,32,2,22,0.703125,0.078125,2.0406650821344585,0.8670646260129317
winding,32,2,23,0.734375,0.078125,2.042145608198925,0.8387798227360753
winding,32,2,24,0.765625,0.078125,2.0443692663834168,0.8252355137327645
winding,32,2,25,0.796875,0.078125,2.041712789327747,0.833188165885265
winding,32,2,26,0.828125,0.078125,2.0364492270035375,0.8704942126828149
winding,32,2,27,0.859375,0.078125,2.037921078981865,0.9092157258869312
winding,32,2,28,0.890625,0.078125,2.039558023537395,0.9540451100271109
winding,32,2,29,0.921875,0.078125,2.041991124610087,0.9971496989061901
winding,32,2,30,0.953125,0.078125,2.0403669036527283,1.1125431629816782
winding,32,2,31,0.984375,0.078125,2.041329714989573,1.1128391444580554
winding,32,3,0,0.015625,0.109375,2.04433795396236,1.0853488682931556
winding,32,3,1,0.046875,0.109375,2.039727164609625,1.1061408183601376
winding,32,3,2,0.078125,0.109375,2.0392436736074275,1.0891408517185566
winding,32,3,3,0.109375,0.109375,2.0365216658815104,1.050317620787786
winding,32,3,4,0.140625,0.109375,2.0396775885938623,1.0140610545870505
winding,32,3,5,0.171875,0.109375,2.0450518796757198,1.028886177838574
winding,32,3,6,0.203125,0.109375,2.042617433694222,1.0192135698336837
winding,32,3,7,0.234375,0.109375,2.0409480271169675,0.9813136619812517
winding,32,3,8,0.265625,0.109375,2.0419462815370637,0.9916236266317054
winding,32,3,9,0.296875,0.109375,2.041013673554945,0.9496965995981226
winding,32,3,10,0.328125,0.109375,2.0360142857418344,0.8977501352237112
winding,32,3,11,0.359375,0.109375,2.039004762184955,0.8848049302924857
winding,32,3,12,0.390625,0.109375,2.034607725908202,0.87815471530184
winding,32,3,13,0.421875,0.109375,2.039518140201317,0.862020065653769
winding,32,3,14,0.453125,0.109375,2.0372116056671334,0.879294765090111
winding,32,3,15,0.484375,0.109375,2.0416424197955236,0.936169822248056
winding,32,3,16,0.515625,0.109375,2.0418047565209037,0.9301576453526499
winding,32,3,17,0.546875,0.109375,2.0431703235829786,0.9136951738407455
winding,32,3,18,0.578125,0.109375,2.0392199765451067,0.8933865353313014
winding,32,3,19,0.609375,0.109375,2.0346337883530956,0.9159056859971949
winding,32,3,20,0.640625,0.109375,2.035589836699616,0.8822977715956434
winding,32,3,21,0.671875,0.109375,2.0379881210427238,0.8008138922625769
winding,32,3,22,0.703125,0.109375,2.0407239625497104,0.8144187656931435
winding,32,3,23,0.734375,0.109375,2.0448847775664816,0.853565544532549
winding,32,3,24,0.765625,0.109375,2.0427815824126516,0.8298118692411155
winding,32,3,25,0.796875,0.109375,2.042981925106633,0.8742614037560165
winding,32,3,26,0.828125,0.109375,2.042801443570336,0.9117354180474213
winding,32,3,27,0.859375,0.109375,2.0418143004572755,0.9306529000949902
winding,32,3,28,0.890625,0.109375,2.037861715686102,0.9417983747496921
winding,32,3,29,0.921875,0.109375,2.041227018485392,1.0733431097572133
winding,32,3,30,0.953125,0.109375,2.0412029845861386,1.1139987309379438
winding,32,3,31,0.984375,0.109375,2.041341722093866,1.1121115881474644
winding,32,4,0,0.015625,0.140625,2.0427033509548256,1.0473810027633967
winding,32,4,1,0.046875,0.140625,2.0452630278628754,1.084839619824056
winding,32,4,2,0.078125,0.140625,2.041932287499438,1.0723656116815068
winding,32,4,3,0.109375,0.140625,2.041378882106865,1.0267297297898483
winding,32,4,4,0.140625,0.140625,2.0403532302672436,0.9917550082399219
winding,32,4,5,0.171875,0.140625,2.04602204607737,0.9861616294163508
winding,32,4,6,0.203125,0.140625,2.0421632242205208,0.9881060964952008
winding,32,4,7,0.234375,0.140625,2.046606184962615,0.9617880008130905
winding,32,4,8,0.265625,0.140625,2.0426027818009946,0.9880622433567008
winding,32,4,9,0.296875,0.140625,2.0404111777178198,0.9812423050095571
winding,32,4,10,0.328125,0.140625,2.0401063900756182,0.8737336012588712
winding,32,4,11,0.359375,0.140625,2.0394182407278554,0.879208657549591
winding,32,4,12,0.390625,0.140625,2.03921686060318,0.9197314689107211
winding,32,4,13,0.421875,0.140625,2.037300824547779,0.8464343829546764
winding,32,4,14,0.453125,0.140625,2.036867485432168,0.8491355397289889
winding,32,4,15,0.484375,0.140625,2.0386959291815114,0.894720125738174
winding,32,4,16,0.515625,0.140625,2.042132461902747,0.9018021108974666
winding,32,4,17,0.546875,0.140625,2.0391615748924403,0.8843161337377076
winding,32,4,18,0.578125,0.140625,2.0329633011180985,0.8559699931500941
winding,32,4,19,0.609375,0.140625,2.039269757693146,0.8959798755300259
winding,32,4,20,0.640625,0.140625,2.035629500080641,0.8823656007383526
winding,32,4,21,0.671875,0.140625,2.038723072662281,0.8257836154587478
winding,32,4,22,0.703125,0.140625,2.037092452681393,0.8392983595207583
winding,32,4,23,0.734375,0.140625,2.0429929818027888,0.8123829357317552
winding,32,4,24,0.765625,0.140625,2.044267806314155,0.8285864338265946
winding,32,4,25,0.796875,0.140625,2.040968083563294,0.9218153371714833
winding,32,4,26,0.828125,0.140625,2.0393450747465627,0.9381568084741817
winding,32,4,27,0.859375,0.140625,2.041807902152284,0.9302441289411121
winding,32,4,28,0.890625,0.140625,2.0386627084165663,0.9972802665594408
winding,32,4,29,0.921875,0.140625,2.03940090940707,1.0428416351566507
winding,32,4,30,0.953125,0.140625,2.0376053591906396,1.0813660347720873
winding,32,4,31,0.984375,0.140625,2.03985901603683,1.1073172617898663
winding,32,5,0,0.015625,0.171875,2.0423293773347138,1.0809464035554868
winding,32,5,1,0.046875,0.171875,2.0475250978078763,1.063304188373571
winding,32,5,2,0.078125,0.171875,2.0424127585763263,1.0424068765194814
winding,32,5,3,0.109375,0.171875,2.042598414257119,1.0160127953176863
winding,32,5,4,0.140625,0.171875,2.044151828649902,0.9629665195931555
winding,32,5,5,0.171875,0.171875,2.041940200015388,0.9764842408733808
winding,32,5,6,0.203125,0.171875,2.0404398930160856,0.9410218542577747
winding,32,5,7,0.234375,0.171875,2.0433348494612193,0.9346148803099122
winding,32,5,8,0.265625,0.171875,2.044699063186125,0.9210551385491265
winding,32,5,9,0.296875,0.171875,2.040567901519355,0.881572239429643
winding,32,5,10,0.328125,0.171875,2.038917511696804,0.8524003128470241
winding,32,5,11,0.359375,0.171875,2.0413923887841245,0.8282424479595453
winding,32,5,12,0.390625,0.171875,2.04382657798613,0.8433676944525278
winding,32,5,13,0.421875,0.171875,2.039229452958463,0.8120603805675244
winding,32,5,14,0.453125,0.171875,2.036905962596276,0.8313469812919877
winding,32,5,15,0.484375,0.171875,2.0445701927111837,0.8426723862062101
winding,32,5,16,0.515625,0.171875,2.0469365215360624,0.8643702835923911
winding,32,5,17,0.546875,0.171875,2.041458303198092,0.8748844894808263
winding,32,5,18,0.578125,0.171875,2.0357727478791148,0.857439562311976
winding,32,5,19,0.609375,0.171875,2.0409333376040624,0.8726578439228527
winding,32,5,20,0.640625,0.171875,2.0386247854939294,0.8838989803630315
winding,32,5,21,0.671875,0.171875,2.0380855168119134,0.8370288367435336
winding,32,5,22,0.703125,0.171875,2.0388035518683125,0.7926521949660801
winding,32,5,23,0.734375,0.171875,2.0392013568452216,0.815474898689477
winding,32,5,24,0.765625,0.171875,2.041451520901892,0.8608129880408578
winding,32,5,25,0.796875,0.171875,2.042538265066678,0.8569850781027438
winding,32,5,26,0.828125,0.171875,2.0413562271387646,0.8822902148977979
winding,32,5,27,0.859375,0.171875,2.0419541710381597,0.9518277681766247
winding,32,5,28,0.890625,0.171875,2.0406856330154763,1.0148768178848047
winding,32,5,29,0.921875,0.171875,2.0374372693078495,1.0237181815247423
winding,32,5,30,0.953125,0.171875,2.038590207264219,1.0353281882512377
winding,32,5,31,0.984375,0.171875,2.0430728293475098,1.0674982078553097
winding,32,6,0,0.015625,0.203125,2.0438732314388774,1.0343444435425577
winding,32,6,1,0.046875,0.203125,2.0453365771782948,1.07003716475832
winding,32,6,2,0.078125,0.203125,2.04212971086911,1.0298949885179425
winding,32,6,3,0.109375,0.203125,2.040936969064083,1.0187607568791004
winding,32,6,4,0.140625,0.203125,2.041988915945979,0.9960944936789944
winding,32,6,5,0.171875,0.203125,2.041706363752806,0.9268543406945953
winding,32,6,6,0.203125,0.203125,2.0421241647413404,0.9254565883489233
winding,32,6,7,0.234375,0.203125,2.043814555398905,0.9215964993601194
winding,32,6,8,0.265625,0.203125,2.042721694786656,0.9207115029183104
winding,32,6,9,0.296875,0.203125,2.045032396607732,0.8629853888232201
winding,32,6,10,0.328125,0.203125,2.0436069352289805,0.8017459049036747
winding,32,6,11,0.359375,0.203125,2.044322658545928,0.823052941350174
winding,32,6,12,0.390625,0.203125,2.0448138912241247,0.8416112312360001
winding,32,6,13,0.421875,0.203125,2.0418841030403527,0.8415738741707108
winding,32,6,14,0.453125,0.203125,2.041862138403913,0.8490498020994018
winding,32,6,15,0.484375,0.203125,2.042276327080113,0.8851207122290545
winding,32,6,16,0.515625,0.203125,2.0421774970903286,0.8341275296510572
winding,32,6,17,0.546875,0.203125,2.0381821355806706,0.8885495491235228
winding,32,6,18,0.578125,0.203125,2.0377635832277163,0.8775023521037458
winding,32,6,19,0.609375,0.203125,2.0370794043412888,0.8333226956718973
winding,32,6,20,0.640625,0.203125,2.0391213340791494,0.8042064702327334
winding,32,6,21,0.671875,0.203125,2.0460903685812397,0.812809008156585
winding,32,6,22,0.703125,0.203125,2.0414299203802444,0.799342693582528
winding,32,6,23,0.734375,0.203125,2.041527743593829,0.8273199293071939
winding,32,6,24,0.765625,0.203125,2.045654626279205,0.8515800545971772
winding,32,6,25,0.796875,0.203125,2.043225134217382,0.8716750063771989
winding,32,6,26,0.828125,0.203125,2.042975861768037,0.879938990340852
winding,32,6,27,0.859375,0.203125,2.0404630312595256,0.9648818825734505
winding,32,6,28,0.890625,0.203125,2.040750071345917,1.028339933184084
winding,32,6,29,0.921875,0.203125,2.037135121778164,1.009396159122655
winding,32,6,30,0.953125,0.203125,2.0395110423006293,1.0159653464622405
winding,32,6,31,0.984375,0.203125,2.0412835459573646,1.0202618892584445
winding,32,7,0,0.015625,0.234375,2.0428898225357215,1.0485014349486783
winding,32,7,1,0.046875,0.234375,2.043163884200531,1.0421137392505868
winding,32,7,2,0.078125,0.234375,2.0381596386106042,1.018966061565906
winding,32,7,3,0.109375,0.234375,2.0365909961375075,1.012752082800915
winding,32,7,4,0.140625,0.234375,2.034465738866353,0.9741838886999478
winding,32,7,5,0.171875,0.234375,2.0378899303666267,0.9108183825867844
winding,32,7,6,0.203125,0.234375,2.040495241629857,0.9101444893058889
winding,32,7,7,0.234375,0.234375,2.0443262328130913,0.8911681781986743
winding,32,7,8,0.265625,0.234375,2.0410250418277176,0.8449063600760875
winding,32,7,9,0.296875,0.234375,2.044459691368249,0.8529452430525417
winding,32,7,10,0.328125,0.234375,2.0421210969365657,0.7975749151273474
winding,32,7,11,0.359375,0.234375,2.043317841281265,0.8287879267917503
winding,32,7,12,0.390625,0.234375,2.0426635153787527,0.871744772106255
winding,32,7,13,0.421875,0.234375,2.0424356808243394,0.823029196445631
winding,32,7,14,0.453125,0.234375,2.038906161031062,0.8249600331525455
winding,32,7,15,0.484375,0.234375,2.0393819400673308,0.8065204475707296
winding,32,7,16,0.515625,0.234375,2.0377846863721074,0.8475684071225175
winding,32,7,17,0.546875,0.234375,2.0360993634600386,0.9157145450918494
winding,32,7,18,0.578125,0.234375,2.0380141219258294,0.856592860959323
winding,32,7,19,0.609375,0.234375,2.0368332738858648,0.8011410001570937
winding,32,7,20,0.640625,0.234375,2.0328819932368973,0.8176328371498398
winding,32,7,21,0.671875,0.234375,2.037602426978721,0.8085831811837819
winding,32,7,22,0.703125,0.234375,2.0399779120247383,0.8118850308024608
winding,32,7,23,0.734375,0.234375,2.041999345052702,0.7815295326025576
winding,32,7,24,0.765625,0.234375,2.0379466864407147,0.8117627097730398
winding,32,7,25,0.796875,0.234375,2.040148199065238,0.8640509627576013
winding,32,7,26,0.828125,0.234375,2.0419363822887115,0.8869112713113209
winding,32,7,27,0.859375,0.234375,2.0366587662329327,0.9558732978710576
winding,32,7,28,0.890625,0.234375,2.041999932176965,0.976270099894447
winding,32,7,29,0.921875,0.234375,2.0381760768574346,0.9812903662141226
winding,32,7,30,0.953125,0.234375,2.043791003772523,0.9977476405816378
winding,32,7,31,0.984375,0.234375,2.0415454837508915,1.0231831852092241
winding,32,8,0,0.015625,0.265625,2.041654847944909,1.0669543442736702
winding,32,8,1,0.046875,0.265625,2.038789871006817,1.062414411849576
winding,32,8,2,0.078125,0.265625,2.038691991196848,1.0524394914675517
winding,32,8,3,0.109375,0.265625,2.037755776100739,0.9819093648389466
winding,32,8,4,0.140625,0.265625,2.0393114164546358,0.9248680881986262
winding,32,8,5,0.171875,0.265625,2.0376988278966834,0.9054554409084264
winding,32,8,6,0.203125,0.265625,2.0408998730384376,0.8894966178707961
winding,32,8,7,0.234375,0.265625,2.0418343118060833,0.8558863219799623
winding,32,8,8,0.265625,0.265625,2.0378445117516875,0.8386572315298703
winding,32,8,9,0.296875,0.265625,2.0457270289495324,0.8117516465388194
winding,32,8,10,0.328125,0.265625,2.045182877834688,0.8334149245958163
winding,32,8,11,0.359375,0.265625,2.0417042840244646,0.8393752005798502
winding,32,8,12,0.390625,0.265625,2.0433661425849228,0.8508368599196144
winding,32,8,13,0.421875,0.265625,2.0449105124105755,0.8042297254515383
winding,32,8,14,0.453125,0.265625,2.0402522736443554,0.7859791467068059
winding,32,8,15,0.484375,0.265625,2.0383935005188145,0.7863283317833037
winding,32,8,16,0.515625,0.265625,2.030464779259414,0.8335795422187541
winding,32,8,17,0.546875,0.265625,2.038537975214385,0.8778056184603692
winding,32,8,18,0.578125,0.265625,2.0406990736180646,0.8417559323784488
winding,32,8,19,0.609375,0.265625,2.0317123436468703,0.8356263301995379
winding,32,8,20,0.640625,0.265625,2.037265986097342,0.8023216912955675
winding,32,8,21,0.671875,0.265625,2.0360209496596924,0.8217878160789787
winding,32,8,22,0.703125,0.265625,2.039983093192609,0.7834706052243708
winding,32,8,23,0.734375,0.265625,2.0391160982094623,0.7961291041069968
winding,32,8,24,0.765625,0.265625,2.0354548552642258,0.8099345397148167
winding,32,8,25,0.796875,0.265625,2.038038258940101,0.8845058867030375
winding,32,8,26,0.828125,0.265625,2.0410458916681655,0.9271214706333529
winding,32,8,27,0.859375,0.265625,2.0419543972851506,0.952328596184279
winding,32,8,28,0.890625,0.265625,2.0408171164433195,0.9276900709839522
winding,32,8,29,0.921875,0.265625,2.041382228218797,0.9533681551231524
winding,32,8,30,0.953125,0.265625,2.0387295442987816,1.0128663655775811
winding,32,8,31,0.984375,0.265625,2.042201511751804,1.0586264468612583
winding,32,9,0,0.015625,0.296875,2.039513003415595,1.0752774293720646
winding,32,9,1,0.046875,0.296875,2.037461156004969,1.0294792183781156
winding,32,9,2,0.078125,0.296875,2.0398821502053166,1.023485850042859
winding,32,9,3,0.109375,0.296875,2.0381495672472614,0.9443648222282444
winding,32,9,4,0.140625,0.296875,2.0361310049626327,0.903430308303233
winding,32,9,5,0.171875,0.296875,2.0340557484794597,0.8961687912296513
winding,32,9,6,0.203125,0.296875,2.0385171165082636,0.863858885531831
winding,32,9,7,0.234375,0.296875,2.0366343282480845,0.837018941728895
winding,32,9,8,0.265625,0.296875,2.0410457240936584,0.7984137184370961
winding,32,9,9,0.296875,0.296875,2.042279772386516,0.7780390082515972
winding,32,9,10,0.328125,0.296875,2.0471302525732815,0.8274455112144539
winding,32,9,11,0.359375,0.296875,2.0455713389766275,0.8337962898947695
winding,32,9,12,0.390625,0.296875,2.0454045628544897,0.8217095074445946
winding,32,9,13,0.421875,0.296875,2.043666402902032,0.8219409974308037
winding,32,9,14,0.453125,0.296875,2.0386567841383654,0.8244605397883616
winding,32,9,15,0.484375,0.296875,2.0352729511872805,0.8393711074280542
winding,32,9,16,0.515625,0.296875,2.0376904609108544,0.8583178607695832
winding,32,9,17,0.546875,0.296875,2.0372828760179424,0.8584078701299241
winding,32,9,18,0.578125,0.296875,2.0357193471948984,0.850179625720331
winding,32,9,19,0.609375,0.296875,2.037709183512528,0.812259720027455
winding,32,9,20,0.640625,0.296875,2.0386954749187427,0.7729100281320315
winding,32,9,21,0.671875,0.296875,2.0357705158736543,0.8034592399681877
winding,32,9,22,0.703125,0.296875,2.0371862076751834,0.8089056573087365
winding,32,9,23,0.734375,0.296875,2.0365695757923277,0.797816755421795
winding,32,9,24,0.765625,0.296875,2.032200496664339,0.8531685336554052
winding,32,9,25,0.796875,0.296875,2.0373428375423814,0.91894403659976
winding,32,9,26,0.828125,0.296875,2.0360083969592497,0.9157345315350912
winding,32,9,27,0.859375,0.296875,2.0402084692028173,0.91310845328766
winding,32,9,28,0.890625,0.296875,2.0405348846122813,0.9068360269331394
winding,32,9,29,0.921875,0.296875,2.0383948781813452,0.9809119513290336
winding,32,9,30,0.953125,0.296875,2.038258754345066,1.061701091696161
winding,32,9,31,0.984375,0.296875,2.037283812879592,1.0565642241608306
winding,32,10,0,0.015625,0.328125,2.0406774081148,1.0191347220498739
winding,32,10,1,0.046875,0.328125,2.0430365181544903,0.9889964102282605
winding,32,10,2,0.078125,0.328125,2.042052996746676,0.9849471532264179
winding,32,10,3,0.109375,0.328125,2.0384841882372755,0.954813780050196
winding,32,10,4,0.140625,0.328125,2.039846652137877,0.9409111739505461
winding,32,10,5,0.171875,0.328125,2.0334498375004935,0.872307399302795
winding,32,10,6,0.203125,0.328125,2.0373680834355263,0.8495481367420913
winding,32,10,7,0.234375,0.328125,2.0374273979878783,0.8041242312164553
winding,32,10,8,0.265625,0.328125,2.0400238911706183,0.7928989499360349
winding,32,10,9,0.296875,0.328125,2.0454067086702117,0.7810347409339857
winding,32,10,10,0.328125,0.328125,2.045326206329185,0.7885793911079976
winding,32,10,11,0.359375,0.328125,2.0474070499101606,0.7816977989634873
winding,32,10,12,0.390625,0.328125,2.042647914803935,0.8027080165488502
winding,32,10,13,0.421875,0.328125,2.0428426605787675,0.8336896437615087
winding,32,10,14,0.453125,0.328125,2.042976663225929,0.8314167790259642
winding,32,10,15,0.484375,0.328125,2.0378187888155552,0.841075921810101
winding,32,10,16,0.515625,0.328125,2.0390831533745235,0.8153192475089474
winding,32,10,17,0.546875,0.328125,2.0344056033417877,0.8449620177775704
winding,32,10,18,0.578125,0.328125,2.038161080735055,0.8587012939245774
winding,32,10,19,0.609375,0.328125,2.043144681899309,0.8126052709544345
winding,32,10,20,0.640625,0.328125,2.040631696308196,0.8047778550765999
winding,32,10,21,0.671875,0.328125,2.037841137355093,0.834214049071453
winding,32,10,22,0.703125,0.328125,2.0357118031548382,0.8013212776219104
winding,32,10,23,0.734375,0.328125,2.032204948532745,0.8299493659148887
winding,32,10,24,0.765625,0.328125,2.0356368548132084,0.8349608393054325
winding,32,10,25,0.796875,0.328125,2.0336410456103367,0.862393475624053
winding,32,10,26,0.828125,0.328125,2.0377155716068227,0.925108668568611
winding,32,10,27,0.859375,0.328125,2.037689263720237,0.8603414414321112
winding,32,10,28,0.890625,0.328125,2.0400329384410925,0.8900336615545527
winding,32,10,29,0.921875,0.328125,2.041574588979801,0.9381481830066202
winding,32,10,30,0.953125,0.328125,2.041203352995741,1.0155699224159103
winding,32,10,31,0.984375,0.328125,2.0361231248936877,1.0135015427108771
winding,32,11,0,0.015625,0.359375,2.039472976094997,0.964709506840761
winding,32,11,1,0.046875,0.359375,2.04525200903409,0.962101247329099
winding,32,11,2,0.078125,0.359375,2.040076114923609,0.9557562089466236
winding,32,11,3,0.109375,0.359375,2.042636935667612,0.9107730160932515
winding,32,11,4,0.140625,0.359375,2.0360810588401366,0.9068529232323965
winding,32,11,5,0.171875,0.359375,2.0374231618872107,0.8724798351422836
winding,32,11,6,0.203125,0.359375,2.0332393404626523,0.8683060268737939
winding,32,11,7,0.234375,0.359375,2.0391816844775983,0.8215271910361416
winding,32,11,8,0.265625,0.359375,2.041020941467566,0.821878724713453
winding,32,11,9,0.296875,0.359375,2.044541474591897,0.8030171221560289
winding,32,11,10,0.328125,0.359375,2.046275565238993,0.8005265794873435
winding,32,11,11,0.359375,0.359375,2.0451672358495627,0.7700935190038926
winding,32,11,12,0.390625,0.359375,2.043129312669684,0.8202979652989235
winding,32,11,13,0.421875,0.359375,2.0412946874884557,0.8398561764832548
winding,32,11,14,0.453125,0.359375,2.040175644595855,0.832824035021087
winding,32,11,15,0.484375,0.359375,2.0377221238185514,0.8048729883543658
winding,32,11,16,0.515625,0.359375,2.0398118345620486,0.8378558697954791
winding,32,11,17,0.546875,0.359375,2.0375754832535393,0.8314691452040807
winding,32,11,18,0.578125,0.359375,2.039269379082605,0.8639694763215066
winding,32,11,19,0.609375,0.359375,2.0427195181191053,0.8474170441644415
winding,32,11,20,0.640625,0.359375,2.042851667588287,0.8542756014624256
winding,32,11,21,0.671875,0.359375,2.0366573716350955,0.8695544596194988
winding,32,11,22,0.703125,0.359375,2.0367853107013265,0.8244779806314165
winding,32,11,23,0.734375,0.359375,2.0357447613403505,0.8286965203905171
winding,32,11,24,0.765625,0.359375,2.0399662492215778,0.8416666636422091
winding,32,11,25,0.796875,0.359375,2.034169614519026,0.8939747175096812
winding,32,11,26,0.828125,0.359375,2.0392971624448433,0.9239577493362012
winding,32,11,27,0.859375,0.359375,2.0390215732701176,0.8863239097021892
winding,32,11,28,0.890625,0.359375,2.0391508280936606,0.886507564616053
winding,32,11,29,0.921875,0.359375,2.0394328460535553,0.9423283119698874
winding,32,11,30,0.953125,0.359375,2.0404582318291,0.9642722319050655
winding,32,11,31,0.984375,0.359375,2.0372362524427965,0.9442426050032942
winding,32,12,0,0.015625,0.390625,2.0415217556013405,0.9505820610161684
winding,32,12,1,0.046875,0.390625,2.039074554384366,0.9352218043359674
winding,32,12,2,0.078125,0.390625,2.0428536664135324,0.9528401814954649
winding,32,12,3,0.109375,0.390625,2.0419149233446703,0.8970545710647726
winding,32,12,4,0.140625,0.390625,2.0378944243056565,0.8780113095548664
winding,32,12,5,0.171875,0.390625,2.0398204946513427,0.8730339300664549
winding,32,12,6,0.203125,0.390625,2.039257611994628,0.8706155225324917
winding,32,12,7,0.234375,0.390625,2.039887650911449,0.8241474449390617
winding,32,12,8,0.265625,0.390625,2.0423707305852687,0.8354187794097231
winding,32,12,9,0.296875,0.390625,2.047354278750904,0.8342737091801645
winding,32,12,10,0.328125,0.390625,2.0455234933545636,0.8307957257147867
winding,32,12,11,0.359375,0.390625,2.0451675097248114,0.826806583925464
winding,32,12,12,0.390625,0.390625,2.0410684340177556,0.8173584979927844
winding,32,12,13,0.421875,0.390625,2.0416818957118705,0.8397557556106102
winding,32,12,14,0.453125,0.390625,2.0376623853229026,0.8443990571845847
winding,32,12,15,0.484375,0.390625,2.037491349246961,0.8091841969724912
winding,32,12,16,0.515625,0.390625,2.0367845308825285,0.7712122788914207
winding,32,12,17,0.546875,0.390625,2.037652642562105,0.8152832548173651
winding,32,12,18,0.578125,0.390625,2.0440770340096335,0.8291544792310311
winding,32,12,19,0.609375,0.390625,2.040422575741505,0.8322776280199303
winding,32,12,20,0.640625,0.390625,2.0433033889307577,0.8343751969738277
winding,32,12,21,0.671875,0.390625,2.0367428403377064,0.8371722171195103
winding,32,12,22,0.703125,0.390625,2.03819001354354,0.8345765841304386
winding,32,12,23,0.734375,0.390625,2.038354979784852,0.808049308076121
winding,32,12,24,0.765625,0.390625,2.0374054044135175,0.8507802244105399
winding,32,12,25,0.796875,0.390625,2.0370123965300495,0.872476051092455
winding,32,12,26,0.828125,0.390625,2.0398816337153636,0.8822700503889681
winding,32,12,27,0.859375,0.390625,2.039393679343744,0.8722443097156837
winding,32,12,28,0.890625,0.390625,2.0409762683314265,0.8910984405115082
winding,32,12,29,0.921875,0.390625,2.042378189703111,0.9210416432731878
winding,32,12,30,0.953125,0.390625,2.038067619891553,0.9199993575522368
winding,32,12,31,0.984375,0.390625,2.0400224884673137,0.9141174441571267
winding,32,13,0,0.015625,0.421875,2.0411423798912396,0.8972481163892291
winding,32,13,1,0.046875,0.421875,2.0426958592222833,0.8776889948455183
winding,32,13,2,0.078125,0.421875,2.043115500602773,0.9134185985032226
winding,32,13,3,0.109375,0.421875,2.0420649932122408,0.8791934665469362
winding,32,13,4,0.140625,0.421875,2.0431958022175247,0.8500535012020057
winding,32,13,5,0.171875,0.421875,2.037796265539107,0.8706559002268
winding,32,13,6,0.203125,0.421875,2.0384713041402738,0.8346905583321774
winding,32,13,7,0.234375,0.421875,2.042952811187055,0.8250652928664274
winding,32,13,8,0.265625,0.421875,2.044451523252125,0.8187971349730349
winding,32,13,9,0.296875,0.421875,2.040828940382381,0.816807507033238
winding,32,13,10,0.328125,0.421875,2.0460243344110984,0.8018482322279225
winding,32,13,11,0.359375,0.421875,2.047558898200381,0.8601010179426084
winding,32,13,12,0.390625,0.421875,2.045443792724404,0.8443065882467501
winding,32,13,13,0.421875,0.421875,2.0438354235812493,0.8289005516181492
winding,32,13,14,0.453125,0.421875,2.041153124367432,0.8004039492166556
winding,32,13,15,0.484375,0.421875,2.0373808170670475,0.8076402387489412
winding,32,13,16,0.515625,0.421875,2.036384974889413,0.7972647462678051
winding,32,13,17,0.546875,0.421875,2.036249094628508,0.8563403408815028
winding,32,13,18,0.578125,0.421875,2.039102269156643,0.8574440704550185
winding,32,13,19,0.609375,0.421875,2.0429750686366153,0.8043249349713267
winding,32,13,20,0.640625,0.421875,2.04118794754265,0.7910118957338027
winding,32,13,21,0.671875,0.421875,2.039318957996921,0.803941797741027
winding,32,13,22,0.703125,0.421875,2.037632093464759,0.8361033999962171
winding,32,13,23,0.734375,0.421875,2.0427014283278475,0.8339986098446318
winding,32,13,24,0.765625,0.421875,2.0365738531883735,0.8485249002120643
winding,32,13,25,0.796875,0.421875,2.0416922414095997,0.8438903730734354
winding,32,13,26,0.828125,0.421875,2.0401192100516568,0.8642114781705194
winding,32,13,27,0.859375,0.421875,2.040173652956146,0.8996089955525876
winding,32,13,28,0.890625,0.421875,2.0408943978437284,0.8857426799353406
winding,32,13,29,0.921875,0.421875,2.041570346293811,0.8918725841942644
winding,32,13,30,0.953125,0.421875,2.038748082686888,0.8801417700533882
winding,32,13,31,0.984375,0.421875,2.038462556928579,0.9112947291937913
winding,32,14,0,0.015625,0.453125,2.0442535290801103,0.8980660572057949
winding,32,14,1,0.046875,0.453125,2.0449096860819878,0.8437643873372541
winding,32,14,2,0.078125,0.453125,2.046092709158539,0.8540905101178957
winding,32,14,3,0.109375,0.453125,2.0458040588425668,0.842638317597365
winding,32,14,4,0.140625,0.453125,2.0387038838343763,0.8525526301176806
winding,32,14,5,0.171875,0.453125,2.0402425240524216,0.8438323005190895
winding,32,14,6,0.203125,0.453125,2.0392908595175196,0.8301570147557581
winding,32,14,7,0.234375,0.453125,2.0397389124651153,0.8684502591317114
winding,32,14,8,0.265625,0.453125,2.040220031846118,0.9145344525295949
winding,32,14,9,0.296875,0.453125,2.0442151593535924,0.8787378607498679
winding,32,14,10,0.328125,0.453125,2.049958782321395,0.8490022388417006
winding,32,14,11,0.359375,0.453125,2.0516775837497216,0.8929179881482069
winding,32,14,12,0.390625,0.453125,2.0469342896159586,0.8270865479640528
winding,32,14,13,0.421875,0.453125,2.0422131842165867,0.8497468150933836
winding,32,14,14,0.453125,0.453125,2.0417339642577708,0.84075121618856
winding,32,14,15,0.484375,0.453125,2.0382794866664713,0.796356131728636
winding,32,14,16,0.515625,0.453125,2.036507596566139,0.7808549086805346
winding,32,14,17,0.546875,0.453125,2.0343544511081486,0.8150446245959263
winding,32,14,18,0.578125,0.453125,2.0380336829087486,0.8432260133759101
winding,32,14,19,0.609375,0.453125,2.0416560690915144,0.832147979730547
winding,32,14,20,0.640625,0.453125,2.0370568378005824,0.8157423935619864
winding,32,14,21,0.671875,0.453125,2.0411788283216903,0.8469273077742764
winding,32,14,22,0.703125,0.453125,2.03930660589505,0.8246278160382582
winding,32,14,23,0.734375,0.453125,2.0398319926943955,0.8158807218494398
winding,32,14,24,0.765625,0.453125,2.041111830643945,0.8114243617630224
winding,32,14,25,0.796875,0.453125,2.0404794342368056,0.8517781282154586
winding,32,14,26,0.828125,0.453125,2.04039528083617,0.8285876807474107
winding,32,14,27,0.859375,0.453125,2.039827855469167,0.8551813999205521
winding,32,14,28,0.890625,0.453125,2.0390740156156824,0.9005418609303312
winding,32,14,29,0.921875,0.453125,2.037068516494057,0.9065123302511467
winding,32,14,30,0.953125,0.453125,2.0370901178230327,0.8912879122209749
winding,32,14,31,0.984375,0.453125,2.0403433758542673,0.9271799833186275
winding,32,15,0,0.015625,0.484375,2.041656247790921,0.8980450867178877
winding,32,15,1,0.046875,0.484375,2.0439257325802513,0.8646730059597832
winding,32,15,2,0.078125,0.484375,2.0440267353557164,0.8350244750960663
winding,32,15,3,0.109375,0.484375,2.0427873932138136,0.8545541809265856
winding,32,15,4,0.140625,0.484375,2.0452350152397183,0.8199521434080914
winding,32,15,5,0.171875,0.484375,2.040059125679344,0.8361737160927986
winding,32,15,6,0.203125,0.484375,2.0390682872691355,0.7824854793407754
winding,32,15,7,0.234375,0.484375,2.0391566272342847,0.8531575209176694
winding,32,15,8,0.265625,0.484375,2.0420693909562986,0.9154121872794866
winding,32,15,9,0.296875,0.484375,2.0418664392576003,0.8819820732726678
winding,32,15,10,0.328125,0.484375,2.0421744267683337,0.8813103698945759
winding,32,15,11,0.359375,0.484375,2.0484674234491287,0.8898893060300918
winding,32,15,12,0.390625,0.484375,2.045471606918586,0.879364583744259
winding,32,15,13,0.421875,0.484375,2.043454522664094,0.9054696363241325
winding,32,15,14,0.453125,0.484375,2.040544241730234,0.845109275267955
winding,32,15,15,0.484375,0.484375,2.039074386682819,0.8094111168840704
winding,32,15,16,0.515625,0.484375,2.039827353857451,0.817369036609482
winding,32,15,17,0.546875,0.484375,2.0397656761838854,0.8254587950544564
winding,32,15,18,0.578125,0.484375,2.039375295787522,0.8196387710759335
winding,32,15,19,0.609375,0.484375,2.041221951572652,0.8350461186407007
winding,32,15,20,0.640625,0.484375,2.0401989866568164,0.8318538289518793
winding,32,15,21,0.671875,0.484375,2.040991771993393,0.8764606145300412
winding,32,15,22,0.703125,0.484375,2.0361663097061133,0.8399444840965589
winding,32,15,23,0.734375,0.484375,2.03799177428491,0.7971445660944353
winding,32,15,24,0.765625,0.484375,2.042968246922243,0.8089808260375596
winding,32,15,25,0.796875,0.484375,2.043463960381902,0.796385363557986
winding,32,15,26,0.828125,0.484375,2.039126931368602,0.8065206066299595
winding,32,15,27,0.859375,0.484375,2.040182285657951,0.8546742333910803
winding,32,15,28,0.890625,0.484375,2.036426224386107,0.866743053755135
winding,32,15,29,0.921875,0.484375,2.0370506075330854,0.8867272339641613
winding,32,15,30,0.953125,0.484375,2.040215755717471,0.8710584984826394
winding,32,15,31,0.984375,0.484375,2.0417710230097605,0.895290319544274
winding,32,16,0,0.015625,0.515625,2.0383689628069805,0.8768772435996525
winding,32,16,1,0.046875,0.515625,2.0441635456049743,0.8556140376877246
winding,32,16,2,0.078125,0.515625,2.0431717506080407,0.8698575782087227
winding,32,16,3,0.109375,0.515625,2.0452060660770996,0.8435564570406923
winding,32,16,4,0.140625,0.515625,2.0478511756657243,0.8073568952437841
winding,32,16,5,0.171875,0.515625,2.0462986859008443,0.8190866635989948
winding,32,16,6,0.203125,0.515625,2.0429258023864834,0.7824198673374387
winding,32,16,7,0.234375,0.515625,2.0382293168248684,0.7900814194731254
winding,32,16,8,0.265625,0.515625,2.0373507547547,0.8781222100143681
winding,32,16,9,0.296875,0.515625,2.03628816983588,0.8916771659406814
winding,32,16,10,0.328125,0.515625,2.0412406776963317,0.9224911296620304
winding,32,16,11,0.359375,0.515625,2.0434857859791578,0.9417911213182952
winding,32,16,12,0.390625,0.515625,2.044063187554485,0.8658799787257188
winding,32,16,13,0.421875,0.515625,2.042193554586465,0.9107940751610891
winding,32,16,14,0.453125,0.515625,2.043376861822843,0.887445096723308
winding,32,16,15,0.484375,0.515625,2.038990511285908,0.8580605745486678
winding,32,16,16,0.515625,0.515625,2.044114195229058,0.8020484987966303
winding,32,16,17,0.546875,0.515625,2.043763284540994,0.8183583339213821
winding,32,16,18,0.578125,0.515625,2.0435687853331914,0.8120294383789503
winding,32,16,19,0.609375,0.515625,2.043162370669828,0.8004431621648397
winding,32,16,20,0.640625,0.515625,2.0427956031812546,0.786945935258033
winding,32,16,21,0.671875,0.515625,2.041375667336902,0.8661604869235018
winding,32,16,22,0.703125,0.515625,2.0390537234834265,0.8410720075749811
winding,32,16,23,0.734375,0.515625,2.03714199663746,0.8215915119045206
winding,32,16,24,0.765625,0.515625,2.041313088103778,0.8041049495826282
winding,32,16,25,0.796875,0.515625,2.041273604111036,0.8627606480745457
winding,32,16,26,0.828125,0.515625,2.042298008312243,0.8329642062398467
winding,32,16,27,0.859375,0.515625,2.039488273329577,0.8498293732825647
winding,32,16,28,0.890625,0.515625,2.0370105630690207,0.8585756410202653
winding,32,16,29,0.921875,0.515625,2.036949731794435,0.8772234444670509
winding,32,16,30,0.953125,0.515625,2.035646012403244,0.9345530859008884
winding,32,16,31,0.984375,0.515625,2.0402019580035495,0.8793162600018548
winding,32,17,0,0.015625,0.546875,2.0416551331879096,0.8290307606116282
winding,32,17,1,0.046875,0.546875,2.0419999001660125,0.8367011607557298
winding,32,17,2,0.078125,0.546875,2.0444919878145993,0.8598162003285132
winding,32,17,3,0.109375,0.546875,2.0486827156317564,0.8656871620892507
winding,32,17,4,0.140625,0.546875,2.0494649641197125,0.8702098635894915
winding,32,17,5,0.171875,0.546875,2.0468503141786534,0.810318533476266
winding,32,17,6,0.203125,0.546875,2.0431455860933085,0.8387761893390294
winding,32,17,7,0.234375,0.546875,2.0381617205479783,0.8307814648243239
winding,32,17,8,0.265625,0.546875,2.043327767721878,0.8841079478267436
winding,32,17,9,0.296875,0.546875,2.0386536054152486,0.8710459130161046
winding,32,17,10,0.328125,0.546875,2.0393665132377508,0.8954966915414433
winding,32,17,11,0.359375,0.546875,2.041971027876001,0.8792208428074151
winding,32,17,12,0.390625,0.546875,2.0442883730221455,0.8923561743421861
winding,32,17,13,0.421875,0.546875,2.0450648182705495,0.8666360845539067
winding,32,17,14,0.453125,0.546875,2.0501354930741305,0.8799873464943975
winding,32,17,15,0.484375,0.546875,2.0475790056583314,0.8662474103152603
winding,32,17,16,0.515625,0.546875,2.0474824530378823,0.8053583556513568
winding,32,17,17,0.546875,0.546875,2.0421904034266327,0.790159140263842
winding,32,17,18,0.578125,0.546875,2.0416338954196176,0.7912983046133605
winding,32,17,19,0.609375,0.546875,2.042038913689711,0.8307767621429855
winding,32,17,20,0.640625,0.546875,2.044733532022987,0.8110754152296549
winding,32,17,21,0.671875,0.546875,2.042957298682539,0.8778469328994095
winding,32,17,22,0.703125,0.546875,2.0396816888094715,0.8863016558195369
winding,32,17,23,0.734375,0.546875,2.0370204579040263,0.8305187987107221
winding,32,17,24,0.765625,0.546875,2.0412634692277325,0.7985029486170597
winding,32,17,25,0.796875,0.546875,2.0411766494274572,0.8898310151117276
winding,32,17,26,0.828125,0.546875,2.0422799264556475,0.9239275062977789
winding,32,17,27,0.859375,0.546875,2.041255869826145,0.8877920378661126
winding,32,17,28,0.890625,0.546875,2.0421377274179413,0.8534297562959557
winding,32,17,29,0.921875,0.546875,2.039319468330364,0.8887014908537982
winding,32,17,30,0.953125,0.546875,2.0350733193099058,0.8862964772257356
winding,32,17,31,0.984375,0.546875,2.0439331373199345,0.9178310050984266
winding,32,18,0,0.015625,0.578125,2.041167495162503,0.8231736874628396
winding,32,18,1,0.046875,0.578125,2.04048441284196,0.866195736616349
winding,32,18,2,0.078125,0.578125,2.045750990965816,0.8617090687479357
winding,32,18,3,0.109375,0.578125,2.0500186899387978,0.8315380075721359
winding,32,18,4,0.140625,0.578125,2.051056582664581,0.8392260543817899
winding,32,18,5,0.171875,0.578125,2.0494379491536834,0.816404969162269
winding,32,18,6,0.203125,0.578125,2.0445455370804657,0.8387229042151084
winding,32,18,7,0.234375,0.578125,2.043055232410849,0.8302228871480852
winding,32,18,8,0.265625,0.578125,2.039453039571802,0.8773896663799764
winding,32,18,9,0.296875,0.578125,2.04377218117521,0.8816875257870757
winding,32,18,10,0.328125,0.578125,2.0470664545302015,0.8901201902419166
winding,32,18,11,0.359375,0.578125,2.046316397895177,0.9381075633030683
winding,32,18,12,0.390625,0.578125,2.043616209581541,0.8734213175699667
winding,32,18,13,0.421875,0.578125,2.0438949089067506,0.8435617908498457
winding,32,18,14,0.453125,0.578125,2.047163726472984,0.8141470904771712
winding,32,18,15,0.484375,0.578125,2.044074311767455,0.7903736664355279
winding,32,18,16,0.515625,0.578125,2.048842477669763,0.8407724990375146
winding,32,18,17,0.546875,0.578125,2.0447788682878536,0.8050307885310414
winding,32,18,18,0.578125,0.578125,2.0407858722143506,0.8012556304259504
winding,32,18,19,0.609375,0.578125,2.039990574737986,0.8095399673270802
winding,32,18,20,0.640625,0.578125,2.0403983402805417,0.8594938090312662
winding,32,18,21,0.671875,0.578125,2.0440510205034097,0.811611610405791
winding,32,18,22,0.703125,0.578125,2.0350906537006557,0.8323945382292394
winding,32,18,23,0.734375,0.578125,2.0372584450375046,0.8517271532946863
winding,32,18,24,0.765625,0.578125,2.038788338046204,0.8216962154387287
winding,32,18,25,0.796875,0.578125,2.0399976774828845,0.8885867675868658
winding,32,18,26,0.828125,0.578125,2.0396730146086415,0.9662941710514539
winding,32,18,27,0.859375,0.578125,2.039551640046988,0.9453634401989216
winding,32,18,28,0.890625,0.578125,2.0369522073922224,0.9023835858020157
winding,32,18,29,0.921875,0.578125,2.0387594422612563,0.9068946280234284
winding,32,18,30,0.953125,0.578125,2.033171699720331,0.9265334355606986
winding,32,18,31,0.984375,0.578125,2.041112447204966,0.9305522960244831
winding,32,19,0,0.015625,0.609375,2.045400059691256,0.8880068630101842
winding,32,19,1,0.046875,0.609375,2.045183511242971,0.931088181064295
winding,32,19,2,0.078125,0.609375,2.047976747148595,0.8791693600756031
winding,32,19,3,0.109375,0.609375,2.0482667512679598,0.8707343815958407
winding,32,19,4,0.140625,0.609375,2.0513624710656093,0.8161018504543249
winding,32,19,5,0.171875,0.609375,2.0473931810871213,0.8205282668656729
winding,32,19,6,0.203125,0.609375,2.0482827910618635,0.8468391551660068
winding,32,19,7,0.234375,0.609375,2.0412451264051916,0.8530607561878263
winding,32,19,8,0.265625,0.609375,2.0402511430755843,0.862313187918406
winding,32,19,9,0.296875,0.609375,2.0460675867518106,0.880928764113713
winding,32,19,10,0.328125,0.609375,2.0431658150830616,0.8858748955937777
winding,32,19,11,0.359375,0.609375,2.046998037673038,0.9041864080418501
winding,32,19,12,0.390625,0.609375,2.0436032282638688,0.9117788516374267
winding,32,19,13,0.421875,0.609375,2.043954590158321,0.87065883084499
winding,32,19,14,0.453125,0.609375,2.04679919204511,0.814936705815288
winding,32,19,15,0.484375,0.609375,2.0438256130673196,0.7980533826106079
winding,32,19,16,0.515625,0.609375,2.0434097152057333,0.8063919325657948
winding,32,19,17,0.546875,0.609375,2.042747876031426,0.8135358425559382
winding,32,19,18,0.578125,0.609375,2.0417031123977036,0.789116278741152
winding,32,19,19,0.609375,0.609375,2.039236603238796,0.7916693470140069
winding,32,19,20,0.640625,0.609375,2.037702468384268,0.8338189756705287
winding,32,19,21,0.671875,0.609375,2.03710587370214,0.7848891475729677
winding,32,19,22,0.703125,0.609375,2.0355885701483762,0.8081731804434101
winding,32,19,23,0.734375,0.609375,2.035714868324133,0.829836489339332
winding,32,19,24,0.765625,0.609375,2.0359637540277173,0.8407383120984858
winding,32,19,25,0.796875,0.609375,2.0400069860038847,0.9300099643880487
winding,32,19,26,0.828125,0.609375,2.0385327729478564,0.951718283147459
winding,32,19,27,0.859375,0.609375,2.0387448812460107,0.9124755437756472
winding,32,19,28,0.890625,0.609375,2.0374665912496854,0.9296960635916737
winding,32,19,29,0.921875,0.609375,2.0410274615828277,0.9397062200314981
winding,32,19,30,0.953125,0.609375,2.0434778557917226,0.9588046147231867
winding,32,19,31,0.984375,0.609375,2.0405993499725836,0.9411990561901203
winding,32,20,0,0.015625,0.640625,2.047382334988163,0.9407203298243726
winding,32,20,1,0.046875,0.640625,2.046930454933511,0.9335584555888099
winding,32,20,2,0.078125,0.640625,2.051211822542872,0.8730707008670685
winding,32,20,3,0.109375,0.640625,2.0505910848779836,0.8290471712510851
winding,32,20,4,0.140625,0.640625,2.047744861863776,0.8495890225672782
winding,32,20,5,0.171875,0.640625,2.0496677438310633,0.8417539568196495
winding,32,20,6,0.203125,0.640625,2.0466612225740812,0.8659898291869488
winding,32,20,7,0.234375,0.640625,2.041429910245109,0.8784990244522771
winding,32,20,8,0.265625,0.640625,2.041914071633579,0.9334362229169706
winding,32,20,9,0.296875,0.640625,2.0427370375737772,0.924359250035372
winding,32,20,10,0.328125,0.640625,2.04479001654209,0.9348354689057009
winding,32,20,11,0.359375,0.640625,2.046777648613015,0.9264845764130737
winding,32,20,12,0.390625,0.640625,2.049136866048807,0.9283915153578542
winding,32,20,13,0.421875,0.640625,2.0428023883436324,0.9403634451717265
winding,32,20,14,0.453125,0.640625,2.0466632600910364,0.9019679535075239
winding,32,20,15,0.484375,0.640625,2.043332971409821,0.821316967435871
winding,32,20,16,0.515625,0.640625,2.044164796358266,0.8328526298365001
winding,32,20,17,0.546875,0.640625,2.0430904669497627,0.8342726411687217
winding,32,20,18,0.578125,0.640625,2.0408163326959396,0.7735109484796269
winding,32,20,19,0.609375,0.640625,2.0352189129228098,0.7727939930388662
winding,32,20,20,0.640625,0.640625,2.035196008911072,0.7815235894511018
winding,32,20,21,0.671875,0.640625,2.03420803545475,0.7716722557632593
winding,32,20,22,0.703125,0.640625,2.038483992350105,0.8089259498597445
winding,32,20,23,0.734375,0.640625,2.0328699133188617,0.8345157110577931
winding,32,20,24,0.765625,0.640625,2.043712806070348,0.851572635205681
winding,32,20,25,0.796875,0.640625,2.046149083091231,0.8947096013717557
winding,32,20,26,0.828125,0.640625,2.045108568165999,0.9177095491207449
winding,32,20,27,0.859375,0.640625,2.0403672944829236,0.900945209221546
winding,32,20,28,0.890625,0.640625,2.0441826177617233,0.9650954946048196
winding,32,20,29,0.921875,0.640625,2.0412571809836786,0.9833179318483158
winding,32,20,30,0.953125,0.640625,2.0402340254838056,0.9394650739280953
winding,32,20,31,0.984375,0.640625,2.0434432254201753,0.927982118280357
winding,32,21,0,0.015625,0.671875,2.0448929623981633,0.9515049808423749
winding,32,21,1,0.046875,0.671875,2.046735067266862,0.9190966480867253
winding,32,21,2,0.078125,0.671875,2.04945240162967,0.9010414522051703
winding,32,21,3,0.109375,0.671875,2.0452439477332747,0.8979856949378527
winding,32,21,4,0.140625,0.671875,2.04482700388191,0.876355107541113
winding,32,21,5,0.171875,0.671875,2.0463867315706477,0.8900680531480751
winding,32,21,6,0.203125,0.671875,2.048214226133172,0.9132978320218318
winding,32,21,7,0.234375,0.671875,2.044516131316199,0.9066350034904018
winding,32,21,8,0.265625,0.671875,2.040269568324162,0.9259182548909357
winding,32,21,9,0.296875,0.671875,2.0441094586232254,0.922311199684211
winding,32,21,10,0.328125,0.671875,2.0442111356184203,0.9517195342534803
winding,32,21,11,0.359375,0.671875,2.040649338242776,0.914698831629765
winding,32,21,12,0.390625,0.671875,2.043481565978128,0.9291308534434001
winding,32,21,13,0.421875,0.671875,2.044175526957537,0.9215259288769312
winding,32,21,14,0.453125,0.671875,2.046543193301867,0.8820402573380849
winding,32,21,15,0.484375,0.671875,2.0386172167501937,0.865574092332189
winding,32,21,16,0.515625,0.671875,2.039249087315507,0.8127023829693036
winding,32,21,17,0.546875,0.671875,2.0414352783414738,0.7950118599401205
winding,32,21,18,0.578125,0.671875,2.041720298778677,0.8075543347988714
winding,32,21,19,0.609375,0.671875,2.0379319534524547,0.8154028801256524
winding,32,21,20,0.640625,0.671875,2.0353455345719205,0.8016348652288173
winding,32,21,21,0.671875,0.671875,2.034614468478306,0.8046727158611978
winding,32,21,22,0.703125,0.671875,2.041346080666385,0.8090625379573853
winding,32,21,23,0.734375,0.671875,2.040959932325224,0.8835686504574105
winding,32,21,24,0.765625,0.671875,2.0433301713957737,0.8719180864035581
winding,32,21,25,0.796875,0.671875,2.043935599956776,0.8494711905329312
winding,32,21,26,0.828125,0.671875,2.0513791663002023,0.8902399636495764
winding,32,21,27,0.859375,0.671875,2.0494530445389283,0.9232453012937794
winding,32,21,28,0.890625,0.671875,2.0440830770053267,0.920390398994949
winding,32,21,29,0.921875,0.671875,2.042930781114601,0.953923147772136
winding,32,21,30,0.953125,0.671875,2.0413158921820713,0.9615239756114944
winding,32,21,31,0.984375,0.671875,2.041283572471946,0.9816593856723732
winding,32,22,0,0.015625,0.703125,2.044762360574596,0.9560673146106377
winding,32,22,1,0.046875,0.703125,2.046079912346674,0.9402304605226551
winding,32,22,2,0.078125,0.703125,2.0478235716561284,0.9654821359740415
winding,32,22,3,0.109375,0.703125,2.0464494197952354,0.9601424845458489
winding,32,22,4,0.140625,0.703125,2.043963846862622,0.9250368048327048
winding,32,22,5,0.171875,0.703125,2.042599576625506,0.9306599236377585
winding,32,22,6,0.203125,0.703125,2.04589525010377,0.9203799800837301
winding,32,22,7,0.234375,0.703125,2.0422937628224225,0.9154124267757386
winding,32,22,8,0.265625,0.703125,2.0437459983828634,0.9119356607206441
winding,32,22,9,0.296875,0.703125,2.0451799688097108,0.9189520562152561
winding,32,22,10,0.328125,0.703125,2.0449548258053203,0.9139448798280342
winding,32,22,11,0.359375,0.703125,2.040541999590467,0.9214117535419715
winding,32,22,12,0.390625,0.703125,2.0410362827309494,0.9437512890636427
winding,32,22,13,0.421875,0.703125,2.0384102213066306,0.9238321569614497
winding,32,22,14,0.453125,0.703125,2.04345918130778,0.8625169624883061
winding,32,22,15,0.484375,0.703125,2.0440741456432403,0.8282670887838369
winding,32,22,16,0.515625,0.703125,2.0359429503840882,0.8519365422516699
winding,32,22,17,0.546875,0.703125,2.035513754126819,0.795885579352372
winding,32,22,18,0.578125,0.703125,2.035482760371498,0.8306310028669879
winding,32,22,19,0.609375,0.703125,2.0367890300622546,0.864907670971473
winding,32,22,20,0.640625,0.703125,2.0356084963692354,0.816557418210112
winding,32,22,21,0.671875,0.703125,2.0342998986185923,0.7849701027619073
winding,32,22,22,0.703125,0.703125,2.045417577346768,0.8218853937735445
winding,32,22,23,0.734375,0.703125,2.0429865980088606,0.8734526996509278
winding,32,22,24,0.765625,0.703125,2.0386566587350785,0.8933218827993822
winding,32,22,25,0.796875,0.703125,2.0383401773167846,0.867521388847126
winding,32,22,26,0.828125,0.703125,2.045719802623199,0.9363674327424771
winding,32,22,27,0.859375,0.703125,2.050546385926599,0.9217125279456503
winding,32,22,28,0.890625,0.703125,2.0467906569359817,0.9254784363353346
winding,32,22,29,0.921875,0.703125,2.046620251041959,0.9344848991983493
winding,32,22,30,0.953125,0.703125,2.0427741739777567,1.0053510532059449
winding,32,22,31,0.984375,0.703125,2.0443438984204554,0.9783209807664583
winding,32,23,0,0.015625,0.734375,2.0438484410363347,0.9565349737550143
winding,32,23,1,0.046875,0.734375,2.0414568225076413,0.9742151118298051
winding,32,23,2,0.078125,0.734375,2.0466762038563897,0.9772841020981148
winding,32,23,3,0.109375,0.734375,2.0448143669140166,0.9769482624845103
winding,32,23,4,0.140625,0.734375,2.0459244951895337,0.9835049357869686
winding,32,23,5,0.171875,0.734375,2.041586847271081,0.9430777403728322
winding,32,23,6,0.203125,0.734375,2.03816725549356,0.9561326518768247
winding,32,23,7,0.234375,0.734375,2.042303604567555,0.9260117169648373
winding,32,23,8,0.265625,0.734375,2.042454968449454,0.9190910467391543
winding,32,23,9,0.296875,0.734375,2.041999097451591,0.9278216174559986
winding,32,23,10,0.328125,0.734375,2.0432017414494665,0.9427988894997957
winding,32,23,11,0.359375,0.734375,2.0407096883027713,0.9419636468567777
winding,32,23,12,0.390625,0.734375,2.041672465079508,0.9045791832718643
winding,32,23,13,0.421875,0.734375,2.039509660867787,0.9598569587517024
winding,32,23,14,0.453125,0.734375,2.041002598480627,0.8898256948755495
winding,32,23,15,0.484375,0.734375,2.041164548674129,0.8473198176543462
winding,32,23,16,0.515625,0.734375,2.0405355233857763,0.8111355030895974
winding,32,23,17,0.546875,0.734375,2.0323536585992805,0.8097418677511675
winding,32,23,18,0.578125,0.734375,2.0354852471327645,0.779093976353324
winding,32,23,19,0.609375,0.734375,2.038148457529931,0.776785520027636
winding,32,23,20,0.640625,0.734375,2.036336275425742,0.7492763718264001
winding,32,23,21,0.671875,0.734375,2.040439504222234,0.774064939718461
winding,32,23,22,0.703125,0.734375,2.040899790600462,0.8024439850536971
winding,32,23,23,0.734375,0.734375,2.0396720734274494,0.8487175134716528
winding,32,23,24,0.765625,0.734375,2.0385973465095577,0.9029305321160063
winding,32,23,25,0.796875,0.734375,2.038022474877628,0.8941005537678494
winding,32,23,26,0.828125,0.734375,2.04288747706046,0.9111839117233789
winding,32,23,27,0.859375,0.734375,2.0445619461440314,0.9174360113012106
winding,32,23,28,0.890625,0.734375,2.047051800725088,0.96959548611721
winding,32,23,29,0.921875,0.734375,2.0479502950480035,0.962385882263206
winding,32,23,30,0.953125,0.734375,2.0443387921678027,1.0252614546768808
winding,32,23,31,0.984375,0.734375,2.043609992272909,1.0066500209512672
winding,32,24,0,0.015625,0.765625,2.0446650085564193,1.0338524901951596
winding,32,24,1,0.046875,0.765625,2.04300324469577,1.0190948339831818
winding,32,24,2,0.078125,0.765625,2.0448983623475647,0.9854811221424603
winding,32,24,3,0.109375,0.765625,2.042340574420216,1.0274110957541067
winding,32,24,4,0.140625,0.765625,2.0432413147603143,0.975060772647037
winding,32,24,5,0.171875,0.765625,2.0445541612446934,0.9789858271340872
winding,32,24,6,0.203125,0.765625,2.0407625578305266,0.9911697163356017
winding,32,24,7,0.234375,0.765625,2.0398999060940812,0.9649961362032012
winding,32,24,8,0.265625,0.765625,2.0436533168700453,0.9144932169505827
winding,32,24,9,0.296875,0.765625,2.0394642362120132,0.92088414334203
winding,32,24,10,0.328125,0.765625,2.0318303695631785,0.9284628536823071
winding,32,24,11,0.359375,0.765625,2.039199519767578,0.8786426727076213
winding,32,24,12,0.390625,0.765625,2.0357762693657766,0.874782711524905
winding,32,24,13,0.421875,0.765625,2.036162300804561,0.8660509046123871
winding,32,24,14,0.453125,0.765625,2.0388662131540882,0.8647436822886322
winding,32,24,15,0.484375,0.765625,2.0398893335297887,0.8151578404965328
winding,32,24,16,0.515625,0.765625,2.037226666376323,0.8147789482609961
winding,32,24,17,0.546875,0.765625,2.039087231750724,0.7927980162368917
winding,32,24,18,0.578125,0.765625,2.035522698000042,0.7399936595627378
winding,32,24,19,0.609375,0.765625,2.0353071682979116,0.782188939974589
winding,32,24,20,0.640625,0.765625,2.037937268209733,0.752232655692516
winding,32,24,21,0.671875,0.765625,2.0375692910383933,0.7662685879886989
winding,32,24,22,0.703125,0.765625,2.044867752150753,0.8054345352807594
winding,32,24,23,0.734375,0.765625,2.0384201801513098,0.8403670617646707
winding,32,24,24,0.765625,0.765625,2.0386654976422185,0.8776658815993854
winding,32,24,25,0.796875,0.765625,2.038735158393452,0.8980754009534189
winding,32,24,26,0.828125,0.765625,2.038060220003369,0.9188701405268898
winding,32,24,27,0.859375,0.765625,2.037908741469719,0.9365399546683171
winding,32,24,28,0.890625,0.765625,2.0457092731287307,1.0073087122854343
winding,32,24,29,0.921875,0.765625,2.0475532925743467,1.0016108955695828
winding,32,24,30,0.953125,0.765625,2.04605822931591,1.0549415807028455
winding,32,24,31,0.984375,0.765625,2.044892317127974,1.0408003167867264
winding,32,25,0,0.015625,0.796875,2.0477088687340275,1.0894849112410767
winding,32,25,1,0.046875,0.796875,2.0450360356567248,1.0390071692348186
winding,32,25,2,0.078125,0.796875,2.0437244192162143,1.0412996002608514
winding,32,25,3,0.109375,0.796875,2.0397549281005456,1.013692915233701
winding,32,25,4,0.140625,0.796875,2.0413043145514984,0.9896859524621742
winding,32,25,5,0.171875,0.796875,2.0437417852766093,0.9859808218554461
winding,32,25,6,0.203125,0.796875,2.0386132444075353,1.002379650762635
winding,32,25,7,0.234375,0.796875,2.0404300976605625,0.9481976947813785
winding,32,25,8,0.265625,0.796875,2.0405292118820246,0.9371898597695902
winding,32,25,9,0.296875,0.796875,2.036998745996483,0.9326240413044111
winding,32,25,10,0.328125,0.796875,2.0361153176759132,0.9358360849361421
winding,32,25,11,0.359375,0.796875,2.040597852171095,0.866274771137391
winding,32,25,12,0.390625,0.796875,2.039402832630262,0.8713361087609681
winding,32,25,13,0.421875,0.796875,2.0438078173189753,0.8888778151403299
winding,32,25,14,0.453125,0.796875,2.038573690725204,0.8876383130036637
winding,32,25,15,0.484375,0.796875,2.0402756794977623,0.8403789292174485
winding,32,25,16,0.515625,0.796875,2.041542902014091,0.8287580462018062
winding,32,25,17,0.546875,0.796875,2.035274757634594,0.7832105448386345
winding,32,25,18,0.578125,0.796875,2.0378102632338524,0.777417043352128
winding,32,25,19,0.609375,0.796875,2.035912308430757,0.791575205578941
winding,32,25,20,0.640625,0.796875,2.0353009024280615,0.801222529222993
winding,32,25,21,0.671875,0.796875,2.039211501966752,0.7770423545009687
winding,32,25,22,0.703125,0.796875,2.0412484158794357,0.7935200971576627
winding,32,25,23,0.734375,0.796875,2.0402383279810716,0.8632403162687935
winding,32,25,24,0.765625,0.796875,2.045153567319858,0.9218440105903012
winding,32,25,25,0.796875,0.796875,2.0428101870792608,0.8853058226947943
winding,32,25,26,0.828125,0.796875,2.043273008457737,0.9214673530366447
winding,32,25,27,0.859375,0.796875,2.042067554734646,0.9737131335779684
winding,32,25,28,0.890625,0.796875,2.042185701646003,0.9561397436210877
winding,32,25,29,0.921875,0.796875,2.041820852794007,1.0100464551506905
winding,32,25,30,0.953125,0.796875,2.048493489855133,1.053869376194801
winding,32,25,31,0.984375,0.796875,2.0478461694627557,1.0764274349892842
winding,32,26,0,0.015625,0.828125,2.0507844638054813,1.057805908695822
winding,32,26,1,0.046875,0.828125,2.0494225284452483,1.0199587460667072
winding,32,26,2,0.078125,0.828125,2.0457088852881333,1.0306481101836658
winding,32,26,3,0.109375,0.828125,2.042750434699442,1.0117646891822594
winding,32,26,4,0.140625,0.828125,2.0428210116328533,0.9739245665081745
winding,32,26,5,0.171875,0.828125,2.0435000942078116,0.9942897760577716
winding,32,26,6,0.203125,0.828125,2.0396555586961256,0.9952870825181459
winding,32,26,7,0.234375,0.828125,2.0409249822866293,0.9573284978432216
winding,32,26,8,0.265625,0.828125,2.045183239550538,0.9502397878746582
winding,32,26,9,0.296875,0.828125,2.040454411960562,0.9410426293878968
winding,32,26,10,0.328125,0.828125,2.0408150268491814,0.8818225946316618
winding,32,26,11,0.359375,0.828125,2.044200181328362,0.8674633613187135
winding,32,26,12,0.390625,0.828125,2.039794298635084,0.8811330355395975
winding,32,26,13,0.421875,0.828125,2.0428876064838364,0.8605558315591767
winding,32,26,14,0.453125,0.828125,2.040912023969648,0.8103963366636625
winding,32,26,15,0.484375,0.828125,2.042772035588377,0.8478723420273929
winding,32,26,16,0.515625,0.828125,2.0436318609985684,0.815582291564415
winding,32,26,17,0.546875,0.828125,2.0403547459279427,0.7753828311620272
winding,32,26,18,0.578125,0.828125,2.0403624082549174,0.8017185487793029
winding,32,26,19,0.609375,0.828125,2.0394673783157864,0.7867237032767184
winding,32,26,20,0.640625,0.828125,2.036134193783829,0.8124145408261301
winding,32,26,21,0.671875,0.828125,2.034278990993869,0.8124474605977828
winding,32,26,22,0.703125,0.828125,2.0379661741527793,0.8034216649989226
winding,32,26,23,0.734375,0.828125,2.041435699973609,0.8522735555189781
winding,32,26,24,0.765625,0.828125,2.0401458838296396,0.8940572605663503
winding,32,26,25,0.796875,0.828125,2.0430516006917134,0.9363171349191174
winding,32,26,26,0.828125,0.828125,2.0404677615896416,0.9612360400882385
winding,32,26,27,0.859375,0.828125,2.0437203155334953,0.9665343894003833
winding,32,26,28,0.890625,0.828125,2.041486850964724,0.967023197443229
winding,32,26,29,0.921875,0.828125,2.049475331078052,1.0351011826377075
winding,32,26,30,0.953125,0.828125,2.0485354219637197,1.0376807075472725
winding,32,26,31,0.984375,0.828125,2.050534717453209,1.072147582527301
winding,32,27,0,0.015625,0.859375,2.0492957483704175,1.0956554794113855
winding,32,27,1,0.046875,0.859375,2.046814697727083,1.083924576791396
winding,32,27,2,0.078125,0.859375,2.0466555133783015,1.0579400052229264
winding,32,27,3,0.109375,0.859375,2.0451227997182078,1.0296774123950643
winding,32,27,4,0.140625,0.859375,2.0393090797107543,0.9793173418799667
winding,32,27,5,0.171875,0.859375,2.044694132297495,0.985212887232693
winding,32,27,6,0.203125,0.859375,2.044869810658312,0.9754035143720358
winding,32,27,7,0.234375,0.859375,2.0399267570760475,0.9651253161556221
winding,32,27,8,0.265625,0.859375,2.0422523122420144,0.9905095032305519
winding,32,27,9,0.296875,0.859375,2.036025893492289,0.9520497700241951
winding,32,27,10,0.328125,0.859375,2.037032988690515,0.9322012018483465
winding,32,27,11,0.359375,0.859375,2.0417055589483755,0.8905659496397301
winding,32,27,12,0.390625,0.859375,2.043172324446355,0.8630190640672416
winding,32,27,13,0.421875,0.859375,2.0386459356712483,0.8744765378547837
winding,32,27,14,0.453125,0.859375,2.0433349785785144,0.832292374428841
winding,32,27,15,0.484375,0.859375,2.0421482449992,0.7897088621037721
winding,32,27,16,0.515625,0.859375,2.04097780598271,0.7589326419841211
winding,32,27,17,0.546875,0.859375,2.0379055298620155,0.7789189042861723
winding,32,27,18,0.578125,0.859375,2.0415933392308574,0.7543692592830186
winding,32,27,19,0.609375,0.859375,2.0386721748648853,0.7999124360206573
winding,32,27,20,0.640625,0.859375,2.0416357485586603,0.7640020385954949
winding,32,27,21,0.671875,0.859375,2.042808023269759,0.8011766844678604
winding,32,27,22,0.703125,0.859375,2.0415223352921394,0.7952900421668115
winding,32,27,23,0.734375,0.859375,2.0400927974050846,0.8224024197987383
winding,32,27,24,0.765625,0.859375,2.0353599950513104,0.8591369150845556
winding,32,27,25,0.796875,0.859375,2.0382953441467477,0.9281174996074274
winding,32,27,26,0.828125,0.859375,2.038343987731721,0.9506557773029373
winding,32,27,27,0.859375,0.859375,2.038949322282479,0.9469163189934208
winding,32,27,28,0.890625,0.859375,2.041984266543161,0.9828920466815725
winding,32,27,29,0.921875,0.859375,2.046876271460668,1.037174883333164
winding,32,27,30,0.953125,0.859375,2.0463144059727587,1.0604261266792776
winding,32,27,31,0.984375,0.859375,2.0473067282402666,1.0790865853792688
winding,32,28,0,0.015625,0.890625,2.05441306168648,1.1173433496885583
winding,32,28,1,0.046875,0.890625,2.044352572541476,1.1100954475924516
winding,32,28,2,0.078125,0.890625,2.0479740444200103,1.0905409963855524
winding,32,28,3,0.109375,0.890625,2.0450954178546685,1.0155861823308892
winding,32,28,4,0.140625,0.890625,2.0444338041264722,0.9840092384387497
winding,32,28,5,0.171875,0.890625,2.044788663542141,0.9703832991286586
winding,32,28,6,0.203125,0.890625,2.0421425193957403,0.9755140758821117
winding,32,28,7,0.234375,0.890625,2.044361534554914,0.9598686976111203
winding,32,28,8,0.265625,0.890625,2.0385972120132307,0.9796362179817657
winding,32,28,9,0.296875,0.890625,2.040946800885464,0.9547172410448148
winding,32,28,10,0.328125,0.890625,2.0395040200287426,0.9304997220259992
winding,32,28,11,0.359375,0.890625,2.0366253658204565,0.8833718906208907
winding,32,28,12,0.390625,0.890625,2.0426797944777175,0.8912743126394869
winding,32,28,13,0.421875,0.890625,2.0456388368119245,0.8711888824490615
winding,32,28,14,0.453125,0.890625,2.0474148231435785,0.8922912218189216
winding,32,28,15,0.484375,0.890625,2.046587615023918,0.8155809474441588
winding,32,28,16,0.515625,0.890625,2.0427176118406214,0.7960592955172113
winding,32,28,17,0.546875,0.890625,2.042056406171651,0.8221570312560713
winding,32,28,18,0.578125,0.890625,2.043261430472451,0.817753197102627
winding,32,28,19,0.609375,0.890625,2.0392579841317477,0.7950490379203404
winding,32,28,20,0.640625,0.890625,2.0401435405896677,0.7741637699510532
winding,32,28,21,0.671875,0.890625,2.0432572501739874,0.7788613408483389
winding,32,28,22,0.703125,0.890625,2.0388455342768768,0.7839315192379172
winding,32,28,23,0.734375,0.890625,2.0395290325730433,0.8222427228602599
winding,32,28,24,0.765625,0.890625,2.040008348117061,0.8618731583553952
winding,32,28,25,0.796875,0.890625,2.042968230306634,0.8611437683028086
winding,32,28,26,0.828125,0.890625,2.0425076044461745,0.9005937147799914
winding,32,28,27,0.859375,0.890625,2.040213474905728,0.9294961957863758
winding,32,28,28,0.890625,0.890625,2.039844894689447,0.9543761079558072
winding,32,28,29,0.921875,0.890625,2.0421276716268895,1.0235477071840067
winding,32,28,30,0.953125,0.890625,2.047486887478264,1.0988720603015123
winding,32,28,31,0.984375,0.890625,2.0514783310881195,1.106692962518705
winding,32,29,0,0.015625,0.921875,2.051424571424638,1.1842281655828084
winding,32,29,1,0.046875,0.921875,2.0464609046195523,1.1590095226282917
winding,32,29,2,0.078125,0.921875,2.051491098963149,1.0689282169645182
winding,32,29,3,0.109375,0.921875,2.0519985615798393,1.0105897318849257
winding,32,29,4,0.140625,0.921875,2.0477124029470897,0.9771559262912981
winding,32,29,5,0.171875,0.921875,2.048334038898403,0.9618056801301269
winding,32,29,6,0.203125,0.921875,2.045024066284039,0.9544169273946642
winding,32,29,7,0.234375,0.921875,2.045568499509654,0.9432847784851807
winding,32,29,8,0.265625,0.921875,2.0439206577629583,0.9327873022720242
winding,32,29,9,0.296875,0.921875,2.0401581353393117,0.9147864895545185
winding,32,29,10,0.328125,0.921875,2.042851269505898,0.8788822940794239
winding,32,29,11,0.359375,0.921875,2.0393817869748854,0.8915402633176556
winding,32,29,12,0.390625,0.921875,2.0448788907193083,0.91394953989776
winding,32,29,13,0.421875,0.921875,2.039739803690655,0.9092838175529009
winding,32,29,14,0.453125,0.921875,2.0434490415994375,0.8963160058185838
winding,32,29,15,0.484375,0.921875,2.0454120983755635,0.8349885977742537
winding,32,29,16,0.515625,0.921875,2.047163293485287,0.8444599970722372
winding,32,29,17,0.546875,0.921875,2.043661908621856,0.8291960154769652
winding,32,29,18,0.578125,0.921875,2.046916731894217,0.7948974887766131
winding,32,29,19,0.609375,0.921875,2.044221353180674,0.8346941477134497
winding,32,29,20,0.640625,0.921875,2.0378540193497314,0.8323110150746887
winding,32,29,21,0.671875,0.921875,2.0377211814362908,0.7990530764184051
winding,32,29,22,0.703125,0.921875,2.040500872689914,0.7822308500216462
winding,32,29,23,0.734375,0.921875,2.040678918227923,0.8058293516467305
winding,32,29,24,0.765625,0.921875,2.040127965158591,0.812133604553853
winding,32,29,25,0.796875,0.921875,2.0441508377452933,0.8472066404804092
winding,32,29,26,0.828125,0.921875,2.03994563304727,0.8685954798685428
winding,32,29,27,0.859375,0.921875,2.043225306013132,0.8812022829019014
winding,32,29,28,0.890625,0.921875,2.0401512117020366,0.9057626551677779
winding,32,29,29,0.921875,0.921875,2.0385733712384826,0.9957734581390318
winding,32,29,30,0.953125,0.921875,2.043344965844719,1.0931155035073221
winding,32,29,31,0.984375,0.921875,2.0450253475547693,1.1603547781149333
winding,32,30,0,0.015625,0.953125,2.0493152710429796,1.2086501317070344
winding,32,30,1,0.046875,0.953125,2.045274742810245,1.124752932737042
winding,32,30,2,0.078125,0.953125,2.0490316529544494,1.037392144556502
winding,32,30,3,0.109375,0.953125,2.054249664048705,1.0703603527315175
winding,32,30,4,0.140625,0.953125,2.053897988163985,1.001376594406988
winding,32,30,5,0.171875,0.953125,2.0459322706295953,1.0036242176925738
winding,32,30,6,0.203125,0.953125,2.0447082783159387,0.9791223489537731
winding,32,30,7,0.234375,0.953125,2.046340270250722,0.9482212277743911
winding,32,30,8,0.265625,0.953125,2.0413607728371272,0.8978214707923146
winding,32,30,9,0.296875,0.953125,2.041047304882627,0.9337216205416206
winding,32,30,10,0.328125,0.953125,2.0401733174815813,0.9121051737858341
winding,32,30,11,0.359375,0.953125,2.043652046177924,0.9052166480004251
winding,32,30,12,0.390625,0.953125,2.0433209328820188,0.8748721311363533
winding,32,30,13,0.421875,0.953125,2.039504658157215,0.9094022851899415
winding,32,30,14,0.453125,0.953125,2.041311002325098,0.8795055341701473
winding,32,30,15,0.484375,0.953125,2.0450615281066518,0.8647363203502497
winding,32,30,16,0.515625,0.953125,2.0408939135903057,0.8631955813101074
winding,32,30,17,0.546875,0.953125,2.0464656830018892,0.8558176491708943
winding,32,30,18,0.578125,0.953125,2.046918888822097,0.8633382160979169
winding,32,30,19,0.609375,0.953125,2.043138233715705,0.8594838547929493
winding,32,30,20,0.640625,0.953125,2.044305696825346,0.8271623369409685
winding,32,30,21,0.671875,0.953125,2.041953594440153,0.8418394431773558
winding,32,30,22,0.703125,0.953125,2.04055430366287,0.8024244907162036
winding,32,30,23,0.734375,0.953125,2.0405437510979656,0.7860895510630138
winding,32,30,24,0.765625,0.953125,2.0422623292219706,0.7848734076358653
winding,32,30,25,0.796875,0.953125,2.041384998100314,0.7782161605966964
winding,32,30,26,0.828125,0.953125,2.040471624354528,0.8533327290093665
winding,32,30,27,0.859375,0.953125,2.0422231821743844,0.8300973684759932
winding,32,30,28,0.890625,0.953125,2.0382937311268807,0.8634250755440954
winding,32,30,29,0.921875,0.953125,2.0404799581272184,0.9165981676136749
winding,32,30,30,0.953125,0.953125,2.040622114811912,0.9965150258662958
winding,32,30,31,0.984375,0.953125,2.043139839735891,1.1498995603267077
winding,32,31,0,0.015625,0.984375,2.0478057864756147,1.1226459446154673
winding,32,31,1,0.046875,0.984375,2.047086842372112,1.0350414094536464
winding,32,31,2,0.078125,0.984375,2.046027237798179,1.047420851473144
winding,32,31,3,0.109375,0.984375,2.047541852118272,1.094502717511083
winding,32,31,4,0.140625,0.984375,2.0454238488437193,1.073576327606075
winding,32,31,5,0.171875,0.984375,2.0455099427095136,1.0241997199675341
winding,32,31,6,0.203125,0.984375,2.0458075834998763,0.9647704484215992
winding,32,31,7,0.234375,0.984375,2.044208202324906,0.9505459386013749
winding,32,31,8,0.265625,0.984375,2.044801425095708,0.9553829017939967
winding,32,31,9,0.296875,0.984375,2.0449799507253386,0.9550257255077219
winding,32,31,10,0.328125,0.984375,2.042922220611307,0.9715067632311715
winding,32,31,11,0.359375,0.984375,2.0424614600576585,0.9379665250095122
winding,32,31,12,0.390625,0.984375,2.037953076353014,0.8998711885274252
winding,32,31,13,0.421875,0.984375,2.0364227551263188,0.9279837521349705
winding,32,31,14,0.453125,0.984375,2.0395634941233927,0.9164848920898762
winding,32,31,15,0.484375,0.984375,2.041255359667914,0.8679967051870178
winding,32,31,16,0.515625,0.984375,2.0422536608447857,0.8413788810182523
winding,32,31,17,0.546875,0.984375,2.0448288694972256,0.8548895487558199
winding,32,31,18,0.578125,0.984375,2.0426349500064505,0.8712680460384822
winding,32,31,19,0.609375,0.984375,2.044551429689648,0.8510247851145024
winding,32,31,20,0.640625,0.984375,2.0409538873583615,0.8716371484265174
winding,32,31,21,0.671875,0.984375,2.0441042619152587,0.8529283918785833
winding,32,31,22,0.703125,0.984375,2.042496172222199,0.8766978335704017
winding,32,31,23,0.734375,0.984375,2.0403827493436744,0.8610060741280315
winding,32,31,24,0.765625,0.984375,2.039990394390231,0.8219852738115407
winding,32,31,25,0.796875,0.984375,2.040514497584016,0.7974103115290022
winding,32,31,26,0.828125,0.984375,2.036330581932656,0.8214205241993867
winding,32,31,27,0.859375,0.984375,2.0400936994154097,0.7834804177580684
winding,32,31,28,0.890625,0.984375,2.0395949072840356,0.8115267737581325
winding,32,31,29,0.921875,0.984375,2.040283263353063,0.8182109748983049
winding,32,31,30,0.953125,0.984375,2.0373224838272175,0.8857405272139371
winding,32,31,31,0.984375,0.984375,2.032929571988514,1.0187808536715395
even-odd,8,0,0,0.0625,0.0625,2.0390031215901656,1.1278119658802317
even-odd,8,0,1,0.1875,0.0625,2.0427883331145122,1.073718415691597
even-odd,8,0,2,0.3125,0.0625,2.0412511834106044,0.9406008884796285
even-odd,8,0,3,0.4375,0.0625,2.041906971195584,0.9155580468618966
even-odd,8,0,4,0.5625,0.0625,2.0421486804125197,0.8984632498165236
even-odd,8,0,5,0.6875,0.0625,2.038126198225857,0.853462157668862
even-odd,8,0,6,0.8125,0.0625,2.0427127868176256,0.8385292411218616
even-odd,8,0,7,0.9375,0.0625,2.0399778820878622,1.070267354021644
even-odd,8,1,0,0.0625,0.1875,2.043805215027585,1.1171543467706777
even-odd,8,1,1,0.1875,0.1875,2.0427411763142818,0.951349575495238
even-odd,8,1,2,0.3125,0.1875,2.044672355826239,0.8676644059212114
even-odd,8,1,3,0.4375,0.1875,2.0437181605204353,0.8126027857022585
even-odd,8,1,4,0.5625,0.1875,2.0390394198171964,0.8913587740572068
even-odd,8,1,5,0.6875,0.1875,2.043210081547478,0.7909518594037221
even-odd,8,1,6,0.8125,0.1875,2.042671339006406,0.8862107576638074
even-odd,8,1,7,0.9375,0.1875,2.0387851659217877,1.0231337753629743
even-odd,8,2,0,0.0625,0.3125,2.0409221403384765,1.0246214630217723
even-odd,8,2,1,0.1875,0.3125,2.0350527936160834,0.8825070137772322
even-odd,8,2,2,0.3125,0.3125,2.042962986833903,0.8172564743653613
even-odd,8,2,3,0.4375,0.3125,2.0384924452700566,0.8211724599213731
even-odd,8,2,4,0.5625,0.3125,2.037288710067983,0.8919563419488715
even-odd,8,2,5,0.6875,0.3125,2.034342760619043,0.8292592903229474
even-odd,8,2,6,0.8125,0.3125,2.034832964229735,0.9192894284854698
even-odd,8,2,7,0.9375,0.3125,2.0423436992698165,1.0370729204180047
even-odd,8,3,0,0.0625,0.4375,2.0455704837793762,0.8718696040377022
even-odd,8,3,1,0.1875,0.4375,2.0362006790093594,0.849633217379397
even-odd,8,3,2,0.3125,0.4375,2.0449416342175053,0.8293318025078605
even-odd,8,3,3,0.4375,0.4375,2.04150695475609,0.8120232211687907
even-odd,8,3,4,0.5625,0.4375,2.0363469140350565,0.8065538292470357
even-odd,8,3,5,0.6875,0.4375,2.0397899489928952,0.819968241775228
even-odd,8,3,6,0.8125,0.4375,2.037002896716818,0.8486950321608647
even-odd,8,3,7,0.9375,0.4375,2.0411867199675453,0.906706382936632
even-odd,8,4,0,0.0625,0.5625,2.045978381808367,0.8387623710965949
even-odd,8,4,1,0.1875,0.5625,2.044494863748237,0.8204708920122253
even-odd,8,4,2,0.3125,0.5625,2.043189098798392,0.8752827367164281
even-odd,8,4,3,0.4375,0.5625,2.0476827326080236,0.8446850778854295
even-odd,8,4,4,0.5625,0.5625,2.0434769544708655,0.8069427681372404
even-odd,8,4,5,0.6875,0.5625,2.039439243352712,0.8408351530808797
even-odd,8,4,6,0.8125,0.5625,2.039871796838807,0.9093547690257037
even-odd,8,4,7,0.9375,0.5625,2.03957276724408,0.9179228718829942
even-odd,8,5,0,0.0625,0.6875,2.048021146503404,0.9575377185332541
even-odd,8,5,1,0.1875,0.6875,2.044982113783813,0.924639260005196
even-odd,8,5,2,0.3125,0.6875,2.0430116212104488,0.9319946644331285
even-odd,8,5,3,0.4375,0.6875,2.0449623447576566,0.9100121630704714
even-odd,8,5,4,0.5625,0.6875,2.040466726104487,0.8284388976050492
even-odd,8,5,5,0.6875,0.6875,2.0404552230218864,0.795518976770354
even-odd,8,5,6,0.8125,0.6875,2.0454194227759603,0.8865738932919477
even-odd,8,5,7,0.9375,0.6875,2.0392879069468353,0.9457465859663045
even-odd,8,6,0,0.0625,0.8125,2.047961055278176,1.0165412385844659
even-odd,8,6,1,0.1875,0.8125,2.0403141706420946,0.9645534802502178
even-odd,8,6,2,0.3125,0.8125,2.0420864418945035,0.9116231363663166
even-odd,8,6,3,0.4375,0.8125,2.0434538998514125,0.8739219962272635
even-odd,8,6,4,0.5625,0.8125,2.039173543231441,0.7977712157965057
even-odd,8,6,5,0.6875,0.8125,2.0385302596813113,0.7850950975380252
even-odd,8,6,6,0.8125,0.8125,2.044573211666451,0.9367665394339443
even-odd,8,6,7,0.9375,0.8125,2.042834921563838,1.0056392692248486
even-odd,8,7,0,0.0625,0.9375,2.050548036380023,1.1428391205227195
even-odd,8,7,1,0.1875,0.9375,2.045410490269934,0.9886847417085391
even-odd,8,7,2,0.3125,0.9375,2.0433842601550576,0.9148694125312433
even-odd,8,7,3,0.4375,0.9375,2.038771300011809,0.8671492021038563
even-odd,8,7,4,0.5625,0.9375,2.0475438029325677,0.8536845097271354
even-odd,8,7,5,0.6875,0.9375,2.043141252148636,0.826440343244276
even-odd,8,7,6,0.8125,0.9375,2.0437120797481767,0.8582613733466401
even-odd,8,7,7,0.9375,0.9375,2.043166945623192,1.0179419805664236
even-odd,16,0,0,0.03125,0.03125,2.041205392641315,1.1461723159506552
even-odd,16,0,1,0.09375,0.03125,2.046470841143765,1.1183583759376292
even-odd,16,0,2,0.15625,0.03125,2.0447747476969886,1.0169432768123587
even-odd,16,0,3,0.21875,0.03125,2.0470122176820493,1.0115733908641185
even-odd,16,0,4,0.28125,0.03125,2.0413498552807545,0.993940875344432
even-odd,16,0,5,0.34375,0.03125,2.040398766433788,0.940446726340148
even-odd,16,0,6,0.40625,0.03125,2.045294369669299,0.9277543979241663
even-odd,16,0,7,0.46875,0.03125,2.0440669313868813,0.9124136639463801
even-odd,16,0,8,0.53125,0.03125,2.046021418926831,0.8581820566107318
even-odd,16,0,9,0.59375,0.03125,2.0442116703682838,0.8620354284504832
even-odd,16,0,10,0.65625,0.03125,2.042971683334242,0.8675152389716128
even-odd,16,0,11,0.71875,0.03125,2.0419209444300637,0.8422040283271762
even-odd,16,0,12,0.78125,0.03125,2.044322597464889,0.8041527177559892
even-odd,16,0,13,0.84375,0.03125,2.035841019693327,0.8039572301864172
even-odd,16,0,14,0.90625,0.03125,2.040161582582381,0.8957522929759073
even-odd,16,0,15,0.96875,0.03125,2.035577473073787,1.0511057679813853
even-odd,16,1,0,0.03125,0.09375,2.0448175551963566,1.1459086957954734
even-odd,16,1,1,0.09375,0.09375,2.0380719534736467,1.0965267771914384
even-odd,16,1,2,0.15625,0.09375,2.039926382706066,1.0583965881023636
even-odd,16,1,3,0.21875,0.09375,2.0423713240497556,1.0151030334092492
even-odd,16,1,4,0.28125,0.09375,2.041262428221611,0.9757341799965068
even-odd,16,1,5,0.34375,0.09375,2.038273100326126,0.885829055548892
even-odd,16,1,6,0.40625,0.09375,2.0357909526677167,0.8813189645269404
even-odd,16,1,7,0.46875,0.09375,2.0435921157071197,0.8823816181877701
even-odd,16,1,8,0.53125,0.09375,2.0451391767478397,0.9381062177449851
even-odd,16,1,9,0.59375,0.09375,2.036742603573498,0.9335284150781397
even-odd,16,1,10,0.65625,0.09375,2.0359393823955707,0.8597984270972917
even-odd,16,1,11,0.71875,0.09375,2.04202548679652,0.8972186897775306
even-odd,16,1,12,0.78125,0.09375,2.0448059279073014,0.8361714315688396
even-odd,16,1,13,0.84375,0.09375,2.04353056091379,0.9002464606217377
even-odd,16,1,14,0.90625,0.09375,2.039316521035362,0.9692383164608543
even-odd,16,1,15,0.96875,0.09375,2.042988961820483,1.1011033046583307
even-odd,16,2,0,0.03125,0.15625,2.0453438593341877,1.0731745296523851
even-odd,16,2,1,0.09375,0.15625,2.0410249399194282,1.030109437889596
even-odd,16,2,2,0.15625,0.15625,2.0444289518193206,0.989773070412247
even-odd,16,2,3,0.21875,0.15625,2.0449478995951607,0.9449290817667547
even-odd,16,2,4,0.28125,0.15625,2.045030193502345,0.9665195767731166
even-odd,16,2,5,0.34375,0.15625,2.0425297680458203,0.8407354893778818
even-odd,16,2,6,0.40625,0.15625,2.0380592316792634,0.8467060643239565
even-odd,16,2,7,0.46875,0.15625,2.0394200818834674,0.8362931623464506
even-odd,16,2,8,0.53125,0.15625,2.040344596048208,0.8668530738040152
even-odd,16,2,9,0.59375,0.15625,2.0390537164771882,0.9074714652194484
even-odd,16,2,10,0.65625,0.15625,2.038469214222058,0.8548260288338277
even-odd,16,2,11,0.71875,0.15625,2.0380693858043144,0.8068149607704163
even-odd,16,2,12,0.78125,0.15625,2.0414461406416926,0.8873387973228448
even-odd,16,2,13,0.84375,0.15625,2.04084459987716,0.9211692073408865
even-odd,16,2,14,0.90625,0.15625,2.042248501742322,1.0294786443586463
even-odd,16,2,15,0.96875,0.15625,2.040197621674522,1.0551974509095423
even-odd,16,3,0,0.03125,0.21875,2.0407429863825644,1.0537668237840478
even-odd,16,3,1,0.09375,0.21875,2.035954992970989,1.0414764101654315
even-odd,16,3,2,0.15625,0.21875,2.0358400305235045,0.9559894052946821
even-odd,16,3,3,0.21875,0.21875,2.041579760807291,0.9199584245341185
even-odd,16,3,4,0.28125,0.21875,2.038812410463173,0.8683751657173929
even-odd,16,3,5,0.34375,0.21875,2.042576201425559,0.8169787684120112
even-odd,16,3,6,0.40625,0.21875,2.0450165909362834,0.8669696681597329
even-odd,16,3,7,0.46875,0.21875,2.0424456797593904,0.88072516906514
even-odd,16,3,8,0.53125,0.21875,2.037638893442856,0.8915712720687913
even-odd,16,3,9,0.59375,0.21875,2.038744960193375,0.835284189586674
even-odd,16,3,10,0.65625,0.21875,2.0392490398463057,0.8066714131973546
even-odd,16,3,11,0.71875,0.21875,2.0424777066347715,0.7934737487348148
even-odd,16,3,12,0.78125,0.21875,2.040855921072937,0.8708768266083492
even-odd,16,3,13,0.84375,0.21875,2.0416663908474177,0.908914925297989
even-odd,16,3,14,0.90625,0.21875,2.038307913735381,1.01396785248589
even-odd,16,3,15,0.96875,0.21875,2.041860821750873,0.988241648121762
even-odd,16,4,0,0.03125,0.28125,2.039149037533342,1.0775261793491053
even-odd,16,4,1,0.09375,0.28125,2.036870328201015,1.004950749981785
even-odd,16,4,2,0.15625,0.28125,2.0331704615988815,0.9116294369381809
even-odd,16,4,3,0.21875,0.28125,2.0402418247350984,0.8542622409647
even-odd,16,4,4,0.28125,0.28125,2.036748023222627,0.7929617008768082
even-odd,16,4,5,0.34375,0.28125,2.042045809136124,0.8254331457194826
even-odd,16,4,6,0.40625,0.28125,2.0452364730887664,0.8075685632087987
even-odd,16,4,7,0.46875,0.28125,2.0343922704284836,0.8208559173850088
even-odd,16,4,8,0.53125,0.28125,2.0380478589638913,0.8480315579407862
even-odd,16,4,9,0.59375,0.28125,2.0342995822332512,0.8585279080711828
even-odd,16,4,10,0.65625,0.28125,2.0358532567336267,0.8099931267104373
even-odd,16,4,11,0.71875,0.28125,2.0403196904667813,0.8027618459063012
even-odd,16,4,12,0.78125,0.28125,2.035143185416836,0.8587053934684095
even-odd,16,4,13,0.84375,0.28125,2.0401723748154645,0.9335073109992846
even-odd,16,4,14,0.90625,0.28125,2.03721604214572,0.9495502544709001
even-odd,16,4,15,0.96875,0.28125,2.0382291620954205,1.0415011176181437
even-odd,16,5,0,0.03125,0.34375,2.0422128460866475,1.0351396367310244
even-odd,16,5,1,0.09375,0.34375,2.038163509355187,0.9481581521807132
even-odd,16,5,2,0.15625,0.34375,2.0372037741879647,0.8960085008455104
even-odd,16,5,3,0.21875,0.34375,2.0385503011342556,0.8390863552133934
even-odd,16,5,4,0.28125,0.34375,2.0406504234762215,0.769982797682346
even-odd,16,5,5,0.34375,0.34375,2.0467154845718705,0.798993802763705
even-odd,16,5,6,0.40625,0.34375,2.043976706596806,0.8002506083923739
even-odd,16,5,7,0.46875,0.34375,2.044608992932982,0.8369956120515538
even-odd,16,5,8,0.53125,0.34375,2.0366614509822605,0.8157016626738596
even-odd,16,5,9,0.59375,0.34375,2.0427849545489702,0.867639734249996
even-odd,16,5,10,0.65625,0.34375,2.036253461508173,0.8487164845880258
even-odd,16,5,11,0.71875,0.34375,2.0349964832012812,0.8161438074703166
even-odd,16,5,12,0.78125,0.34375,2.0377554763150942,0.877386931840948
even-odd,16,5,13,0.84375,0.34375,2.039657488079565,0.899069853565123
even-odd,16,5,14,0.90625,0.34375,2.037766271454916,0.8804541069944859
even-odd,16,5,15,0.96875,0.34375,2.03761551039246,0.9871652435348754
even-odd,16,6,0,0.03125,0.40625,2.041826547693373,0.889579037199613
even-odd,16,6,1,0.09375,0.40625,2.041321133486228,0.9051483000499662
even-odd,16,6,2,0.15625,0.40625,2.0375709160713646,0.8580985188583353
even-odd,16,6,3,0.21875,0.40625,2.0397162125748647,0.8555767536364215
even-odd,16,6,4,0.28125,0.40625,2.0419156818203996,0.8819460183672962
even-odd,16,6,5,0.34375,0.40625,2.043810513782036,0.8150540271478127
even-odd,16,6,6,0.40625,0.40625,2.043191545461057,0.8693916111891258
even-odd,16,6,7,0.46875,0.40625,2.0388810975175944,0.8170098571146776
even-odd,16,6,8,0.53125,0.40625,2.038370066949155,0.8108371088011074
even-odd,16,6,9,0.59375,0.40625,2.0441489950126326,0.8378745815705186
even-odd,16,6,10,0.65625,0.40625,2.043566314683193,0.8022280728809957
even-odd,16,6,11,0.71875,0.40625,2.0375039950624863,0.8162202626124162
even-odd,16,6,12,0.78125,0.40625,2.0377316028101213,0.8486815591277274
even-odd,16,6,13,0.84375,0.40625,2.0381707123717345,0.8894233394915784
even-odd,16,6,14,0.90625,0.40625,2.042198075816725,0.8923836675793195
even-odd,16,6,15,0.96875,0.40625,2.0399180115987865,0.8885101347123022
even-odd,16,7,0,0.03125,0.46875,2.046297002414256,0.8657164389874824
even-odd,16,7,1,0.09375,0.46875,2.0441333314444146,0.8736034367297202
even-odd,16,7,2,0.15625,0.46875,2.041214346533302,0.8311572772260925
even-odd,16,7,3,0.21875,0.46875,2.0391177477181865,0.8537993275456554
even-odd,16,7,4,0.28125,0.46875,2.040617489992752,0.9105041642110413
even-odd,16,7,5,0.34375,0.46875,2.042519634512888,0.9227870592434524
even-odd,16,7,6,0.40625,0.46875,2.044169457982718,0.8662301750355152
even-odd,16,7,7,0.46875,0.46875,2.039767279644079,0.8278927221834467
even-odd,16,7,8,0.53125,0.46875,2.0376038808515595,0.8089076579764566
even-odd,16,7,9,0.59375,0.46875,2.040903347773098,0.8436561298216287
even-odd,16,7,10,0.65625,0.46875,2.045199505108593,0.8507837646686021
even-odd,16,7,11,0.71875,0.46875,2.0347936555105703,0.8098825685050465
even-odd,16,7,12,0.78125,0.46875,2.0428384559620523,0.8327578836438434
even-odd,16,7,13,0.84375,0.46875,2.0409160423023405,0.8257025449432613
even-odd,16,7,14,0.90625,0.46875,2.0372394973143533,0.8947628513083891
even-odd,16,7,15,0.96875,0.46875,2.043330911891328,0.9215555791898503
even-odd,16,8,0,0.03125,0.53125,2.04332183670419,0.8664072525300828
even-odd,16,8,1,0.09375,0.53125,2.0455236506175836,0.8640500608275246
even-odd,16,8,2,0.15625,0.53125,2.046867273961555,0.8306803164315039
even-odd,16,8,3,0.21875,0.53125,2.0390395289115966,0.8193553326146737
even-odd,16,8,4,0.28125,0.53125,2.041283024113776,0.8797015244021233
even-odd,16,8,5,0.34375,0.53125,2.043395155015464,0.8947309093564724
even-odd,16,8,6,0.40625,0.53125,2.0421245201475653,0.8673745673384343
even-odd,16,8,7,0.46875,0.53125,2.0477553028000894,0.8695318462656597
even-odd,16,8,8,0.53125,0.53125,2.0448692449329307,0.7905281233194875
even-odd,16,8,9,0.59375,0.53125,2.041812106534262,0.8385996542024811
even-odd,16,8,10,0.65625,0.53125,2.041347772453712,0.8481714195399165
even-odd,16,8,11,0.71875,0.53125,2.0391323917454964,0.8557384042246334
even-odd,16,8,12,0.78125,0.53125,2.0392911574193513,0.8306226786392584
even-odd,16,8,13,0.84375,0.53125,2.0409952267724396,0.8901671041914286
even-odd,16,8,14,0.90625,0.53125,2.038426445008221,0.8892679783787351
even-odd,16,8,15,0.96875,0.53125,2.038852628604339,0.9225820399829706
even-odd,16,9,0,0.03125,0.59375,2.047654043657125,0.8644959314595017
even-odd,16,9,1,0.09375,0.59375,2.048427872306618,0.8748086397538563
even-odd,16,9,2,0.15625,0.59375,2.049170199208692,0.8185608534807821
even-odd,16,9,3,0.21875,0.59375,2.0435390058853837,0.8607845629394412
even-odd,16,9,4,0.28125,0.59375,2.0413483498079987,0.9084410523240508
even-odd,16,9,5,0.34375,0.59375,2.0473414640120104,0.9020776211200262
even-odd,16,9,6,0.40625,0.59375,2.048563659251506,0.8897425613388643
even-odd,16,9,7,0.46875,0.59375,2.0483395713531967,0.8122143269939105
even-odd,16,9,8,0.53125,0.59375,2.0411771017840032,0.8230215733422165
even-odd,16,9,9,0.59375,0.59375,2.041969562097417,0.7999546670102454
even-odd,16,9,10,0.65625,0.59375,2.039705734485579,0.8208536786644092
even-odd,16,9,11,0.71875,0.59375,2.033820055336134,0.8377166307865115
even-odd,16,9,12,0.78125,0.59375,2.0409050434868563,0.8893271321515598
even-odd,16,9,13,0.84375,0.59375,2.0427277690918983,0.9812745638754955
even-odd,16,9,14,0.90625,0.59375,2.0374700333021507,0.9151043954823349
even-odd,16,9,15,0.96875,0.59375,2.0399048477044373,0.924130661819533
even-odd,16,10,0,0.03125,0.65625,2.0506081300264367,0.9533504720165199
even-odd,16,10,1,0.09375,0.65625,2.0506697344929985,0.8569641832014686
even-odd,16,10,2,0.15625,0.65625,2.045979224812994,0.8794230371986096
even-odd,16,10,3,0.21875,0.65625,2.0451350508801447,0.883041749497611
even-odd,16,10,4,0.28125,0.65625,2.0452268973467587,0.9598715262524268
even-odd,16,10,5,0.34375,0.65625,2.0475916444231523,0.9726650149073238
even-odd,16,10,6,0.40625,0.65625,2.044316222206478,0.8907689899156916
even-odd,16,10,7,0.46875,0.65625,2.0432610788425096,0.8933269324446442
even-odd,16,10,8,0.53125,0.65625,2.0387457085432046,0.8504087184262676
even-odd,16,10,9,0.59375,0.65625,2.039919152003639,0.792486089400971
even-odd,16,10,10,0.65625,0.65625,2.0389433296344124,0.7801721141025615
even-odd,16,10,11,0.71875,0.65625,2.037177068207281,0.8428819290042342
even-odd,16,10,12,0.78125,0.65625,2.0427392154691293,0.8948783697806718
even-odd,16,10,13,0.84375,0.65625,2.046366926589595,0.9057083168019697
even-odd,16,10,14,0.90625,0.65625,2.0427253317888683,0.9454115173488011
even-odd,16,10,15,0.96875,0.65625,2.041489891620555,0.9522652991933275
even-odd,16,11,0,0.03125,0.71875,2.042365260845683,0.9767056258791583
even-odd,16,11,1,0.09375,0.71875,2.045510787927124,0.9867828366492842
even-odd,16,11,2,0.15625,0.71875,2.042076630842059,0.940067238392834
even-odd,16,11,3,0.21875,0.71875,2.0436336693894424,0.9112185656793899
even-odd,16,11,4,0.28125,0.71875,2.044861434561849,0.9222148184949063
even-odd,16,11,5,0.34375,0.71875,2.0421615684910015,0.9171316718386026
even-odd,16,11,6,0.40625,0.71875,2.0419118625930306,0.9296903803317872
even-odd,16,11,7,0.46875,0.71875,2.043667279335899,0.9003682979850055
even-odd,16,11,8,0.53125,0.71875,2.037787293342112,0.8422993556309223
even-odd,16,11,9,0.59375,0.71875,2.0362106168453606,0.7987573029115177
even-odd,16,11,10,0.65625,0.71875,2.0385636260160163,0.7599089341346926
even-odd,16,11,11,0.71875,0.71875,2.0432893486072596,0.8538524780538547
even-odd,16,11,12,0.78125,0.71875,2.0384644115093358,0.8774684377462538
even-odd,16,11,13,0.84375,0.71875,2.044916848361819,0.9485792342342347
even-odd,16,11,14,0.90625,0.71875,2.0494255115266133,0.9314679317673072
even-odd,16,11,15,0.96875,0.71875,2.043119878347643,1.0130323411273359
even-odd,16,12,0,0.03125,0.78125,2.042935148590092,1.043266647261609
even-odd,16,12,1,0.09375,0.78125,2.043216040656563,0.9817778554436255
even-odd,16,12,2,0.15625,0.78125,2.0461632687560987,0.9679810171008024
even-odd,16,12,3,0.21875,0.78125,2.0417723129646483,0.9674802195573525
even-odd,16,12,4,0.28125,0.78125,2.041113028313636,0.902224913293887
even-odd,16,12,5,0.34375,0.78125,2.037172932459115,0.8927107329594522
even-odd,16,12,6,0.40625,0.78125,2.0368494877581793,0.8717968367757548
even-odd,16,12,7,0.46875,0.78125,2.0435673583298857,0.8556423724931559
even-odd,16,12,8,0.53125,0.78125,2.0402246422044104,0.7853851759894473
even-odd,16,12,9,0.59375,0.78125,2.034408994330879,0.7638730375138904
even-odd,16,12,10,0.65625,0.78125,2.0382340756873214,0.7560928165084247
even-odd,16,12,11,0.71875,0.78125,2.0408701518678414,0.8455997555004596
even-odd,16,12,12,0.78125,0.78125,2.041598812240229,0.9141329868753574
even-odd,16,12,13,0.84375,0.78125,2.03921253835285,0.9183734716575737
even-odd,16,12,14,0.90625,0.78125,2.044773084230571,1.0092343644962112
even-odd,16,12,15,0.96875,0.78125,2.0452971918185083,1.0556213390087599
even-odd,16,13,0,0.03125,0.84375,2.048290853237016,1.080233347459855
even-odd,16,13,1,0.09375,0.84375,2.044021689785574,1.0261402267586373
even-odd,16,13,2,0.15625,0.84375,2.0387991616489236,0.9635699147861948
even-odd,16,13,3,0.21875,0.84375,2.0412979960821467,0.9884074421811321
even-odd,16,13,4,0.28125,0.84375,2.0398891732189655,0.983341768667401
even-odd,16,13,5,0.34375,0.84375,2.0373849112816385,0.8979957278929652
even-odd,16,13,6,0.40625,0.84375,2.0411340727463902,0.8762436486802727
even-odd,16,13,7,0.46875,0.84375,2.0405832381356395,0.8343521543484628
even-odd,16,13,8,0.53125,0.84375,2.0416397079973656,0.7887942301978822
even-odd,16,13,9,0.59375,0.84375,2.038781048724238,0.7950597176072242
even-odd,16,13,10,0.65625,0.84375,2.039648128967929,0.8317669701324507
even-odd,16,13,11,0.71875,0.84375,2.0418060919275636,0.8060809332435422
even-odd,16,13,12,0.78125,0.84375,2.0383351718339227,0.9008112600587812
even-odd,16,13,13,0.84375,0.84375,2.043851726177365,0.9591700823338795
even-odd,16,13,14,0.90625,0.84375,2.0433650404260937,0.9913187118385176
even-odd,16,13,15,0.96875,0.84375,2.048407447743537,1.032252960265367
even-odd,16,14,0,0.03125,0.90625,2.0477252877951373,1.1510459100853854
even-odd,16,14,1,0.09375,0.90625,2.0508522781758383,1.0515409174741746
even-odd,16,14,2,0.15625,0.90625,2.0438942060748135,0.9953611906453045
even-odd,16,14,3,0.21875,0.90625,2.043517160800366,0.9325356331484692
even-odd,16,14,4,0.28125,0.90625,2.0410371443962347,0.9323220670239708
even-odd,16,14,5,0.34375,0.90625,2.0426127842464648,0.8750936545466992
even-odd,16,14,6,0.40625,0.90625,2.040888172368472,0.8926585680398113
even-odd,16,14,7,0.46875,0.90625,2.049398130395152,0.8656853773912595
even-odd,16,14,8,0.53125,0.90625,2.046087631155623,0.851639254995021
even-odd,16,14,9,0.59375,0.90625,2.045343169333796,0.8199253451169263
even-odd,16,14,10,0.65625,0.90625,2.0430074602089805,0.8240229029224236
even-odd,16,14,11,0.71875,0.90625,2.0412852341934267,0.8090139994269508
even-odd,16,14,12,0.78125,0.90625,2.040941413430768,0.8320965982387691
even-odd,16,14,13,0.84375,0.90625,2.041264833452373,0.8918054075887097
even-odd,16,14,14,0.90625,0.90625,2.0445979606209717,0.9909382238196209
even-odd,16,14,15,0.96875,0.90625,2.050452431640998,1.0997173838064056
even-odd,16,15,0,0.03125,0.96875,2.049621001104503,1.1321765532895378
even-odd,16,15,1,0.09375,0.96875,2.051068617279403,1.0444450356700965
even-odd,16,15,2,0.15625,0.96875,2.049419700310999,1.0261204743097527
even-odd,16,15,3,0.21875,0.96875,2.0456649683014194,0.9829106656039114
even-odd,16,15,4,0.28125,0.96875,2.04810712640125,0.935906605191
even-odd,16,15,5,0.34375,0.96875,2.0435323392193876,0.9196328925169005
even-odd,16,15,6,0.40625,0.96875,2.042876777522167,0.903303108088136
even-odd,16,15,7,0.46875,0.96875,2.0417912405580223,0.9090999255451795
even-odd,16,15,8,0.53125,0.96875,2.0460588231292696,0.908173841601131
even-odd,16,15,9,0.59375,0.96875,2.0476781880709676,0.8795099995071584
even-odd,16,15,10,0.65625,0.96875,2.042339811085062,0.8190825214498396
even-odd,16,15,11,0.71875,0.96875,2.0434246550581263,0.8433493531017451
even-odd,16,15,12,0.78125,0.96875,2.0445373719923845,0.7968649803210383
even-odd,16,15,13,0.84375,0.96875,2.039196071060808,0.8075806613975489
even-odd,16,15,14,0.90625,0.96875,2.0461640222401454,0.8204508430878058
even-odd,16,15,15,0.96875,0.96875,2.0376380581712707,1.030187353329686
even-odd,32,0,0,0.015625,0.015625,2.0429180341270863,1.1712361079005524
even-odd,32,0,1,0.046875,0.015625,2.0450455463886077,1.0815841950944154
even-odd,32,0,2,0.078125,0.015625,2.0442417006848945,1.0554071564903393
even-odd,32,0,3,0.109375,0.015625,2.0442062436295925,1.0734703689269989
even-odd,32,0,4,0.140625,0.015625,2.0445352581829392,1.070915162889424
even-odd,32,0,5,0.171875,0.015625,2.0453953364095425,1.0027826658907177
even-odd,32,0,6,0.203125,0.015625,2.046498090010968,0.9957599173782961
even-odd,32,0,7,0.234375,0.015625,2.0418815587298274,0.9881510601768636
even-odd,32,0,8,0.265625,0.015625,2.0439961805434588,0.9737058905247503
even-odd,32,0,9,0.296875,0.015625,2.0434988737173367,0.9762791646708971
even-odd,32,0,10,0.328125,0.015625,2.04242593039444,0.9665927765951879
even-odd,32,0,11,0.359375,0.015625,2.0431216305356266,0.9411600821203295
even-odd,32,0,12,0.390625,0.015625,2.047433612986735,0.9131450630692076
even-odd,32,0,13,0.421875,0.015625,2.0432686167971856,0.916842853966234
even-odd,32,0,14,0.453125,0.015625,2.046439184713042,0.929410899137712
even-odd,32,0,15,0.484375,0.015625,2.0411777666226176,0.892000794639717
even-odd,32,0,16,0.515625,0.015625,2.044732364982476,0.8909195637453081
even-odd,32,0,17,0.546875,0.015625,2.043743152978556,0.8500595410326967
even-odd,32,0,18,0.578125,0.015625,2.0480687902586125,0.841135296826273
even-odd,32,0,19,0.609375,0.015625,2.0411678193024314,0.8421396192659666
even-odd,32,0,20,0.640625,0.015625,2.039463003917622,0.8393381469458671
even-odd,32,0,21,0.671875,0.015625,2.0430641389577358,0.8613433134255356
even-odd,32,0,22,0.703125,0.015625,2.0445383878699483,0.8850110058955883
even-odd,32,0,23,0.734375,0.015625,2.043163986865824,0.8434300671547525
even-odd,32,0,24,0.765625,0.015625,2.0419715687567157,0.8240461628856659
even-odd,32,0,25,0.796875,0.015625,2.038046850226748,0.8437937651358087
even-odd,32,0,26,0.828125,0.015625,2.038698861652039,0.8082765928596146
even-odd,32,0,27,0.859375,0.015625,2.0421126586550415,0.8225437651569535
even-odd,32,0,28,0.890625,0.015625,2.039796066647528,0.8186107381683866
even-odd,32,0,29,0.921875,0.015625,2.0378557588877757,0.8537507580200264
even-odd,32,0,30,0.953125,0.015625,2.039989343337832,0.9123854487245713
even-odd,32,0,31,0.984375,0.015625,2.03785857956416,1.0402172330987147
even-odd,32,1,0,0.015625,0.046875,2.0432395075952567,1.1298803518731602
even-odd,32,1,1,0.046875,0.046875,2.0435659147861522,1.141299593553599
even-odd,32,1,2,0.078125,0.046875,2.0420315834538343,1.1324780285697038
even-odd,32,1,3,0.109375,0.046875,2.039993532762899,1.1022460760054573
even-odd,32,1,4,0.140625,0.046875,2.039899822874402,1.0578296033205856
even-odd,32,1,5,0.171875,0.046875,2.0419376061941885,1.0349353917902386
even-odd,32,1,6,0.203125,0.046875,2.044349697656375,1.0589218735205326
even-odd,32,1,7,0.234375,0.046875,2.0458299423879636,1.0157072416252289
even-odd,32,1,8,0.265625,0.046875,2.0384657995331787,0.9933104662507591
even-odd,32,1,9,0.296875,0.046875,2.043845130727141,1.0021440801364212
even-odd,32,1,10,0.328125,0.046875,2.0399302071938004,0.955667799679422
even-odd,32,1,11,0.359375,0.046875,2.0392153746586947,0.932559686324507
even-odd,32,1,12,0.390625,0.046875,2.039590408269287,0.9413583317834209
even-odd,32,1,13,0.421875,0.046875,2.0434311501628333,0.8956953977567407
even-odd,32,1,14,0.453125,0.046875,2.0459556419015037,0.8876199266790791
even-odd,32,1,15,0.484375,0.046875,2.047200139528297,0.9156124735795107
even-odd,32,1,16,0.515625,0.046875,2.043969946871886,0.8839114421351875
even-odd,32,1,17,0.546875,0.046875,2.0455086808908107,0.866044701875233
even-odd,32,1,18,0.578125,0.046875,2.0435339442055174,0.8939724234180954
even-odd,32,1,19,0.609375,0.046875,2.044189393007019,0.8675780157477555
even-odd,32,1,20,0.640625,0.046875,2.039119194634724,0.8727746412929664
even-odd,32,1,21,0.671875,0.046875,2.038458572728158,0.8679822511049151
even-odd,32,1,22,0.703125,0.046875,2.0394593515140254,0.8524170034272847
even-odd,32,1,23,0.734375,0.046875,2.043776451878696,0.8093834761438773
even-odd,32,1,24,0.765625,0.046875,2.0433007767317677,0.7949461861712647
even-odd,32,1,25,0.796875,0.046875,2.040035121607963,0.828166123555263
even-odd,32,1,26,0.828125,0.046875,2.0408343599757734,0.8575233770055365
even-odd,32,1,27,0.859375,0.046875,2.038225953575345,0.8604194233715714
even-odd,32,1,28,0.890625,0.046875,2.0380073971083132,0.8766800569983468
even-odd,32,1,29,0.921875,0.046875,2.044393918726553,0.980767300831393
even-odd,32,1,30,0.953125,0.046875,2.0363419769881497,1.0850668648084685
even-odd,32,1,31,0.984375,0.046875,2.0384151695368264,1.118562537576557
even-odd,32,2,0,0.015625,0.078125,2.038704739076978,1.1474120376994252
even-odd,32,2,1,0.046875,0.078125,2.043613274089339,1.1543948061805667
even-odd,32,2,2,0.078125,0.078125,2.039210799168139,1.1170723351994267
even-odd,32,2,3,0.109375,0.078125,2.034512522182591,1.1065436245387055
even-odd,32,2,4,0.140625,0.078125,2.039107063228438,1.0895861383324823
even-odd,32,2,5,0.171875,0.078125,2.041890665932309,1.0861831532476252
even-odd,32,2,6,0.203125,0.078125,2.0460562470426784,1.0496620156392822
even-odd,32,2,7,0.234375,0.078125,2.045619508811105,1.0122677640028372
even-odd,32,2,8,0.265625,0.078125,2.043975608979103,0.9675115785913646
even-odd,32,2,9,0.296875,0.078125,2.0406598941140386,0.9536659301177098
even-odd,32,2,10,0.328125,0.078125,2.0391995682984856,0.9198484956249043
even-odd,32,2,11,0.359375,0.078125,2.041206477317075,0.9378529344882711
even-odd,32,2,12,0.390625,0.078125,2.0365159048354577,0.8730054768175188
even-odd,32,2,13,0.421875,0.078125,2.037305460625412,0.9097525516093904
even-odd,32,2,14,0.453125,0.078125,2.0450716750010955,0.893990254530273
even-odd,32,2,15,0.484375,0.078125,2.048968546852978,0.8755240083063708
even-odd,32,2,16,0.515625,0.078125,2.0464380443499124,0.8770264943811172
even-odd,32,2,17,0.546875,0.078125,2.0428783667441954,0.9226173716915373
even-odd,32,2,18,0.578125,0.078125,2.04079847126203,0.8953623678829876
even-odd,32,2,19,0.609375,0.078125,2.041935033431623,0.9042304899719547
even-odd,32,2,20,0.640625,0.078125,2.040275881596226,0.8713328824443259
even-odd,32,2,21,0.671875,0.078125,2.038105700562096,0.8267761075943066
even-odd,32,2,22,0.703125,0.078125,2.0404052749218002,0.8831386860819834
even-odd,32,2,23,0.734375,0.078125,2.0434067082043996,0.8495601564928913
even-odd,32,2,24,0.765625,0.078125,2.0464856367342175,0.8361642389870498
even-odd,32,2,25,0.796875,0.078125,2.043402114604425,0.8409191773161434
even-odd,32,2,26,0.828125,0.078125,2.0384794382682343,0.8805988244506007
even-odd,32,2,27,0.859375,0.078125,2.0394839217841234,0.9274246295840048
even-odd,32,2,28,0.890625,0.078125,2.041744744646245,0.9616979134154229
even-odd,32,2,29,0.921875,0.078125,2.043037426324724,1.0099710653520588
even-odd,32,2,30,0.953125,0.078125,2.0407913165534217,1.1223209983924798
even-odd,32,2,31,0.984375,0.078125,2.0417913382276476,1.1130224059048535
even-odd,32,3,0,0.015625,0.109375,2.044998876103332,1.0882513796524058
even-odd,32,3,1,0.046875,0.109375,2.0411400753413664,1.1114217237638657
even-odd,32,3,2,0.078125,0.109375,2.039690074474544,1.0968925025986604
even-odd,32,3,3,0.109375,0.109375,2.038097117138784,1.058971700205627
even-odd,32,3,4,0.140625,0.109375,2.0401162916152065,1.018154791179238
even-odd,32,3,5,0.171875,0.109375,2.0459624066669755,1.0313969616863294
even-odd,32,3,6,0.203125,0.109375,2.0422321224927464,1.0197684292130687
even-odd,32,3,7,0.234375,0.109375,2.042261925118474,0.9814013582241449
even-odd,32,3,8,0.265625,0.109375,2.04259739727176,0.9910407286471511
even-odd,32,3,9,0.296875,0.109375,2.04063100784569,0.9490984576726859
even-odd,32,3,10,0.328125,0.109375,2.035773511798808,0.8995886714198852
even-odd,32,3,11,0.359375,0.109375,2.040008480401351,0.8845121870839793
even-odd,32,3,12,0.390625,0.109375,2.035886672203246,0.8836339980582992
even-odd,32,3,13,0.421875,0.109375,2.040307768399775,0.8657882753301287
even-odd,32,3,14,0.453125,0.109375,2.038285725616679,0.8757481479614807
even-odd,32,3,15,0.484375,0.109375,2.042625384998304,0.940828720237867
even-odd,32,3,16,0.515625,0.109375,2.0423701442919526,0.9303095981274484
even-odd,32,3,17,0.546875,0.109375,2.0434832610041456,0.9160705653416917
even-odd,32,3,18,0.578125,0.109375,2.0404750726583387,0.8959195588594038
even-odd,32,3,19,0.609375,0.109375,2.0363111331666506,0.9162280040943053
even-odd,32,3,20,0.640625,0.109375,2.0358703807333467,0.8961056318309722
even-odd,32,3,21,0.671875,0.109375,2.039602180332918,0.8010277066317699
even-odd,32,3,22,0.703125,0.109375,2.041740743823062,0.8271215316541931
even-odd,32,3,23,0.734375,0.109375,2.045115831075656,0.8573056522679828
even-odd,32,3,24,0.765625,0.109375,2.04373165235053,0.8311873680300362
even-odd,32,3,25,0.796875,0.109375,2.040923751429302,0.8713377563511244
even-odd,32,3,26,0.828125,0.109375,2.0425736765765974,0.9204401053876765
even-odd,32,3,27,0.859375,0.109375,2.041937005225726,0.9368780636346036
even-odd,32,3,28,0.890625,0.109375,2.038107042928067,0.9463666863507184
even-odd,32,3,29,0.921875,0.109375,2.0415346249372277,1.0783782347386799
even-odd,32,3,30,0.953125,0.109375,2.041646608942521,1.1268052921116265
even-odd,32,3,31,0.984375,0.109375,2.041955165800173,1.116282316770013
even-odd,32,4,0,0.015625,0.140625,2.0434774736742,1.055452657084522
even-odd,32,4,1,0.046875,0.140625,2.04565602598199,1.0838245355255187
even-odd,32,4,2,0.078125,0.140625,2.042595719221297,1.0766028801169154
even-odd,32,4,3,0.109375,0.140625,2.041868870310296,1.0325202760263503
even-odd,32,4,4,0.140625,0.140625,2.0409998309430324,0.9987547377632664
even-odd,32,4,5,0.171875,0.140625,2.045781044168841,0.9871214539961906
even-odd,32,4,6,0.203125,0.140625,2.0429123141178898,0.9905821578887372
even-odd,32,4,7,0.234375,0.140625,2.0466939870336764,0.9582742938013786
even-odd,32,4,8,0.265625,0.140625,2.042723510597409,0.9914166205950523
even-odd,32,4,9,0.296875,0.140625,2.039869848903159,0.9849233013505413
even-odd,32,4,10,0.328125,0.140625,2.039736211453028,0.8778268460550372
even-odd,32,4,11,0.359375,0.140625,2.0402943778619345,0.8790726701472806
even-odd,32,4,12,0.390625,0.140625,2.0405837134940907,0.9248275761908279
even-odd,32,4,13,0.421875,0.140625,2.037722814188919,0.8429870467085591
even-odd,32,4,14,0.453125,0.140625,2.0385216224170706,0.8517141685139933
even-odd,32,4,15,0.484375,0.140625,2.0387678015617485,0.9053807024009718
even-odd,32,4,16,0.515625,0.140625,2.0421616274015553,0.9069938214972324
even-odd,32,4,17,0.546875,0.140625,2.040453946775916,0.8859851575698805
even-odd,32,4,18,0.578125,0.140625,2.0342845380165353,0.8577697795278535
even-odd,32,4,19,0.609375,0.140625,2.03964007325012,0.8942023161298208
even-odd,32,4,20,0.640625,0.140625,2.0352895924137857,0.8794751286755041
even-odd,32,4,21,0.671875,0.140625,2.039438226043187,0.8259883347644202
even-odd,32,4,22,0.703125,0.140625,2.037762034270943,0.8455017715230636
even-odd,32,4,23,0.734375,0.140625,2.04130804999915,0.8178286698011235
even-odd,32,4,24,0.765625,0.140625,2.0432285777939754,0.8327532221565153
even-odd,32,4,25,0.796875,0.140625,2.0400927439671515,0.9169070063423258
even-odd,32,4,26,0.828125,0.140625,2.0391494396809775,0.9353215297641663
even-odd,32,4,27,0.859375,0.140625,2.042369489361605,0.9323603255292966
even-odd,32,4,28,0.890625,0.140625,2.039323900026344,0.999576368274479
even-odd,32,4,29,0.921875,0.140625,2.0392654933205336,1.0419238270299693
even-odd,32,4,30,0.953125,0.140625,2.038677826675541,1.0921428330022598
even-odd,32,4,31,0.984375,0.140625,2.0401019833403873,1.1112354674534846
even-odd,32,5,0,0.015625,0.171875,2.0416633477936137,1.0829879221335885
even-odd,32,5,1,0.046875,0.171875,2.0480901927042283,1.0662025780875832
even-odd,32,5,2,0.078125,0.171875,2.042761762397356,1.049679814790984
even-odd,32,5,3,0.109375,0.171875,2.0435744152273405,1.0144843674455917
even-odd,32,5,4,0.140625,0.171875,2.04475254473943,0.9638594038699596
even-odd,32,5,5,0.171875,0.171875,2.042363038466239,0.9777789064178303
even-odd,32,5,6,0.203125,0.171875,2.0414699201770525,0.9435914306410941
even-odd,32,5,7,0.234375,0.171875,2.043146612684624,0.9351485162474216
even-odd,32,5,8,0.265625,0.171875,2.0454889003091075,0.919569154368643
even-odd,32,5,9,0.296875,0.171875,2.0408396102358815,0.8817825812056812
even-odd,32,5,10,0.328125,0.171875,2.0394348493550436,0.8509983152529074
even-odd,32,5,11,0.359375,0.171875,2.041734366175294,0.8201322888137277
even-odd,32,5,12,0.390625,0.171875,2.0436572772573984,0.8403954730330572
even-odd,32,5,13,0.421875,0.171875,2.0410698505576943,0.8151376180055472
even-odd,32,5,14,0.453125,0.171875,2.038946842446011,0.8279868105483569
even-odd,32,5,15,0.484375,0.171875,2.045491376912581,0.845433670117529
even-odd,32,5,16,0.515625,0.171875,2.047172887043495,0.8693100979329466
even-odd,32,5,17,0.546875,0.171875,2.042658717712607,0.8737382066131859
even-odd,32,5,18,0.578125,0.171875,2.0372816301163783,0.8586600135690982
even-odd,32,5,19,0.609375,0.171875,2.042331597922598,0.8721855086426714
even-odd,32,5,20,0.640625,0.171875,2.0391624376688333,0.8797628537609222
even-odd,32,5,21,0.671875,0.171875,2.0378883553480143,0.8284017483401831
even-odd,32,5,22,0.703125,0.171875,2.039269459529156,0.7882066675073358
even-odd,32,5,23,0.734375,0.171875,2.0400809908151696,0.8089334968028972
even-odd,32,5,24,0.765625,0.171875,2.04217462612467,0.8524978810833413
even-odd,32,5,25,0.796875,0.171875,2.0431774103315656,0.85192676595699
even-odd,32,5,26,0.828125,0.171875,2.042271586010617,0.8819542994136583
even-odd,32,5,27,0.859375,0.171875,2.0413578873470786,0.9559775997638056
even-odd,32,5,28,0.890625,0.171875,2.0408520997115294,1.015394129332354
even-odd,32,5,29,0.921875,0.171875,2.037596076995538,1.0250953984546955
even-odd,32,5,30,0.953125,0.171875,2.0383788247811006,1.0345139417860945
even-odd,32,5,31,0.984375,0.171875,2.043489339342146,1.0665525645723886
even-odd,32,6,0,0.015625,0.203125,2.043777202421911,1.0376325271324076
even-odd,32,6,1,0.046875,0.203125,2.045508766237917,1.073959312629653
even-odd,32,6,2,0.078125,0.203125,2.043026465612915,1.0326631374812545
even-odd,32,6,3,0.109375,0.203125,2.042645759723506,1.0189831386273855
even-odd,32,6,4,0.140625,0.203125,2.0418179367432914,0.9985246561864408
even-odd,32,6,5,0.171875,0.203125,2.042831457757551,0.9297322303259506
even-odd,32,6,6,0.203125,0.203125,2.0418637712354952,0.9298684393969778
even-odd,32,6,7,0.234375,0.203125,2.0444249183714356,0.9179436497319213
even-odd,32,6,8,0.265625,0.203125,2.0440882436491656,0.9221784316118903
even-odd,32,6,9,0.296875,0.203125,2.0459908310950605,0.8606600535915212
even-odd,32,6,10,0.328125,0.203125,2.044477588944984,0.8051555429335217
even-odd,32,6,11,0.359375,0.203125,2.0444263854966267,0.8235006790751515
even-odd,32,6,12,0.390625,0.203125,2.045140542297221,0.8399482535211482
even-odd,32,6,13,0.421875,0.203125,2.044233716252772,0.8423013552576122
even-odd,32,6,14,0.453125,0.203125,2.043282765369835,0.8532399683808333
even-odd,32,6,15,0.484375,0.203125,2.0426244321816736,0.8825580172685589
even-odd,32,6,16,0.515625,0.203125,2.0416994527496937,0.8302758787492154
even-odd,32,6,17,0.546875,0.203125,2.0396670275767477,0.8889524538881726
even-odd,32,6,18,0.578125,0.203125,2.0392393721616306,0.8820589026344736
even-odd,32,6,19,0.609375,0.203125,2.0381266309644777,0.827348328895638
even-odd,32,6,20,0.640625,0.203125,2.03988701047447,0.7938062733405887
even-odd,32,6,21,0.671875,0.203125,2.047305016459468,0.8148528030465423
even-odd,32,6,22,0.703125,0.203125,2.0414212870026396,0.7957901480002191
even-odd,32,6,23,0.734375,0.203125,2.0419989080542567,0.821796957291733
even-odd,32,6,24,0.765625,0.203125,2.045641659785708,0.843927804532127
even-odd,32,6,25,0.796875,0.203125,2.0421603988214447,0.8679511196880599
even-odd,32,6,26,0.828125,0.203125,2.0433041995350787,0.8759275570936017
even-odd,32,6,27,0.859375,0.203125,2.040622090424988,0.9671260122598406
even-odd,32,6,28,0.890625,0.203125,2.041820183405146,1.027169443443958
even-odd,32,6,29,0.921875,0.203125,2.0377825648189805,1.0027487584529782
even-odd,32,6,30,0.953125,0.203125,2.040439790974322,1.0189471966307044
even-odd,32,6,31,0.984375,0.203125,2.0415817096039928,1.018145558684007
even-odd,32,7,0,0.015625,0.234375,2.043313625321513,1.0470994440351604
even-odd,32,7,1,0.046875,0.234375,2.0434250107968714,1.044323502694246
even-odd,32,7,2,0.078125,0.234375,2.0384054443282715,1.0170915075468283
even-odd,32,7,3,0.109375,0.234375,2.0359434790069755,1.0136130929879978
even-odd,32,7,4,0.140625,0.234375,2.034429809461979,0.9693287979170413
even-odd,32,7,5,0.171875,0.234375,2.037966242627125,0.9021184894562136
even-odd,32,7,6,0.203125,0.234375,2.041505564389111,0.9084063753103263
even-odd,32,7,7,0.234375,0.234375,2.045480340729559,0.8901726866319891
even-odd,32,7,8,0.265625,0.234375,2.0421792610210385,0.8448299196726947
even-odd,32,7,9,0.296875,0.234375,2.045231296629228,0.8534627813746273
even-odd,32,7,10,0.328125,0.234375,2.0427192382657595,0.8012654245174633
even-odd,32,7,11,0.359375,0.234375,2.0440407500541338,0.8312607409667069
even-odd,32,7,12,0.390625,0.234375,2.04352766507049,0.8705528073005745
even-odd,32,7,13,0.421875,0.234375,2.043017814456574,0.8281074127737224
even-odd,32,7,14,0.453125,0.234375,2.0402847763532854,0.8251104928767633
even-odd,32,7,15,0.484375,0.234375,2.0409647475681223,0.8066728603886394
even-odd,32,7,16,0.515625,0.234375,2.037816357565484,0.8416776266708825
even-odd,32,7,17,0.546875,0.234375,2.0365972547368174,0.9112808606567829
even-odd,32,7,18,0.578125,0.234375,2.0383523924353284,0.8519761273121268
even-odd,32,7,19,0.609375,0.234375,2.038012210761828,0.7937981536506054
even-odd,32,7,20,0.640625,0.234375,2.0331651656492977,0.8142653411236939
even-odd,32,7,21,0.671875,0.234375,2.0389131174902544,0.8054343241038122
even-odd,32,7,22,0.703125,0.234375,2.0399432436409835,0.8064647349461179
even-odd,32,7,23,0.734375,0.234375,2.042435894790838,0.7759345417601778
even-odd,32,7,24,0.765625,0.234375,2.0373441095698492,0.8096731542658039
even-odd,32,7,25,0.796875,0.234375,2.0404676070006595,0.8638377091364525
even-odd,32,7,26,0.828125,0.234375,2.0412289008584827,0.8868485960222895
even-odd,32,7,27,0.859375,0.234375,2.037676031653717,0.9534034182675986
even-odd,32,7,28,0.890625,0.234375,2.040838876446876,0.9683722490703079
even-odd,32,7,29,0.921875,0.234375,2.0373055122020074,0.9826373750457966
even-odd,32,7,30,0.953125,0.234375,2.0442784558178237,0.9981054920888398
even-odd,32,7,31,0.984375,0.234375,2.0421203222926745,1.0215198025907826
even-odd,32,8,0,0.015625,0.265625,2.041719425343452,1.0663983300659348
even-odd,32,8,1,0.046875,0.265625,2.038319019646886,1.05958350609951
even-odd,32,8,2,0.078125,0.265625,2.039516515233278,1.0525272899922584
even-odd,32,8,3,0.109375,0.265625,2.037396197652539,0.983136846092726
even-odd,32,8,4,0.140625,0.265625,2.0392531691538216,0.926965719939905
even-odd,32,8,5,0.171875,0.265625,2.03770160206849,0.9013274156117124
even-odd,32,8,6,0.203125,0.265625,2.039900215471165,0.8841896389582687
even-odd,32,8,7,0.234375,0.265625,2.041382921693578,0.8489466194892912
even-odd,32,8,8,0.265625,0.265625,2.037465597199741,0.8365960257296243
even-odd,32,8,9,0.296875,0.265625,2.045103389295529,0.8092003969134817
even-odd,32,8,10,0.328125,0.265625,2.045926792642769,0.8313428320715914
even-odd,32,8,11,0.359375,0.265625,2.0419201018051854,0.8370400884845943
even-odd,32,8,12,0.390625,0.265625,2.0441920585985764,0.8456557857392911
even-odd,32,8,13,0.421875,0.265625,2.045622130629289,0.8006108014204077
even-odd,32,8,14,0.453125,0.265625,2.040773697794236,0.7776425009159733
even-odd,32,8,15,0.484375,0.265625,2.0388248511644282,0.7855221708189545
even-odd,32,8,16,0.515625,0.265625,2.030414458506874,0.8348147977276511
even-odd,32,8,17,0.546875,0.265625,2.038826529830121,0.8758004739787669
even-odd,32,8,18,0.578125,0.265625,2.040552917822942,0.8330890458383426
even-odd,32,8,19,0.609375,0.265625,2.032032785267996,0.8262631955063785
even-odd,32,8,20,0.640625,0.265625,2.037359085940716,0.8008954123975597
even-odd,32,8,21,0.671875,0.265625,2.0359498656253,0.8197561524249853
even-odd,32,8,22,0.703125,0.265625,2.039645790929715,0.7813766332282994
even-odd,32,8,23,0.734375,0.265625,2.0390663210242868,0.7986674575832143
even-odd,32,8,24,0.765625,0.265625,2.0354756621910712,0.8102989695943087
even-odd,32,8,25,0.796875,0.265625,2.037930334516604,0.8811424573900365
even-odd,32,8,26,0.828125,0.265625,2.0401582953577426,0.9227811733693273
even-odd,32,8,27,0.859375,0.265625,2.0429248410350564,0.9477050300083677
even-odd,32,8,28,0.890625,0.265625,2.040935915833491,0.9294479037589115
even-odd,32,8,29,0.921875,0.265625,2.04132316567476,0.9511262852361044
even-odd,32,8,30,0.953125,0.265625,2.039198267008303,1.011456317088552
even-odd,32,8,31,0.984375,0.265625,2.0428892208835383,1.057808643918192
even-odd,32,9,0,0.015625,0.296875,2.0406199539045216,1.07616500467115
even-odd,32,9,1,0.046875,0.296875,2.0376017520471046,1.0298271046650744
even-odd,32,9,2,0.078125,0.296875,2.040139250584353,1.0230149355302653
even-odd,32,9,3,0.109375,0.296875,2.0381230687917156,0.9460897684438662
even-odd,32,9,4,0.140625,0.296875,2.0356837502057292,0.9083710792693496
even-odd,32,9,5,0.171875,0.296875,2.0344258657080148,0.8890519778257127
even-odd,32,9,6,0.203125,0.296875,2.038672659240112,0.8600344376624888
even-odd,32,9,7,0.234375,0.296875,2.036828406795375,0.8402842554390483
even-odd,32,9,8,0.265625,0.296875,2.041233195485756,0.7946195663419947
even-odd,32,9,9,0.296875,0.296875,2.042097541155648,0.7824478984053499
even-odd,32,9,10,0.328125,0.296875,2.048445242363327,0.826748438462151
even-odd,32,9,11,0.359375,0.296875,2.045894461736625,0.8295047178401241
even-odd,32,9,12,0.390625,0.296875,2.0457906419386664,0.8197943189883045
even-odd,32,9,13,0.421875,0.296875,2.043520085344633,0.8217717526727294
even-odd,32,9,14,0.453125,0.296875,2.0385274417073767,0.8280283051948553
even-odd,32,9,15,0.484375,0.296875,2.034784990030021,0.8401765986802832
even-odd,32,9,16,0.515625,0.296875,2.0371604189854735,0.855144766898094
even-odd,32,9,17,0.546875,0.296875,2.0369380418912044,0.8557443969363416
even-odd,32,9,18,0.578125,0.296875,2.0358756014371076,0.8430019577897947
even-odd,32,9,19,0.609375,0.296875,2.03867511398625,0.810585290987527
even-odd,32,9,20,0.640625,0.296875,2.0380938333728693,0.7699319278617036
even-odd,32,9,21,0.671875,0.296875,2.035692283222172,0.7991107558452876
even-odd,32,9,22,0.703125,0.296875,2.0371668207857607,0.8072807150509073
even-odd,32,9,23,0.734375,0.296875,2.036364955573428,0.7993737368814618
even-odd,32,9,24,0.765625,0.296875,2.0321453161322607,0.8524620790323719
even-odd,32,9,25,0.796875,0.296875,2.0368756165062964,0.9191164890596674
even-odd,32,9,26,0.828125,0.296875,2.0360987265627695,0.9139341480734507
even-odd,32,9,27,0.859375,0.296875,2.0405428813694595,0.916599244122846
even-odd,32,9,28,0.890625,0.296875,2.0399280711800816,0.9052520340069513
even-odd,32,9,29,0.921875,0.296875,2.038790768378541,0.9772182271790145
even-odd,32,9,30,0.953125,0.296875,2.0379994990946866,1.0622430913915368
even-odd,32,9,31,0.984375,0.296875,2.0383157224561184,1.058731482799199
even-odd,32,10,0,0.015625,0.328125,2.0404932217801224,1.0216305795054283
even-odd,32,10,1,0.046875,0.328125,2.04322798940114,0.9935018743876283
even-odd,32,10,2,0.078125,0.328125,2.042738202043519,0.990707867733326
even-odd,32,10,3,0.109375,0.328125,2.0391639414988636,0.9530893076677027
even-odd,32,10,4,0.140625,0.328125,2.0387572466790345,0.9362788521832012
even-odd,32,10,5,0.171875,0.328125,2.033141543798251,0.8702387459403859
even-odd,32,10,6,0.203125,0.328125,2.0373023638872576,0.8471942011940113
even-odd,32,10,7,0.234375,0.328125,2.0376116544027862,0.7992189863247415
even-odd,32,10,8,0.265625,0.328125,2.039179593160886,0.7874622762953477
even-odd,32,10,9,0.296875,0.328125,2.0454344998204124,0.7802905273052883
even-odd,32,10,10,0.328125,0.328125,2.045740135553404,0.7861960251995077
even-odd,32,10,11,0.359375,0.328125,2.0482492362853404,0.7827724347955454
even-odd,32,10,12,0.390625,0.328125,2.0429394623390915,0.8028091936025074
even-odd,32,10,13,0.421875,0.328125,2.0427324646661202,0.8302749007991234
even-odd,32,10,14,0.453125,0.328125,2.0428047092519863,0.8291147125499153
even-odd,32,10,15,0.484375,0.328125,2.0371488476609447,0.8403547991141131
even-odd,32,10,16,0.515625,0.328125,2.0380126175818005,0.8152834852991226
even-odd,32,10,17,0.546875,0.328125,2.034736157328353,0.8437054939202387
even-odd,32,10,18,0.578125,0.328125,2.0382880816458484,0.8549924141451531
even-odd,32,10,19,0.609375,0.328125,2.043594779887958,0.8141243334843736
even-odd,32,10,20,0.640625,0.328125,2.0409286187291467,0.8020702987892414
even-odd,32,10,21,0.671875,0.328125,2.0372306808619207,0.8361332520085624
even-odd,32,10,22,0.703125,0.328125,2.034894071135982,0.7946322712045215
even-odd,32,10,23,0.734375,0.328125,2.032626547471285,0.8264220303178996
even-odd,32,10,24,0.765625,0.328125,2.0356438695629744,0.8360654268350327
even-odd,32,10,25,0.796875,0.328125,2.0329724569159486,0.8613507639746955
even-odd,32,10,26,0.828125,0.328125,2.037678724379571,0.9244932957920358
even-odd,32,10,27,0.859375,0.328125,2.038099566041448,0.8640644859123071
even-odd,32,10,28,0.890625,0.328125,2.0400994985241083,0.8936869622048546
even-odd,32,10,29,0.921875,0.328125,2.0408008569289118,0.9424564382864457
even-odd,32,10,30,0.953125,0.328125,2.0416208969753065,1.0140325054682175
even-odd,32,10,31,0.984375,0.328125,2.035757842520279,1.0180913681716721
even-odd,32,11,0,0.015625,0.359375,2.0391037866254362,0.9667231363104488
even-odd,32,11,1,0.046875,0.359375,2.0448899457822622,0.9591210909376984
even-odd,32,11,2,0.078125,0.359375,2.040096268016128,0.9559118851679242
even-odd,32,11,3,0.109375,0.359375,2.042494985196881,0.9126699388221134
even-odd,32,11,4,0.140625,0.359375,2.0358977398531155,0.9111427524189514
even-odd,32,11,5,0.171875,0.359375,2.0367051543535744,0.8724850655628374
even-odd,32,11,6,0.203125,0.359375,2.033072167816631,0.8734800360621661
even-odd,32,11,7,0.234375,0.359375,2.039641601836644,0.8221544194312037
even-odd,32,11,8,0.265625,0.359375,2.040854530611898,0.8228510882731516
even-odd,32,11,9,0.296875,0.359375,2.045094782504006,0.8086099806064988
even-odd,32,11,10,0.328125,0.359375,2.0464684729298894,0.8039785455674949
even-odd,32,11,11,0.359375,0.359375,2.0451372318911534,0.7642391574649542
even-odd,32,11,12,0.390625,0.359375,2.0435380685440148,0.8216739810589192
even-odd,32,11,13,0.421875,0.359375,2.0411841085891407,0.8368940106887869
even-odd,32,11,14,0.453125,0.359375,2.0405940790184833,0.8344086991739997
even-odd,32,11,15,0.484375,0.359375,2.037305816289251,0.8096816345684572
even-odd,32,11,16,0.515625,0.359375,2.0397141070079434,0.8427299381533458
even-odd,32,11,17,0.546875,0.359375,2.03731390022221,0.8360711727334594
even-odd,32,11,18,0.578125,0.359375,2.0389199017914987,0.8615465808246784
even-odd,32,11,19,0.609375,0.359375,2.0424645924743676,0.8477223472299295
even-odd,32,11,20,0.640625,0.359375,2.042514222556638,0.8590093769629655
even-odd,32,11,21,0.671875,0.359375,2.036903568648508,0.8692445937104769
even-odd,32,11,22,0.703125,0.359375,2.0365226461339074,0.8251708596806453
even-odd,32,11,23,0.734375,0.359375,2.0354392913783643,0.8310986456331152
even-odd,32,11,24,0.765625,0.359375,2.0398621134427333,0.8420522187263532
even-odd,32,11,25,0.796875,0.359375,2.0342835783643056,0.8934021357424533
even-odd,32,11,26,0.828125,0.359375,2.0388918900208552,0.9287806773691032
even-odd,32,11,27,0.859375,0.359375,2.0387703917665703,0.8878180036387712
even-odd,32,11,28,0.890625,0.359375,2.0390112464514383,0.8902204749706755
even-odd,32,11,29,0.921875,0.359375,2.0395621582116807,0.9464401712035403
even-odd,32,11,30,0.953125,0.359375,2.0399354809708874,0.9701206083264959
even-odd,32,11,31,0.984375,0.359375,2.0371664415885546,0.9487057264250986
even-odd,32,12,0,0.015625,0.390625,2.041890036519727,0.9513422694983341
even-odd,32,12,1,0.046875,0.390625,2.039482999604471,0.9416121862113841
even-odd,32,12,2,0.078125,0.390625,2.042640912175409,0.9554807724971967
even-odd,32,12,3,0.109375,0.390625,2.042385308904344,0.8956740278450993
even-odd,32,12,4,0.140625,0.390625,2.0374491426507895,0.8787801343486893
even-odd,32,12,5,0.171875,0.390625,2.0398308737008493,0.8727909656669994
even-odd,32,12,6,0.203125,0.390625,2.0397326626504775,0.8793659134758035
even-odd,32,12,7,0.234375,0.390625,2.039338738947428,0.8283795528445804
even-odd,32,12,8,0.265625,0.390625,2.0419183088775963,0.8393353482476925
even-odd,32,12,9,0.296875,0.390625,2.0476172603268776,0.8285566657843167
even-odd,32,12,10,0.328125,0.390625,2.044967842520073,0.8377529053777256
even-odd,32,12,11,0.359375,0.390625,2.045197595729762,0.8290327515758639
even-odd,32,12,12,0.390625,0.390625,2.040970626339694,0.8175989132269139
even-odd,32,12,13,0.421875,0.390625,2.041911552614326,0.8364017999962653
even-odd,32,12,14,0.453125,0.390625,2.0378938879106556,0.8424914594244252
even-odd,32,12,15,0.484375,0.390625,2.037132185391761,0.8119133791509178
even-odd,32,12,16,0.515625,0.390625,2.0369564047371163,0.7777817856397012
even-odd,32,12,17,0.546875,0.390625,2.0377306817219805,0.8135694017922974
even-odd,32,12,18,0.578125,0.390625,2.0438249040981193,0.8317793655711481
even-odd,32,12,19,0.609375,0.390625,2.03991898768034,0.831022273335816
even-odd,32,12,20,0.640625,0.390625,2.043478030871451,0.836728782741336
even-odd,32,12,21,0.671875,0.390625,2.0364299934263426,0.8418340250998274
even-odd,32,12,22,0.703125,0.390625,2.0382526357994375,0.8352070106499232
even-odd,32,12,23,0.734375,0.390625,2.0388485792111926,0.8093113498824008
even-odd,32,12,24,0.765625,0.390625,2.0378194740311817,0.8461228223434953
even-odd,32,12,25,0.796875,0.390625,2.037509522791009,0.8698601319129041
even-odd,32,12,26,0.828125,0.390625,2.0397346792246354,0.8815519979804792
even-odd,32,12,27,0.859375,0.390625,2.0391901314224934,0.8714275023616369
even-odd,32,12,28,0.890625,0.390625,2.0411091031803354,0.8907464692790162
even-odd,32,12,29,0.921875,0.390625,2.042898750024745,0.9218049533001452
even-odd,32,12,30,0.953125,0.390625,2.0375432687478447,0.9232034503721066
even-odd,32,12,31,0.984375,0.390625,2.040477942397787,0.9145349664333541
even-odd,32,13,0,0.015625,0.421875,2.0417126904115896,0.9012771187803498
even-odd,32,13,1,0.046875,0.421875,2.042818352234645,0.8824326180303822
even-odd,32,13,2,0.078125,0.421875,2.043465614594009,0.919820997824779
even-odd,32,13,3,0.109375,0.421875,2.0422450963146708,0.8814714972837888
even-odd,32,13,4,0.140625,0.421875,2.0433360527130637,0.8549501085027916
even-odd,32,13,5,0.171875,0.421875,2.0374624559813843,0.8746204493606977
even-odd,32,13,6,0.203125,0.421875,2.038526596669769,0.8370837603012679
even-odd,32,13,7,0.234375,0.421875,2.042565836230479,0.8269497582739634
even-odd,32,13,8,0.265625,0.421875,2.044532820951894,0.8234367908885424
even-odd,32,13,9,0.296875,0.421875,2.040927465277908,0.8179140805211165
even-odd,32,13,10,0.328125,0.421875,2.0462790524003873,0.8087450798065428
even-odd,32,13,11,0.359375,0.421875,2.0472173815749763,0.8684900871163478
even-odd,32,13,12,0.390625,0.421875,2.0457705142524576,0.8481260245943784
even-odd,32,13,13,0.421875,0.421875,2.0434580037030656,0.8320028045306332
even-odd,32,13,14,0.453125,0.421875,2.0417418095946718,0.80414403712951
even-odd,32,13,15,0.484375,0.421875,2.037956401796476,0.8090775335369215
even-odd,32,13,16,0.515625,0.421875,2.036101242611883,0.7954267801419349
even-odd,32,13,17,0.546875,0.421875,2.036552921960607,0.864484529579875
even-odd,32,13,18,0.578125,0.421875,2.039273066301881,0.8617311608895756
even-odd,32,13,19,0.609375,0.421875,2.0435017385487826,0.8043517900607121
even-odd,32,13,20,0.640625,0.421875,2.041685110383266,0.7950084596202612
even-odd,32,13,21,0.671875,0.421875,2.0389181398087652,0.8041414311845037
even-odd,32,13,22,0.703125,0.421875,2.0377207600927645,0.8336748832605743
even-odd,32,13,23,0.734375,0.421875,2.0430812024043887,0.8308278987328593
even-odd,32,13,24,0.765625,0.421875,2.036675531347503,0.8516115878118161
even-odd,32,13,25,0.796875,0.421875,2.0416528570625356,0.8453260573372102
even-odd,32,13,26,0.828125,0.421875,2.0403097957242586,0.8699604481496382
even-odd,32,13,27,0.859375,0.421875,2.040029630430797,0.9022763339010673
even-odd,32,13,28,0.890625,0.421875,2.041141366025933,0.8880478854489642
even-odd,32,13,29,0.921875,0.421875,2.0415130313069567,0.8934612779715018
even-odd,32,13,30,0.953125,0.421875,2.038920034238099,0.8794941820750498
even-odd,32,13,31,0.984375,0.421875,2.038276833281734,0.9151119632208009
even-odd,32,14,0,0.015625,0.453125,2.0444826330545944,0.8991900987808492
even-odd,32,14,1,0.046875,0.453125,2.0445436130804175,0.8478805235480862
even-odd,32,14,2,0.078125,0.453125,2.0460558166792784,0.8581856958569056
even-odd,32,14,3,0.109375,0.453125,2.0455939286648044,0.847665771295338
even-odd,32,14,4,0.140625,0.453125,2.0386752796096816,0.8584389567510202
even-odd,32,14,5,0.171875,0.453125,2.040289352797856,0.8437648846326997
even-odd,32,14,6,0.203125,0.453125,2.0387222305259027,0.8318929021687778
even-odd,32,14,7,0.234375,0.453125,2.039105247685804,0.8736997697847434
even-odd,32,14,8,0.265625,0.453125,2.0395747318855384,0.9164385221738147
even-odd,32,14,9,0.296875,0.453125,2.0438417885365827,0.8817371447327794
even-odd,32,14,10,0.328125,0.453125,2.0502942691398753,0.8528576636612196
even-odd,32,14,11,0.359375,0.453125,2.0509664780596633,0.8940081378698245
even-odd,32,14,12,0.390625,0.453125,2.0472888567550975,0.8303649827630436
even-odd,32,14,13,0.421875,0.453125,2.0421067116786027,0.8518414128850349
even-odd,32,14,14,0.453125,0.453125,2.0414925888228654,0.8481935035420284
even-odd,32,14,15,0.484375,0.453125,2.038493566767603,0.7995597618544018
even-odd,32,14,16,0.515625,0.453125,2.0364856018900914,0.7845464345718955
even-odd,32,14,17,0.546875,0.453125,2.034352373032147,0.8212504916486966
even-odd,32,14,18,0.578125,0.453125,2.038137235476625,0.8507674392465839
even-odd,32,14,19,0.609375,0.453125,2.0418268058133173,0.8404440481330894
even-odd,32,14,20,0.640625,0.453125,2.036697216379402,0.8203318727676372
even-odd,32,14,21,0.671875,0.453125,2.041129508729112,0.845614621940869
even-odd,32,14,22,0.703125,0.453125,2.0394407326522024,0.83069181988229
even-odd,32,14,23,0.734375,0.453125,2.0402703911447544,0.8159069824888139
even-odd,32,14,24,0.765625,0.453125,2.0410754326858602,0.8126736716018882
even-odd,32,14,25,0.796875,0.453125,2.040581775653487,0.853925634460137
even-odd,32,14,26,0.828125,0.453125,2.0405559277055723,0.8308301470205
even-odd,32,14,27,0.859375,0.453125,2.0403764502084183,0.8556434624914289
even-odd,32,14,28,0.890625,0.453125,2.0390487536624895,0.9011287841821317
even-odd,32,14,29,0.921875,0.453125,2.0371347628446888,0.908126147360571
even-odd,32,14,30,0.953125,0.453125,2.037249529701112,0.8957575009467936
even-odd,32,14,31,0.984375,0.453125,2.0407145081931657,0.928768741261838
even-odd,32,15,0,0.015625,0.484375,2.0419857970387723,0.9035504078306874
even-odd,32,15,1,0.046875,0.484375,2.0442760411453853,0.8708751443397366
even-odd,32,15,2,0.078125,0.484375,2.0438666504942784,0.8408309148021184
even-odd,32,15,3,0.109375,0.484375,2.042596092363514,0.8587505895046476
even-odd,32,15,4,0.140625,0.484375,2.0450212699610706,0.8257860625789447
even-odd,32,15,5,0.171875,0.484375,2.0399778870668346,0.8370233808255009
even-odd,32,15,6,0.203125,0.484375,2.0392623400302288,0.7896111394317531
even-odd,32,15,7,0.234375,0.484375,2.039236273803601,0.8589104583699675
even-odd,32,15,8,0.265625,0.484375,2.04173143977822,0.922599257880492
even-odd,32,15,9,0.296875,0.484375,2.0415485000241285,0.8894885014167005
even-odd,32,15,10,0.328125,0.484375,2.0422947078535945,0.8899132901343111
even-odd,32,15,11,0.359375,0.484375,2.0480831217849937,0.8978502899689712
even-odd,32,15,12,0.390625,0.484375,2.044913406697868,0.8794435956468319
even-odd,32,15,13,0.421875,0.484375,2.043729001912057,0.9136022967619262
even-odd,32,15,14,0.453125,0.484375,2.0404364946646454,0.8458410736558873
even-odd,32,15,15,0.484375,0.484375,2.0394137072142176,0.8095359514523729
even-odd,32,15,16,0.515625,0.484375,2.0400910946473334,0.8221369075169354
even-odd,32,15,17,0.546875,0.484375,2.039761025633491,0.8333978375495029
even-odd,32,15,18,0.578125,0.484375,2.039667390445723,0.8241981903892838
even-odd,32,15,19,0.609375,0.484375,2.041049490637038,0.844210877805835
even-odd,32,15,20,0.640625,0.484375,2.040403492747798,0.8352121540287957
even-odd,32,15,21,0.671875,0.484375,2.04054935107838,0.8730145961622108
even-odd,32,15,22,0.703125,0.484375,2.036544043533782,0.8371418767556764
even-odd,32,15,23,0.734375,0.484375,2.0383578111872507,0.7965689309606466
even-odd,32,15,24,0.765625,0.484375,2.0431310460884045,0.8122945017086612
even-odd,32,15,25,0.796875,0.484375,2.0434963408474345,0.8012893296866149
even-odd,32,15,26,0.828125,0.484375,2.0392334531374163,0.8112714256040641
even-odd,32,15,27,0.859375,0.484375,2.0405291831634993,0.8621440040036229
even-odd,32,15,28,0.890625,0.484375,2.0367462057289596,0.8736301507266803
even-odd,32,15,29,0.921875,0.484375,2.0373148061441686,0.892182948838256
even-odd,32,15,30,0.953125,0.484375,2.040311990246291,0.8742312301402732
even-odd,32,15,31,0.984375,0.484375,2.0420390112808984,0.8992495853540978
even-odd,32,16,0,0.015625,0.515625,2.038464732289933,0.8803456326830076
even-odd,32,16,1,0.046875,0.515625,2.0441737609050032,0.8602890367040416
even-odd,32,16,2,0.078125,0.515625,2.043267771554345,0.8728425109342536
even-odd,32,16,3,0.109375,0.515625,2.045211682257128,0.8489835659712082
even-odd,32,16,4,0.140625,0.515625,2.0477690365086163,0.8185055181207005
even-odd,32,16,5,0.171875,0.515625,2.04649487913368,0.8246314913206853
even-odd,32,16,6,0.203125,0.515625,2.042932316814614,0.7916281620708054
even-odd,32,16,7,0.234375,0.515625,2.0382336066488858,0.7934669293976032
even-odd,32,16,8,0.265625,0.515625,2.0374446938966346,0.8785445964094766
even-odd,32,16,9,0.296875,0.515625,2.0364809313715555,0.8900621392163145
even-odd,32,16,10,0.328125,0.515625,2.041022181538786,0.9214081639369259
even-odd,32,16,11,0.359375,0.515625,2.0432827253955614,0.9468591935792584
even-odd,32,16,12,0.390625,0.515625,2.0442456624212153,0.8664194572050542
even-odd,32,16,13,0.421875,0.515625,2.0424606392822753,0.9145613511219807
even-odd,32,16,14,0.453125,0.515625,2.0428096309632355,0.8893851102152596
even-odd,32,16,15,0.484375,0.515625,2.0395269061166754,0.8620959945226394
even-odd,32,16,16,0.515625,0.515625,2.044139068256193,0.8072708651025858
even-odd,32,16,17,0.546875,0.515625,2.0438623900075865,0.8230507732153455
even-odd,32,16,18,0.578125,0.515625,2.043637937459731,0.8157877428463469
even-odd,32,16,19,0.609375,0.515625,2.0430779540041057,0.807815543785058
even-odd,32,16,20,0.640625,0.515625,2.042903760843075,0.789173506411076
even-odd,32,16,21,0.671875,0.515625,2.0415450565364095,0.8689905106350072
even-odd,32,16,22,0.703125,0.515625,2.0392864798455066,0.8401202931666462
even-odd,32,16,23,0.734375,0.515625,2.0374092379918625,0.8225960391694986
even-odd,32,16,24,0.765625,0.515625,2.041485798151877,0.8064732245079206
even-odd,32,16,25,0.796875,0.515625,2.0408640136739478,0.8666186655065989
even-odd,32,16,26,0.828125,0.515625,2.041877600790236,0.8388387546422192
even-odd,32,16,27,0.859375,0.515625,2.0395221453777226,0.8509753020134229
even-odd,32,16,28,0.890625,0.515625,2.0371378166398237,0.8653562950315772
even-odd,32,16,29,0.921875,0.515625,2.0372950730396093,0.8801938505869038
even-odd,32,16,30,0.953125,0.515625,2.035846904413127,0.9414671836273488
even-odd,32,16,31,0.984375,0.515625,2.0403005380144488,0.8795666091197804
even-odd,32,17,0,0.015625,0.546875,2.0418455859649067,0.8366965702778408
even-odd,32,17,1,0.046875,0.546875,2.0421299448716552,0.8377407782552604
even-odd,32,17,2,0.078125,0.546875,2.0444980894757867,0.8622457299623366
even-odd,32,17,3,0.109375,0.546875,2.0486882265334843,0.8722031561035548
even-odd,32,17,4,0.140625,0.546875,2.0494198886959865,0.8785018530765275
even-odd,32,17,5,0.171875,0.546875,2.0468245075231595,0.813965040844399
even-odd,32,17,6,0.203125,0.546875,2.0433472137032775,0.8435054537075611
even-odd,32,17,7,0.234375,0.546875,2.038358701373272,0.8335013772850696
even-odd,32,17,8,0.265625,0.546875,2.0432301114036657,0.8857172673553163
even-odd,32,17,9,0.296875,0.546875,2.0384473178188474,0.8739473856538762
even-odd,32,17,10,0.328125,0.546875,2.0391490064625803,0.8986996362858942
even-odd,32,17,11,0.359375,0.546875,2.041791664225648,0.8821720637232456
even-odd,32,17,12,0.390625,0.546875,2.0441855901946826,0.9016411635972403
even-odd,32,17,13,0.421875,0.546875,2.045244979189346,0.8663469614506675
even-odd,32,17,14,0.453125,0.546875,2.050205885495673,0.8848223095574476
even-odd,32,17,15,0.484375,0.546875,2.047994118197557,0.8715100551938632
even-odd,32,17,16,0.515625,0.546875,2.047465949322308,0.8092909964869411
even-odd,32,17,17,0.546875,0.546875,2.0424199634838502,0.7982344469707104
even-odd,32,17,18,0.578125,0.546875,2.0419997576453475,0.7924477900306598
even-odd,32,17,19,0.609375,0.546875,2.042362696602649,0.8374260693528986
even-odd,32,17,20,0.640625,0.546875,2.0445690421392206,0.816738781953751
even-odd,32,17,21,0.671875,0.546875,2.0433425440076323,0.8829906299626645
even-odd,32,17,22,0.703125,0.546875,2.0398987070651162,0.8872296717449853
even-odd,32,17,23,0.734375,0.546875,2.0373486839139257,0.8330151870555177
even-odd,32,17,24,0.765625,0.546875,2.041198374136409,0.7981883172291288
even-odd,32,17,25,0.796875,0.546875,2.0412237915283584,0.8912060798850717
even-odd,32,17,26,0.828125,0.546875,2.042324731990608,0.9294393416508258
even-odd,32,17,27,0.859375,0.546875,2.0414432893913665,0.8944210396813456
even-odd,32,17,28,0.890625,0.546875,2.0421555361187598,0.860554459101517
even-odd,32,17,29,0.921875,0.546875,2.0392401427259803,0.8904691663256225
even-odd,32,17,30,0.953125,0.546875,2.0352778990230878,0.8877819232446363
even-odd,32,17,31,0.984375,0.546875,2.0440358435995774,0.9251139808586974
even-odd,32,18,0,0.015625,0.578125,2.04139194125817,0.8267657786936123
even-odd,32,18,1,0.046875,0.578125,2.040515297346652,0.8696041417141548
even-odd,32,18,2,0.078125,0.578125,2.046056323949283,0.8614991079111555
even-odd,32,18,3,0.109375,0.578125,2.050049179531069,0.8335486283721361
even-odd,32,18,4,0.140625,0.578125,2.051217058998754,0.8465227873073768
even-odd,32,18,5,0.171875,0.578125,2.049286325710469,0.8172705878738973
even-odd,32,18,6,0.203125,0.578125,2.044530983212204,0.8464962657640034
even-odd,32,18,7,0.234375,0.578125,2.043063498192954,0.8320404167998904
even-odd,32,18,8,0.265625,0.578125,2.039647549243084,0.8836759888009885
even-odd,32,18,9,0.296875,0.578125,2.0439655143240194,0.884712797583441
even-odd,32,18,10,0.328125,0.578125,2.046857921558723,0.8948738102913216
even-odd,32,18,11,0.359375,0.578125,2.046369105106963,0.9433133843298672
even-odd,32,18,12,0.390625,0.578125,2.0437949772873454,0.8818080153407014
even-odd,32,18,13,0.421875,0.578125,2.043794069846282,0.848083019988407
even-odd,32,18,14,0.453125,0.578125,2.046983452838058,0.8153798787598014
even-odd,32,18,15,0.484375,0.578125,2.0442544870387893,0.793318001898151
even-odd,32,18,16,0.515625,0.578125,2.0489047684424118,0.8501574504018116
even-odd,32,18,17,0.546875,0.578125,2.0450221581867765,0.8123337012029719
even-odd,32,18,18,0.578125,0.578125,2.040771661972259,0.8074010769824463
even-odd,32,18,19,0.609375,0.578125,2.039935437300166,0.8118778160216825
even-odd,32,18,20,0.640625,0.578125,2.0398294258095286,0.8621308590076379
even-odd,32,18,21,0.671875,0.578125,2.0439211087713,0.8152094903747459
even-odd,32,18,22,0.703125,0.578125,2.0348662155184596,0.835466877645268
even-odd,32,18,23,0.734375,0.578125,2.036805077934112,0.8542000736952399
even-odd,32,18,24,0.765625,0.578125,2.039172763174561,0.8266212312106412
even-odd,32,18,25,0.796875,0.578125,2.0400247379921987,0.8830708179385635
even-odd,32,18,26,0.828125,0.578125,2.0398838128325347,0.9685992187115272
even-odd,32,18,27,0.859375,0.578125,2.0398609166045896,0.9478764536261203
even-odd,32,18,28,0.890625,0.578125,2.03723052048387,0.9038384821984762
even-odd,32,18,29,0.921875,0.578125,2.0386637349630297,0.9081657253418016
even-odd,32,18,30,0.953125,0.578125,2.0330539760183934,0.9298547557048839
even-odd,32,18,31,0.984375,0.578125,2.041208848385148,0.9342553931133146
even-odd,32,19,0,0.015625,0.609375,2.0454290683245997,0.8850996839466382
even-odd,32,19,1,0.046875,0.609375,2.045137902927348,0.9319936010758324
even-odd,32,19,2,0.078125,0.609375,2.0481238954114462,0.8806982327473789
even-odd,32,19,3,0.109375,0.609375,2.048306499693906,0.874944598052407
even-odd,32,19,4,0.140625,0.609375,2.0511963792786454,0.8191202661015912
even-odd,32,19,5,0.171875,0.609375,2.047177853406271,0.8282785846245598
even-odd,32,19,6,0.203125,0.609375,2.048600780354006,0.853933543856014
even-odd,32,19,7,0.234375,0.609375,2.041198798321562,0.8539986400183155
even-odd,32,19,8,0.265625,0.609375,2.040222664127127,0.8630679518223374
even-odd,32,19,9,0.296875,0.609375,2.04556630005404,0.8803549618668428
even-odd,32,19,10,0.328125,0.609375,2.0431767580302735,0.8877469184256374
even-odd,32,19,11,0.359375,0.609375,2.0473584374224303,0.9076118161202639
even-odd,32,19,12,0.390625,0.609375,2.043941667441526,0.915904549818947
even-odd,32,19,13,0.421875,0.609375,2.0441604187403124,0.8777034974733762
even-odd,32,19,14,0.453125,0.609375,2.0465436321190107,0.8163081951462088
even-odd,32,19,15,0.484375,0.609375,2.0438906466935127,0.8002323718727267
even-odd,32,19,16,0.515625,0.609375,2.043087998991903,0.8089925864930653
even-odd,32,19,17,0.546875,0.609375,2.0429128511172823,0.8166533538361272
even-odd,32,19,18,0.578125,0.609375,2.0417857382775044,0.7967696529457257
even-odd,32,19,19,0.609375,0.609375,2.0396726653079806,0.79127167550199
even-odd,32,19,20,0.640625,0.609375,2.037807440368716,0.8392475905520119
even-odd,32,19,21,0.671875,0.609375,2.036725238202686,0.7853693026691508
even-odd,32,19,22,0.703125,0.609375,2.035683762952805,0.8111938328112714
even-odd,32,19,23,0.734375,0.609375,2.036261397026101,0.8336180167948463
even-odd,32,19,24,0.765625,0.609375,2.0362768399924867,0.8475195738312622
even-odd,32,19,25,0.796875,0.609375,2.0396333708356322,0.9318262591954619
even-odd,32,19,26,0.828125,0.609375,2.0386972201926357,0.9509703895258577
even-odd,32,19,27,0.859375,0.609375,2.038946671505888,0.9107767303881328
even-odd,32,19,28,0.890625,0.609375,2.037561426553509,0.9339064071422057
even-odd,32,19,29,0.921875,0.609375,2.0410934912789336,0.9424282471690288
even-odd,32,19,30,0.953125,0.609375,2.0433991267241534,0.9578933441532106
even-odd,32,19,31,0.984375,0.609375,2.040645736408344,0.9395832166201686
even-odd,32,20,0,0.015625,0.640625,2.04722076321701,0.9378033322919963
even-odd,32,20,1,0.046875,0.640625,2.0472674204690606,0.9385391975813396
even-odd,32,20,2,0.078125,0.640625,2.05094914017836,0.8731340436792219
even-odd,32,20,3,0.109375,0.640625,2.050774506570933,0.8261815092115388
even-odd,32,20,4,0.140625,0.640625,2.0474998904812156,0.8551450758212726
even-odd,32,20,5,0.171875,0.640625,2.0496288189375367,0.8454727872698614
even-odd,32,20,6,0.203125,0.640625,2.04646904852545,0.8674057747693867
even-odd,32,20,7,0.234375,0.640625,2.041425558379943,0.8814091818767498
even-odd,32,20,8,0.265625,0.640625,2.0415297701544515,0.9358920609035525
even-odd,32,20,9,0.296875,0.640625,2.042779214879153,0.9235021141994619
even-odd,32,20,10,0.328125,0.640625,2.0451448083810346,0.9330036382809554
even-odd,32,20,11,0.359375,0.640625,2.0464927956552357,0.9289675314190203
even-odd,32,20,12,0.390625,0.640625,2.0496227649239063,0.9321891643759662
even-odd,32,20,13,0.421875,0.640625,2.0430238986921663,0.9427543951805514
even-odd,32,20,14,0.453125,0.640625,2.0468304222318254,0.9052420913194528
even-odd,32,20,15,0.484375,0.640625,2.043132763187407,0.8277108617783692
even-odd,32,20,16,0.515625,0.640625,2.0439174884707687,0.8376788455332673
even-odd,32,20,17,0.546875,0.640625,2.0434775354755392,0.8403432436668377
even-odd,32,20,18,0.578125,0.640625,2.040667988768907,0.7792229969471571
even-odd,32,20,19,0.609375,0.640625,2.035224564545485,0.7774091194523801
even-odd,32,20,20,0.640625,0.640625,2.035555946642364,0.784616213108837
even-odd,32,20,21,0.671875,0.640625,2.0339381965726884,0.7761436118833984
even-odd,32,20,22,0.703125,0.640625,2.0385390506392462,0.8096902407256628
even-odd,32,20,23,0.734375,0.640625,2.0332178832638195,0.8387428936336186
even-odd,32,20,24,0.765625,0.640625,2.0434897237142624,0.85717389444957
even-odd,32,20,25,0.796875,0.640625,2.046611932610086,0.8942774633181242
even-odd,32,20,26,0.828125,0.640625,2.045451472480246,0.9208839632003837
even-odd,32,20,27,0.859375,0.640625,2.0403909045612627,0.9025531031609016
even-odd,32,20,28,0.890625,0.640625,2.0442183076425002,0.9647302817301525
even-odd,32,20,29,0.921875,0.640625,2.041537448708532,0.9876916820264071
even-odd,32,20,30,0.953125,0.640625,2.0406329005330015,0.9370053745623372
even-odd,32,20,31,0.984375,0.640625,2.043654229359175,0.9262823042815708
even-odd,32,21,0,0.015625,0.671875,2.0448002256205107,0.9544992334403001
even-odd,32,21,1,0.046875,0.671875,2.0473057091521922,0.9226429959433605
even-odd,32,21,2,0.078125,0.671875,2.049570635867601,0.903466202781594
even-odd,32,21,3,0.109375,0.671875,2.045229773676167,0.8950930096304631
even-odd,32,21,4,0.140625,0.671875,2.044679795281744,0.8813640868029041
even-odd,32,21,5,0.171875,0.671875,2.0466177635399423,0.8921085411515198
even-odd,32,21,6,0.203125,0.671875,2.0487870817898193,0.9148101379632553
even-odd,32,21,7,0.234375,0.671875,2.0447295050754497,0.9078772386221569
even-odd,32,21,8,0.265625,0.671875,2.040885503388171,0.9246341786243509
even-odd,32,21,9,0.296875,0.671875,2.0436571915497166,0.9245535513831095
even-odd,32,21,10,0.328125,0.671875,2.0445844872664742,0.9545264034427334
even-odd,32,21,11,0.359375,0.671875,2.041104123556169,0.9143759873570252
even-odd,32,21,12,0.390625,0.671875,2.0439633036982294,0.9266514670462097
even-odd,32,21,13,0.421875,0.671875,2.0446760099031427,0.9209002502291769
even-odd,32,21,14,0.453125,0.671875,2.0463627105775943,0.8865769765400461
even-odd,32,21,15,0.484375,0.671875,2.038775750679344,0.8618447029702168
even-odd,32,21,16,0.515625,0.671875,2.0392405113198095,0.8191893715970195
even-odd,32,21,17,0.546875,0.671875,2.041396291199376,0.8017883508116568
even-odd,32,21,18,0.578125,0.671875,2.0421062651616313,0.8149191199868855
even-odd,32,21,19,0.609375,0.671875,2.038100809104348,0.8176915098237377
even-odd,32,21,20,0.640625,0.671875,2.0356450605499443,0.8059670812329407
even-odd,32,21,21,0.671875,0.671875,2.0344984631522824,0.8058769359249788
even-odd,32,21,22,0.703125,0.671875,2.0410396900780907,0.814263996733598
even-odd,32,21,23,0.734375,0.671875,2.040663378536899,0.885334285420707
even-odd,32,21,24,0.765625,0.671875,2.0428595011407054,0.8752884467407455
even-odd,32,21,25,0.796875,0.671875,2.043752876124279,0.8496448773651402
even-odd,32,21,26,0.828125,0.671875,2.0510581878563108,0.8956389010505296
even-odd,32,21,27,0.859375,0.671875,2.049587911342037,0.9257194213812814
even-odd,32,21,28,0.890625,0.671875,2.0444271632565303,0.919603519181274
even-odd,32,21,29,0.921875,0.671875,2.042764600234148,0.9552182772675208
even-odd,32,21,30,0.953125,0.671875,2.0412518074523893,0.9567615036463772
even-odd,32,21,31,0.984375,0.671875,2.0413162031862577,0.9851472010617813
even-odd,32,22,0,0.015625,0.703125,2.0448001813128553,0.9578937840445642
even-odd,32,22,1,0.046875,0.703125,2.045995556929809,0.9374523921339729
even-odd,32,22,2,0.078125,0.703125,2.04786885411043,0.9622711132833949
even-odd,32,22,3,0.109375,0.703125,2.046399857958504,0.9581654856845789
even-odd,32,22,4,0.140625,0.703125,2.044056826112858,0.924695627347547
even-odd,32,22,5,0.171875,0.703125,2.043093945302096,0.9320584005820228
even-odd,32,22,6,0.203125,0.703125,2.046161998419716,0.9187879998234861
even-odd,32,22,7,0.234375,0.703125,2.0426408272355068,0.9154447116732016
even-odd,32,22,8,0.265625,0.703125,2.043785477282325,0.9177778755028835
even-odd,32,22,9,0.296875,0.703125,2.0458198424607983,0.9255362889751725
even-odd,32,22,10,0.328125,0.703125,2.0449887543108645,0.9193084090738357
even-odd,32,22,11,0.359375,0.703125,2.0409096757689,0.9273090437029508
even-odd,32,22,12,0.390625,0.703125,2.0413994192199114,0.9426910643681085
even-odd,32,22,13,0.421875,0.703125,2.0389303616656957,0.9225632562059146
even-odd,32,22,14,0.453125,0.703125,2.043525504066442,0.8686107844009904
even-odd,32,22,15,0.484375,0.703125,2.043979606100237,0.8303763345624559
even-odd,32,22,16,0.515625,0.703125,2.036423309354813,0.8532984097428984
even-odd,32,22,17,0.546875,0.703125,2.03585295424156,0.7985091499453753
even-odd,32,22,18,0.578125,0.703125,2.0353733878583813,0.8393349252512334
even-odd,32,22,19,0.609375,0.703125,2.0373639009258446,0.8680591559192602
even-odd,32,22,20,0.640625,0.703125,2.0360205321775955,0.8206512544197624
even-odd,32,22,21,0.671875,0.703125,2.033969867199755,0.7893003910379078
even-odd,32,22,22,0.703125,0.703125,2.0457265722818976,0.8263417631743177
even-odd,32,22,23,0.734375,0.703125,2.0431418689136023,0.8736089156861101
even-odd,32,22,24,0.765625,0.703125,2.038106666515427,0.8918131093926555
even-odd,32,22,25,0.796875,0.703125,2.0379890500965057,0.8729535142862833
even-odd,32,22,26,0.828125,0.703125,2.046107298885185,0.9407922152985942
even-odd,32,22,27,0.859375,0.703125,2.0508760705696973,0.9232097213585119
even-odd,32,22,28,0.890625,0.703125,2.0471813583307443,0.9255073829283796
even-odd,32,22,29,0.921875,0.703125,2.046795565908283,0.9338799700552517
even-odd,32,22,30,0.953125,0.703125,2.0433359223783376,1.010291580723642
even-odd,32,22,31,0.984375,0.703125,2.0444446178224585,0.9774849601541696
even-odd,32,23,0,0.015625,0.734375,2.0440891659710023,0.9578168481634829
even-odd,32,23,1,0.046875,0.734375,2.0412815334000096,0.9693556909963189
even-odd,32,23,2,0.078125,0.734375,2.0469910749951405,0.9746494275445947
even-odd,32,23,3,0.109375,0.734375,2.0452906342132144,0.9744136678072528
even-odd,32,23,4,0.140625,0.734375,2.0458745001078165,0.981855983020202
even-odd,32,23,5,0.171875,0.734375,2.0418347767491762,0.9494056646963726
even-odd,32,23,6,0.203125,0.734375,2.0383253459407267,0.9564399886305273
even-odd,32,23,7,0.234375,0.734375,2.0425746537738085,0.9269515019409683
even-odd,32,23,8,0.265625,0.734375,2.0428224706559024,0.9223086992040033
even-odd,32,23,9,0.296875,0.734375,2.0424349583340153,0.9309857928304047
even-odd,32,23,10,0.328125,0.734375,2.0434078326028637,0.938961383937007
even-odd,32,23,11,0.359375,0.734375,2.0407433408227527,0.9475878994192982
even-odd,32,23,12,0.390625,0.734375,2.0420734890099372,0.9120627544516419
even-odd,32,23,13,0.421875,0.734375,2.0401823437601023,0.9630093103985714
even-odd,32,23,14,0.453125,0.734375,2.04128498850706,0.8946494351208626
even-odd,32,23,15,0.484375,0.734375,2.040876333271917,0.8482599211066321
even-odd,32,23,16,0.515625,0.734375,2.0408729759650086,0.8099065284380571
even-odd,32,23,17,0.546875,0.734375,2.0320595218126765,0.814400694567497
even-odd,32,23,18,0.578125,0.734375,2.0358345712930888,0.7824176037669366
even-odd,32,23,19,0.609375,0.734375,2.0380260849344767,0.7815471262354333
even-odd,32,23,20,0.640625,0.734375,2.037011916262046,0.7591201234229502
even-odd,32,23,21,0.671875,0.734375,2.041115166776349,0.7825587763233467
even-odd,32,23,22,0.703125,0.734375,2.041264220761696,0.8048777528466706
even-odd,32,23,23,0.734375,0.734375,2.0400926116133813,0.8483326980214748
even-odd,32,23,24,0.765625,0.734375,2.038679698513805,0.9000439772588998
even-odd,32,23,25,0.796875,0.734375,2.0383116039852727,0.8965141626218612
even-odd,32,23,26,0.828125,0.734375,2.0433009713346,0.9141850281638816
even-odd,32,23,27,0.859375,0.734375,2.045132427950731,0.9222762089067782
even-odd,32,23,28,0.890625,0.734375,2.0475104341887866,0.9753740380524084
even-odd,32,23,29,0.921875,0.734375,2.047931471150303,0.9679538856672473
even-odd,32,23,30,0.953125,0.734375,2.044851599073985,1.0209104596663112
even-odd,32,23,31,0.984375,0.734375,2.043872479025487,1.0112734733321638
even-odd,32,24,0,0.015625,0.765625,2.045493339180631,1.0318111878858294
even-odd,32,24,1,0.046875,0.765625,2.0432809927680697,1.0182425644230955
even-odd,32,24,2,0.078125,0.765625,2.045310640218737,0.9824530711060206
even-odd,32,24,3,0.109375,0.765625,2.042637641616944,1.0260344000864394
even-odd,32,24,4,0.140625,0.765625,2.0436885108053366,0.977689821430269
even-odd,32,24,5,0.171875,0.765625,2.0446005005396595,0.9794832627156412
even-odd,32,24,6,0.203125,0.765625,2.0406223667771655,0.9867818886889453
even-odd,32,24,7,0.234375,0.765625,2.0405585666350397,0.968443349409687
even-odd,32,24,8,0.265625,0.765625,2.044093697214054,0.9117311083992341
even-odd,32,24,9,0.296875,0.765625,2.039712117399883,0.9219620946290683
even-odd,32,24,10,0.328125,0.765625,2.0323940529348317,0.9242090597270568
even-odd,32,24,11,0.359375,0.765625,2.0391075838403028,0.877384360003763
even-odd,32,24,12,0.390625,0.765625,2.037081708000247,0.8766025756091261
even-odd,32,24,13,0.421875,0.765625,2.0371972190026857,0.864686326135322
even-odd,32,24,14,0.453125,0.765625,2.040016253042737,0.8661540696194776
even-odd,32,24,15,0.484375,0.765625,2.0398769889336386,0.817329304880794
even-odd,32,24,16,0.515625,0.765625,2.0370163966995007,0.820590642683674
even-odd,32,24,17,0.546875,0.765625,2.039679376546189,0.7929083366672135
even-odd,32,24,18,0.578125,0.765625,2.0352067230076467,0.7469683801309479
even-odd,32,24,19,0.609375,0.765625,2.036052694435803,0.7841793295539451
even-odd,32,24,20,0.640625,0.765625,2.037897025882574,0.7543052916038442
even-odd,32,24,21,0.671875,0.765625,2.0378080108241035,0.7756016411809618
even-odd,32,24,22,0.703125,0.765625,2.0454531012246053,0.8121768178762828
even-odd,32,24,23,0.734375,0.765625,2.0385407534293867,0.8465176910530646
even-odd,32,24,24,0.765625,0.765625,2.039242957231816,0.8825047273684676
even-odd,32,24,25,0.796875,0.765625,2.0386826887562943,0.9020367531978711
even-odd,32,24,26,0.828125,0.765625,2.0385661890058233,0.9219433515923633
even-odd,32,24,27,0.859375,0.765625,2.038176951390842,0.9366297843411995
even-odd,32,24,28,0.890625,0.765625,2.0467552129209543,1.0049861700618525
even-odd,32,24,29,0.921875,0.765625,2.0479057441088244,1.0025273326841708
even-odd,32,24,30,0.953125,0.765625,2.0464254583344035,1.050777432668065
even-odd,32,24,31,0.984375,0.765625,2.0456234133003464,1.0389241879927733
even-odd,32,25,0,0.015625,0.796875,2.04817962277253,1.0907579943315924
even-odd,32,25,1,0.046875,0.796875,2.046073669781065,1.0353189147211197
even-odd,32,25,2,0.078125,0.796875,2.0442029726642046,1.032582521369336
even-odd,32,25,3,0.109375,0.796875,2.040188875727909,1.0133211740429642
even-odd,32,25,4,0.140625,0.796875,2.0418194483730923,0.9831632610383015
even-odd,32,25,5,0.171875,0.796875,2.043972449398007,0.9859077943224698
even-odd,32,25,6,0.203125,0.796875,2.0389293363449794,0.9931069635163313
even-odd,32,25,7,0.234375,0.796875,2.0410305480512156,0.9490164592359119
even-odd,32,25,8,0.265625,0.796875,2.041580939476899,0.9338163710301081
even-odd,32,25,9,0.296875,0.796875,2.036947427503358,0.9306525812884058
even-odd,32,25,10,0.328125,0.796875,2.036723023350502,0.9368013939954293
even-odd,32,25,11,0.359375,0.796875,2.0418054129707364,0.8645847342092986
even-odd,32,25,12,0.390625,0.796875,2.0399765927091993,0.8760648238719481
even-odd,32,25,13,0.421875,0.796875,2.043937940958543,0.8847629897870338
even-odd,32,25,14,0.453125,0.796875,2.0392569603454906,0.8874988931665326
even-odd,32,25,15,0.484375,0.796875,2.0406227236148653,0.8390925385302785
even-odd,32,25,16,0.515625,0.796875,2.042254504337972,0.8281150110799916
even-odd,32,25,17,0.546875,0.796875,2.035710920548754,0.7850016056970034
even-odd,32,25,18,0.578125,0.796875,2.038043175939409,0.7794884868772983
even-odd,32,25,19,0.609375,0.796875,2.03624522587824,0.7987374471404586
even-odd,32,25,20,0.640625,0.796875,2.0349015152122933,0.8052089759731685
even-odd,32,25,21,0.671875,0.796875,2.039565429583884,0.7805815226872016
even-odd,32,25,22,0.703125,0.796875,2.0423761291345994,0.7976297406699061
even-odd,32,25,23,0.734375,0.796875,2.040925867636372,0.8669830488733812
even-odd,32,25,24,0.765625,0.796875,2.0451766403318112,0.922528245245867
even-odd,32,25,25,0.796875,0.796875,2.0433673954627367,0.8882568898056862
even-odd,32,25,26,0.828125,0.796875,2.043467001387245,0.9259634268824121
even-odd,32,25,27,0.859375,0.796875,2.0419538061688782,0.9785539399605113
even-odd,32,25,28,0.890625,0.796875,2.0426070821883524,0.960474480411131
even-odd,32,25,29,0.921875,0.796875,2.0416801274237906,1.0141226319576668
even-odd,32,25,30,0.953125,0.796875,2.049500956102038,1.0541549308111609
even-odd,32,25,31,0.984375,0.796875,2.0481847796048296,1.0746106795082822
even-odd,32,26,0,0.015625,0.828125,2.0517832142139967,1.0552789144204289
even-odd,32,26,1,0.046875,0.828125,2.0503062850420517,1.0160786282342091
even-odd,32,26,2,0.078125,0.828125,2.046102601137893,1.031160477783559
even-odd,32,26,3,0.109375,0.828125,2.0435294677260107,1.0092270198992774
even-odd,32,26,4,0.140625,0.828125,2.0433493903176942,0.9735359225850221
even-odd,32,26,5,0.171875,0.828125,2.0431405042752115,0.9953463241616834
even-odd,32,26,6,0.203125,0.828125,2.0409276386142357,0.996087641525392
even-odd,32,26,7,0.234375,0.828125,2.0419663593400363,0.9568428101363157
even-odd,32,26,8,0.265625,0.828125,2.04657178059653,0.9481557158931205
even-odd,32,26,9,0.296875,0.828125,2.0407054651353005,0.9423117675967642
even-odd,32,26,10,0.328125,0.828125,2.040880710229869,0.8840930961840335
even-odd,32,26,11,0.359375,0.828125,2.0446827591111814,0.8609990113517435
even-odd,32,26,12,0.390625,0.828125,2.0408280504375185,0.8826014397395392
even-odd,32,26,13,0.421875,0.828125,2.0436401647353692,0.8617994571935124
even-odd,32,26,14,0.453125,0.828125,2.040876936090742,0.8129819764129674
even-odd,32,26,15,0.484375,0.828125,2.043201530654524,0.8488252472080892
even-odd,32,26,16,0.515625,0.828125,2.043209822296769,0.8200938606307023
even-odd,32,26,17,0.546875,0.828125,2.0409129016255156,0.7778905187666795
even-odd,32,26,18,0.578125,0.828125,2.04024217522057,0.798853521507321
even-odd,32,26,19,0.609375,0.828125,2.0390305476298436,0.7921078138777852
even-odd,32,26,20,0.640625,0.828125,2.037881931453041,0.8152096211762704
even-odd,32,26,21,0.671875,0.828125,2.0340302388663107,0.8157370704985022
even-odd,32,26,22,0.703125,0.828125,2.0386085277226846,0.8050253116221285
even-odd,32,26,23,0.734375,0.828125,2.042395216997482,0.8566591653357616
even-odd,32,26,24,0.765625,0.828125,2.0413100363567356,0.8908393871083881
even-odd,32,26,25,0.796875,0.828125,2.04356696739649,0.9395788571458193
even-odd,32,26,26,0.828125,0.828125,2.0405066061365766,0.968556119272256
even-odd,32,26,27,0.859375,0.828125,2.044206945696697,0.972771085848731
even-odd,32,26,28,0.890625,0.828125,2.041705192301635,0.9730756427570902
even-odd,32,26,29,0.921875,0.828125,2.049826944305575,1.0333954852990341
even-odd,32,26,30,0.953125,0.828125,2.049034697309997,1.036894384779276
even-odd,32,26,31,0.984375,0.828125,2.0511103519324307,1.0706163064344454
even-odd,32,27,0,0.015625,0.859375,2.050334220777357,1.0959219479943196
even-odd,32,27,1,0.046875,0.859375,2.046689727610513,1.0832203443223607
even-odd,32,27,2,0.078125,0.859375,2.0465192996871453,1.053942421212892
even-odd,32,27,3,0.109375,0.859375,2.0447973256486125,1.0242409468891602
even-odd,32,27,4,0.140625,0.859375,2.0400790544968594,0.9799508834845604
even-odd,32,27,5,0.171875,0.859375,2.0451407449568504,0.9864926822022366
even-odd,32,27,6,0.203125,0.859375,2.046469725955881,0.9745245277527469
even-odd,32,27,7,0.234375,0.859375,2.0405440836938253,0.962762607221149
even-odd,32,27,8,0.265625,0.859375,2.044020080705993,0.9890095914346634
even-odd,32,27,9,0.296875,0.859375,2.0367515297408327,0.9579228657210449
even-odd,32,27,10,0.328125,0.859375,2.0382627851964323,0.9344681774547924
even-odd,32,27,11,0.359375,0.859375,2.042311158515361,0.889183557478361
even-odd,32,27,12,0.390625,0.859375,2.0443256147491082,0.865460348584822
even-odd,32,27,13,0.421875,0.859375,2.0405523168948965,0.8777967467075888
even-odd,32,27,14,0.453125,0.859375,2.044910641867433,0.83408542346259
even-odd,32,27,15,0.484375,0.859375,2.0428978800717084,0.7946171875722201
even-odd,32,27,16,0.515625,0.859375,2.04281400296379,0.7648448890955257
even-odd,32,27,17,0.546875,0.859375,2.0389818840791736,0.7843310373679419
even-odd,32,27,18,0.578125,0.859375,2.041609890706089,0.7651042100919655
even-odd,32,27,19,0.609375,0.859375,2.0401803211953324,0.8047784042934117
even-odd,32,27,20,0.640625,0.859375,2.042572601268864,0.7688741633034167
even-odd,32,27,21,0.671875,0.859375,2.0437799778881054,0.8071049730900293
even-odd,32,27,22,0.703125,0.859375,2.042958713700231,0.8025357366683946
even-odd,32,27,23,0.734375,0.859375,2.040828538738874,0.8279971541754688
even-odd,32,27,24,0.765625,0.859375,2.036020735595351,0.8603744442971414
even-odd,32,27,25,0.796875,0.859375,2.039081495137179,0.9269309108980841
even-odd,32,27,26,0.828125,0.859375,2.0390461625633587,0.9509131873646344
even-odd,32,27,27,0.859375,0.859375,2.039361586601717,0.9562788569748556
even-odd,32,27,28,0.890625,0.859375,2.04333708415214,0.9933968689968218
even-odd,32,27,29,0.921875,0.859375,2.0466467050128783,1.0393668260328155
even-odd,32,27,30,0.953125,0.859375,2.0468768684267817,1.069574051019713
even-odd,32,27,31,0.984375,0.859375,2.0478840490722785,1.0811310225474497
even-odd,32,28,0,0.015625,0.890625,2.0556218884755473,1.1132739483075722
even-odd,32,28,1,0.046875,0.890625,2.0444831323556825,1.1129214306266058
even-odd,32,28,2,0.078125,0.890625,2.047893737055975,1.0897901664551868
even-odd,32,28,3,0.109375,0.890625,2.0455161757142806,1.0113045428620266
even-odd,32,28,4,0.140625,0.890625,2.045427331261365,0.9870322113729392
even-odd,32,28,5,0.171875,0.890625,2.0453327635350846,0.9704420270580126
even-odd,32,28,6,0.203125,0.890625,2.0430805390545856,0.9743978362939205
even-odd,32,28,7,0.234375,0.890625,2.0450905784050617,0.962604875134692
even-odd,32,28,8,0.265625,0.890625,2.039947504587309,0.9792428005365812
even-odd,32,28,9,0.296875,0.890625,2.041463677453818,0.959185267884635
even-odd,32,28,10,0.328125,0.890625,2.0400167201076984,0.9264011913108088
even-odd,32,28,11,0.359375,0.890625,2.038123339322674,0.8876748044028945
even-odd,32,28,12,0.390625,0.890625,2.0436337160592726,0.8920008867013925
even-odd,32,28,13,0.421875,0.890625,2.047072104710338,0.8673856321603012
even-odd,32,28,14,0.453125,0.890625,2.0486810140029177,0.8914076397658451
even-odd,32,28,15,0.484375,0.890625,2.0474149895888165,0.8224300882284753
even-odd,32,28,16,0.515625,0.890625,2.0439741262005797,0.7976712131988891
even-odd,32,28,17,0.546875,0.890625,2.0445269583876926,0.824336554914726
even-odd,32,28,18,0.578125,0.890625,2.044677201863882,0.8222545527183976
even-odd,32,28,19,0.609375,0.890625,2.040246073526515,0.8058036784998895
even-odd,32,28,20,0.640625,0.890625,2.0413294650539533,0.7845690682323098
even-odd,32,28,21,0.671875,0.890625,2.044895235332156,0.7831791397450302
even-odd,32,28,22,0.703125,0.890625,2.04065676488782,0.7955551581078603
even-odd,32,28,23,0.734375,0.890625,2.0413445294235384,0.8312090591214298
even-odd,32,28,24,0.765625,0.890625,2.0411879114881892,0.8661764310755246
even-odd,32,28,25,0.796875,0.890625,2.042972664543258,0.871477819685
even-odd,32,28,26,0.828125,0.890625,2.0431772264183703,0.8929508865572965
even-odd,32,28,27,0.859375,0.890625,2.0414257498057267,0.9388070983207223
even-odd,32,28,28,0.890625,0.890625,2.039800799371744,0.9652846172829522
even-odd,32,28,29,0.921875,0.890625,2.0429346992791007,1.0270916367638359
even-odd,32,28,30,0.953125,0.890625,2.0478677918891086,1.100106871000283
even-odd,32,28,31,0.984375,0.890625,2.051236405764804,1.10952065736538
even-odd,32,29,0,0.015625,0.921875,2.052050337766518,1.1783565726845375
even-odd,32,29,1,0.046875,0.921875,2.045978069634785,1.1645575216056105
even-odd,32,29,2,0.078125,0.921875,2.0520093011305414,1.0674703011375002
even-odd,32,29,3,0.109375,0.921875,2.052832217145815,1.013509940387639
even-odd,32,29,4,0.140625,0.921875,2.0479584426127144,0.9762278797733215
even-odd,32,29,5,0.171875,0.921875,2.0494146628439234,0.9603699039252286
even-odd,32,29,6,0.203125,0.921875,2.0453453493872344,0.9552597777452075
even-odd,32,29,7,0.234375,0.921875,2.0456476760659634,0.9433575183350277
even-odd,32,29,8,0.265625,0.921875,2.0434009110523164,0.929909619853735
even-odd,32,29,9,0.296875,0.921875,2.040209946313349,0.9232296634974615
even-odd,32,29,10,0.328125,0.921875,2.043286613291275,0.8829033052336679
even-odd,32,29,11,0.359375,0.921875,2.0399808809045727,0.8893946779790823
even-odd,32,29,12,0.390625,0.921875,2.0452284284372038,0.919918014743658
even-odd,32,29,13,0.421875,0.921875,2.0412238789973443,0.9119991622719632
even-odd,32,29,14,0.453125,0.921875,2.0451532508747823,0.8946076135539327
even-odd,32,29,15,0.484375,0.921875,2.045717351449422,0.832787496399716
even-odd,32,29,16,0.515625,0.921875,2.0484104036990445,0.8468332857501789
even-odd,32,29,17,0.546875,0.921875,2.045835912518476,0.8359630154839719
even-odd,32,29,18,0.578125,0.921875,2.0480782910641846,0.8004681427017758
even-odd,32,29,19,0.609375,0.921875,2.045129578041458,0.8387262655914353
even-odd,32,29,20,0.640625,0.921875,2.039137703177503,0.8347555652213782
even-odd,32,29,21,0.671875,0.921875,2.040507503840629,0.8042816098675151
even-odd,32,29,22,0.703125,0.921875,2.041356160804201,0.7913543182346926
even-odd,32,29,23,0.734375,0.921875,2.042356930321386,0.8144172723692175
even-odd,32,29,24,0.765625,0.921875,2.0423864884712466,0.8175365300524446
even-odd,32,29,25,0.796875,0.921875,2.044708957664603,0.8539353344548349
even-odd,32,29,26,0.828125,0.921875,2.0401997303550132,0.8783808695356452
even-odd,32,29,27,0.859375,0.921875,2.0435798146647657,0.8842173823074732
even-odd,32,29,28,0.890625,0.921875,2.039895286984715,0.9119142926099345
even-odd,32,29,29,0.921875,0.921875,2.0385101597299164,1.0080921962840337
even-odd,32,29,30,0.953125,0.921875,2.043895332741793,1.0983617730396482
even-odd,32,29,31,0.984375,0.921875,2.0456608519601622,1.1547209245379468
even-odd,32,30,0,0.015625,0.953125,2.050213638200286,1.2158314004050006
even-odd,32,30,1,0.046875,0.953125,2.0457720176147083,1.1230730452518152
even-odd,32,30,2,0.078125,0.953125,2.0495715682552396,1.0380036743419871
even-odd,32,30,3,0.109375,0.953125,2.0552863209250227,1.0705590687484172
even-odd,32,30,4,0.140625,0.953125,2.0551914676425516,1.0002929667896432
even-odd,32,30,5,0.171875,0.953125,2.047328086707834,1.0044238887821024
even-odd,32,30,6,0.203125,0.953125,2.045385123222979,0.982786549084299
even-odd,32,30,7,0.234375,0.953125,2.046687950507376,0.9510569972098448
even-odd,32,30,8,0.265625,0.953125,2.0420268058369433,0.9034534205244587
even-odd,32,30,9,0.296875,0.953125,2.042364653543884,0.933442263010236
even-odd,32,30,10,0.328125,0.953125,2.0409162124604086,0.915372033525638
even-odd,32,30,11,0.359375,0.953125,2.0451765955541155,0.9098743230862686
even-odd,32,30,12,0.390625,0.953125,2.044629984121366,0.87717606575465
even-odd,32,30,13,0.421875,0.953125,2.040619695789809,0.9157745927282819
even-odd,32,30,14,0.453125,0.953125,2.041331823246233,0.8791032835527299
even-odd,32,30,15,0.484375,0.953125,2.0465527763900924,0.8684409899711957
even-odd,32,30,16,0.515625,0.953125,2.042880775430167,0.8675017991496468
even-odd,32,30,17,0.546875,0.953125,2.0465523632503744,0.8554125987886327
even-odd,32,30,18,0.578125,0.953125,2.0479364568213083,0.8600281580416104
even-odd,32,30,19,0.609375,0.953125,2.0446045599689744,0.8646787996333117
even-odd,32,30,20,0.640625,0.953125,2.0453576112600467,0.8292437502766701
even-odd,32,30,21,0.671875,0.953125,2.0433590124230476,0.8376374833016728
even-odd,32,30,22,0.703125,0.953125,2.041866453514419,0.8043404187160944
even-odd,32,30,23,0.734375,0.953125,2.0423699765997867,0.7960170682348452
even-odd,32,30,24,0.765625,0.953125,2.04279622298804,0.7951771165870206
even-odd,32,30,25,0.796875,0.953125,2.043348540815751,0.7817988598029687
even-odd,32,30,26,0.828125,0.953125,2.041533516501094,0.853875509722152
even-odd,32,30,27,0.859375,0.953125,2.0433146435757905,0.840081842955627
even-odd,32,30,28,0.890625,0.953125,2.0404324712713415,0.8712434244474764
even-odd,32,30,29,0.921875,0.953125,2.0409796029974174,0.9070636228028898
even-odd,32,30,30,0.953125,0.953125,2.0421698557863586,0.9976217266397313
even-odd,32,30,31,0.984375,0.953125,2.043876299684317,1.1487691964458862
even-odd,32,31,0,0.015625,0.984375,2.0487816659573785,1.1178614227826131
even-odd,32,31,1,0.046875,0.984375,2.047454969516668,1.039313425914345
even-odd,32,31,2,0.078125,0.984375,2.0471971854234883,1.0495195906415795
even-odd,32,31,3,0.109375,0.984375,2.0496162538681317,1.0980894409743651
even-odd,32,31,4,0.140625,0.984375,2.0470775464524045,1.072073647242537
even-odd,32,31,5,0.171875,0.984375,2.0465812155615457,1.0260744518234541
even-odd,32,31,6,0.203125,0.984375,2.0463839641603503,0.9690059165148369
even-odd,32,31,7,0.234375,0.984375,2.0441318944686566,0.9554320779206774
even-odd,32,31,8,0.265625,0.984375,2.0457978981310894,0.964017196051449
even-odd,32,31,9,0.296875,0.984375,2.0450988089984548,0.964975242342463
even-odd,32,31,10,0.328125,0.984375,2.043361009093332,0.9685564015796831
even-odd,32,31,11,0.359375,0.984375,2.042886876699522,0.9407659237969189
even-odd,32,31,12,0.390625,0.984375,2.039279932752197,0.8992819919311463
even-odd,32,31,13,0.421875,0.984375,2.0383540266432507,0.928876580012188
even-odd,32,31,14,0.453125,0.984375,2.040540907143532,0.9146393236541327
even-odd,32,31,15,0.484375,0.984375,2.0414265220647394,0.872219032820325
even-odd,32,31,16,0.515625,0.984375,2.043920863224498,0.8521293896341954
even-odd,32,31,17,0.546875,0.984375,2.0450062020547075,0.8641320838288995
even-odd,32,31,18,0.578125,0.984375,2.043390920977117,0.8845742266317732
even-odd,32,31,19,0.609375,0.984375,2.0448152735617735,0.8556967391223167
even-odd,32,31,20,0.640625,0.984375,2.042380939934929,0.8721760504556039
even-odd,32,31,21,0.671875,0.984375,2.04815069351006,0.8591182634348292
even-odd,32,31,22,0.703125,0.984375,2.0457906648628335,0.8742478491050548
even-odd,32,31,23,0.734375,0.984375,2.043059439105765,0.870671238620034
even-odd,32,31,24,0.765625,0.984375,2.0418948944271045,0.8204250989749485
even-odd,32,31,25,0.796875,0.984375,2.042368196721131,0.8015334236741435
even-odd,32,31,26,0.828125,0.984375,2.038074141568737,0.8230287039552989
even-odd,32,31,27,0.859375,0.984375,2.042926102954393,0.7919668385712798
even-odd,32,31,28,0.890625,0.984375,2.0410714916236428,0.8258404431655788
even-odd,32,31,29,0.921875,0.984375,2.042509020382719,0.8277195025697814
even-odd,32,31,30,0.953125,0.984375,2.0400192773626746,0.8943422780059823
even-odd,32,31,31,0.984375,0.984375,2.033045063120824,1.027082213757202
